registry_object_id,harmonized_object_id,species,object_type,feature_group,feature_class,feature_subclass,source_object_id,source_dataset,source_sheet,source_row,start,end,length,sequence,orientation,alignment_start,alignment_end,alignment_center,coordinate_status,annotation_value,authoritative,harmonization_status,miRNA_family,site_conservation,site_type,site_type_assignment_rule,cumulative_weighted_context_score,total_context_score,aggregate_PCT,miRNA_family_conserved_in,site_index_within_family_species,projected_dmel_start,projected_dmel_end,projected_dmel_status,projected_dyak_start,projected_dyak_end,projected_dyak_status,projected_dvir_start,projected_dvir_end,projected_dvir_status,ecm_id,consensus_sequence,orientation_source,orientation_source_label,orientation_alignment_distance,consensus_iupac_match,motif_exact_TGTA,coordinate_source_priority,structure_model,structure_segment_id,segment_position_count,cleavage_id,cleavage_position,legacy_ugua_id,legacy_ugua_start,legacy_ugua_end,pas_id,pas_start,pas_end,dse_id,dse_start,dse_end,orthology_role,dse_class
Ras85D_EBC_MEL_MIR_0001,Ras85D_HO_00102,D.melanogaster,MIRNA_SITE,MIRNA_TARGET,MIRNA_SITE,7mer_unspecified_multisite,TARGETSCAN7::miR-309-5p::1::51,TargetScan_redact_for_GPT.xlsx,TargetScan7,33.0,51,57,7,GTTTGTC,forward,52,58,55.0,VALID,POORLY_CONSERVED_SITE,True,FINAL,miR-309-5p,POORLY_CONSERVED_SITE,7mer_unspecified_multisite,USER_RULE_MULTIPLE_SITES_ARE_7MER,-1.19,-1.25,,Poorly conserved family,1.0,51.0,57.0,FULLY_MAPPED,51.0,57.0,FULLY_MAPPED,43.0,49.0,FULLY_MAPPED,,,,,,,,,,,,,,,,,,,,,,,PRIMARY_ORTHOLOGY_UNIT,
Ras85D_EBC_MEL_MIR_0002,Ras85D_HO_00211,D.melanogaster,MIRNA_SITE,MIRNA_TARGET,MIRNA_SITE,7mer-A1,TARGETSCAN7::miR-4985-3p::1::68,TargetScan_redact_for_GPT.xlsx,TargetScan7,72.0,68,74,7,TCGGCGA,forward,69,75,72.0,VALID,POORLY_CONSERVED_SITE,True,FINAL,miR-4985-3p,POORLY_CONSERVED_SITE,7mer-A1,TARGETSCAN_COUNT_COLUMN,-0.15,-0.16,,Poorly conserved family,1.0,68.0,74.0,FULLY_MAPPED,68.0,74.0,FULLY_MAPPED,60.0,66.0,FULLY_MAPPED,,,,,,,,,,,,,,,,,,,,,,,PRIMARY_ORTHOLOGY_UNIT,
Ras85D_EBC_MEL_MIR_0003,Ras85D_HO_00103,D.melanogaster,MIRNA_SITE,MIRNA_TARGET,MIRNA_SITE,7mer_unspecified_multisite,TARGETSCAN7::miR-309-5p::2::100,TargetScan_redact_for_GPT.xlsx,TargetScan7,33.0,100,106,7,GTTTGTC,forward,123,138,130.5,VALID,POORLY_CONSERVED_SITE,True,FINAL,miR-309-5p,POORLY_CONSERVED_SITE,7mer_unspecified_multisite,USER_RULE_MULTIPLE_SITES_ARE_7MER,-1.19,-1.25,,Poorly conserved family,2.0,100.0,106.0,PARTIALLY_GAPPED,100.0,106.0,PARTIALLY_GAPPED,113.0,128.0,FULLY_MAPPED,,,,,,,,,,,,,,,,,,,,,,,PRIMARY_ORTHOLOGY_UNIT,
Ras85D_EBC_MEL_MIR_0004,Ras85D_HO_00109,D.melanogaster,MIRNA_SITE,MIRNA_TARGET,MIRNA_SITE,7mer_unspecified_multisite,TARGETSCAN7::miR-9384-3p::1::115,TargetScan_redact_for_GPT.xlsx,TargetScan7,35.0,115,121,7,ACACACA,forward,155,161,158.0,VALID,POORLY_CONSERVED_SITE,True,FINAL,miR-9384-3p,POORLY_CONSERVED_SITE,7mer_unspecified_multisite,USER_RULE_MULTIPLE_SITES_ARE_7MER,-1.02,-1.06,,Poorly conserved family,1.0,115.0,121.0,FULLY_MAPPED,115.0,121.0,FULLY_MAPPED,145.0,151.0,FULLY_MAPPED,,,,,,,,,,,,,,,,,,,,,,,PRIMARY_ORTHOLOGY_UNIT,
Ras85D_EBC_MEL_MIR_0005,Ras85D_HO_00097,D.melanogaster,MIRNA_SITE,MIRNA_TARGET,MIRNA_SITE,8mer,TARGETSCAN7::miR-980-5p::1::126,TargetScan_redact_for_GPT.xlsx,TargetScan7,31.0,126,133,8,GAAAAACA,forward,167,174,170.5,VALID,POORLY_CONSERVED_SITE,True,FINAL,miR-980-5p,POORLY_CONSERVED_SITE,8mer,TARGETSCAN_COUNT_COLUMN,-1.25,-1.31,,Poorly conserved family,1.0,126.0,133.0,FULLY_MAPPED,126.0,133.0,FULLY_MAPPED,157.0,163.0,PARTIALLY_GAPPED,,,,,,,,,,,,,,,,,,,,,,,PRIMARY_ORTHOLOGY_UNIT,
Ras85D_EBC_MEL_MIR_0006,Ras85D_HO_00110,D.melanogaster,MIRNA_SITE,MIRNA_TARGET,MIRNA_SITE,7mer_unspecified_multisite,TARGETSCAN7::miR-9384-3p::2::130,TargetScan_redact_for_GPT.xlsx,TargetScan7,35.0,130,136,7,AACACAC,forward,171,177,174.0,VALID,POORLY_CONSERVED_SITE,True,FINAL,miR-9384-3p,POORLY_CONSERVED_SITE,7mer_unspecified_multisite,USER_RULE_MULTIPLE_SITES_ARE_7MER,-1.02,-1.06,,Poorly conserved family,2.0,130.0,136.0,FULLY_MAPPED,130.0,136.0,FULLY_MAPPED,160.0,166.0,FULLY_MAPPED,,,,,,,,,,,,,,,,,,,,,,,PRIMARY_ORTHOLOGY_UNIT,
Ras85D_EBC_MEL_MIR_0007,Ras85D_HO_00111,D.melanogaster,MIRNA_SITE,MIRNA_TARGET,MIRNA_SITE,7mer_unspecified_multisite,TARGETSCAN7::miR-9384-3p::3::135,TargetScan_redact_for_GPT.xlsx,TargetScan7,35.0,135,141,7,ACACATG,forward,176,182,179.0,VALID,POORLY_CONSERVED_SITE,True,FINAL,miR-9384-3p,POORLY_CONSERVED_SITE,7mer_unspecified_multisite,USER_RULE_MULTIPLE_SITES_ARE_7MER,-1.02,-1.06,,Poorly conserved family,3.0,135.0,141.0,FULLY_MAPPED,135.0,141.0,FULLY_MAPPED,165.0,171.0,FULLY_MAPPED,,,,,,,,,,,,,,,,,,,,,,,PRIMARY_ORTHOLOGY_UNIT,
Ras85D_EBC_MEL_MIR_0008,Ras85D_HO_00010,D.melanogaster,MIRNA_SITE,MIRNA_TARGET,MIRNA_SITE,7mer-m8,TARGETSCAN7::miR-92a-3p/92b-3p/310-3p/311-3p/312-3p/313-3p::1::159,TargetScan_redact_for_GPT.xlsx,TargetScan7,6.0,159,165,7,GTGCAAT,forward,211,217,214.0,VALID,CONSERVED_SITE,True,FINAL,miR-92a-3p/92b-3p/310-3p/311-3p/312-3p/313-3p,CONSERVED_SITE,7mer-m8,TARGETSCAN_COUNT_COLUMN,-0.81,-0.84,0.37,Drosophila,1.0,159.0,165.0,FULLY_MAPPED,159.0,165.0,FULLY_MAPPED,200.0,206.0,FULLY_MAPPED,,,,,,,,,,,,,,,,,,,,,,,PRIMARY_ORTHOLOGY_UNIT,
Ras85D_EBC_MEL_MIR_0009,Ras85D_HO_00095,D.melanogaster,MIRNA_SITE,MIRNA_TARGET,MIRNA_SITE,8mer,TARGETSCAN7::miR-2281-5p::1::169,TargetScan_redact_for_GPT.xlsx,TargetScan7,30.0,169,176,8,CAGATAAA,forward,221,228,224.5,VALID,POORLY_CONSERVED_SITE,True,FINAL,miR-2281-5p,POORLY_CONSERVED_SITE,8mer,TARGETSCAN_COUNT_COLUMN,-1.25,-1.37,,Poorly conserved family,1.0,169.0,176.0,FULLY_MAPPED,169.0,176.0,FULLY_MAPPED,210.0,217.0,FULLY_MAPPED,,,,,,,,,,,,,,,,,,,,,,,PRIMARY_ORTHOLOGY_UNIT,
Ras85D_EBC_MEL_MIR_0010,Ras85D_HO_00085,D.melanogaster,MIRNA_SITE,MIRNA_TARGET,MIRNA_SITE,7mer_unspecified_multisite,TARGETSCAN7::miR-4977-5p::1::174,TargetScan_redact_for_GPT.xlsx,TargetScan7,28.0,174,180,7,AAAAGAA,forward,226,232,229.0,VALID,POORLY_CONSERVED_SITE,True,FINAL,miR-4977-5p,POORLY_CONSERVED_SITE,7mer_unspecified_multisite,USER_RULE_MULTIPLE_SITES_ARE_7MER,-0.78,-1.44,,Poorly conserved family,1.0,174.0,180.0,FULLY_MAPPED,174.0,180.0,FULLY_MAPPED,215.0,221.0,FULLY_MAPPED,,,,,,,,,,,,,,,,,,,,,,,PRIMARY_ORTHOLOGY_UNIT,
Ras85D_EBC_MEL_MIR_0011,Ras85D_HO_00117,D.melanogaster,MIRNA_SITE,MIRNA_TARGET,MIRNA_SITE,7mer_unspecified_multisite,TARGETSCAN7::miR-4911-3p::1::174,TargetScan_redact_for_GPT.xlsx,TargetScan7,36.0,174,180,7,AAAAGAA,forward,226,232,229.0,VALID,POORLY_CONSERVED_SITE,True,FINAL,miR-4911-3p,POORLY_CONSERVED_SITE,7mer_unspecified_multisite,USER_RULE_MULTIPLE_SITES_ARE_7MER,-0.45,-1.05,,Poorly conserved family,1.0,174.0,180.0,FULLY_MAPPED,174.0,180.0,FULLY_MAPPED,215.0,221.0,FULLY_MAPPED,,,,,,,,,,,,,,,,,,,,,,,PRIMARY_ORTHOLOGY_UNIT,
Ras85D_EBC_MEL_MIR_0012,Ras85D_HO_00082,D.melanogaster,MIRNA_SITE,MIRNA_TARGET,MIRNA_SITE,7mer_unspecified_multisite,TARGETSCAN7::miR-4945-5p::1::180,TargetScan_redact_for_GPT.xlsx,TargetScan7,27.0,180,186,7,AGAGAAA,forward,232,238,235.0,VALID,POORLY_CONSERVED_SITE,True,FINAL,miR-4945-5p,POORLY_CONSERVED_SITE,7mer_unspecified_multisite,USER_RULE_MULTIPLE_SITES_ARE_7MER,-0.71,-1.64,,Poorly conserved family,1.0,180.0,186.0,FULLY_MAPPED,180.0,186.0,FULLY_MAPPED,221.0,226.0,PARTIALLY_GAPPED,,,,,,,,,,,,,,,,,,,,,,,PRIMARY_ORTHOLOGY_UNIT,
Ras85D_EBC_MEL_MIR_0013,Ras85D_HO_00149,D.melanogaster,MIRNA_SITE,MIRNA_TARGET,MIRNA_SITE,7mer_unspecified_multisite,TARGETSCAN7::miR-4963-3p::1::180,TargetScan_redact_for_GPT.xlsx,TargetScan7,48.0,180,186,7,AGAGAAA,forward,232,238,235.0,VALID,POORLY_CONSERVED_SITE,True,FINAL,miR-4963-3p,POORLY_CONSERVED_SITE,7mer_unspecified_multisite,USER_RULE_MULTIPLE_SITES_ARE_7MER,-0.39,-0.68,,Poorly conserved family,1.0,180.0,186.0,FULLY_MAPPED,180.0,186.0,FULLY_MAPPED,221.0,226.0,PARTIALLY_GAPPED,,,,,,,,,,,,,,,,,,,,,,,PRIMARY_ORTHOLOGY_UNIT,
Ras85D_EBC_MEL_MIR_0014,Ras85D_HO_00140,D.melanogaster,MIRNA_SITE,MIRNA_TARGET,MIRNA_SITE,7mer_unspecified_multisite,TARGETSCAN7::miR-4916-3p::1::182,TargetScan_redact_for_GPT.xlsx,TargetScan7,45.0,182,188,7,AGAAATT,forward,234,240,237.0,VALID,POORLY_CONSERVED_SITE,True,FINAL,miR-4916-3p,POORLY_CONSERVED_SITE,7mer_unspecified_multisite,USER_RULE_MULTIPLE_SITES_ARE_7MER,-0.54,-0.75,,Poorly conserved family,1.0,182.0,188.0,FULLY_MAPPED,182.0,188.0,FULLY_MAPPED,223.0,228.0,PARTIALLY_GAPPED,,,,,,,,,,,,,,,,,,,,,,,PRIMARY_ORTHOLOGY_UNIT,
Ras85D_EBC_MEL_MIR_0015,Ras85D_HO_00160,D.melanogaster,MIRNA_SITE,MIRNA_TARGET,MIRNA_SITE,7mer-m8,TARGETSCAN7::miR-4944-5p::1::202,TargetScan_redact_for_GPT.xlsx,TargetScan7,51.0,202,208,7,GTAACTA,forward,254,260,257.0,VALID,POORLY_CONSERVED_SITE,True,FINAL,miR-4944-5p,POORLY_CONSERVED_SITE,7mer-m8,TARGETSCAN_COUNT_COLUMN,-0.14,-0.57,,Poorly conserved family,1.0,202.0,208.0,FULLY_MAPPED,202.0,208.0,FULLY_MAPPED,242.0,248.0,FULLY_MAPPED,,,,,,,,,,,,,,,,,,,,,,,PRIMARY_ORTHOLOGY_UNIT,
Ras85D_EBC_MEL_MIR_0016,Ras85D_HO_00171,D.melanogaster,MIRNA_SITE,MIRNA_TARGET,MIRNA_SITE,7mer-m8,TARGETSCAN7::miR-4944-3p::1::202,TargetScan_redact_for_GPT.xlsx,TargetScan7,55.0,202,208,7,GTAACTA,forward,254,260,257.0,VALID,POORLY_CONSERVED_SITE,True,FINAL,miR-4944-3p,POORLY_CONSERVED_SITE,7mer-m8,TARGETSCAN_COUNT_COLUMN,-0.45,-0.48,,Poorly conserved family,1.0,202.0,208.0,FULLY_MAPPED,202.0,208.0,FULLY_MAPPED,242.0,248.0,FULLY_MAPPED,,,,,,,,,,,,,,,,,,,,,,,PRIMARY_ORTHOLOGY_UNIT,
Ras85D_EBC_MEL_MIR_0017,Ras85D_HO_00063,D.melanogaster,MIRNA_SITE,MIRNA_TARGET,MIRNA_SITE,7mer-A1,TARGETSCAN7::miR-1013-3p::1::280,TargetScan_redact_for_GPT.xlsx,TargetScan7,22.0,280,286,7,CTTTTAA,forward,333,339,336.0,VALID,POORLY_CONSERVED_SITE,True,FINAL,miR-1013-3p,POORLY_CONSERVED_SITE,7mer-A1,TARGETSCAN_COUNT_COLUMN,-0.5,-0.54,,Poorly conserved family,1.0,280.0,286.0,FULLY_MAPPED,280.0,286.0,FULLY_MAPPED,306.0,312.0,FULLY_MAPPED,,,,,,,,,,,,,,,,,,,,,,,PRIMARY_ORTHOLOGY_UNIT,
Ras85D_EBC_MEL_MIR_0018,Ras85D_HO_00001,D.melanogaster,MIRNA_SITE,MIRNA_TARGET,MIRNA_SITE,7mer-A1,TARGETSCAN7::miR-8-3p::1::288,TargetScan_redact_for_GPT.xlsx,TargetScan7,3.0,288,294,7,AGTATTA,forward,341,347,344.0,VALID,CONSERVED_SITE,True,FINAL,miR-8-3p,CONSERVED_SITE,7mer-A1,TARGETSCAN_COUNT_COLUMN,-0.65,-0.7,0.57,Drosophila,1.0,288.0,294.0,FULLY_MAPPED,288.0,294.0,FULLY_MAPPED,314.0,320.0,FULLY_MAPPED,,,,,,,,,,,,,,,,,,,,,,,PRIMARY_ORTHOLOGY_UNIT,
Ras85D_EBC_MEL_MIR_0019,Ras85D_HO_00162,D.melanogaster,MIRNA_SITE,MIRNA_TARGET,MIRNA_SITE,7mer_unspecified_multisite,TARGETSCAN7::miR-983-5p::1::289,TargetScan_redact_for_GPT.xlsx,TargetScan7,52.0,289,295,7,GTATTAA,forward,342,348,345.0,VALID,POORLY_CONSERVED_SITE,True,FINAL,miR-983-5p,POORLY_CONSERVED_SITE,7mer_unspecified_multisite,USER_RULE_MULTIPLE_SITES_ARE_7MER,-0.38,-0.55,,Poorly conserved family,1.0,289.0,295.0,FULLY_MAPPED,289.0,295.0,FULLY_MAPPED,315.0,321.0,FULLY_MAPPED,,,,,,,,,,,,,,,,,,,,,,,PRIMARY_ORTHOLOGY_UNIT,
Ras85D_EBC_MEL_MIR_0020,Ras85D_HO_00033,D.melanogaster,MIRNA_SITE,MIRNA_TARGET,MIRNA_SITE,7mer-A1,TARGETSCAN7::miR-1000-5p::1::295,TargetScan_redact_for_GPT.xlsx,TargetScan7,13.0,295,301,7,ACAATAA,forward,348,354,351.0,VALID,POORLY_CONSERVED_SITE,True,FINAL,miR-1000-5p,POORLY_CONSERVED_SITE,7mer-A1,TARGETSCAN_COUNT_COLUMN,-0.46,-0.5,0.19,Drosophila,1.0,295.0,301.0,FULLY_MAPPED,295.0,301.0,FULLY_MAPPED,321.0,324.0,PARTIALLY_GAPPED,,,,,,,,,,,,,,,,,,,,,,,PRIMARY_ORTHOLOGY_UNIT,
Ras85D_EBC_MEL_MIR_0021,Ras85D_HO_00124,D.melanogaster,MIRNA_SITE,MIRNA_TARGET,MIRNA_SITE,7mer_unspecified_multisite,TARGETSCAN7::miR-956-5p::1::306,TargetScan_redact_for_GPT.xlsx,TargetScan7,38.0,306,312,7,CAAACAA,forward,359,365,362.0,VALID,POORLY_CONSERVED_SITE,True,FINAL,miR-956-5p,POORLY_CONSERVED_SITE,7mer_unspecified_multisite,USER_RULE_MULTIPLE_SITES_ARE_7MER,-0.5,-0.94,,Poorly conserved family,1.0,306.0,312.0,FULLY_MAPPED,306.0,312.0,FULLY_MAPPED,,,ABSENT_IN_TARGET,,,,,,,,,,,,,,,,,,,,,,,PRIMARY_ORTHOLOGY_UNIT,
Ras85D_EBC_MEL_MIR_0022,Ras85D_HO_00051,D.melanogaster,MIRNA_SITE,MIRNA_TARGET,MIRNA_SITE,7mer_unspecified_multisite,TARGETSCAN7::miR-274-3p/961-3p::1::313,TargetScan_redact_for_GPT.xlsx,TargetScan7,18.0,313,319,7,AAACGAA,forward,366,372,369.0,VALID,POORLY_CONSERVED_SITE,True,FINAL,miR-274-3p/961-3p,POORLY_CONSERVED_SITE,7mer_unspecified_multisite,USER_RULE_MULTIPLE_SITES_ARE_7MER,-1.22,-1.72,,Poorly conserved family,1.0,313.0,319.0,FULLY_MAPPED,313.0,319.0,FULLY_MAPPED,,,ABSENT_IN_TARGET,,,,,,,,,,,,,,,,,,,,,,,PRIMARY_ORTHOLOGY_UNIT,
Ras85D_EBC_MEL_MIR_0023,Ras85D_HO_00169,D.melanogaster,MIRNA_SITE,MIRNA_TARGET,MIRNA_SITE,7mer-A1,TARGETSCAN7::miR-315-3p::1::330,TargetScan_redact_for_GPT.xlsx,TargetScan7,54.0,330,336,7,CGAAAAT,forward,383,389,386.0,VALID,POORLY_CONSERVED_SITE,True,FINAL,miR-315-3p,POORLY_CONSERVED_SITE,7mer-A1,TARGETSCAN_COUNT_COLUMN,-0.39,-0.49,,Poorly conserved family,1.0,330.0,336.0,FULLY_MAPPED,330.0,336.0,FULLY_MAPPED,325.0,331.0,FULLY_MAPPED,,,,,,,,,,,,,,,,,,,,,,,PRIMARY_ORTHOLOGY_UNIT,
Ras85D_EBC_MEL_MIR_0024,Ras85D_HO_00152,D.melanogaster,MIRNA_SITE,MIRNA_TARGET,MIRNA_SITE,7mer-m8,TARGETSCAN7::miR-4946-5p::1::336,TargetScan_redact_for_GPT.xlsx,TargetScan7,49.0,336,342,7,TGAAAAT,forward,389,395,392.0,VALID,POORLY_CONSERVED_SITE,True,FINAL,miR-4946-5p,POORLY_CONSERVED_SITE,7mer-m8,TARGETSCAN_COUNT_COLUMN,-0.5,-0.67,,Poorly conserved family,1.0,336.0,342.0,FULLY_MAPPED,336.0,342.0,FULLY_MAPPED,331.0,336.0,PARTIALLY_GAPPED,,,,,,,,,,,,,,,,,,,,,,,PRIMARY_ORTHOLOGY_UNIT,
Ras85D_EBC_MEL_MIR_0025,Ras85D_HO_00155,D.melanogaster,MIRNA_SITE,MIRNA_TARGET,MIRNA_SITE,7mer_unspecified_multisite,TARGETSCAN7::miR-9371-3p::1::341,TargetScan_redact_for_GPT.xlsx,TargetScan7,50.0,341,347,7,ATGAATA,forward,394,400,397.0,VALID,POORLY_CONSERVED_SITE,True,FINAL,miR-9371-3p,POORLY_CONSERVED_SITE,7mer_unspecified_multisite,USER_RULE_MULTIPLE_SITES_ARE_7MER,-0.33,-0.62,,Poorly conserved family,1.0,341.0,347.0,FULLY_MAPPED,341.0,347.0,FULLY_MAPPED,335.0,341.0,FULLY_MAPPED,,,,,,,,,,,,,,,,,,,,,,,PRIMARY_ORTHOLOGY_UNIT,
Ras85D_EBC_MEL_MIR_0026,Ras85D_HO_00147,D.melanogaster,MIRNA_SITE,MIRNA_TARGET,MIRNA_SITE,7mer-m8,TARGETSCAN7::miR-9369-3p::1::345,TargetScan_redact_for_GPT.xlsx,TargetScan7,47.0,345,351,7,ATATGTA,forward,398,404,401.0,VALID,POORLY_CONSERVED_SITE,True,FINAL,miR-9369-3p,POORLY_CONSERVED_SITE,7mer-m8,TARGETSCAN_COUNT_COLUMN,-0.51,-0.72,,Poorly conserved family,1.0,345.0,351.0,FULLY_MAPPED,345.0,351.0,FULLY_MAPPED,339.0,345.0,FULLY_MAPPED,,,,,,,,,,,,,,,,,,,,,,,PRIMARY_ORTHOLOGY_UNIT,
Ras85D_EBC_MEL_MIR_0027,Ras85D_HO_00040,D.melanogaster,MIRNA_SITE,MIRNA_TARGET,MIRNA_SITE,7mer_unspecified_multisite,TARGETSCAN7::miR-9388-5p::1::356,TargetScan_redact_for_GPT.xlsx,TargetScan7,17.0,356,362,7,TACATAA,forward,409,415,412.0,VALID,POORLY_CONSERVED_SITE,True,FINAL,miR-9388-5p,POORLY_CONSERVED_SITE,7mer_unspecified_multisite,USER_RULE_MULTIPLE_SITES_ARE_7MER,-0.5,-2.49,,Poorly conserved family,1.0,356.0,362.0,FULLY_MAPPED,356.0,362.0,FULLY_MAPPED,346.0,350.0,PARTIALLY_GAPPED,,,,,,,,,,,,,,,,,,,,,,,PRIMARY_ORTHOLOGY_UNIT,
Ras85D_EBC_MEL_MIR_0028,Ras85D_HO_00144,D.melanogaster,MIRNA_SITE,MIRNA_TARGET,MIRNA_SITE,7mer-m8,TARGETSCAN7::miR-4953-3p::1::359,TargetScan_redact_for_GPT.xlsx,TargetScan7,46.0,359,365,7,ATAAAAA,forward,412,418,415.0,VALID,POORLY_CONSERVED_SITE,True,FINAL,miR-4953-3p,POORLY_CONSERVED_SITE,7mer-m8,TARGETSCAN_COUNT_COLUMN,-0.35,-0.72,,Poorly conserved family,1.0,359.0,365.0,FULLY_MAPPED,359.0,365.0,FULLY_MAPPED,349.0,352.0,PARTIALLY_GAPPED,,,,,,,,,,,,,,,,,,,,,,,PRIMARY_ORTHOLOGY_UNIT,
Ras85D_EBC_MEL_MIR_0029,Ras85D_HO_00185,D.melanogaster,MIRNA_SITE,MIRNA_TARGET,MIRNA_SITE,7mer-A1,TARGETSCAN7::miR-999-5p::1::365,TargetScan_redact_for_GPT.xlsx,TargetScan7,61.0,365,371,7,ACTATGA,forward,418,424,421.0,VALID,POORLY_CONSERVED_SITE,True,FINAL,miR-999-5p,POORLY_CONSERVED_SITE,7mer-A1,TARGETSCAN_COUNT_COLUMN,-0.12,-0.32,,Poorly conserved family,1.0,365.0,371.0,FULLY_MAPPED,365.0,371.0,FULLY_MAPPED,352.0,358.0,FULLY_MAPPED,,,,,,,,,,,,,,,,,,,,,,,PRIMARY_ORTHOLOGY_UNIT,
Ras85D_EBC_MEL_MIR_0030,Ras85D_HO_00156,D.melanogaster,MIRNA_SITE,MIRNA_TARGET,MIRNA_SITE,7mer_unspecified_multisite,TARGETSCAN7::miR-9371-3p::2::368,TargetScan_redact_for_GPT.xlsx,TargetScan7,50.0,368,374,7,ATGAATA,forward,421,427,424.0,VALID,POORLY_CONSERVED_SITE,True,FINAL,miR-9371-3p,POORLY_CONSERVED_SITE,7mer_unspecified_multisite,USER_RULE_MULTIPLE_SITES_ARE_7MER,-0.33,-0.62,,Poorly conserved family,2.0,368.0,374.0,FULLY_MAPPED,368.0,374.0,FULLY_MAPPED,355.0,361.0,FULLY_MAPPED,,,,,,,,,,,,,,,,,,,,,,,PRIMARY_ORTHOLOGY_UNIT,
Ras85D_EBC_MEL_MIR_0031,Ras85D_HO_00130,D.melanogaster,MIRNA_SITE,MIRNA_TARGET,MIRNA_SITE,8mer,TARGETSCAN7::miR-133-5p::1::419,TargetScan_redact_for_GPT.xlsx,TargetScan7,39.0,419,426,8,AACCAGCA,forward,489,496,492.5,VALID,POORLY_CONSERVED_SITE,True,FINAL,miR-133-5p,POORLY_CONSERVED_SITE,8mer,TARGETSCAN_COUNT_COLUMN,-0.24,-0.93,,Poorly conserved family,1.0,419.0,426.0,FULLY_MAPPED,419.0,426.0,FULLY_MAPPED,423.0,430.0,FULLY_MAPPED,,,,,,,,,,,,,,,,,,,,,,,PRIMARY_ORTHOLOGY_UNIT,
Ras85D_EBC_MEL_MIR_0032,Ras85D_HO_00133,D.melanogaster,MIRNA_SITE,MIRNA_TARGET,MIRNA_SITE,8mer,TARGETSCAN7::miR-2494-5p::1::424,TargetScan_redact_for_GPT.xlsx,TargetScan7,41.0,424,431,8,GCACTTAA,forward,494,501,497.5,VALID,POORLY_CONSERVED_SITE,True,FINAL,miR-2494-5p,POORLY_CONSERVED_SITE,8mer,TARGETSCAN_COUNT_COLUMN,-0.23,-0.89,,Poorly conserved family,1.0,424.0,431.0,FULLY_MAPPED,424.0,431.0,FULLY_MAPPED,428.0,435.0,FULLY_MAPPED,,,,,,,,,,,,,,,,,,,,,,,PRIMARY_ORTHOLOGY_UNIT,
Ras85D_EBC_MEL_MIR_0033,Ras85D_HO_00193,D.melanogaster,MIRNA_SITE,MIRNA_TARGET,MIRNA_SITE,7mer-A1,TARGETSCAN7::miR-125-3p::1::429,TargetScan_redact_for_GPT.xlsx,TargetScan7,63.0,429,435,7,TAACTTG,forward,499,505,502.0,VALID,POORLY_CONSERVED_SITE,True,FINAL,miR-125-3p,POORLY_CONSERVED_SITE,7mer-A1,TARGETSCAN_COUNT_COLUMN,-0.09,-0.29,,Poorly conserved family,1.0,429.0,435.0,FULLY_MAPPED,429.0,435.0,FULLY_MAPPED,433.0,439.0,FULLY_MAPPED,,,,,,,,,,,,,,,,,,,,,,,PRIMARY_ORTHOLOGY_UNIT,
Ras85D_EBC_MEL_MIR_0034,Ras85D_HO_00179,D.melanogaster,MIRNA_SITE,MIRNA_TARGET,MIRNA_SITE,7mer-m8,TARGETSCAN7::miR-2491-3p::1::442,TargetScan_redact_for_GPT.xlsx,TargetScan7,58.0,442,448,7,TGTTGTT,forward,512,518,515.0,VALID,POORLY_CONSERVED_SITE,True,FINAL,miR-2491-3p,POORLY_CONSERVED_SITE,7mer-m8,TARGETSCAN_COUNT_COLUMN,-0.13,-0.44,,Poorly conserved family,1.0,442.0,448.0,FULLY_MAPPED,442.0,448.0,FULLY_MAPPED,446.0,452.0,FULLY_MAPPED,,,,,,,,,,,,,,,,,,,,,,,PRIMARY_ORTHOLOGY_UNIT,
Ras85D_EBC_MEL_MIR_0035,Ras85D_HO_00181,D.melanogaster,MIRNA_SITE,MIRNA_TARGET,MIRNA_SITE,7mer-A1,TARGETSCAN7::miR-2281-3p::1::458,TargetScan_redact_for_GPT.xlsx,TargetScan7,59.0,458,464,7,ACAGATA,forward,528,534,531.0,VALID,POORLY_CONSERVED_SITE,True,FINAL,miR-2281-3p,POORLY_CONSERVED_SITE,7mer-A1,TARGETSCAN_COUNT_COLUMN,-0.1,-0.34,,Poorly conserved family,1.0,458.0,464.0,FULLY_MAPPED,458.0,464.0,FULLY_MAPPED,461.0,464.0,PARTIALLY_GAPPED,,,,,,,,,,,,,,,,,,,,,,,PRIMARY_ORTHOLOGY_UNIT,
Ras85D_EBC_MEL_MIR_0036,Ras85D_HO_00196,D.melanogaster,MIRNA_SITE,MIRNA_TARGET,MIRNA_SITE,7mer-A1,TARGETSCAN7::miR-2497-5p::1::470,TargetScan_redact_for_GPT.xlsx,TargetScan7,64.0,470,476,7,TGCTTAA,forward,541,547,544.0,VALID,POORLY_CONSERVED_SITE,True,FINAL,miR-2497-5p,POORLY_CONSERVED_SITE,7mer-A1,TARGETSCAN_COUNT_COLUMN,-0.08,-0.28,,Poorly conserved family,1.0,470.0,476.0,FULLY_MAPPED,470.0,476.0,FULLY_MAPPED,471.0,477.0,FULLY_MAPPED,,,,,,,,,,,,,,,,,,,,,,,PRIMARY_ORTHOLOGY_UNIT,
Ras85D_EBC_MEL_MIR_0037,Ras85D_HO_00135,D.melanogaster,MIRNA_SITE,MIRNA_TARGET,MIRNA_SITE,8mer,TARGETSCAN7::bantam-5p::1::475,TargetScan_redact_for_GPT.xlsx,TargetScan7,42.0,475,482,8,AAAACCGA,forward,546,553,549.5,VALID,POORLY_CONSERVED_SITE,True,FINAL,bantam-5p,POORLY_CONSERVED_SITE,8mer,TARGETSCAN_COUNT_COLUMN,-0.21,-0.8,,Poorly conserved family,1.0,475.0,482.0,FULLY_MAPPED,475.0,482.0,FULLY_MAPPED,476.0,478.0,PARTIALLY_GAPPED,,,,,,,,,,,,,,,,,,,,,,,PRIMARY_ORTHOLOGY_UNIT,
Ras85D_EBC_MEL_MIR_0038,Ras85D_HO_00206,D.melanogaster,MIRNA_SITE,MIRNA_TARGET,MIRNA_SITE,7mer-m8,TARGETSCAN7::miR-971-5p::1::511,TargetScan_redact_for_GPT.xlsx,TargetScan7,69.0,511,517,7,TTTACAG,forward,582,601,591.5,VALID,POORLY_CONSERVED_SITE,True,FINAL,miR-971-5p,POORLY_CONSERVED_SITE,7mer-m8,TARGETSCAN_COUNT_COLUMN,-0.06,-0.19,,Poorly conserved family,1.0,511.0,517.0,PARTIALLY_GAPPED,511.0,517.0,PARTIALLY_GAPPED,495.0,514.0,FULLY_MAPPED,,,,,,,,,,,,,,,,,,,,,,,PRIMARY_ORTHOLOGY_UNIT,
Ras85D_EBC_MEL_MIR_0039,Ras85D_HO_00204,D.melanogaster,MIRNA_SITE,MIRNA_TARGET,MIRNA_SITE,7mer-m8,TARGETSCAN7::miR-997-3p::1::522,TargetScan_redact_for_GPT.xlsx,TargetScan7,68.0,522,528,7,GTTATCT,forward,606,612,609.0,VALID,POORLY_CONSERVED_SITE,True,FINAL,miR-997-3p,POORLY_CONSERVED_SITE,7mer-m8,TARGETSCAN_COUNT_COLUMN,-0.05,-0.19,,Poorly conserved family,1.0,522.0,528.0,FULLY_MAPPED,522.0,528.0,FULLY_MAPPED,519.0,524.0,PARTIALLY_GAPPED,,,,,,,,,,,,,,,,,,,,,,,PRIMARY_ORTHOLOGY_UNIT,
Ras85D_EBC_MEL_MIR_0040,Ras85D_HO_00136,D.melanogaster,MIRNA_SITE,MIRNA_TARGET,MIRNA_SITE,8mer,TARGETSCAN7::miR-977-5p::1::522,TargetScan_redact_for_GPT.xlsx,TargetScan7,43.0,522,529,8,GTTATCTA,forward,606,613,609.5,VALID,POORLY_CONSERVED_SITE,True,FINAL,miR-977-5p,POORLY_CONSERVED_SITE,8mer,TARGETSCAN_COUNT_COLUMN,-0.21,-0.8,,Poorly conserved family,1.0,522.0,529.0,FULLY_MAPPED,522.0,529.0,FULLY_MAPPED,519.0,525.0,PARTIALLY_GAPPED,,,,,,,,,,,,,,,,,,,,,,,PRIMARY_ORTHOLOGY_UNIT,
Ras85D_EBC_MEL_MIR_0041,Ras85D_HO_00037,D.melanogaster,MIRNA_SITE,MIRNA_TARGET,MIRNA_SITE,7mer-A1,TARGETSCAN7::miR-957-3p::1::532,TargetScan_redact_for_GPT.xlsx,TargetScan7,15.0,532,538,7,GGTTTCA,forward,616,636,626.0,VALID,POORLY_CONSERVED_SITE,True,FINAL,miR-957-3p,POORLY_CONSERVED_SITE,7mer-A1,TARGETSCAN_COUNT_COLUMN,-0.07,-0.22,< 0.1,Drosophila,1.0,532.0,538.0,PARTIALLY_GAPPED,532.0,538.0,PARTIALLY_GAPPED,528.0,548.0,FULLY_MAPPED,,,,,,,,,,,,,,,,,,,,,,,PRIMARY_ORTHOLOGY_UNIT,
Ras85D_EBC_MEL_MIR_0042,Ras85D_HO_00183,D.melanogaster,MIRNA_SITE,MIRNA_TARGET,MIRNA_SITE,7mer-A1,TARGETSCAN7::miR-4974-3p::1::539,TargetScan_redact_for_GPT.xlsx,TargetScan7,60.0,539,545,7,ACCCGAC,forward,637,643,640.0,VALID,POORLY_CONSERVED_SITE,True,FINAL,miR-4974-3p,POORLY_CONSERVED_SITE,7mer-A1,TARGETSCAN_COUNT_COLUMN,-0.06,-0.33,,Poorly conserved family,1.0,539.0,545.0,FULLY_MAPPED,539.0,545.0,FULLY_MAPPED,549.0,555.0,FULLY_MAPPED,,,,,,,,,,,,,,,,,,,,,,,PRIMARY_ORTHOLOGY_UNIT,
Ras85D_EBC_MEL_MIR_0043,Ras85D_HO_00138,D.melanogaster,MIRNA_SITE,MIRNA_TARGET,MIRNA_SITE,8mer,TARGETSCAN7::miR-9374-3p::1::539,TargetScan_redact_for_GPT.xlsx,TargetScan7,44.0,539,546,8,ACCCGACA,forward,637,647,642.0,VALID,POORLY_CONSERVED_SITE,True,FINAL,miR-9374-3p,POORLY_CONSERVED_SITE,8mer,TARGETSCAN_COUNT_COLUMN,-0.2,-0.76,,Poorly conserved family,1.0,539.0,546.0,PARTIALLY_GAPPED,539.0,546.0,PARTIALLY_GAPPED,549.0,559.0,FULLY_MAPPED,,,,,,,,,,,,,,,,,,,,,,,PRIMARY_ORTHOLOGY_UNIT,
Ras85D_EBC_MEL_MIR_0044,Ras85D_HO_00041,D.melanogaster,MIRNA_SITE,MIRNA_TARGET,MIRNA_SITE,7mer_unspecified_multisite,TARGETSCAN7::miR-9388-5p::2::550,TargetScan_redact_for_GPT.xlsx,TargetScan7,17.0,550,556,7,ATACATA,forward,651,657,654.0,VALID,POORLY_CONSERVED_SITE,True,FINAL,miR-9388-5p,POORLY_CONSERVED_SITE,7mer_unspecified_multisite,USER_RULE_MULTIPLE_SITES_ARE_7MER,-0.5,-2.49,,Poorly conserved family,2.0,550.0,556.0,FULLY_MAPPED,550.0,556.0,FULLY_MAPPED,562.0,568.0,FULLY_MAPPED,,,,,,,,,,,,,,,,,,,,,,,PRIMARY_ORTHOLOGY_UNIT,
Ras85D_EBC_MEL_MIR_0045,Ras85D_HO_00071,D.melanogaster,MIRNA_SITE,MIRNA_TARGET,MIRNA_SITE,7mer_unspecified_multisite,TARGETSCAN7::miR-4961-3p::1::550,TargetScan_redact_for_GPT.xlsx,TargetScan7,26.0,550,556,7,ATACATA,forward,651,657,654.0,VALID,POORLY_CONSERVED_SITE,True,FINAL,miR-4961-3p,POORLY_CONSERVED_SITE,7mer_unspecified_multisite,USER_RULE_MULTIPLE_SITES_ARE_7MER,-0.29,-2.07,,Poorly conserved family,1.0,550.0,556.0,FULLY_MAPPED,550.0,556.0,FULLY_MAPPED,562.0,568.0,FULLY_MAPPED,,,,,,,,,,,,,,,,,,,,,,,PRIMARY_ORTHOLOGY_UNIT,
Ras85D_EBC_MEL_MIR_0046,Ras85D_HO_00061,D.melanogaster,MIRNA_SITE,MIRNA_TARGET,MIRNA_SITE,7mer-m8,TARGETSCAN7::miR-2493-3p::1::575,TargetScan_redact_for_GPT.xlsx,TargetScan7,21.0,575,581,7,ACACACG,forward,738,744,741.0,VALID,POORLY_CONSERVED_SITE,True,FINAL,miR-2493-3p,POORLY_CONSERVED_SITE,7mer-m8,TARGETSCAN_COUNT_COLUMN,-0.15,-0.56,,Poorly conserved family,1.0,575.0,581.0,FULLY_MAPPED,575.0,581.0,FULLY_MAPPED,641.0,646.0,PARTIALLY_GAPPED,,,,,,,,,,,,,,,,,,,,,,,PRIMARY_ORTHOLOGY_UNIT,
Ras85D_EBC_MEL_MIR_0047,Ras85D_HO_00058,D.melanogaster,MIRNA_SITE,MIRNA_TARGET,MIRNA_SITE,7mer-m8,TARGETSCAN7::miR-2496-5p::1::577,TargetScan_redact_for_GPT.xlsx,TargetScan7,20.0,577,583,7,ACACGCA,forward,740,746,743.0,VALID,POORLY_CONSERVED_SITE,True,FINAL,miR-2496-5p,POORLY_CONSERVED_SITE,7mer-m8,TARGETSCAN_COUNT_COLUMN,-0.18,-0.7,,Poorly conserved family,1.0,577.0,583.0,FULLY_MAPPED,577.0,583.0,FULLY_MAPPED,642.0,648.0,FULLY_MAPPED,,,,,,,,,,,,,,,,,,,,,,,PRIMARY_ORTHOLOGY_UNIT,
Ras85D_EBC_MEL_MIR_0048,Ras85D_HO_00176,D.melanogaster,MIRNA_SITE,MIRNA_TARGET,MIRNA_SITE,7mer-A1,TARGETSCAN7::miR-283-3p::1::591,TargetScan_redact_for_GPT.xlsx,TargetScan7,57.0,591,597,7,AATTCCA,forward,754,760,757.0,VALID,POORLY_CONSERVED_SITE,True,FINAL,miR-283-3p,POORLY_CONSERVED_SITE,7mer-A1,TARGETSCAN_COUNT_COLUMN,-0.12,-0.46,,Poorly conserved family,1.0,591.0,597.0,FULLY_MAPPED,591.0,597.0,FULLY_MAPPED,656.0,662.0,FULLY_MAPPED,,,,,,,,,,,,,,,,,,,,,,,PRIMARY_ORTHOLOGY_UNIT,
Ras85D_EBC_MEL_MIR_0049,Ras85D_HO_00030,D.melanogaster,MIRNA_SITE,MIRNA_TARGET,MIRNA_SITE,7mer-A1,TARGETSCAN7::miR-375-3p::1::616,TargetScan_redact_for_GPT.xlsx,TargetScan7,12.0,616,622,7,GAACAAA,forward,779,787,783.0,VALID,POORLY_CONSERVED_SITE,True,FINAL,miR-375-3p,POORLY_CONSERVED_SITE,7mer-A1,TARGETSCAN_COUNT_COLUMN,-0.13,-0.51,0.2,Drosophila,1.0,616.0,622.0,PARTIALLY_GAPPED,616.0,622.0,PARTIALLY_GAPPED,680.0,688.0,FULLY_MAPPED,,,,,,,,,,,,,,,,,,,,,,,PRIMARY_ORTHOLOGY_UNIT,
Ras85D_EBC_MEL_MIR_0050,Ras85D_HO_00089,D.melanogaster,MIRNA_SITE,MIRNA_TARGET,MIRNA_SITE,7mer_unspecified_multisite,TARGETSCAN7::miR-9373-5p::1::618,TargetScan_redact_for_GPT.xlsx,TargetScan7,29.0,618,624,7,ACAAACA,forward,781,791,786.0,VALID,POORLY_CONSERVED_SITE,True,FINAL,miR-9373-5p,POORLY_CONSERVED_SITE,7mer_unspecified_multisite,USER_RULE_MULTIPLE_SITES_ARE_7MER,-0.27,-1.39,,Poorly conserved family,1.0,618.0,624.0,PARTIALLY_GAPPED,618.0,624.0,PARTIALLY_GAPPED,682.0,692.0,FULLY_MAPPED,,,,,,,,,,,,,,,,,,,,,,,PRIMARY_ORTHOLOGY_UNIT,
Ras85D_EBC_MEL_MIR_0051,Ras85D_HO_00125,D.melanogaster,MIRNA_SITE,MIRNA_TARGET,MIRNA_SITE,7mer_unspecified_multisite,TARGETSCAN7::miR-956-5p::2::619,TargetScan_redact_for_GPT.xlsx,TargetScan7,38.0,619,625,7,CAAACAA,forward,784,792,788.0,VALID,POORLY_CONSERVED_SITE,True,FINAL,miR-956-5p,POORLY_CONSERVED_SITE,7mer_unspecified_multisite,USER_RULE_MULTIPLE_SITES_ARE_7MER,-0.5,-0.94,,Poorly conserved family,2.0,619.0,625.0,PARTIALLY_GAPPED,619.0,625.0,PARTIALLY_GAPPED,685.0,693.0,FULLY_MAPPED,,,,,,,,,,,,,,,,,,,,,,,PRIMARY_ORTHOLOGY_UNIT,
Ras85D_EBC_MEL_MIR_0052,Ras85D_HO_00013,D.melanogaster,MIRNA_SITE,MIRNA_TARGET,MIRNA_SITE,7mer_unspecified_multisite,TARGETSCAN7::miR-210-3p.1::1::655,TargetScan_redact_for_GPT.xlsx,TargetScan7,7.0,655,661,7,CGCACAA,forward,823,829,826.0,VALID,CONSERVED_SITE,True,FINAL,miR-210-3p.1,CONSERVED_SITE,7mer_unspecified_multisite,USER_RULE_MULTIPLE_SITES_ARE_7MER,-0.25,-1.16,0.35,Drosophila,1.0,655.0,661.0,FULLY_MAPPED,655.0,661.0,FULLY_MAPPED,,,ABSENT_IN_TARGET,,,,,,,,,,,,,,,,,,,,,,,PRIMARY_ORTHOLOGY_UNIT,
Ras85D_EBC_MEL_MIR_0053,Ras85D_HO_00017,D.melanogaster,MIRNA_SITE,MIRNA_TARGET,MIRNA_SITE,7mer_unspecified_multisite,TARGETSCAN7::miR-210-3p.2::1::655,TargetScan_redact_for_GPT.xlsx,TargetScan7,8.0,655,661,7,CGCACAA,forward,823,829,826.0,VALID,POORLY_CONSERVED_SITE,True,FINAL,miR-210-3p.2,POORLY_CONSERVED_SITE,7mer_unspecified_multisite,USER_RULE_MULTIPLE_SITES_ARE_7MER,-0.12,-0.46,0.28,Drosophila,1.0,655.0,661.0,FULLY_MAPPED,655.0,661.0,FULLY_MAPPED,,,ABSENT_IN_TARGET,,,,,,,,,,,,,,,,,,,,,,,PRIMARY_ORTHOLOGY_UNIT,
Ras85D_EBC_MEL_MIR_0054,Ras85D_HO_00090,D.melanogaster,MIRNA_SITE,MIRNA_TARGET,MIRNA_SITE,7mer_unspecified_multisite,TARGETSCAN7::miR-9373-5p::2::657,TargetScan_redact_for_GPT.xlsx,TargetScan7,29.0,657,663,7,CACAAAC,forward,825,831,828.0,VALID,POORLY_CONSERVED_SITE,True,FINAL,miR-9373-5p,POORLY_CONSERVED_SITE,7mer_unspecified_multisite,USER_RULE_MULTIPLE_SITES_ARE_7MER,-0.27,-1.39,,Poorly conserved family,2.0,657.0,663.0,FULLY_MAPPED,657.0,663.0,FULLY_MAPPED,,,ABSENT_IN_TARGET,,,,,,,,,,,,,,,,,,,,,,,PRIMARY_ORTHOLOGY_UNIT,
Ras85D_EBC_MEL_MIR_0055,Ras85D_HO_00070,D.melanogaster,MIRNA_SITE,MIRNA_TARGET,MIRNA_SITE,7mer-m8,TARGETSCAN7::miR-2280-3p::1::665,TargetScan_redact_for_GPT.xlsx,TargetScan7,25.0,665,671,7,AGTAAAT,forward,833,839,836.0,VALID,POORLY_CONSERVED_SITE,True,FINAL,miR-2280-3p,POORLY_CONSERVED_SITE,7mer-m8,TARGETSCAN_COUNT_COLUMN,-0.06,-0.23,,Poorly conserved family,1.0,665.0,671.0,FULLY_MAPPED,665.0,671.0,FULLY_MAPPED,,,ABSENT_IN_TARGET,,,,,,,,,,,,,,,,,,,,,,,PRIMARY_ORTHOLOGY_UNIT,
Ras85D_EBC_MEL_MIR_0056,Ras85D_HO_00209,D.melanogaster,MIRNA_SITE,MIRNA_TARGET,MIRNA_SITE,7mer-m8,TARGETSCAN7::miR-970-5p::1::673,TargetScan_redact_for_GPT.xlsx,TargetScan7,71.0,673,679,7,CGCTAGC,forward,841,847,844.0,VALID,POORLY_CONSERVED_SITE,True,FINAL,miR-970-5p,POORLY_CONSERVED_SITE,7mer-m8,TARGETSCAN_COUNT_COLUMN,-0.05,-0.18,,Poorly conserved family,1.0,673.0,679.0,FULLY_MAPPED,673.0,679.0,FULLY_MAPPED,,,ABSENT_IN_TARGET,,,,,,,,,,,,,,,,,,,,,,,PRIMARY_ORTHOLOGY_UNIT,
Ras85D_EBC_MEL_MIR_0057,Ras85D_HO_00207,D.melanogaster,MIRNA_SITE,MIRNA_TARGET,MIRNA_SITE,7mer-A1,TARGETSCAN7::miR-4955-3p::1::677,TargetScan_redact_for_GPT.xlsx,TargetScan7,70.0,677,683,7,AGCCCCA,forward,845,851,848.0,VALID,POORLY_CONSERVED_SITE,True,FINAL,miR-4955-3p,POORLY_CONSERVED_SITE,7mer-A1,TARGETSCAN_COUNT_COLUMN,-0.05,-0.18,,Poorly conserved family,1.0,677.0,683.0,FULLY_MAPPED,677.0,683.0,FULLY_MAPPED,,,ABSENT_IN_TARGET,,,,,,,,,,,,,,,,,,,,,,,PRIMARY_ORTHOLOGY_UNIT,
Ras85D_EBC_MEL_MIR_0058,Ras85D_HO_00199,D.melanogaster,MIRNA_SITE,MIRNA_TARGET,MIRNA_SITE,7mer-A1,TARGETSCAN7::miR-1004-5p::1::679,TargetScan_redact_for_GPT.xlsx,TargetScan7,65.0,679,685,7,CCCCAAA,forward,847,853,850.0,VALID,POORLY_CONSERVED_SITE,True,FINAL,miR-1004-5p,POORLY_CONSERVED_SITE,7mer-A1,TARGETSCAN_COUNT_COLUMN,-0.06,-0.21,,Poorly conserved family,1.0,679.0,685.0,FULLY_MAPPED,679.0,685.0,FULLY_MAPPED,,,ABSENT_IN_TARGET,,,,,,,,,,,,,,,,,,,,,,,PRIMARY_ORTHOLOGY_UNIT,
Ras85D_EBC_MEL_MIR_0059,Ras85D_HO_00132,D.melanogaster,MIRNA_SITE,MIRNA_TARGET,MIRNA_SITE,7mer-m8,TARGETSCAN7::miR-996-5p::1::694,TargetScan_redact_for_GPT.xlsx,TargetScan7,40.0,694,700,7,ATGTTCG,forward,862,868,865.0,VALID,POORLY_CONSERVED_SITE,True,FINAL,miR-996-5p,POORLY_CONSERVED_SITE,7mer-m8,TARGETSCAN_COUNT_COLUMN,-0.21,-0.89,,Poorly conserved family,1.0,694.0,700.0,FULLY_MAPPED,694.0,700.0,FULLY_MAPPED,714.0,717.0,PARTIALLY_GAPPED,,,,,,,,,,,,,,,,,,,,,,,PRIMARY_ORTHOLOGY_UNIT,
Ras85D_EBC_MEL_MIR_0060,Ras85D_HO_00201,D.melanogaster,MIRNA_SITE,MIRNA_TARGET,MIRNA_SITE,7mer-A1,TARGETSCAN7::miR-4913-3p::1::700,TargetScan_redact_for_GPT.xlsx,TargetScan7,66.0,700,706,7,GGTTAAA,forward,868,874,871.0,VALID,POORLY_CONSERVED_SITE,True,FINAL,miR-4913-3p,POORLY_CONSERVED_SITE,7mer-A1,TARGETSCAN_COUNT_COLUMN,-0.05,-0.2,,Poorly conserved family,1.0,700.0,706.0,FULLY_MAPPED,700.0,706.0,FULLY_MAPPED,717.0,717.0,PARTIALLY_GAPPED,,,,,,,,,,,,,,,,,,,,,,,PRIMARY_ORTHOLOGY_UNIT,
Ras85D_EBC_MEL_MIR_0061,Ras85D_HO_00036,D.melanogaster,MIRNA_SITE,MIRNA_TARGET,MIRNA_SITE,7mer-m8,TARGETSCAN7::miR-190-5p::1::708,TargetScan_redact_for_GPT.xlsx,TargetScan7,14.0,708,714,7,ACATATC,forward,876,882,879.0,VALID,POORLY_CONSERVED_SITE,True,FINAL,miR-190-5p,POORLY_CONSERVED_SITE,7mer-m8,TARGETSCAN_COUNT_COLUMN,-0.06,-0.24,< 0.1,Drosophila,1.0,708.0,714.0,FULLY_MAPPED,708.0,714.0,FULLY_MAPPED,719.0,725.0,FULLY_MAPPED,,,,,,,,,,,,,,,,,,,,,,,PRIMARY_ORTHOLOGY_UNIT,
Ras85D_EBC_MEL_MIR_0062,Ras85D_HO_00021,D.melanogaster,MIRNA_SITE,MIRNA_TARGET,MIRNA_SITE,8mer,TARGETSCAN7::miR-285-3p/995-3p/998-3p::1::717,TargetScan_redact_for_GPT.xlsx,TargetScan7,9.0,717,724,8,TGGTGCTA,forward,885,892,888.5,VALID,CONSERVED_SITE,True,FINAL,miR-285-3p/995-3p/998-3p,CONSERVED_SITE,8mer,TARGETSCAN_COUNT_COLUMN,-0.19,-0.82,0.21,Drosophila,1.0,717.0,724.0,FULLY_MAPPED,717.0,724.0,FULLY_MAPPED,728.0,735.0,FULLY_MAPPED,,,,,,,,,,,,,,,,,,,,,,,PRIMARY_ORTHOLOGY_UNIT,
Ras85D_EBC_MEL_MIR_0063,Ras85D_HO_00141,D.melanogaster,MIRNA_SITE,MIRNA_TARGET,MIRNA_SITE,7mer_unspecified_multisite,TARGETSCAN7::miR-4916-3p::2::732,TargetScan_redact_for_GPT.xlsx,TargetScan7,45.0,732,738,7,GAAATTA,forward,900,906,903.0,VALID,POORLY_CONSERVED_SITE,True,FINAL,miR-4916-3p,POORLY_CONSERVED_SITE,7mer_unspecified_multisite,USER_RULE_MULTIPLE_SITES_ARE_7MER,-0.54,-0.75,,Poorly conserved family,2.0,732.0,738.0,FULLY_MAPPED,732.0,738.0,FULLY_MAPPED,743.0,749.0,FULLY_MAPPED,,,,,,,,,,,,,,,,,,,,,,,PRIMARY_ORTHOLOGY_UNIT,
Ras85D_EBC_MEL_MIR_0064,Ras85D_HO_00202,D.melanogaster,MIRNA_SITE,MIRNA_TARGET,MIRNA_SITE,7mer-m8,TARGETSCAN7::miR-11-5p::1::750,TargetScan_redact_for_GPT.xlsx,TargetScan7,67.0,750,756,7,AGTTCTT,forward,938,944,941.0,VALID,POORLY_CONSERVED_SITE,True,FINAL,miR-11-5p,POORLY_CONSERVED_SITE,7mer-m8,TARGETSCAN_COUNT_COLUMN,-0.05,-0.2,,Poorly conserved family,1.0,750.0,756.0,FULLY_MAPPED,750.0,756.0,FULLY_MAPPED,780.0,786.0,FULLY_MAPPED,,,,,,,,,,,,,,,,,,,,,,,PRIMARY_ORTHOLOGY_UNIT,
Ras85D_EBC_MEL_MIR_0065,Ras85D_HO_00039,D.melanogaster,MIRNA_SITE,MIRNA_TARGET,MIRNA_SITE,7mer-m8,TARGETSCAN7::miR-304-5p::1::756,TargetScan_redact_for_GPT.xlsx,TargetScan7,16.0,756,762,7,TGAGATT,forward,944,958,951.0,VALID,POORLY_CONSERVED_SITE,True,FINAL,miR-304-5p,POORLY_CONSERVED_SITE,7mer-m8,TARGETSCAN_COUNT_COLUMN,-0.05,-0.28,< 0.1,Drosophila,1.0,756.0,762.0,PARTIALLY_GAPPED,756.0,762.0,PARTIALLY_GAPPED,786.0,800.0,FULLY_MAPPED,,,,,,,,,,,,,,,,,,,,,,,PRIMARY_ORTHOLOGY_UNIT,
Ras85D_EBC_MEL_MIR_0066,Ras85D_HO_00024,D.melanogaster,MIRNA_SITE,MIRNA_TARGET,MIRNA_SITE,7mer-m8,TARGETSCAN7::miR-1002-5p::1::774,TargetScan_redact_for_GPT.xlsx,TargetScan7,10.0,774,780,7,CTACTTA,forward,970,976,973.0,VALID,POORLY_CONSERVED_SITE,True,FINAL,miR-1002-5p,POORLY_CONSERVED_SITE,7mer-m8,TARGETSCAN_COUNT_COLUMN,-0.07,-0.36,0.2,Drosophila,1.0,774.0,780.0,FULLY_MAPPED,774.0,780.0,FULLY_MAPPED,812.0,818.0,FULLY_MAPPED,,,,,,,,,,,,,,,,,,,,,,,PRIMARY_ORTHOLOGY_UNIT,
Ras85D_EBC_MEL_MIR_0067,Ras85D_HO_00027,D.melanogaster,MIRNA_SITE,MIRNA_TARGET,MIRNA_SITE,7mer-A1,TARGETSCAN7::miR-968-5p::1::774,TargetScan_redact_for_GPT.xlsx,TargetScan7,11.0,774,780,7,CTACTTA,forward,970,976,973.0,VALID,POORLY_CONSERVED_SITE,True,FINAL,miR-968-5p,POORLY_CONSERVED_SITE,7mer-A1,TARGETSCAN_COUNT_COLUMN,-0.05,-0.23,0.2,Drosophila,1.0,774.0,780.0,FULLY_MAPPED,774.0,780.0,FULLY_MAPPED,812.0,818.0,FULLY_MAPPED,,,,,,,,,,,,,,,,,,,,,,,PRIMARY_ORTHOLOGY_UNIT,
Ras85D_EBC_MEL_MIR_0068,Ras85D_HO_00083,D.melanogaster,MIRNA_SITE,MIRNA_TARGET,MIRNA_SITE,7mer_unspecified_multisite,TARGETSCAN7::miR-4945-5p::2::802,TargetScan_redact_for_GPT.xlsx,TargetScan7,27.0,802,808,7,AGAGAAA,forward,1146,1154,1150.0,VALID,POORLY_CONSERVED_SITE,True,FINAL,miR-4945-5p,POORLY_CONSERVED_SITE,7mer_unspecified_multisite,USER_RULE_MULTIPLE_SITES_ARE_7MER,-0.71,-1.64,,Poorly conserved family,2.0,802.0,808.0,PARTIALLY_GAPPED,802.0,808.0,PARTIALLY_GAPPED,988.0,996.0,FULLY_MAPPED,,,,,,,,,,,,,,,,,,,,,,,PRIMARY_ORTHOLOGY_UNIT,
Ras85D_EBC_MEL_MIR_0069,Ras85D_HO_00150,D.melanogaster,MIRNA_SITE,MIRNA_TARGET,MIRNA_SITE,7mer_unspecified_multisite,TARGETSCAN7::miR-4963-3p::2::802,TargetScan_redact_for_GPT.xlsx,TargetScan7,48.0,802,808,7,AGAGAAA,forward,1146,1154,1150.0,VALID,POORLY_CONSERVED_SITE,True,FINAL,miR-4963-3p,POORLY_CONSERVED_SITE,7mer_unspecified_multisite,USER_RULE_MULTIPLE_SITES_ARE_7MER,-0.39,-0.68,,Poorly conserved family,2.0,802.0,808.0,PARTIALLY_GAPPED,802.0,808.0,PARTIALLY_GAPPED,988.0,996.0,FULLY_MAPPED,,,,,,,,,,,,,,,,,,,,,,,PRIMARY_ORTHOLOGY_UNIT,
Ras85D_EBC_MEL_MIR_0070,Ras85D_HO_00167,D.melanogaster,MIRNA_SITE,MIRNA_TARGET,MIRNA_SITE,7mer-A1,TARGETSCAN7::miR-2492-3p::1::806,TargetScan_redact_for_GPT.xlsx,TargetScan7,53.0,806,812,7,AAAACAA,forward,1152,1158,1155.0,VALID,POORLY_CONSERVED_SITE,True,FINAL,miR-2492-3p,POORLY_CONSERVED_SITE,7mer-A1,TARGETSCAN_COUNT_COLUMN,-0.1,-0.55,,Poorly conserved family,1.0,806.0,812.0,FULLY_MAPPED,806.0,812.0,FULLY_MAPPED,994.0,1000.0,FULLY_MAPPED,,,,,,,,,,,,,,,,,,,,,,,PRIMARY_ORTHOLOGY_UNIT,
Ras85D_EBC_MEL_MIR_0071,Ras85D_HO_00066,D.melanogaster,MIRNA_SITE,MIRNA_TARGET,MIRNA_SITE,7mer-A1,TARGETSCAN7::miR-1014-5p::1::830,TargetScan_redact_for_GPT.xlsx,TargetScan7,23.0,830,836,7,CATTATA,forward,1176,1182,1179.0,VALID,POORLY_CONSERVED_SITE,True,FINAL,miR-1014-5p,POORLY_CONSERVED_SITE,7mer-A1,TARGETSCAN_COUNT_COLUMN,-0.07,-0.38,,Poorly conserved family,1.0,830.0,836.0,FULLY_MAPPED,830.0,836.0,FULLY_MAPPED,1018.0,1023.0,PARTIALLY_GAPPED,,,,,,,,,,,,,,,,,,,,,,,PRIMARY_ORTHOLOGY_UNIT,
Ras85D_EBC_MEL_MIR_0072,Ras85D_HO_00007,D.melanogaster,MIRNA_SITE,MIRNA_TARGET,MIRNA_SITE,7mer-A1,TARGETSCAN7::miR-4-3p::1::843,TargetScan_redact_for_GPT.xlsx,TargetScan7,5.0,843,849,7,GCTTTAA,forward,1189,1195,1192.0,VALID,CONSERVED_SITE,True,FINAL,miR-4-3p,CONSERVED_SITE,7mer-A1,TARGETSCAN_COUNT_COLUMN,-0.09,-0.5,0.37,Drosophila,1.0,843.0,849.0,FULLY_MAPPED,843.0,849.0,FULLY_MAPPED,1030.0,1036.0,FULLY_MAPPED,,,,,,,,,,,,,,,,,,,,,,,PRIMARY_ORTHOLOGY_UNIT,
Ras85D_EBC_MEL_MIR_0073,Ras85D_HO_00188,D.melanogaster,MIRNA_SITE,MIRNA_TARGET,MIRNA_SITE,7mer_unspecified_multisite,TARGETSCAN7::miR-9c-3p::1::848,TargetScan_redact_for_GPT.xlsx,TargetScan7,62.0,848,854,7,AAGCTTT,forward,1194,1200,1197.0,VALID,POORLY_CONSERVED_SITE,True,FINAL,miR-9c-3p,POORLY_CONSERVED_SITE,7mer_unspecified_multisite,USER_RULE_MULTIPLE_SITES_ARE_7MER,-0.06,-0.3,,Poorly conserved family,1.0,848.0,854.0,FULLY_MAPPED,848.0,854.0,FULLY_MAPPED,1035.0,1041.0,FULLY_MAPPED,,,,,,,,,,,,,,,,,,,,,,,PRIMARY_ORTHOLOGY_UNIT,
Ras85D_EBC_MEL_MIR_0074,Ras85D_HO_00042,D.melanogaster,MIRNA_SITE,MIRNA_TARGET,MIRNA_SITE,7mer_unspecified_multisite,TARGETSCAN7::miR-9388-5p::3::856,TargetScan_redact_for_GPT.xlsx,TargetScan7,17.0,856,862,7,TATACAT,forward,1202,1208,1205.0,VALID,POORLY_CONSERVED_SITE,True,FINAL,miR-9388-5p,POORLY_CONSERVED_SITE,7mer_unspecified_multisite,USER_RULE_MULTIPLE_SITES_ARE_7MER,-0.5,-2.49,,Poorly conserved family,3.0,856.0,862.0,FULLY_MAPPED,856.0,862.0,FULLY_MAPPED,1043.0,1049.0,FULLY_MAPPED,,,,,,,,,,,,,,,,,,,,,,,PRIMARY_ORTHOLOGY_UNIT,
Ras85D_EBC_MEL_MIR_0075,Ras85D_HO_00072,D.melanogaster,MIRNA_SITE,MIRNA_TARGET,MIRNA_SITE,7mer_unspecified_multisite,TARGETSCAN7::miR-4961-3p::2::857,TargetScan_redact_for_GPT.xlsx,TargetScan7,26.0,857,863,7,ATACATA,forward,1203,1209,1206.0,VALID,POORLY_CONSERVED_SITE,True,FINAL,miR-4961-3p,POORLY_CONSERVED_SITE,7mer_unspecified_multisite,USER_RULE_MULTIPLE_SITES_ARE_7MER,-0.29,-2.07,,Poorly conserved family,2.0,857.0,863.0,FULLY_MAPPED,857.0,863.0,FULLY_MAPPED,1044.0,1050.0,FULLY_MAPPED,,,,,,,,,,,,,,,,,,,,,,,PRIMARY_ORTHOLOGY_UNIT,
Ras85D_EBC_MEL_MIR_0076,Ras85D_HO_00073,D.melanogaster,MIRNA_SITE,MIRNA_TARGET,MIRNA_SITE,7mer_unspecified_multisite,TARGETSCAN7::miR-4961-3p::3::861,TargetScan_redact_for_GPT.xlsx,TargetScan7,26.0,861,867,7,ATACATA,forward,1207,1213,1210.0,VALID,POORLY_CONSERVED_SITE,True,FINAL,miR-4961-3p,POORLY_CONSERVED_SITE,7mer_unspecified_multisite,USER_RULE_MULTIPLE_SITES_ARE_7MER,-0.29,-2.07,,Poorly conserved family,3.0,861.0,867.0,FULLY_MAPPED,861.0,867.0,FULLY_MAPPED,1048.0,1054.0,FULLY_MAPPED,,,,,,,,,,,,,,,,,,,,,,,PRIMARY_ORTHOLOGY_UNIT,
Ras85D_EBC_MEL_MIR_0077,Ras85D_HO_00043,D.melanogaster,MIRNA_SITE,MIRNA_TARGET,MIRNA_SITE,7mer_unspecified_multisite,TARGETSCAN7::miR-9388-5p::4::865,TargetScan_redact_for_GPT.xlsx,TargetScan7,17.0,865,871,7,ATACATA,forward,1211,1217,1214.0,VALID,POORLY_CONSERVED_SITE,True,FINAL,miR-9388-5p,POORLY_CONSERVED_SITE,7mer_unspecified_multisite,USER_RULE_MULTIPLE_SITES_ARE_7MER,-0.5,-2.49,,Poorly conserved family,4.0,865.0,871.0,FULLY_MAPPED,865.0,871.0,FULLY_MAPPED,1052.0,1057.0,PARTIALLY_GAPPED,,,,,,,,,,,,,,,,,,,,,,,PRIMARY_ORTHOLOGY_UNIT,
Ras85D_EBC_MEL_MIR_0078,Ras85D_HO_00074,D.melanogaster,MIRNA_SITE,MIRNA_TARGET,MIRNA_SITE,7mer_unspecified_multisite,TARGETSCAN7::miR-4961-3p::4::867,TargetScan_redact_for_GPT.xlsx,TargetScan7,26.0,867,873,7,ACATACA,forward,1213,1219,1216.0,VALID,POORLY_CONSERVED_SITE,True,FINAL,miR-4961-3p,POORLY_CONSERVED_SITE,7mer_unspecified_multisite,USER_RULE_MULTIPLE_SITES_ARE_7MER,-0.29,-2.07,,Poorly conserved family,4.0,867.0,873.0,FULLY_MAPPED,867.0,873.0,FULLY_MAPPED,1054.0,1057.0,PARTIALLY_GAPPED,,,,,,,,,,,,,,,,,,,,,,,PRIMARY_ORTHOLOGY_UNIT,
Ras85D_EBC_MEL_MIR_0079,Ras85D_HO_00068,D.melanogaster,MIRNA_SITE,MIRNA_TARGET,MIRNA_SITE,7mer-A1,TARGETSCAN7::miR-985-3p::1::871,TargetScan_redact_for_GPT.xlsx,TargetScan7,24.0,871,877,7,ACATTTA,forward,1217,1223,1220.0,VALID,POORLY_CONSERVED_SITE,True,FINAL,miR-985-3p,POORLY_CONSERVED_SITE,7mer-A1,TARGETSCAN_COUNT_COLUMN,-0.07,-0.36,,Poorly conserved family,1.0,871.0,877.0,FULLY_MAPPED,871.0,877.0,FULLY_MAPPED,1058.0,1059.0,PARTIALLY_GAPPED,,,,,,,,,,,,,,,,,,,,,,,PRIMARY_ORTHOLOGY_UNIT,
Ras85D_EBC_MEL_MIR_0080,Ras85D_HO_00099,D.melanogaster,MIRNA_SITE,MIRNA_TARGET,MIRNA_SITE,8mer,TARGETSCAN7::miR-289-5p/972-5p::1::877,TargetScan_redact_for_GPT.xlsx,TargetScan7,32.0,877,884,8,AATATTTA,forward,1223,1230,1226.5,VALID,POORLY_CONSERVED_SITE,True,FINAL,miR-289-5p/972-5p,POORLY_CONSERVED_SITE,8mer,TARGETSCAN_COUNT_COLUMN,-0.19,-1.27,,Poorly conserved family,1.0,877.0,884.0,FULLY_MAPPED,877.0,884.0,FULLY_MAPPED,1059.0,1066.0,FULLY_MAPPED,,,,,,,,,,,,,,,,,,,,,,,PRIMARY_ORTHOLOGY_UNIT,
Ras85D_EBC_MEL_MIR_0081,Ras85D_HO_00055,D.melanogaster,MIRNA_SITE,MIRNA_TARGET,MIRNA_SITE,8mer,TARGETSCAN7::miR-1008-5p/2279-5p::1::878,TargetScan_redact_for_GPT.xlsx,TargetScan7,19.0,878,885,8,ATATTTAA,forward,1224,1231,1227.5,VALID,POORLY_CONSERVED_SITE,True,FINAL,miR-1008-5p/2279-5p,POORLY_CONSERVED_SITE,8mer,TARGETSCAN_COUNT_COLUMN,-0.22,-1.67,,Poorly conserved family,1.0,878.0,885.0,FULLY_MAPPED,878.0,885.0,FULLY_MAPPED,1060.0,1067.0,FULLY_MAPPED,,,,,,,,,,,,,,,,,,,,,,,PRIMARY_ORTHOLOGY_UNIT,
Ras85D_EBC_MEL_MIR_0082,Ras85D_HO_00106,D.melanogaster,MIRNA_SITE,MIRNA_TARGET,MIRNA_SITE,8mer,TARGETSCAN7::miR-33-3p::1::890,TargetScan_redact_for_GPT.xlsx,TargetScan7,34.0,890,897,8,TTGTATTA,forward,1237,1244,1240.5,VALID,POORLY_CONSERVED_SITE,True,FINAL,miR-33-3p,POORLY_CONSERVED_SITE,8mer,TARGETSCAN_COUNT_COLUMN,-0.18,-1.22,,Poorly conserved family,1.0,890.0,897.0,FULLY_MAPPED,890.0,897.0,FULLY_MAPPED,1073.0,1080.0,FULLY_MAPPED,,,,,,,,,,,,,,,,,,,,,,,PRIMARY_ORTHOLOGY_UNIT,
Ras85D_EBC_MEL_MIR_0083,Ras85D_HO_00163,D.melanogaster,MIRNA_SITE,MIRNA_TARGET,MIRNA_SITE,7mer_unspecified_multisite,TARGETSCAN7::miR-983-5p::2::892,TargetScan_redact_for_GPT.xlsx,TargetScan7,52.0,892,898,7,GTATTAA,forward,1239,1245,1242.0,VALID,POORLY_CONSERVED_SITE,True,FINAL,miR-983-5p,POORLY_CONSERVED_SITE,7mer_unspecified_multisite,USER_RULE_MULTIPLE_SITES_ARE_7MER,-0.38,-0.55,,Poorly conserved family,2.0,892.0,898.0,FULLY_MAPPED,892.0,898.0,FULLY_MAPPED,1075.0,1081.0,FULLY_MAPPED,,,,,,,,,,,,,,,,,,,,,,,PRIMARY_ORTHOLOGY_UNIT,
Ras85D_EBC_MEL_MIR_0084,Ras85D_HO_00003,D.melanogaster,MIRNA_SITE,MIRNA_TARGET,MIRNA_SITE,7mer_unspecified_multisite,TARGETSCAN7::miR-263a-5p::1::903,TargetScan_redact_for_GPT.xlsx,TargetScan7,4.0,903,909,7,TGCCATA,forward,1250,1256,1253.0,VALID,CONSERVED_SITE,True,FINAL,miR-263a-5p,CONSERVED_SITE,7mer_unspecified_multisite,USER_RULE_MULTIPLE_SITES_ARE_7MER,-0.07,-0.39,0.55,Drosophila,1.0,903.0,909.0,FULLY_MAPPED,903.0,909.0,FULLY_MAPPED,1086.0,1092.0,FULLY_MAPPED,,,,,,,,,,,,,,,,,,,,,,,PRIMARY_ORTHOLOGY_UNIT,
Ras85D_EBC_MEL_MIR_0085,Ras85D_HO_00212,D.melanogaster,MIRNA_SITE,MIRNA_TARGET,MIRNA_SITE,7mer-A1,TARGETSCAN7::miR-4909-3p::1::907,TargetScan_redact_for_GPT.xlsx,TargetScan7,73.0,907,913,7,ATACAAA,forward,1254,1260,1257.0,VALID,POORLY_CONSERVED_SITE,True,FINAL,miR-4909-3p,POORLY_CONSERVED_SITE,7mer-A1,TARGETSCAN_COUNT_COLUMN,-0.03,-0.15,N,Poorly conserved family,1.0,907.0,913.0,FULLY_MAPPED,907.0,913.0,FULLY_MAPPED,1090.0,1096.0,FULLY_MAPPED,,,,,,,,,,,,,,,,,,,,,,,PRIMARY_ORTHOLOGY_UNIT,
Ras85D_EBC_MEL_MIR_0086,Ras85D_HO_00121,D.melanogaster,MIRNA_SITE,MIRNA_TARGET,MIRNA_SITE,8mer,TARGETSCAN7::miR-4910-5p::1::907,TargetScan_redact_for_GPT.xlsx,TargetScan7,37.0,907,914,8,ATACAAAA,forward,1254,1261,1257.5,VALID,POORLY_CONSERVED_SITE,True,FINAL,miR-4910-5p,POORLY_CONSERVED_SITE,8mer,TARGETSCAN_COUNT_COLUMN,-0.15,-0.95,,Poorly conserved family,1.0,907.0,914.0,FULLY_MAPPED,907.0,914.0,FULLY_MAPPED,1090.0,1097.0,FULLY_MAPPED,,,,,,,,,,,,,,,,,,,,,,,PRIMARY_ORTHOLOGY_UNIT,
Ras85D_EBC_MEL_MIR_0087,Ras85D_HO_00086,D.melanogaster,MIRNA_SITE,MIRNA_TARGET,MIRNA_SITE,7mer_unspecified_multisite,TARGETSCAN7::miR-4977-5p::2::912,TargetScan_redact_for_GPT.xlsx,TargetScan7,28.0,912,918,7,AAAAGAA,forward,1259,1265,1262.0,VALID,POORLY_CONSERVED_SITE,True,FINAL,miR-4977-5p,POORLY_CONSERVED_SITE,7mer_unspecified_multisite,USER_RULE_MULTIPLE_SITES_ARE_7MER,-0.78,-1.44,,Poorly conserved family,2.0,912.0,918.0,FULLY_MAPPED,912.0,918.0,FULLY_MAPPED,1095.0,1101.0,FULLY_MAPPED,,,,,,,,,,,,,,,,,,,,,,,PRIMARY_ORTHOLOGY_UNIT,
Ras85D_EBC_MEL_MIR_0088,Ras85D_HO_00118,D.melanogaster,MIRNA_SITE,MIRNA_TARGET,MIRNA_SITE,7mer_unspecified_multisite,TARGETSCAN7::miR-4911-3p::2::912,TargetScan_redact_for_GPT.xlsx,TargetScan7,36.0,912,918,7,AAAAGAA,forward,1259,1265,1262.0,VALID,POORLY_CONSERVED_SITE,True,FINAL,miR-4911-3p,POORLY_CONSERVED_SITE,7mer_unspecified_multisite,USER_RULE_MULTIPLE_SITES_ARE_7MER,-0.45,-1.05,,Poorly conserved family,2.0,912.0,918.0,FULLY_MAPPED,912.0,918.0,FULLY_MAPPED,1095.0,1101.0,FULLY_MAPPED,,,,,,,,,,,,,,,,,,,,,,,PRIMARY_ORTHOLOGY_UNIT,
Ras85D_EBC_MEL_MIR_0089,Ras85D_HO_00052,D.melanogaster,MIRNA_SITE,MIRNA_TARGET,MIRNA_SITE,7mer_unspecified_multisite,TARGETSCAN7::miR-274-3p/961-3p::2::917,TargetScan_redact_for_GPT.xlsx,TargetScan7,18.0,917,923,7,AAACGAA,forward,1264,1270,1267.0,VALID,POORLY_CONSERVED_SITE,True,FINAL,miR-274-3p/961-3p,POORLY_CONSERVED_SITE,7mer_unspecified_multisite,USER_RULE_MULTIPLE_SITES_ARE_7MER,-1.22,-1.72,,Poorly conserved family,2.0,917.0,923.0,FULLY_MAPPED,917.0,923.0,FULLY_MAPPED,1100.0,1106.0,FULLY_MAPPED,,,,,,,,,,,,,,,,,,,,,,,PRIMARY_ORTHOLOGY_UNIT,
Ras85D_EBC_MEL_MIR_0090,Ras85D_HO_00173,D.melanogaster,MIRNA_SITE,MIRNA_TARGET,MIRNA_SITE,7mer-m8,TARGETSCAN7::miR-4943-5p::1::922,TargetScan_redact_for_GPT.xlsx,TargetScan7,56.0,922,928,7,AAATAAA,forward,1269,1275,1272.0,VALID,POORLY_CONSERVED_SITE,True,FINAL,miR-4943-5p,POORLY_CONSERVED_SITE,7mer-m8,TARGETSCAN_COUNT_COLUMN,-0.08,-0.48,,Poorly conserved family,1.0,922.0,928.0,FULLY_MAPPED,922.0,928.0,FULLY_MAPPED,1105.0,1111.0,FULLY_MAPPED,,,,,,,,,,,,,,,,,,,,,,,PRIMARY_ORTHOLOGY_UNIT,
Ras85D_EBC_MEL_ECM_0001,Ras85D_HO_00215,D.melanogaster,ECM,CONSERVATION,ECM,ECM_15,ECM_15,TargetScan_redact_for_GPT.xlsx,ECM и UGUA,2.0,1,30,30,ACGGCCACGCATTGGTTATTATTCACTTTT,forward,2,31,16.5,VALID,AYGGCCWCGCATWGGTTWTWWTTYWYTTTT,True,FINAL,,,,,,,,,,1.0,30.0,FULLY_MAPPED,1.0,30.0,FULLY_MAPPED,1.0,25.0,PARTIALLY_GAPPED,15.0,AYGGCCWCGCATWGGTTWTWWTTYWYTTTT,graphics ##ECM sign,ECM 15,1.0,True,,,,,,,,,,,,,,,,,PRIMARY_ORTHOLOGY_UNIT,
Ras85D_EBC_MEL_ECM_0002,Ras85D_HO_00218,D.melanogaster,ECM,CONSERVATION,ECM,ECM_07,ECM_07,TargetScan_redact_for_GPT.xlsx,ECM и UGUA,3.0,44,73,30,GTCGCCTGTTTGTCTGTATGTGCGTCGGCG,forward,45,74,59.5,VALID,STSKCCTGTTTGTSTGTATGTGHGTSKGYG,True,FINAL,,,,,,,,,,44.0,73.0,FULLY_MAPPED,44.0,73.0,FULLY_MAPPED,38.0,65.0,PARTIALLY_GAPPED,7.0,STSKCCTGTTTGTSTGTATGTGHGTSKGYG,graphics ##ECM sign,ECM 7,0.0,True,,,,,,,,,,,,,,,,,PRIMARY_ORTHOLOGY_UNIT,
Ras85D_EBC_MEL_ECM_0003,Ras85D_HO_00221,D.melanogaster,ECM,CONSERVATION,ECM,ECM_10,ECM_10,TargetScan_redact_for_GPT.xlsx,ECM и UGUA,4.0,144,172,29,GGAGCGTGTTGGTCGGTGCAATTGTCAGA,forward,195,224,209.5,VALID,GSRSSKKKTWGGTYGGTGCAATTGWYRGR,True,FINAL,,,,,,,,,,144.0,172.0,PARTIALLY_GAPPED,144.0,172.0,PARTIALLY_GAPPED,184.0,213.0,FULLY_MAPPED,10.0,GSRSSKKKTWGGTYGGTGCAATTGWYRGR,graphics ##ECM sign,ECM 10,0.0,True,,,,,,,,,,,,,,,,,PRIMARY_ORTHOLOGY_UNIT,
Ras85D_EBC_MEL_ECM_0004,Ras85D_HO_00224,D.melanogaster,ECM,CONSERVATION,ECM,ECM_05,ECM_05,TargetScan_redact_for_GPT.xlsx,ECM и UGUA,5.0,185,214,30,AATTGTAATTAATTTAAGTAACTAGAGTTT,forward,237,266,251.5,VALID,AATTGTAATTAATTTAAGYAACTARAGTTT,True,FINAL,,,,,,,,,,185.0,214.0,FULLY_MAPPED,185.0,214.0,FULLY_MAPPED,225.0,254.0,FULLY_MAPPED,5.0,AATTGTAATTAATTTAAGYAACTARAGTTT,graphics ##ECM sign,ECM 5,3.0,True,,,,,,,,,,,,,,,,,PRIMARY_ORTHOLOGY_UNIT,
Ras85D_EBC_MEL_ECM_0005,Ras85D_HO_00257,D.melanogaster,ECM,CONSERVATION,ECM,ECM_11,ECM_11,TargetScan_redact_for_GPT.xlsx,ECM и UGUA,17.0,230,258,29,GATTTTGTGAATGTGTGTGTTTTGTGTCG,forward,283,311,297.0,VALID,GWTTKTGTGRRTGTGTGTGTKYKSWKKYG,True,FINAL,,,,,,,,,,230.0,258.0,FULLY_MAPPED,230.0,258.0,FULLY_MAPPED,270.0,284.0,PARTIALLY_GAPPED,11.0,GWTTKTGTGRRTGTGTGTGTKYKSWKKYG,graphics ##ECM sign,ECM 11,2.0,True,,,,,,,,,,,,,,,,,PRIMARY_ORTHOLOGY_UNIT,
Ras85D_EBC_MEL_ECM_0006,Ras85D_HO_00227,D.melanogaster,ECM,CONSERVATION,ECM,ECM_04,ECM_04,TargetScan_redact_for_GPT.xlsx,ECM и UGUA,6.0,259,288,30,TTTGAAAGGCTGCGAGGCGCCCTTTTAAGA,forward,312,341,326.5,VALID,TTTGAAARGCTKYGWGGCGCCCTTTTAAGA,True,FINAL,,,,,,,,,,259.0,288.0,FULLY_MAPPED,259.0,288.0,FULLY_MAPPED,285.0,314.0,FULLY_MAPPED,4.0,TTTGAAARGCTKYGWGGCGCCCTTTTAAGA,graphics ##ECM sign,ECM 4,3.0,True,,,,,,,,,,,,,,,,,PRIMARY_ORTHOLOGY_UNIT,
Ras85D_EBC_MEL_ECM_0007,Ras85D_HO_00260,D.melanogaster,ECM,CONSERVATION,ECM,ECM_17,ECM_17,TargetScan_redact_for_GPT.xlsx,ECM и UGUA,18.0,289,317,29,GTATTAACAATAACAAGCAAACAAAAACG,forward,342,370,356.0,VALID,KKMTTRASAATAAMAAGCAAAYARAAWCG,True,FINAL,,,,,,,,,,289.0,317.0,FULLY_MAPPED,289.0,317.0,FULLY_MAPPED,315.0,324.0,PARTIALLY_GAPPED,17.0,KKMTTRASAATAAMAAGCAAAYARAAWCG,graphics ##ECM sign,ECM 17,3.0,True,,,,,,,,,,,,,,,,,PRIMARY_ORTHOLOGY_UNIT,
Ras85D_EBC_MEL_ECM_0008,Ras85D_HO_00262,D.melanogaster,ECM,CONSERVATION,ECM,ECM_16,ECM_16,TargetScan_redact_for_GPT.xlsx,ECM и UGUA,19.0,324,352,29,GCAAATCGAAAATGAAAATGAATATGTAC,forward,377,405,391.0,VALID,DCMAAWMGAAAATKRAAATGAAWATKTAMC,True,FINAL,,,,,,,,,,324.0,352.0,FULLY_MAPPED,324.0,352.0,FULLY_MAPPED,325.0,345.0,PARTIALLY_GAPPED,16.0,DCMAAWMGAAAATKRAAATGAAWATKTAMC,graphics ##ECM sign,ECM 16,3.0,False,,,,,,,,,,,,,,,,,PRIMARY_ORTHOLOGY_UNIT,
Ras85D_EBC_MEL_ECM_0009,Ras85D_HO_00230,D.melanogaster,ECM,CONSERVATION,ECM,ECM_02,ECM_02,TargetScan_redact_for_GPT.xlsx,ECM и UGUA,7.0,372,401,30,ATACTGTTGTAACTGCCTTGGTTCAGCTGC,forward,425,454,439.5,VALID,ATACTRTTGTAACTGCCTTGGTTMAGCTGC,True,FINAL,,,,,,,,,,372.0,401.0,FULLY_MAPPED,372.0,401.0,FULLY_MAPPED,359.0,388.0,FULLY_MAPPED,2.0,ATACTRTTGTAACTGCCTTGGTTMAGCTGC,graphics ##ECM sign,ECM 2,10.0,True,,,,,,,,,,,,,,,,,PRIMARY_ORTHOLOGY_UNIT,
Ras85D_EBC_MEL_ECM_0010,Ras85D_HO_00233,D.melanogaster,ECM,CONSERVATION,ECM,ECM_12,ECM_12,TargetScan_redact_for_GPT.xlsx,ECM и UGUA,8.0,403,432,30,ATATCCGTTTGTTTTCAACCAGCACTTAAC,forward,473,502,487.5,VALID,ATAACCRTTTGTTTTCARYMAGCACDAAAC,True,FINAL,,,,,,,,,,403.0,432.0,FULLY_MAPPED,403.0,432.0,FULLY_MAPPED,407.0,436.0,FULLY_MAPPED,12.0,ATAACCRTTTGTTTTCARYMAGCACDAAAC,graphics ##ECM sign,ECM 12,7.0,False,,,,,,,,,,,,,,,,,PRIMARY_ORTHOLOGY_UNIT,
Ras85D_EBC_MEL_ECM_0011,Ras85D_HO_00236,D.melanogaster,ECM,CONSERVATION,ECM,ECM_06,ECM_06,TargetScan_redact_for_GPT.xlsx,ECM и UGUA,9.0,572,601,30,CGCACACACGCACGAGCAGAATTCCATTAG,forward,735,764,749.5,VALID,CRCWCACACGCACRARCAGAATTCCATTAG,True,FINAL,,,,,,,,,,572.0,601.0,FULLY_MAPPED,572.0,601.0,FULLY_MAPPED,639.0,666.0,PARTIALLY_GAPPED,6.0,CRCWCACACGCACRARCAGAATTCCATTAG,graphics ##ECM sign,ECM 6,10.0,True,,,,,,,,,,,,,,,,,PRIMARY_ORTHOLOGY_UNIT,
Ras85D_EBC_MEL_ECM_0012,Ras85D_HO_00239,D.melanogaster,ECM,CONSERVATION,ECM,ECM_14,ECM_14,TargetScan_redact_for_GPT.xlsx,ECM и UGUA,10.0,707,736,30,CACATATCTGTGGTGCTACGATGATGAAAT,forward,875,904,889.5,VALID,YAHATTTTTGTGGTGCTAAVWTGAWAAAAT,True,FINAL,,,,,,,,,,707.0,736.0,FULLY_MAPPED,707.0,736.0,FULLY_MAPPED,718.0,747.0,FULLY_MAPPED,14.0,YAHATTTTTGTGGTGCTAAVWTGAWAAAAT,graphics ##ECM sign,ECM 14,10.0,False,,,,,,,,,,,,,,,,,PRIMARY_ORTHOLOGY_UNIT,
Ras85D_EBC_MEL_ECM_0013,Ras85D_HO_00242,D.melanogaster,ECM,CONSERVATION,ECM,ECM_13,ECM_13,TargetScan_redact_for_GPT.xlsx,ECM и UGUA,11.0,767,795,29,TTTCTTTCTACTTACCATACTGACAGATC,forward,963,1119,1041.0,VALID,TTTYTTTCTACTTAYCWTACTGACMGAWC,True,FINAL,,,,,,,,,,767.0,795.0,PARTIALLY_GAPPED,767.0,795.0,PARTIALLY_GAPPED,805.0,961.0,FULLY_MAPPED,13.0,TTTYTTTCTACTTAYCWTACTGACMGAWC,graphics ##ECM sign,ECM 13,13.0,True,,,,,,,,,,,,,,,,,PRIMARY_ORTHOLOGY_UNIT,
Ras85D_EBC_MEL_ECM_0014,Ras85D_HO_00245,D.melanogaster,ECM,CONSERVATION,ECM,ECM_08,ECM_08,TargetScan_redact_for_GPT.xlsx,ECM и UGUA,12.0,803,832,30,GAGAAAACAAACAGCCAATTAAATTTACAT,forward,1147,1178,1162.5,VALID,KARAMAACAAGCAGCCAATTAMATWTACAT,True,FINAL,,,,,,,,,,803.0,832.0,PARTIALLY_GAPPED,803.0,832.0,PARTIALLY_GAPPED,989.0,1020.0,FULLY_MAPPED,8.0,KARAMAACAAGCAGCCAATTAMATWTACAT,graphics ##ECM sign,ECM 8,7.0,False,,,,,,,,,,,,,,,,,PRIMARY_ORTHOLOGY_UNIT,
Ras85D_EBC_MEL_ECM_0015,Ras85D_HO_00248,D.melanogaster,ECM,CONSERVATION,ECM,ECM_01,ECM_01,TargetScan_redact_for_GPT.xlsx,ECM и UGUA,13.0,837,866,30,TAGTTTGCTTTAAGCTTTTTATACATACAT,forward,1183,1212,1197.5,VALID,TAGTTTGCTTTAAGCTTTTTATACATACAT,True,FINAL,,,,,,,,,,837.0,866.0,FULLY_MAPPED,837.0,866.0,FULLY_MAPPED,1024.0,1053.0,FULLY_MAPPED,1.0,TAGTTTGCTTTAAGCTTTTTATACATACAT,graphics ##ECM sign,ECM 1,8.0,True,,,,,,,,,,,,,,,,,PRIMARY_ORTHOLOGY_UNIT,
Ras85D_EBC_MEL_ECM_0016,Ras85D_HO_00251,D.melanogaster,ECM,CONSERVATION,ECM,ECM_03,ECM_03,TargetScan_redact_for_GPT.xlsx,ECM и UGUA,14.0,888,917,30,TTTTGTATTAATTTTTGCCATACAAAAAGA,forward,1235,1264,1249.5,VALID,TTTTGTATTAATTTTTGCCATACAAAAAGG,True,FINAL,,,,,,,,,,888.0,917.0,FULLY_MAPPED,888.0,917.0,FULLY_MAPPED,1071.0,1100.0,FULLY_MAPPED,3.0,TTTTGTATTAATTTTTGCCATACAAAAAGG,graphics ##ECM sign,ECM 3,10.0,False,,,,,,,,,,,,,,,,,PRIMARY_ORTHOLOGY_UNIT,
Ras85D_EBC_MEL_ECM_0017,Ras85D_HO_00254,D.melanogaster,ECM,CONSERVATION,ECM,ECM_09,ECM_09,TargetScan_redact_for_GPT.xlsx,ECM и UGUA,15.0,919,948,30,ACGAAATAAATCGATTGTGTGTACTATTTA,forward,1266,1295,1280.5,VALID,AMGWAATAAATCRATTGTGTGTACTATTTA,True,FINAL,,,,,,,,,,919.0,948.0,FULLY_MAPPED,919.0,948.0,FULLY_MAPPED,1102.0,1130.0,PARTIALLY_GAPPED,9.0,AMGWAATAAATCRATTGTGTGTACTATTTA,graphics ##ECM sign,ECM 9,11.0,True,,,,,,,,,,,,,,,,,PRIMARY_ORTHOLOGY_UNIT,
Ras85D_EBC_MEL_UGUA_0001,Ras85D_HO_00264,D.melanogaster,UGUA,POLYA_REGULATION,UGUA,UGUA,D.melanogaster_UGUA_AUTH_001,TargetScan_redact_for_GPT.xlsx,ECM и UGUA,22.0,58,61,4,TGTA,forward,59,62,60.5,VALID,UGUA,True,FINAL,,,,,,,,,,58.0,61.0,FULLY_MAPPED,58.0,61.0,FULLY_MAPPED,50.0,53.0,FULLY_MAPPED,,,,,,,True,,,,,,,,,,,,,,,,PRIMARY_ORTHOLOGY_UNIT,
Ras85D_EBC_MEL_UGUA_0002,Ras85D_HO_00268,D.melanogaster,UGUA,POLYA_REGULATION,UGUA,UGUA,D.melanogaster_UGUA_AUTH_002,TargetScan_redact_for_GPT.xlsx,ECM и UGUA,24.0,188,191,4,TGTA,forward,240,243,241.5,VALID,UGUA,True,FINAL,,,,,,,,,,188.0,191.0,FULLY_MAPPED,188.0,191.0,FULLY_MAPPED,228.0,231.0,FULLY_MAPPED,,,,,,,True,,,,,,,,,,,,,,,,PRIMARY_ORTHOLOGY_UNIT,
Ras85D_EBC_MEL_UGUA_0003,Ras85D_HO_00271,D.melanogaster,UGUA,POLYA_REGULATION,UGUA,UGUA,D.melanogaster_UGUA_AUTH_003,TargetScan_redact_for_GPT.xlsx,ECM и UGUA,25.0,217,220,4,TGTA,forward,270,273,271.5,VALID,UGUA,True,FINAL,,,,,,,,,,217.0,220.0,FULLY_MAPPED,217.0,220.0,FULLY_MAPPED,258.0,261.0,FULLY_MAPPED,,,,,,,True,,,,,,,,,,,,,,,,PRIMARY_ORTHOLOGY_UNIT,
Ras85D_EBC_MEL_UGUA_0004,Ras85D_HO_00274,D.melanogaster,UGUA,POLYA_REGULATION,UGUA,UGUA,D.melanogaster_UGUA_AUTH_004,TargetScan_redact_for_GPT.xlsx,ECM и UGUA,26.0,348,351,4,TGTA,forward,401,404,402.5,VALID,UGUA,True,FINAL,,,,,,,,,,348.0,351.0,FULLY_MAPPED,348.0,351.0,FULLY_MAPPED,342.0,345.0,FULLY_MAPPED,,,,,,,True,,,,,,,,,,,,,,,,PRIMARY_ORTHOLOGY_UNIT,
Ras85D_EBC_MEL_UGUA_0005,Ras85D_HO_00277,D.melanogaster,UGUA,POLYA_REGULATION,UGUA,UGUA,D.melanogaster_UGUA_AUTH_005,TargetScan_redact_for_GPT.xlsx,ECM и UGUA,28.0,379,382,4,TGTA,forward,432,435,433.5,VALID,UGUA,True,FINAL,,,,,,,,,,379.0,382.0,FULLY_MAPPED,379.0,382.0,FULLY_MAPPED,366.0,369.0,FULLY_MAPPED,,,,,,,True,,,,,,,,,,,,,,,,PRIMARY_ORTHOLOGY_UNIT,
Ras85D_EBC_MEL_UGUA_0006,Ras85D_HO_00281,D.melanogaster,UGUA,POLYA_REGULATION,UGUA,UGUA,D.melanogaster_UGUA_AUTH_006,TargetScan_redact_for_GPT.xlsx,ECM и UGUA,30.0,449,452,4,TGTA,forward,519,522,520.5,VALID,UGUA,True,FINAL,,,,,,,,,,449.0,452.0,FULLY_MAPPED,449.0,452.0,FULLY_MAPPED,453.0,456.0,FULLY_MAPPED,,,,,,,True,,,,,,,,,,,,,,,,PRIMARY_ORTHOLOGY_UNIT,
Ras85D_EBC_MEL_UGUA_0007,Ras85D_HO_00284,D.melanogaster,UGUA,POLYA_REGULATION,UGUA,UGUA,D.melanogaster_UGUA_AUTH_007,TargetScan_redact_for_GPT.xlsx,ECM и UGUA,32.0,490,493,4,TGTA,forward,561,564,562.5,VALID,UGUA,True,FINAL,,,,,,,,,,490.0,493.0,FULLY_MAPPED,490.0,493.0,FULLY_MAPPED,483.0,484.0,PARTIALLY_GAPPED,,,,,,,True,,,,,,,,,,,,,,,,PRIMARY_ORTHOLOGY_UNIT,
Ras85D_EBC_MEL_UGUA_0008,Ras85D_HO_00287,D.melanogaster,UGUA,POLYA_REGULATION,UGUA,UGUA,D.melanogaster_UGUA_AUTH_008,TargetScan_redact_for_GPT.xlsx,ECM и UGUA,33.0,505,508,4,TGTA,forward,576,579,577.5,VALID,UGUA,True,FINAL,,,,,,,,,,505.0,508.0,FULLY_MAPPED,505.0,508.0,FULLY_MAPPED,489.0,492.0,FULLY_MAPPED,,,,,,,True,,,,,,,,,,,,,,,,PRIMARY_ORTHOLOGY_UNIT,
Ras85D_EBC_MEL_UGUA_0009,Ras85D_HO_00288,D.melanogaster,UGUA,POLYA_REGULATION,UGUA,UGUA,D.melanogaster_UGUA_AUTH_009,TargetScan_redact_for_GPT.xlsx,ECM и UGUA,34.0,559,562,4,TGTA,forward,660,663,661.5,VALID,UGUA,True,FINAL,,,,,,,,,,559.0,562.0,FULLY_MAPPED,559.0,562.0,FULLY_MAPPED,,,ABSENT_IN_TARGET,,,,,,,True,,,,,,,,,,,,,,,,PRIMARY_ORTHOLOGY_UNIT,
Ras85D_EBC_MEL_UGUA_0010,Ras85D_HO_00290,D.melanogaster,UGUA,POLYA_REGULATION,UGUA,UGUA,D.melanogaster_UGUA_AUTH_010,TargetScan_redact_for_GPT.xlsx,ECM и UGUA,36.0,891,894,4,TGTA,forward,1238,1241,1239.5,VALID,UGUA,True,FINAL,,,,,,,,,,891.0,894.0,FULLY_MAPPED,891.0,894.0,FULLY_MAPPED,1074.0,1077.0,FULLY_MAPPED,,,,,,,True,,,,,,,,,,,,,,,,PRIMARY_ORTHOLOGY_UNIT,
Ras85D_EBC_MEL_UGUA_0011,Ras85D_HO_00293,D.melanogaster,UGUA,POLYA_REGULATION,UGUA,UGUA,D.melanogaster_UGUA_AUTH_011,TargetScan_redact_for_GPT.xlsx,ECM и UGUA,37.0,938,941,4,TGTA,forward,1285,1288,1286.5,VALID,UGUA,True,FINAL,,,,,,,,,,938.0,941.0,FULLY_MAPPED,938.0,941.0,FULLY_MAPPED,1121.0,1124.0,FULLY_MAPPED,,,,,,,True,,,,,,,,,,,,,,,,PRIMARY_ORTHOLOGY_UNIT,
Ras85D_EBC_MEL_PAS_0001,Ras85D_HO_00303,D.melanogaster,PAS,POLYA_REGULATION,PAS,1.5,D.melanogaster_PAS_002,29A_2_01A_Structural_Mapping,A_functional_element_intervals.csv,,167,172,6,GTCAGA,forward,219,224,221.5,VALID,1.5,True,FINAL,,,,,,,,,,167.0,172.0,FULLY_MAPPED,167.0,172.0,FULLY_MAPPED,208.0,213.0,FULLY_MAPPED,,,,,,,,4.0,,,,,,,,,,,,,,,PRIMARY_ORTHOLOGY_UNIT,
Ras85D_EBC_MEL_PAS_0002,Ras85D_HO_00304,D.melanogaster,PAS,POLYA_REGULATION,PAS,2.5,D.melanogaster_PAS_004,29A_2_01A_Structural_Mapping,A_functional_element_intervals.csv,,318,329,12,AACGAAGCAAAT,forward,371,382,376.5,VALID,2.5,True,FINAL,,,,,,,,,,318.0,329.0,FULLY_MAPPED,318.0,329.0,FULLY_MAPPED,,,ABSENT_IN_TARGET,,,,,,,,4.0,,,,,,,,,,,,,,,PRIMARY_ORTHOLOGY_UNIT,
Ras85D_EBC_MEL_PAS_0003,Ras85D_HO_00305,D.melanogaster,PAS,POLYA_REGULATION,PAS,2.5,D.melanogaster_PAS_006,29A_2_01A_Structural_Mapping,A_functional_element_intervals.csv,,342,347,6,TGAATA,forward,395,400,397.5,VALID,2.5,True,FINAL,,,,,,,,,,342.0,347.0,FULLY_MAPPED,342.0,347.0,FULLY_MAPPED,336.0,341.0,FULLY_MAPPED,,,,,,,,4.0,,,,,,,,,,,,,,,PRIMARY_ORTHOLOGY_UNIT,
Ras85D_EBC_MEL_PAS_0004,Ras85D_HO_00306,D.melanogaster,PAS,POLYA_REGULATION,PAS,1.5,D.melanogaster_PAS_008,29A_2_01A_Structural_Mapping,A_functional_element_intervals.csv,,351,356,6,ACCTCT,forward,404,409,406.5,VALID,1.5,True,FINAL,,,,,,,,,,351.0,356.0,FULLY_MAPPED,351.0,356.0,FULLY_MAPPED,345.0,346.0,PARTIALLY_GAPPED,,,,,,,,4.0,,,,,,,,,,,,,,,PRIMARY_ORTHOLOGY_UNIT,
Ras85D_EBC_MEL_PAS_0005,Ras85D_HO_00307,D.melanogaster,PAS,POLYA_REGULATION,PAS,1.5,D.melanogaster_PAS_010,29A_2_01A_Structural_Mapping,A_functional_element_intervals.csv,,474,479,6,TAAAAC,forward,545,550,547.5,VALID,1.5,True,FINAL,,,,,,,,,,474.0,479.0,FULLY_MAPPED,474.0,479.0,FULLY_MAPPED,475.0,478.0,PARTIALLY_GAPPED,,,,,,,,4.0,,,,,,,,,,,,,,,PRIMARY_ORTHOLOGY_UNIT,
Ras85D_EBC_MEL_PAS_0006,Ras85D_HO_00308,D.melanogaster,PAS,POLYA_REGULATION,PAS,2.5,D.melanogaster_PAS_012,29A_2_01A_Structural_Mapping,A_functional_element_intervals.csv,,537,542,6,CAACCC,forward,621,640,630.5,VALID,2.5,True,FINAL,,,,,,,,,,537.0,542.0,PARTIALLY_GAPPED,537.0,542.0,PARTIALLY_GAPPED,533.0,552.0,FULLY_MAPPED,,,,,,,,4.0,,,,,,,,,,,,,,,PRIMARY_ORTHOLOGY_UNIT,
Ras85D_EBC_MEL_PAS_0007,Ras85D_HO_00309,D.melanogaster,PAS,POLYA_REGULATION,PAS,1.5,D.melanogaster_PAS_014,29A_2_01A_Structural_Mapping,A_functional_element_intervals.csv,,713,718,6,TCTGTG,forward,881,886,883.5,VALID,1.5,True,FINAL,,,,,,,,,,713.0,718.0,FULLY_MAPPED,713.0,718.0,FULLY_MAPPED,724.0,729.0,FULLY_MAPPED,,,,,,,,4.0,,,,,,,,,,,,,,,PRIMARY_ORTHOLOGY_UNIT,
Ras85D_EBC_MEL_PAS_0008,Ras85D_HO_00310,D.melanogaster,PAS,POLYA_REGULATION,PAS,2.5,D.melanogaster_PAS_016,29A_2_01A_Structural_Mapping,A_functional_element_intervals.csv,,804,809,6,AGAAAA,forward,1150,1155,1152.5,VALID,2.5,True,FINAL,,,,,,,,,,804.0,809.0,FULLY_MAPPED,804.0,809.0,FULLY_MAPPED,992.0,997.0,FULLY_MAPPED,,,,,,,,4.0,,,,,,,,,,,,,,,PRIMARY_ORTHOLOGY_UNIT,
Ras85D_EBC_MEL_PAS_0009,Ras85D_HO_00311,D.melanogaster,PAS,POLYA_REGULATION,PAS,3.5,D.melanogaster_PAS_018,29A_2_01A_Structural_Mapping,A_functional_element_intervals.csv,,907,912,6,ATACAA,forward,1254,1259,1256.5,VALID,3.5,True,FINAL,,,,,,,,,,907.0,912.0,FULLY_MAPPED,907.0,912.0,FULLY_MAPPED,1090.0,1095.0,FULLY_MAPPED,,,,,,,,4.0,,,,,,,,,,,,,,,PRIMARY_ORTHOLOGY_UNIT,
Ras85D_EBC_MEL_CLV_0001,Ras85D_HO_00312,D.melanogaster,CLEAVAGE,POLYA_REGULATION,CLEAVAGE,weak,D.melanogaster_CLEAVAGE_001,29A_2_01A_Structural_Mapping,A_functional_element_intervals.csv,,4,4,1,G,forward,5,5,5.0,VALID,cl_site_w,True,FINAL,,,,,,,,,,4.0,4.0,FULLY_MAPPED,4.0,4.0,FULLY_MAPPED,4.0,4.0,FULLY_MAPPED,,,,,,,,4.0,,,,,,,,,,,,,,,PRIMARY_ORTHOLOGY_UNIT,
Ras85D_EBC_MEL_CLV_0002,Ras85D_HO_00313,D.melanogaster,CLEAVAGE,POLYA_REGULATION,CLEAVAGE,weak,D.melanogaster_CLEAVAGE_002,29A_2_01A_Structural_Mapping,A_functional_element_intervals.csv,,39,39,1,C,forward,40,40,40.0,VALID,cl_site_w,True,FINAL,,,,,,,,,,39.0,39.0,FULLY_MAPPED,39.0,39.0,FULLY_MAPPED,33.0,33.0,FULLY_MAPPED,,,,,,,,4.0,,,,,,,,,,,,,,,PRIMARY_ORTHOLOGY_UNIT,
Ras85D_EBC_MEL_CLV_0003,Ras85D_HO_00314,D.melanogaster,CLEAVAGE,POLYA_REGULATION,CLEAVAGE,weak,D.melanogaster_CLEAVAGE_003,29A_2_01A_Structural_Mapping,A_functional_element_intervals.csv,,195,195,1,A,forward,247,247,247.0,VALID,cl_site_w,True,FINAL,,,,,,,,,,195.0,195.0,FULLY_MAPPED,195.0,195.0,FULLY_MAPPED,235.0,235.0,FULLY_MAPPED,,,,,,,,4.0,,,,,,,,,,,,,,,PRIMARY_ORTHOLOGY_UNIT,
Ras85D_EBC_MEL_CLV_0004,Ras85D_HO_00315,D.melanogaster,CLEAVAGE,POLYA_REGULATION,CLEAVAGE,strong,D.melanogaster_CLEAVAGE_004,29A_2_01A_Structural_Mapping,A_functional_element_intervals.csv,,309,309,1,A,forward,362,362,362.0,VALID,cl_site_s,True,FINAL,,,,,,,,,,309.0,309.0,FULLY_MAPPED,309.0,309.0,FULLY_MAPPED,,,ABSENT_IN_TARGET,,,,,,,,4.0,,,,,,,,,,,,,,,PRIMARY_ORTHOLOGY_UNIT,
Ras85D_EBC_MEL_CLV_0005,Ras85D_HO_00316,D.melanogaster,CLEAVAGE,POLYA_REGULATION,CLEAVAGE,strong,D.melanogaster_CLEAVAGE_005,29A_2_01A_Structural_Mapping,A_functional_element_intervals.csv,,351,351,1,A,forward,404,404,404.0,VALID,cl_site_s,True,FINAL,,,,,,,,,,351.0,351.0,FULLY_MAPPED,351.0,351.0,FULLY_MAPPED,345.0,345.0,FULLY_MAPPED,,,,,,,,4.0,,,,,,,,,,,,,,,PRIMARY_ORTHOLOGY_UNIT,
Ras85D_EBC_MEL_CLV_0006,Ras85D_HO_00317,D.melanogaster,CLEAVAGE,POLYA_REGULATION,CLEAVAGE,weak,D.melanogaster_CLEAVAGE_006,29A_2_01A_Structural_Mapping,A_functional_element_intervals.csv,,419,419,1,A,forward,489,489,489.0,VALID,cl_site_w,True,FINAL,,,,,,,,,,419.0,419.0,FULLY_MAPPED,419.0,419.0,FULLY_MAPPED,423.0,423.0,FULLY_MAPPED,,,,,,,,4.0,,,,,,,,,,,,,,,PRIMARY_ORTHOLOGY_UNIT,
Ras85D_EBC_MEL_CLV_0007,Ras85D_HO_00318,D.melanogaster,CLEAVAGE,POLYA_REGULATION,CLEAVAGE,weak,D.melanogaster_CLEAVAGE_007,29A_2_01A_Structural_Mapping,A_functional_element_intervals.csv,,480,480,1,C,forward,551,551,551.0,VALID,cl_site_w,True,FINAL,,,,,,,,,,480.0,480.0,FULLY_MAPPED,480.0,480.0,FULLY_MAPPED,,,ABSENT_IN_TARGET,,,,,,,,4.0,,,,,,,,,,,,,,,PRIMARY_ORTHOLOGY_UNIT,
Ras85D_EBC_MEL_CLV_0008,Ras85D_HO_00319,D.melanogaster,CLEAVAGE,POLYA_REGULATION,CLEAVAGE,weak,D.melanogaster_CLEAVAGE_008,29A_2_01A_Structural_Mapping,A_functional_element_intervals.csv,,560,560,1,G,forward,661,661,661.0,VALID,cl_site_w,True,FINAL,,,,,,,,,,560.0,560.0,FULLY_MAPPED,560.0,560.0,FULLY_MAPPED,,,ABSENT_IN_TARGET,,,,,,,,4.0,,,,,,,,,,,,,,,PRIMARY_ORTHOLOGY_UNIT,
Ras85D_EBC_MEL_CLV_0009,Ras85D_HO_00320,D.melanogaster,CLEAVAGE,POLYA_REGULATION,CLEAVAGE,weak,D.melanogaster_CLEAVAGE_009,29A_2_01A_Structural_Mapping,A_functional_element_intervals.csv,,607,607,1,A,forward,770,770,770.0,VALID,cl_site_w,True,FINAL,,,,,,,,,,607.0,607.0,FULLY_MAPPED,607.0,607.0,FULLY_MAPPED,672.0,672.0,FULLY_MAPPED,,,,,,,,4.0,,,,,,,,,,,,,,,PRIMARY_ORTHOLOGY_UNIT,
Ras85D_EBC_MEL_CLV_0010,Ras85D_HO_00321,D.melanogaster,CLEAVAGE,POLYA_REGULATION,CLEAVAGE,weak,D.melanogaster_CLEAVAGE_010,29A_2_01A_Structural_Mapping,A_functional_element_intervals.csv,,741,741,1,A,forward,909,909,909.0,VALID,cl_site_w,True,FINAL,,,,,,,,,,741.0,741.0,FULLY_MAPPED,741.0,741.0,FULLY_MAPPED,751.0,751.0,FULLY_MAPPED,,,,,,,,4.0,,,,,,,,,,,,,,,PRIMARY_ORTHOLOGY_UNIT,
Ras85D_EBC_MEL_CLV_0011,Ras85D_HO_00322,D.melanogaster,CLEAVAGE,POLYA_REGULATION,CLEAVAGE,weak,D.melanogaster_CLEAVAGE_011,29A_2_01A_Structural_Mapping,A_functional_element_intervals.csv,,867,867,1,A,forward,1213,1213,1213.0,VALID,cl_site_w,True,FINAL,,,,,,,,,,867.0,867.0,FULLY_MAPPED,867.0,867.0,FULLY_MAPPED,1054.0,1054.0,FULLY_MAPPED,,,,,,,,4.0,,,,,,,,,,,,,,,PRIMARY_ORTHOLOGY_UNIT,
Ras85D_EBC_MEL_CLV_0012,Ras85D_HO_00323,D.melanogaster,CLEAVAGE,POLYA_REGULATION,CLEAVAGE,strong,D.melanogaster_CLEAVAGE_012,29A_2_01A_Structural_Mapping,A_functional_element_intervals.csv,,931,931,1,G,forward,1278,1278,1278.0,VALID,cl_site_s,True,FINAL,,,,,,,,,,931.0,931.0,FULLY_MAPPED,931.0,931.0,FULLY_MAPPED,1114.0,1114.0,FULLY_MAPPED,,,,,,,,4.0,,,,,,,,,,,,,,,PRIMARY_ORTHOLOGY_UNIT,
Ras85D_EBC_MEL_DSE_0001,Ras85D_HO_00296,D.melanogaster,DSE,POLYA_REGULATION,DSE,down-st,D.melanogaster_DSE_001,29A_2_01A_Structural_Mapping,A_functional_element_intervals.csv,,27,33,7,TTTTTAT,forward,28,34,31.0,VALID,down-st,True,FINAL,,,,,,,,,,27.0,33.0,FULLY_MAPPED,27.0,33.0,FULLY_MAPPED,22.0,28.0,FULLY_MAPPED,,,,,,,,4.0,,,,,,,,,,,,,,,PRIMARY_ORTHOLOGY_UNIT,POLYU
Ras85D_EBC_MEL_DSE_0002,Ras85D_HO_00297,D.melanogaster,DSE,POLYA_REGULATION,DSE,down-st,D.melanogaster_DSE_002,29A_2_01A_Structural_Mapping,A_functional_element_intervals.csv,,493,497,5,AAACA,forward,564,568,566.0,VALID,down-st,True,FINAL,,,,,,,,,,493.0,497.0,FULLY_MAPPED,493.0,497.0,FULLY_MAPPED,,,ABSENT_IN_TARGET,,,,,,,,4.0,,,,,,,,,,,,,,,PRIMARY_ORTHOLOGY_UNIT,OTHER
Ras85D_EBC_MEL_DSE_0003,Ras85D_HO_00298,D.melanogaster,DSE,POLYA_REGULATION,DSE,down-st,D.melanogaster_DSE_003,29A_2_01A_Structural_Mapping,A_functional_element_intervals.csv,,550,555,6,ATACAT,forward,651,656,653.5,VALID,down-st,True,FINAL,,,,,,,,,,550.0,555.0,FULLY_MAPPED,550.0,555.0,FULLY_MAPPED,562.0,567.0,FULLY_MAPPED,,,,,,,,4.0,,,,,,,,,,,,,,,PRIMARY_ORTHOLOGY_UNIT,OTHER
Ras85D_EBC_MEL_DSE_0004,Ras85D_HO_00299,D.melanogaster,DSE,POLYA_REGULATION,DSE,down-st,D.melanogaster_DSE_004,29A_2_01A_Structural_Mapping,A_functional_element_intervals.csv,,836,842,7,ATAGTTT,forward,1182,1188,1185.0,VALID,down-st,True,FINAL,,,,,,,,,,836.0,842.0,FULLY_MAPPED,836.0,842.0,FULLY_MAPPED,1023.0,1029.0,FULLY_MAPPED,,,,,,,,4.0,,,,,,,,,,,,,,,PRIMARY_ORTHOLOGY_UNIT,OTHER
Ras85D_EBC_MEL_DSE_0005,Ras85D_HO_00300,D.melanogaster,DSE,POLYA_REGULATION,DSE,down-st,D.melanogaster_DSE_005,29A_2_01A_Structural_Mapping,A_functional_element_intervals.csv,,870,875,6,TACATT,forward,1216,1221,1218.5,VALID,down-st,True,FINAL,,,,,,,,,,870.0,875.0,FULLY_MAPPED,870.0,875.0,FULLY_MAPPED,1057.0,1057.0,PARTIALLY_GAPPED,,,,,,,,4.0,,,,,,,,,,,,,,,PRIMARY_ORTHOLOGY_UNIT,OTHER
Ras85D_EBC_MEL_DSE_0006,Ras85D_HO_00301,D.melanogaster,DSE,POLYA_REGULATION,DSE,down-st,D.melanogaster_DSE_006,29A_2_01A_Structural_Mapping,A_functional_element_intervals.csv,,883,887,5,TAATT,forward,1229,1234,1231.5,VALID,down-st,True,FINAL,,,,,,,,,,883.0,887.0,PARTIALLY_GAPPED,883.0,887.0,PARTIALLY_GAPPED,1065.0,1070.0,FULLY_MAPPED,,,,,,,,4.0,,,,,,,,,,,,,,,PRIMARY_ORTHOLOGY_UNIT,OTHER
Ras85D_EBC_MEL_DSE_0007,Ras85D_HO_00302,D.melanogaster,DSE,POLYA_REGULATION,DSE,down-st,D.melanogaster_DSE_007,29A_2_01A_Structural_Mapping,A_functional_element_intervals.csv,,919,924,6,ACGAAA,forward,1266,1271,1268.5,VALID,down-st,True,FINAL,,,,,,,,,,919.0,924.0,FULLY_MAPPED,919.0,924.0,FULLY_MAPPED,1102.0,1107.0,FULLY_MAPPED,,,,,,,,4.0,,,,,,,,,,,,,,,PRIMARY_ORTHOLOGY_UNIT,OTHER
Ras85D_EBC_YAK_MIR_0001,Ras85D_HO_00104,D.yakuba,MIRNA_SITE,MIRNA_TARGET,MIRNA_SITE,7mer_unspecified_multisite,TARGETSCAN7::miR-309-5p::1::51,TargetScan_redact_for_GPT.xlsx,TargetScan7,33.0,51,57,7,GTTTGTC,forward,52,58,55.0,VALID,POORLY_CONSERVED_SITE,True,FINAL,miR-309-5p,POORLY_CONSERVED_SITE,7mer_unspecified_multisite,USER_RULE_MULTIPLE_SITES_ARE_7MER,-1.19,-1.25,,Poorly conserved family,1.0,51.0,57.0,FULLY_MAPPED,51.0,57.0,FULLY_MAPPED,43.0,49.0,FULLY_MAPPED,,,,,,,,,,,,,,,,,,,,,,,PRIMARY_ORTHOLOGY_UNIT,
Ras85D_EBC_YAK_MIR_0002,Ras85D_HO_00105,D.yakuba,MIRNA_SITE,MIRNA_TARGET,MIRNA_SITE,7mer_unspecified_multisite,TARGETSCAN7::miR-309-5p::2::100,TargetScan_redact_for_GPT.xlsx,TargetScan7,33.0,100,106,7,GTTTGTC,forward,123,138,130.5,VALID,POORLY_CONSERVED_SITE,True,FINAL,miR-309-5p,POORLY_CONSERVED_SITE,7mer_unspecified_multisite,USER_RULE_MULTIPLE_SITES_ARE_7MER,-1.19,-1.25,,Poorly conserved family,2.0,100.0,106.0,PARTIALLY_GAPPED,100.0,106.0,PARTIALLY_GAPPED,113.0,128.0,FULLY_MAPPED,,,,,,,,,,,,,,,,,,,,,,,PRIMARY_ORTHOLOGY_UNIT,
Ras85D_EBC_YAK_MIR_0003,Ras85D_HO_00112,D.yakuba,MIRNA_SITE,MIRNA_TARGET,MIRNA_SITE,7mer_unspecified_multisite,TARGETSCAN7::miR-9384-3p::1::115,TargetScan_redact_for_GPT.xlsx,TargetScan7,35.0,115,121,7,ACACACA,forward,155,161,158.0,VALID,POORLY_CONSERVED_SITE,True,FINAL,miR-9384-3p,POORLY_CONSERVED_SITE,7mer_unspecified_multisite,USER_RULE_MULTIPLE_SITES_ARE_7MER,-1.02,-1.06,,Poorly conserved family,1.0,115.0,121.0,FULLY_MAPPED,115.0,121.0,FULLY_MAPPED,145.0,151.0,FULLY_MAPPED,,,,,,,,,,,,,,,,,,,,,,,PRIMARY_ORTHOLOGY_UNIT,
Ras85D_EBC_YAK_MIR_0004,Ras85D_HO_00098,D.yakuba,MIRNA_SITE,MIRNA_TARGET,MIRNA_SITE,8mer,TARGETSCAN7::miR-980-5p::1::126,TargetScan_redact_for_GPT.xlsx,TargetScan7,31.0,126,133,8,GAAAAACA,forward,167,174,170.5,VALID,POORLY_CONSERVED_SITE,True,FINAL,miR-980-5p,POORLY_CONSERVED_SITE,8mer,TARGETSCAN_COUNT_COLUMN,-1.25,-1.31,,Poorly conserved family,1.0,126.0,133.0,FULLY_MAPPED,126.0,133.0,FULLY_MAPPED,157.0,163.0,PARTIALLY_GAPPED,,,,,,,,,,,,,,,,,,,,,,,PRIMARY_ORTHOLOGY_UNIT,
Ras85D_EBC_YAK_MIR_0005,Ras85D_HO_00113,D.yakuba,MIRNA_SITE,MIRNA_TARGET,MIRNA_SITE,7mer_unspecified_multisite,TARGETSCAN7::miR-9384-3p::2::130,TargetScan_redact_for_GPT.xlsx,TargetScan7,35.0,130,136,7,AACACAC,forward,171,177,174.0,VALID,POORLY_CONSERVED_SITE,True,FINAL,miR-9384-3p,POORLY_CONSERVED_SITE,7mer_unspecified_multisite,USER_RULE_MULTIPLE_SITES_ARE_7MER,-1.02,-1.06,,Poorly conserved family,2.0,130.0,136.0,FULLY_MAPPED,130.0,136.0,FULLY_MAPPED,160.0,166.0,FULLY_MAPPED,,,,,,,,,,,,,,,,,,,,,,,PRIMARY_ORTHOLOGY_UNIT,
Ras85D_EBC_YAK_MIR_0006,Ras85D_HO_00114,D.yakuba,MIRNA_SITE,MIRNA_TARGET,MIRNA_SITE,7mer_unspecified_multisite,TARGETSCAN7::miR-9384-3p::3::135,TargetScan_redact_for_GPT.xlsx,TargetScan7,35.0,135,141,7,ACACATG,forward,176,182,179.0,VALID,POORLY_CONSERVED_SITE,True,FINAL,miR-9384-3p,POORLY_CONSERVED_SITE,7mer_unspecified_multisite,USER_RULE_MULTIPLE_SITES_ARE_7MER,-1.02,-1.06,,Poorly conserved family,3.0,135.0,141.0,FULLY_MAPPED,135.0,141.0,FULLY_MAPPED,165.0,171.0,FULLY_MAPPED,,,,,,,,,,,,,,,,,,,,,,,PRIMARY_ORTHOLOGY_UNIT,
Ras85D_EBC_YAK_MIR_0007,Ras85D_HO_00011,D.yakuba,MIRNA_SITE,MIRNA_TARGET,MIRNA_SITE,7mer-m8,TARGETSCAN7::miR-92a-3p/92b-3p/310-3p/311-3p/312-3p/313-3p::1::159,TargetScan_redact_for_GPT.xlsx,TargetScan7,6.0,159,165,7,GTGCAAT,forward,211,217,214.0,VALID,CONSERVED_SITE,True,FINAL,miR-92a-3p/92b-3p/310-3p/311-3p/312-3p/313-3p,CONSERVED_SITE,7mer-m8,TARGETSCAN_COUNT_COLUMN,-0.81,-0.84,0.37,Drosophila,1.0,159.0,165.0,FULLY_MAPPED,159.0,165.0,FULLY_MAPPED,200.0,206.0,FULLY_MAPPED,,,,,,,,,,,,,,,,,,,,,,,PRIMARY_ORTHOLOGY_UNIT,
Ras85D_EBC_YAK_MIR_0008,Ras85D_HO_00096,D.yakuba,MIRNA_SITE,MIRNA_TARGET,MIRNA_SITE,8mer,TARGETSCAN7::miR-2281-5p::1::169,TargetScan_redact_for_GPT.xlsx,TargetScan7,30.0,169,176,8,CAGATAAA,forward,221,228,224.5,VALID,POORLY_CONSERVED_SITE,True,FINAL,miR-2281-5p,POORLY_CONSERVED_SITE,8mer,TARGETSCAN_COUNT_COLUMN,-1.25,-1.37,,Poorly conserved family,1.0,169.0,176.0,FULLY_MAPPED,169.0,176.0,FULLY_MAPPED,210.0,217.0,FULLY_MAPPED,,,,,,,,,,,,,,,,,,,,,,,PRIMARY_ORTHOLOGY_UNIT,
Ras85D_EBC_YAK_MIR_0009,Ras85D_HO_00142,D.yakuba,MIRNA_SITE,MIRNA_TARGET,MIRNA_SITE,7mer_unspecified_multisite,TARGETSCAN7::miR-4916-3p::1::182,TargetScan_redact_for_GPT.xlsx,TargetScan7,45.0,182,188,7,AGAAATT,forward,234,240,237.0,VALID,POORLY_CONSERVED_SITE,True,FINAL,miR-4916-3p,POORLY_CONSERVED_SITE,7mer_unspecified_multisite,USER_RULE_MULTIPLE_SITES_ARE_7MER,-0.54,-0.75,,Poorly conserved family,1.0,182.0,188.0,FULLY_MAPPED,182.0,188.0,FULLY_MAPPED,223.0,228.0,PARTIALLY_GAPPED,,,,,,,,,,,,,,,,,,,,,,,PRIMARY_ORTHOLOGY_UNIT,
Ras85D_EBC_YAK_MIR_0010,Ras85D_HO_00161,D.yakuba,MIRNA_SITE,MIRNA_TARGET,MIRNA_SITE,7mer-m8,TARGETSCAN7::miR-4944-5p::1::202,TargetScan_redact_for_GPT.xlsx,TargetScan7,51.0,202,208,7,GTAACTA,forward,254,260,257.0,VALID,POORLY_CONSERVED_SITE,True,FINAL,miR-4944-5p,POORLY_CONSERVED_SITE,7mer-m8,TARGETSCAN_COUNT_COLUMN,-0.14,-0.57,,Poorly conserved family,1.0,202.0,208.0,FULLY_MAPPED,202.0,208.0,FULLY_MAPPED,242.0,248.0,FULLY_MAPPED,,,,,,,,,,,,,,,,,,,,,,,PRIMARY_ORTHOLOGY_UNIT,
Ras85D_EBC_YAK_MIR_0011,Ras85D_HO_00172,D.yakuba,MIRNA_SITE,MIRNA_TARGET,MIRNA_SITE,7mer-m8,TARGETSCAN7::miR-4944-3p::1::202,TargetScan_redact_for_GPT.xlsx,TargetScan7,55.0,202,208,7,GTAACTA,forward,254,260,257.0,VALID,POORLY_CONSERVED_SITE,True,FINAL,miR-4944-3p,POORLY_CONSERVED_SITE,7mer-m8,TARGETSCAN_COUNT_COLUMN,-0.45,-0.48,,Poorly conserved family,1.0,202.0,208.0,FULLY_MAPPED,202.0,208.0,FULLY_MAPPED,242.0,248.0,FULLY_MAPPED,,,,,,,,,,,,,,,,,,,,,,,PRIMARY_ORTHOLOGY_UNIT,
Ras85D_EBC_YAK_MIR_0012,Ras85D_HO_00064,D.yakuba,MIRNA_SITE,MIRNA_TARGET,MIRNA_SITE,7mer-A1,TARGETSCAN7::miR-1013-3p::1::280,TargetScan_redact_for_GPT.xlsx,TargetScan7,22.0,280,286,7,CTTTTAA,forward,333,339,336.0,VALID,POORLY_CONSERVED_SITE,True,FINAL,miR-1013-3p,POORLY_CONSERVED_SITE,7mer-A1,TARGETSCAN_COUNT_COLUMN,-0.5,-0.54,,Poorly conserved family,1.0,280.0,286.0,FULLY_MAPPED,280.0,286.0,FULLY_MAPPED,306.0,312.0,FULLY_MAPPED,,,,,,,,,,,,,,,,,,,,,,,PRIMARY_ORTHOLOGY_UNIT,
Ras85D_EBC_YAK_MIR_0013,Ras85D_HO_00002,D.yakuba,MIRNA_SITE,MIRNA_TARGET,MIRNA_SITE,7mer-A1,TARGETSCAN7::miR-8-3p::1::288,TargetScan_redact_for_GPT.xlsx,TargetScan7,3.0,288,294,7,AGTATTA,forward,341,347,344.0,VALID,CONSERVED_SITE,True,FINAL,miR-8-3p,CONSERVED_SITE,7mer-A1,TARGETSCAN_COUNT_COLUMN,-0.65,-0.7,0.57,Drosophila,1.0,288.0,294.0,FULLY_MAPPED,288.0,294.0,FULLY_MAPPED,314.0,320.0,FULLY_MAPPED,,,,,,,,,,,,,,,,,,,,,,,PRIMARY_ORTHOLOGY_UNIT,
Ras85D_EBC_YAK_MIR_0014,Ras85D_HO_00164,D.yakuba,MIRNA_SITE,MIRNA_TARGET,MIRNA_SITE,7mer_unspecified_multisite,TARGETSCAN7::miR-983-5p::1::289,TargetScan_redact_for_GPT.xlsx,TargetScan7,52.0,289,295,7,GTATTAA,forward,342,348,345.0,VALID,POORLY_CONSERVED_SITE,True,FINAL,miR-983-5p,POORLY_CONSERVED_SITE,7mer_unspecified_multisite,USER_RULE_MULTIPLE_SITES_ARE_7MER,-0.38,-0.55,,Poorly conserved family,1.0,289.0,295.0,FULLY_MAPPED,289.0,295.0,FULLY_MAPPED,315.0,321.0,FULLY_MAPPED,,,,,,,,,,,,,,,,,,,,,,,PRIMARY_ORTHOLOGY_UNIT,
Ras85D_EBC_YAK_MIR_0015,Ras85D_HO_00034,D.yakuba,MIRNA_SITE,MIRNA_TARGET,MIRNA_SITE,7mer-A1,TARGETSCAN7::miR-1000-5p::1::295,TargetScan_redact_for_GPT.xlsx,TargetScan7,13.0,295,301,7,ACAATAA,forward,348,354,351.0,VALID,POORLY_CONSERVED_SITE,True,FINAL,miR-1000-5p,POORLY_CONSERVED_SITE,7mer-A1,TARGETSCAN_COUNT_COLUMN,-0.46,-0.5,0.19,Drosophila,1.0,295.0,301.0,FULLY_MAPPED,295.0,301.0,FULLY_MAPPED,321.0,324.0,PARTIALLY_GAPPED,,,,,,,,,,,,,,,,,,,,,,,PRIMARY_ORTHOLOGY_UNIT,
Ras85D_EBC_YAK_MIR_0016,Ras85D_HO_00126,D.yakuba,MIRNA_SITE,MIRNA_TARGET,MIRNA_SITE,7mer_unspecified_multisite,TARGETSCAN7::miR-956-5p::1::306,TargetScan_redact_for_GPT.xlsx,TargetScan7,38.0,306,312,7,CAAACAA,forward,359,365,362.0,VALID,POORLY_CONSERVED_SITE,True,FINAL,miR-956-5p,POORLY_CONSERVED_SITE,7mer_unspecified_multisite,USER_RULE_MULTIPLE_SITES_ARE_7MER,-0.5,-0.94,,Poorly conserved family,1.0,306.0,312.0,FULLY_MAPPED,306.0,312.0,FULLY_MAPPED,,,ABSENT_IN_TARGET,,,,,,,,,,,,,,,,,,,,,,,PRIMARY_ORTHOLOGY_UNIT,
Ras85D_EBC_YAK_MIR_0017,Ras85D_HO_00053,D.yakuba,MIRNA_SITE,MIRNA_TARGET,MIRNA_SITE,7mer_unspecified_multisite,TARGETSCAN7::miR-274-3p/961-3p::1::313,TargetScan_redact_for_GPT.xlsx,TargetScan7,18.0,313,319,7,AAACGAA,forward,366,372,369.0,VALID,POORLY_CONSERVED_SITE,True,FINAL,miR-274-3p/961-3p,POORLY_CONSERVED_SITE,7mer_unspecified_multisite,USER_RULE_MULTIPLE_SITES_ARE_7MER,-1.22,-1.72,,Poorly conserved family,1.0,313.0,319.0,FULLY_MAPPED,313.0,319.0,FULLY_MAPPED,,,ABSENT_IN_TARGET,,,,,,,,,,,,,,,,,,,,,,,PRIMARY_ORTHOLOGY_UNIT,
Ras85D_EBC_YAK_MIR_0018,Ras85D_HO_00170,D.yakuba,MIRNA_SITE,MIRNA_TARGET,MIRNA_SITE,7mer-A1,TARGETSCAN7::miR-315-3p::1::330,TargetScan_redact_for_GPT.xlsx,TargetScan7,54.0,330,336,7,CGAAAAT,forward,383,389,386.0,VALID,POORLY_CONSERVED_SITE,True,FINAL,miR-315-3p,POORLY_CONSERVED_SITE,7mer-A1,TARGETSCAN_COUNT_COLUMN,-0.39,-0.49,,Poorly conserved family,1.0,330.0,336.0,FULLY_MAPPED,330.0,336.0,FULLY_MAPPED,325.0,331.0,FULLY_MAPPED,,,,,,,,,,,,,,,,,,,,,,,PRIMARY_ORTHOLOGY_UNIT,
Ras85D_EBC_YAK_MIR_0019,Ras85D_HO_00153,D.yakuba,MIRNA_SITE,MIRNA_TARGET,MIRNA_SITE,7mer-m8,TARGETSCAN7::miR-4946-5p::1::336,TargetScan_redact_for_GPT.xlsx,TargetScan7,49.0,336,342,7,TGAAAAT,forward,389,395,392.0,VALID,POORLY_CONSERVED_SITE,True,FINAL,miR-4946-5p,POORLY_CONSERVED_SITE,7mer-m8,TARGETSCAN_COUNT_COLUMN,-0.5,-0.67,,Poorly conserved family,1.0,336.0,342.0,FULLY_MAPPED,336.0,342.0,FULLY_MAPPED,331.0,336.0,PARTIALLY_GAPPED,,,,,,,,,,,,,,,,,,,,,,,PRIMARY_ORTHOLOGY_UNIT,
Ras85D_EBC_YAK_MIR_0020,Ras85D_HO_00157,D.yakuba,MIRNA_SITE,MIRNA_TARGET,MIRNA_SITE,7mer_unspecified_multisite,TARGETSCAN7::miR-9371-3p::1::341,TargetScan_redact_for_GPT.xlsx,TargetScan7,50.0,341,347,7,ATGAATA,forward,394,400,397.0,VALID,POORLY_CONSERVED_SITE,True,FINAL,miR-9371-3p,POORLY_CONSERVED_SITE,7mer_unspecified_multisite,USER_RULE_MULTIPLE_SITES_ARE_7MER,-0.33,-0.62,,Poorly conserved family,1.0,341.0,347.0,FULLY_MAPPED,341.0,347.0,FULLY_MAPPED,335.0,341.0,FULLY_MAPPED,,,,,,,,,,,,,,,,,,,,,,,PRIMARY_ORTHOLOGY_UNIT,
Ras85D_EBC_YAK_MIR_0021,Ras85D_HO_00148,D.yakuba,MIRNA_SITE,MIRNA_TARGET,MIRNA_SITE,7mer-m8,TARGETSCAN7::miR-9369-3p::1::345,TargetScan_redact_for_GPT.xlsx,TargetScan7,47.0,345,351,7,ATATGTA,forward,398,404,401.0,VALID,POORLY_CONSERVED_SITE,True,FINAL,miR-9369-3p,POORLY_CONSERVED_SITE,7mer-m8,TARGETSCAN_COUNT_COLUMN,-0.51,-0.72,,Poorly conserved family,1.0,345.0,351.0,FULLY_MAPPED,345.0,351.0,FULLY_MAPPED,339.0,345.0,FULLY_MAPPED,,,,,,,,,,,,,,,,,,,,,,,PRIMARY_ORTHOLOGY_UNIT,
Ras85D_EBC_YAK_MIR_0022,Ras85D_HO_00044,D.yakuba,MIRNA_SITE,MIRNA_TARGET,MIRNA_SITE,7mer_unspecified_multisite,TARGETSCAN7::miR-9388-5p::1::356,TargetScan_redact_for_GPT.xlsx,TargetScan7,17.0,356,362,7,TACATAA,forward,409,415,412.0,VALID,POORLY_CONSERVED_SITE,True,FINAL,miR-9388-5p,POORLY_CONSERVED_SITE,7mer_unspecified_multisite,USER_RULE_MULTIPLE_SITES_ARE_7MER,-0.5,-2.49,,Poorly conserved family,1.0,356.0,362.0,FULLY_MAPPED,356.0,362.0,FULLY_MAPPED,346.0,350.0,PARTIALLY_GAPPED,,,,,,,,,,,,,,,,,,,,,,,PRIMARY_ORTHOLOGY_UNIT,
Ras85D_EBC_YAK_MIR_0023,Ras85D_HO_00145,D.yakuba,MIRNA_SITE,MIRNA_TARGET,MIRNA_SITE,7mer-m8,TARGETSCAN7::miR-4953-3p::1::359,TargetScan_redact_for_GPT.xlsx,TargetScan7,46.0,359,365,7,ATAAAAA,forward,412,418,415.0,VALID,POORLY_CONSERVED_SITE,True,FINAL,miR-4953-3p,POORLY_CONSERVED_SITE,7mer-m8,TARGETSCAN_COUNT_COLUMN,-0.35,-0.72,,Poorly conserved family,1.0,359.0,365.0,FULLY_MAPPED,359.0,365.0,FULLY_MAPPED,349.0,352.0,PARTIALLY_GAPPED,,,,,,,,,,,,,,,,,,,,,,,PRIMARY_ORTHOLOGY_UNIT,
Ras85D_EBC_YAK_MIR_0024,Ras85D_HO_00186,D.yakuba,MIRNA_SITE,MIRNA_TARGET,MIRNA_SITE,7mer-A1,TARGETSCAN7::miR-999-5p::1::365,TargetScan_redact_for_GPT.xlsx,TargetScan7,61.0,365,371,7,ACTATGA,forward,418,424,421.0,VALID,POORLY_CONSERVED_SITE,True,FINAL,miR-999-5p,POORLY_CONSERVED_SITE,7mer-A1,TARGETSCAN_COUNT_COLUMN,-0.12,-0.32,,Poorly conserved family,1.0,365.0,371.0,FULLY_MAPPED,365.0,371.0,FULLY_MAPPED,352.0,358.0,FULLY_MAPPED,,,,,,,,,,,,,,,,,,,,,,,PRIMARY_ORTHOLOGY_UNIT,
Ras85D_EBC_YAK_MIR_0025,Ras85D_HO_00158,D.yakuba,MIRNA_SITE,MIRNA_TARGET,MIRNA_SITE,7mer_unspecified_multisite,TARGETSCAN7::miR-9371-3p::2::368,TargetScan_redact_for_GPT.xlsx,TargetScan7,50.0,368,374,7,ATGAATA,forward,421,427,424.0,VALID,POORLY_CONSERVED_SITE,True,FINAL,miR-9371-3p,POORLY_CONSERVED_SITE,7mer_unspecified_multisite,USER_RULE_MULTIPLE_SITES_ARE_7MER,-0.33,-0.62,,Poorly conserved family,2.0,368.0,374.0,FULLY_MAPPED,368.0,374.0,FULLY_MAPPED,355.0,361.0,FULLY_MAPPED,,,,,,,,,,,,,,,,,,,,,,,PRIMARY_ORTHOLOGY_UNIT,
Ras85D_EBC_YAK_MIR_0026,Ras85D_HO_00131,D.yakuba,MIRNA_SITE,MIRNA_TARGET,MIRNA_SITE,8mer,TARGETSCAN7::miR-133-5p::1::419,TargetScan_redact_for_GPT.xlsx,TargetScan7,39.0,419,426,8,AACCAGCA,forward,489,496,492.5,VALID,POORLY_CONSERVED_SITE,True,FINAL,miR-133-5p,POORLY_CONSERVED_SITE,8mer,TARGETSCAN_COUNT_COLUMN,-0.24,-0.93,,Poorly conserved family,1.0,419.0,426.0,FULLY_MAPPED,419.0,426.0,FULLY_MAPPED,423.0,430.0,FULLY_MAPPED,,,,,,,,,,,,,,,,,,,,,,,PRIMARY_ORTHOLOGY_UNIT,
Ras85D_EBC_YAK_MIR_0027,Ras85D_HO_00134,D.yakuba,MIRNA_SITE,MIRNA_TARGET,MIRNA_SITE,8mer,TARGETSCAN7::miR-2494-5p::1::424,TargetScan_redact_for_GPT.xlsx,TargetScan7,41.0,424,431,8,GCACTTAA,forward,494,501,497.5,VALID,POORLY_CONSERVED_SITE,True,FINAL,miR-2494-5p,POORLY_CONSERVED_SITE,8mer,TARGETSCAN_COUNT_COLUMN,-0.23,-0.89,,Poorly conserved family,1.0,424.0,431.0,FULLY_MAPPED,424.0,431.0,FULLY_MAPPED,428.0,435.0,FULLY_MAPPED,,,,,,,,,,,,,,,,,,,,,,,PRIMARY_ORTHOLOGY_UNIT,
Ras85D_EBC_YAK_MIR_0028,Ras85D_HO_00194,D.yakuba,MIRNA_SITE,MIRNA_TARGET,MIRNA_SITE,7mer-A1,TARGETSCAN7::miR-125-3p::1::429,TargetScan_redact_for_GPT.xlsx,TargetScan7,63.0,429,435,7,TAACTTG,forward,499,505,502.0,VALID,POORLY_CONSERVED_SITE,True,FINAL,miR-125-3p,POORLY_CONSERVED_SITE,7mer-A1,TARGETSCAN_COUNT_COLUMN,-0.09,-0.29,,Poorly conserved family,1.0,429.0,435.0,FULLY_MAPPED,429.0,435.0,FULLY_MAPPED,433.0,439.0,FULLY_MAPPED,,,,,,,,,,,,,,,,,,,,,,,PRIMARY_ORTHOLOGY_UNIT,
Ras85D_EBC_YAK_MIR_0029,Ras85D_HO_00180,D.yakuba,MIRNA_SITE,MIRNA_TARGET,MIRNA_SITE,7mer-m8,TARGETSCAN7::miR-2491-3p::1::442,TargetScan_redact_for_GPT.xlsx,TargetScan7,58.0,442,448,7,TGTTGTT,forward,512,518,515.0,VALID,POORLY_CONSERVED_SITE,True,FINAL,miR-2491-3p,POORLY_CONSERVED_SITE,7mer-m8,TARGETSCAN_COUNT_COLUMN,-0.13,-0.44,,Poorly conserved family,1.0,442.0,448.0,FULLY_MAPPED,442.0,448.0,FULLY_MAPPED,446.0,452.0,FULLY_MAPPED,,,,,,,,,,,,,,,,,,,,,,,PRIMARY_ORTHOLOGY_UNIT,
Ras85D_EBC_YAK_MIR_0030,Ras85D_HO_00182,D.yakuba,MIRNA_SITE,MIRNA_TARGET,MIRNA_SITE,7mer-A1,TARGETSCAN7::miR-2281-3p::1::458,TargetScan_redact_for_GPT.xlsx,TargetScan7,59.0,458,464,7,ACAGATA,forward,528,534,531.0,VALID,POORLY_CONSERVED_SITE,True,FINAL,miR-2281-3p,POORLY_CONSERVED_SITE,7mer-A1,TARGETSCAN_COUNT_COLUMN,-0.1,-0.34,,Poorly conserved family,1.0,458.0,464.0,FULLY_MAPPED,458.0,464.0,FULLY_MAPPED,461.0,464.0,PARTIALLY_GAPPED,,,,,,,,,,,,,,,,,,,,,,,PRIMARY_ORTHOLOGY_UNIT,
Ras85D_EBC_YAK_MIR_0031,Ras85D_HO_00197,D.yakuba,MIRNA_SITE,MIRNA_TARGET,MIRNA_SITE,7mer-A1,TARGETSCAN7::miR-2497-5p::1::470,TargetScan_redact_for_GPT.xlsx,TargetScan7,64.0,470,476,7,TGCTTAA,forward,541,547,544.0,VALID,POORLY_CONSERVED_SITE,True,FINAL,miR-2497-5p,POORLY_CONSERVED_SITE,7mer-A1,TARGETSCAN_COUNT_COLUMN,-0.08,-0.28,,Poorly conserved family,1.0,470.0,476.0,FULLY_MAPPED,470.0,476.0,FULLY_MAPPED,471.0,477.0,FULLY_MAPPED,,,,,,,,,,,,,,,,,,,,,,,PRIMARY_ORTHOLOGY_UNIT,
Ras85D_EBC_YAK_MIR_0032,Ras85D_HO_00205,D.yakuba,MIRNA_SITE,MIRNA_TARGET,MIRNA_SITE,7mer-m8,TARGETSCAN7::miR-997-3p::1::522,TargetScan_redact_for_GPT.xlsx,TargetScan7,68.0,522,528,7,GTTATCT,forward,606,612,609.0,VALID,POORLY_CONSERVED_SITE,True,FINAL,miR-997-3p,POORLY_CONSERVED_SITE,7mer-m8,TARGETSCAN_COUNT_COLUMN,-0.05,-0.19,,Poorly conserved family,1.0,522.0,528.0,FULLY_MAPPED,522.0,528.0,FULLY_MAPPED,519.0,524.0,PARTIALLY_GAPPED,,,,,,,,,,,,,,,,,,,,,,,PRIMARY_ORTHOLOGY_UNIT,
Ras85D_EBC_YAK_MIR_0033,Ras85D_HO_00137,D.yakuba,MIRNA_SITE,MIRNA_TARGET,MIRNA_SITE,8mer,TARGETSCAN7::miR-977-5p::1::522,TargetScan_redact_for_GPT.xlsx,TargetScan7,43.0,522,529,8,GTTATCTA,forward,606,613,609.5,VALID,POORLY_CONSERVED_SITE,True,FINAL,miR-977-5p,POORLY_CONSERVED_SITE,8mer,TARGETSCAN_COUNT_COLUMN,-0.21,-0.8,,Poorly conserved family,1.0,522.0,529.0,FULLY_MAPPED,522.0,529.0,FULLY_MAPPED,519.0,525.0,PARTIALLY_GAPPED,,,,,,,,,,,,,,,,,,,,,,,PRIMARY_ORTHOLOGY_UNIT,
Ras85D_EBC_YAK_MIR_0034,Ras85D_HO_00184,D.yakuba,MIRNA_SITE,MIRNA_TARGET,MIRNA_SITE,7mer-A1,TARGETSCAN7::miR-4974-3p::1::539,TargetScan_redact_for_GPT.xlsx,TargetScan7,60.0,539,545,7,ACCCGAC,forward,637,643,640.0,VALID,POORLY_CONSERVED_SITE,True,FINAL,miR-4974-3p,POORLY_CONSERVED_SITE,7mer-A1,TARGETSCAN_COUNT_COLUMN,-0.06,-0.33,,Poorly conserved family,1.0,539.0,545.0,FULLY_MAPPED,539.0,545.0,FULLY_MAPPED,549.0,555.0,FULLY_MAPPED,,,,,,,,,,,,,,,,,,,,,,,PRIMARY_ORTHOLOGY_UNIT,
Ras85D_EBC_YAK_MIR_0035,Ras85D_HO_00139,D.yakuba,MIRNA_SITE,MIRNA_TARGET,MIRNA_SITE,8mer,TARGETSCAN7::miR-9374-3p::1::539,TargetScan_redact_for_GPT.xlsx,TargetScan7,44.0,539,546,8,ACCCGACA,forward,637,647,642.0,VALID,POORLY_CONSERVED_SITE,True,FINAL,miR-9374-3p,POORLY_CONSERVED_SITE,8mer,TARGETSCAN_COUNT_COLUMN,-0.2,-0.76,,Poorly conserved family,1.0,539.0,546.0,PARTIALLY_GAPPED,539.0,546.0,PARTIALLY_GAPPED,549.0,559.0,FULLY_MAPPED,,,,,,,,,,,,,,,,,,,,,,,PRIMARY_ORTHOLOGY_UNIT,
Ras85D_EBC_YAK_MIR_0036,Ras85D_HO_00045,D.yakuba,MIRNA_SITE,MIRNA_TARGET,MIRNA_SITE,7mer_unspecified_multisite,TARGETSCAN7::miR-9388-5p::2::550,TargetScan_redact_for_GPT.xlsx,TargetScan7,17.0,550,556,7,ATACATA,forward,651,657,654.0,VALID,POORLY_CONSERVED_SITE,True,FINAL,miR-9388-5p,POORLY_CONSERVED_SITE,7mer_unspecified_multisite,USER_RULE_MULTIPLE_SITES_ARE_7MER,-0.5,-2.49,,Poorly conserved family,2.0,550.0,556.0,FULLY_MAPPED,550.0,556.0,FULLY_MAPPED,562.0,568.0,FULLY_MAPPED,,,,,,,,,,,,,,,,,,,,,,,PRIMARY_ORTHOLOGY_UNIT,
Ras85D_EBC_YAK_MIR_0037,Ras85D_HO_00075,D.yakuba,MIRNA_SITE,MIRNA_TARGET,MIRNA_SITE,7mer_unspecified_multisite,TARGETSCAN7::miR-4961-3p::1::550,TargetScan_redact_for_GPT.xlsx,TargetScan7,26.0,550,556,7,ATACATA,forward,651,657,654.0,VALID,POORLY_CONSERVED_SITE,True,FINAL,miR-4961-3p,POORLY_CONSERVED_SITE,7mer_unspecified_multisite,USER_RULE_MULTIPLE_SITES_ARE_7MER,-0.29,-2.07,,Poorly conserved family,1.0,550.0,556.0,FULLY_MAPPED,550.0,556.0,FULLY_MAPPED,562.0,568.0,FULLY_MAPPED,,,,,,,,,,,,,,,,,,,,,,,PRIMARY_ORTHOLOGY_UNIT,
Ras85D_EBC_YAK_MIR_0038,Ras85D_HO_00062,D.yakuba,MIRNA_SITE,MIRNA_TARGET,MIRNA_SITE,7mer-m8,TARGETSCAN7::miR-2493-3p::1::575,TargetScan_redact_for_GPT.xlsx,TargetScan7,21.0,575,581,7,ACACACG,forward,738,744,741.0,VALID,POORLY_CONSERVED_SITE,True,FINAL,miR-2493-3p,POORLY_CONSERVED_SITE,7mer-m8,TARGETSCAN_COUNT_COLUMN,-0.15,-0.56,,Poorly conserved family,1.0,575.0,581.0,FULLY_MAPPED,575.0,581.0,FULLY_MAPPED,641.0,646.0,PARTIALLY_GAPPED,,,,,,,,,,,,,,,,,,,,,,,PRIMARY_ORTHOLOGY_UNIT,
Ras85D_EBC_YAK_MIR_0039,Ras85D_HO_00059,D.yakuba,MIRNA_SITE,MIRNA_TARGET,MIRNA_SITE,7mer-m8,TARGETSCAN7::miR-2496-5p::1::577,TargetScan_redact_for_GPT.xlsx,TargetScan7,20.0,577,583,7,ACACGCA,forward,740,746,743.0,VALID,POORLY_CONSERVED_SITE,True,FINAL,miR-2496-5p,POORLY_CONSERVED_SITE,7mer-m8,TARGETSCAN_COUNT_COLUMN,-0.18,-0.7,,Poorly conserved family,1.0,577.0,583.0,FULLY_MAPPED,577.0,583.0,FULLY_MAPPED,642.0,648.0,FULLY_MAPPED,,,,,,,,,,,,,,,,,,,,,,,PRIMARY_ORTHOLOGY_UNIT,
Ras85D_EBC_YAK_MIR_0040,Ras85D_HO_00177,D.yakuba,MIRNA_SITE,MIRNA_TARGET,MIRNA_SITE,7mer-A1,TARGETSCAN7::miR-283-3p::1::591,TargetScan_redact_for_GPT.xlsx,TargetScan7,57.0,591,597,7,AATTCCA,forward,754,760,757.0,VALID,POORLY_CONSERVED_SITE,True,FINAL,miR-283-3p,POORLY_CONSERVED_SITE,7mer-A1,TARGETSCAN_COUNT_COLUMN,-0.12,-0.46,,Poorly conserved family,1.0,591.0,597.0,FULLY_MAPPED,591.0,597.0,FULLY_MAPPED,656.0,662.0,FULLY_MAPPED,,,,,,,,,,,,,,,,,,,,,,,PRIMARY_ORTHOLOGY_UNIT,
Ras85D_EBC_YAK_MIR_0041,Ras85D_HO_00031,D.yakuba,MIRNA_SITE,MIRNA_TARGET,MIRNA_SITE,7mer-A1,TARGETSCAN7::miR-375-3p::1::616,TargetScan_redact_for_GPT.xlsx,TargetScan7,12.0,616,622,7,GAACAAA,forward,779,787,783.0,VALID,POORLY_CONSERVED_SITE,True,FINAL,miR-375-3p,POORLY_CONSERVED_SITE,7mer-A1,TARGETSCAN_COUNT_COLUMN,-0.13,-0.51,0.2,Drosophila,1.0,616.0,622.0,PARTIALLY_GAPPED,616.0,622.0,PARTIALLY_GAPPED,680.0,688.0,FULLY_MAPPED,,,,,,,,,,,,,,,,,,,,,,,PRIMARY_ORTHOLOGY_UNIT,
Ras85D_EBC_YAK_MIR_0042,Ras85D_HO_00091,D.yakuba,MIRNA_SITE,MIRNA_TARGET,MIRNA_SITE,7mer_unspecified_multisite,TARGETSCAN7::miR-9373-5p::1::618,TargetScan_redact_for_GPT.xlsx,TargetScan7,29.0,618,624,7,ACAAACA,forward,781,791,786.0,VALID,POORLY_CONSERVED_SITE,True,FINAL,miR-9373-5p,POORLY_CONSERVED_SITE,7mer_unspecified_multisite,USER_RULE_MULTIPLE_SITES_ARE_7MER,-0.27,-1.39,,Poorly conserved family,1.0,618.0,624.0,PARTIALLY_GAPPED,618.0,624.0,PARTIALLY_GAPPED,682.0,692.0,FULLY_MAPPED,,,,,,,,,,,,,,,,,,,,,,,PRIMARY_ORTHOLOGY_UNIT,
Ras85D_EBC_YAK_MIR_0043,Ras85D_HO_00127,D.yakuba,MIRNA_SITE,MIRNA_TARGET,MIRNA_SITE,7mer_unspecified_multisite,TARGETSCAN7::miR-956-5p::2::619,TargetScan_redact_for_GPT.xlsx,TargetScan7,38.0,619,625,7,CAAACAA,forward,784,792,788.0,VALID,POORLY_CONSERVED_SITE,True,FINAL,miR-956-5p,POORLY_CONSERVED_SITE,7mer_unspecified_multisite,USER_RULE_MULTIPLE_SITES_ARE_7MER,-0.5,-0.94,,Poorly conserved family,2.0,619.0,625.0,PARTIALLY_GAPPED,619.0,625.0,PARTIALLY_GAPPED,685.0,693.0,FULLY_MAPPED,,,,,,,,,,,,,,,,,,,,,,,PRIMARY_ORTHOLOGY_UNIT,
Ras85D_EBC_YAK_MIR_0044,Ras85D_HO_00092,D.yakuba,MIRNA_SITE,MIRNA_TARGET,MIRNA_SITE,7mer_unspecified_multisite,TARGETSCAN7::miR-9373-5p::2::622,TargetScan_redact_for_GPT.xlsx,TargetScan7,29.0,622,628,7,ACAAACA,forward,787,796,791.5,VALID,POORLY_CONSERVED_SITE,True,FINAL,miR-9373-5p,POORLY_CONSERVED_SITE,7mer_unspecified_multisite,USER_RULE_MULTIPLE_SITES_ARE_7MER,-0.27,-1.39,,Poorly conserved family,2.0,622.0,628.0,PARTIALLY_GAPPED,622.0,628.0,PARTIALLY_GAPPED,688.0,697.0,FULLY_MAPPED,,,,,,,,,,,,,,,,,,,,,,,PRIMARY_ORTHOLOGY_UNIT,
Ras85D_EBC_YAK_MIR_0045,Ras85D_HO_00128,D.yakuba,MIRNA_SITE,MIRNA_TARGET,MIRNA_SITE,7mer_unspecified_multisite,TARGETSCAN7::miR-956-5p::3::623,TargetScan_redact_for_GPT.xlsx,TargetScan7,38.0,623,629,7,CAAACAA,forward,788,797,792.5,VALID,POORLY_CONSERVED_SITE,True,FINAL,miR-956-5p,POORLY_CONSERVED_SITE,7mer_unspecified_multisite,USER_RULE_MULTIPLE_SITES_ARE_7MER,-0.5,-0.94,,Poorly conserved family,3.0,623.0,629.0,PARTIALLY_GAPPED,623.0,629.0,PARTIALLY_GAPPED,689.0,698.0,FULLY_MAPPED,,,,,,,,,,,,,,,,,,,,,,,PRIMARY_ORTHOLOGY_UNIT,
Ras85D_EBC_YAK_MIR_0046,Ras85D_HO_00014,D.yakuba,MIRNA_SITE,MIRNA_TARGET,MIRNA_SITE,7mer_unspecified_multisite,TARGETSCAN7::miR-210-3p.1::1::655,TargetScan_redact_for_GPT.xlsx,TargetScan7,7.0,655,661,7,CGCACAA,forward,823,829,826.0,VALID,CONSERVED_SITE,True,FINAL,miR-210-3p.1,CONSERVED_SITE,7mer_unspecified_multisite,USER_RULE_MULTIPLE_SITES_ARE_7MER,-0.25,-1.16,0.35,Drosophila,1.0,655.0,661.0,FULLY_MAPPED,655.0,661.0,FULLY_MAPPED,,,ABSENT_IN_TARGET,,,,,,,,,,,,,,,,,,,,,,,PRIMARY_ORTHOLOGY_UNIT,
Ras85D_EBC_YAK_MIR_0047,Ras85D_HO_00018,D.yakuba,MIRNA_SITE,MIRNA_TARGET,MIRNA_SITE,7mer_unspecified_multisite,TARGETSCAN7::miR-210-3p.2::1::655,TargetScan_redact_for_GPT.xlsx,TargetScan7,8.0,655,661,7,CGCACAA,forward,823,829,826.0,VALID,POORLY_CONSERVED_SITE,True,FINAL,miR-210-3p.2,POORLY_CONSERVED_SITE,7mer_unspecified_multisite,USER_RULE_MULTIPLE_SITES_ARE_7MER,-0.12,-0.46,0.28,Drosophila,1.0,655.0,661.0,FULLY_MAPPED,655.0,661.0,FULLY_MAPPED,,,ABSENT_IN_TARGET,,,,,,,,,,,,,,,,,,,,,,,PRIMARY_ORTHOLOGY_UNIT,
Ras85D_EBC_YAK_MIR_0048,Ras85D_HO_00093,D.yakuba,MIRNA_SITE,MIRNA_TARGET,MIRNA_SITE,7mer_unspecified_multisite,TARGETSCAN7::miR-9373-5p::3::657,TargetScan_redact_for_GPT.xlsx,TargetScan7,29.0,657,663,7,CACAAAC,forward,825,831,828.0,VALID,POORLY_CONSERVED_SITE,True,FINAL,miR-9373-5p,POORLY_CONSERVED_SITE,7mer_unspecified_multisite,USER_RULE_MULTIPLE_SITES_ARE_7MER,-0.27,-1.39,,Poorly conserved family,3.0,657.0,663.0,FULLY_MAPPED,657.0,663.0,FULLY_MAPPED,,,ABSENT_IN_TARGET,,,,,,,,,,,,,,,,,,,,,,,PRIMARY_ORTHOLOGY_UNIT,
Ras85D_EBC_YAK_MIR_0049,Ras85D_HO_00210,D.yakuba,MIRNA_SITE,MIRNA_TARGET,MIRNA_SITE,7mer-m8,TARGETSCAN7::miR-970-5p::1::673,TargetScan_redact_for_GPT.xlsx,TargetScan7,71.0,673,679,7,CGCTAGC,forward,841,847,844.0,VALID,POORLY_CONSERVED_SITE,True,FINAL,miR-970-5p,POORLY_CONSERVED_SITE,7mer-m8,TARGETSCAN_COUNT_COLUMN,-0.05,-0.18,,Poorly conserved family,1.0,673.0,679.0,FULLY_MAPPED,673.0,679.0,FULLY_MAPPED,,,ABSENT_IN_TARGET,,,,,,,,,,,,,,,,,,,,,,,PRIMARY_ORTHOLOGY_UNIT,
Ras85D_EBC_YAK_MIR_0050,Ras85D_HO_00208,D.yakuba,MIRNA_SITE,MIRNA_TARGET,MIRNA_SITE,7mer-A1,TARGETSCAN7::miR-4955-3p::1::677,TargetScan_redact_for_GPT.xlsx,TargetScan7,70.0,677,683,7,AGCCCCA,forward,845,851,848.0,VALID,POORLY_CONSERVED_SITE,True,FINAL,miR-4955-3p,POORLY_CONSERVED_SITE,7mer-A1,TARGETSCAN_COUNT_COLUMN,-0.05,-0.18,,Poorly conserved family,1.0,677.0,683.0,FULLY_MAPPED,677.0,683.0,FULLY_MAPPED,,,ABSENT_IN_TARGET,,,,,,,,,,,,,,,,,,,,,,,PRIMARY_ORTHOLOGY_UNIT,
Ras85D_EBC_YAK_MIR_0051,Ras85D_HO_00200,D.yakuba,MIRNA_SITE,MIRNA_TARGET,MIRNA_SITE,7mer-A1,TARGETSCAN7::miR-1004-5p::1::679,TargetScan_redact_for_GPT.xlsx,TargetScan7,65.0,679,685,7,CCCCAAA,forward,847,853,850.0,VALID,POORLY_CONSERVED_SITE,True,FINAL,miR-1004-5p,POORLY_CONSERVED_SITE,7mer-A1,TARGETSCAN_COUNT_COLUMN,-0.06,-0.21,,Poorly conserved family,1.0,679.0,685.0,FULLY_MAPPED,679.0,685.0,FULLY_MAPPED,,,ABSENT_IN_TARGET,,,,,,,,,,,,,,,,,,,,,,,PRIMARY_ORTHOLOGY_UNIT,
Ras85D_EBC_YAK_MIR_0052,Ras85D_HO_00022,D.yakuba,MIRNA_SITE,MIRNA_TARGET,MIRNA_SITE,8mer,TARGETSCAN7::miR-285-3p/995-3p/998-3p::1::717,TargetScan_redact_for_GPT.xlsx,TargetScan7,9.0,717,724,8,TGGTGCTA,forward,885,892,888.5,VALID,CONSERVED_SITE,True,FINAL,miR-285-3p/995-3p/998-3p,CONSERVED_SITE,8mer,TARGETSCAN_COUNT_COLUMN,-0.19,-0.82,0.21,Drosophila,1.0,717.0,724.0,FULLY_MAPPED,717.0,724.0,FULLY_MAPPED,728.0,735.0,FULLY_MAPPED,,,,,,,,,,,,,,,,,,,,,,,PRIMARY_ORTHOLOGY_UNIT,
Ras85D_EBC_YAK_MIR_0053,Ras85D_HO_00143,D.yakuba,MIRNA_SITE,MIRNA_TARGET,MIRNA_SITE,7mer_unspecified_multisite,TARGETSCAN7::miR-4916-3p::2::732,TargetScan_redact_for_GPT.xlsx,TargetScan7,45.0,732,738,7,GAAATTA,forward,900,906,903.0,VALID,POORLY_CONSERVED_SITE,True,FINAL,miR-4916-3p,POORLY_CONSERVED_SITE,7mer_unspecified_multisite,USER_RULE_MULTIPLE_SITES_ARE_7MER,-0.54,-0.75,,Poorly conserved family,2.0,732.0,738.0,FULLY_MAPPED,732.0,738.0,FULLY_MAPPED,743.0,749.0,FULLY_MAPPED,,,,,,,,,,,,,,,,,,,,,,,PRIMARY_ORTHOLOGY_UNIT,
Ras85D_EBC_YAK_MIR_0054,Ras85D_HO_00203,D.yakuba,MIRNA_SITE,MIRNA_TARGET,MIRNA_SITE,7mer-m8,TARGETSCAN7::miR-11-5p::1::750,TargetScan_redact_for_GPT.xlsx,TargetScan7,67.0,750,756,7,AGTTCTT,forward,938,944,941.0,VALID,POORLY_CONSERVED_SITE,True,FINAL,miR-11-5p,POORLY_CONSERVED_SITE,7mer-m8,TARGETSCAN_COUNT_COLUMN,-0.05,-0.2,,Poorly conserved family,1.0,750.0,756.0,FULLY_MAPPED,750.0,756.0,FULLY_MAPPED,780.0,786.0,FULLY_MAPPED,,,,,,,,,,,,,,,,,,,,,,,PRIMARY_ORTHOLOGY_UNIT,
Ras85D_EBC_YAK_MIR_0055,Ras85D_HO_00025,D.yakuba,MIRNA_SITE,MIRNA_TARGET,MIRNA_SITE,7mer-m8,TARGETSCAN7::miR-1002-5p::1::774,TargetScan_redact_for_GPT.xlsx,TargetScan7,10.0,774,780,7,CTACTTA,forward,970,976,973.0,VALID,POORLY_CONSERVED_SITE,True,FINAL,miR-1002-5p,POORLY_CONSERVED_SITE,7mer-m8,TARGETSCAN_COUNT_COLUMN,-0.07,-0.36,0.2,Drosophila,1.0,774.0,780.0,FULLY_MAPPED,774.0,780.0,FULLY_MAPPED,812.0,818.0,FULLY_MAPPED,,,,,,,,,,,,,,,,,,,,,,,PRIMARY_ORTHOLOGY_UNIT,
Ras85D_EBC_YAK_MIR_0056,Ras85D_HO_00028,D.yakuba,MIRNA_SITE,MIRNA_TARGET,MIRNA_SITE,7mer-A1,TARGETSCAN7::miR-968-5p::1::774,TargetScan_redact_for_GPT.xlsx,TargetScan7,11.0,774,780,7,CTACTTA,forward,970,976,973.0,VALID,POORLY_CONSERVED_SITE,True,FINAL,miR-968-5p,POORLY_CONSERVED_SITE,7mer-A1,TARGETSCAN_COUNT_COLUMN,-0.05,-0.23,0.2,Drosophila,1.0,774.0,780.0,FULLY_MAPPED,774.0,780.0,FULLY_MAPPED,812.0,818.0,FULLY_MAPPED,,,,,,,,,,,,,,,,,,,,,,,PRIMARY_ORTHOLOGY_UNIT,
Ras85D_EBC_YAK_MIR_0057,Ras85D_HO_00084,D.yakuba,MIRNA_SITE,MIRNA_TARGET,MIRNA_SITE,7mer_unspecified_multisite,TARGETSCAN7::miR-4945-5p::1::802,TargetScan_redact_for_GPT.xlsx,TargetScan7,27.0,802,808,7,AGAGAAA,forward,1146,1154,1150.0,VALID,POORLY_CONSERVED_SITE,True,FINAL,miR-4945-5p,POORLY_CONSERVED_SITE,7mer_unspecified_multisite,USER_RULE_MULTIPLE_SITES_ARE_7MER,-0.71,-1.64,,Poorly conserved family,1.0,802.0,808.0,PARTIALLY_GAPPED,802.0,808.0,PARTIALLY_GAPPED,988.0,996.0,FULLY_MAPPED,,,,,,,,,,,,,,,,,,,,,,,PRIMARY_ORTHOLOGY_UNIT,
Ras85D_EBC_YAK_MIR_0058,Ras85D_HO_00151,D.yakuba,MIRNA_SITE,MIRNA_TARGET,MIRNA_SITE,7mer_unspecified_multisite,TARGETSCAN7::miR-4963-3p::1::802,TargetScan_redact_for_GPT.xlsx,TargetScan7,48.0,802,808,7,AGAGAAA,forward,1146,1154,1150.0,VALID,POORLY_CONSERVED_SITE,True,FINAL,miR-4963-3p,POORLY_CONSERVED_SITE,7mer_unspecified_multisite,USER_RULE_MULTIPLE_SITES_ARE_7MER,-0.39,-0.68,,Poorly conserved family,1.0,802.0,808.0,PARTIALLY_GAPPED,802.0,808.0,PARTIALLY_GAPPED,988.0,996.0,FULLY_MAPPED,,,,,,,,,,,,,,,,,,,,,,,PRIMARY_ORTHOLOGY_UNIT,
Ras85D_EBC_YAK_MIR_0059,Ras85D_HO_00168,D.yakuba,MIRNA_SITE,MIRNA_TARGET,MIRNA_SITE,7mer-A1,TARGETSCAN7::miR-2492-3p::1::806,TargetScan_redact_for_GPT.xlsx,TargetScan7,53.0,806,812,7,AAAACAA,forward,1152,1158,1155.0,VALID,POORLY_CONSERVED_SITE,True,FINAL,miR-2492-3p,POORLY_CONSERVED_SITE,7mer-A1,TARGETSCAN_COUNT_COLUMN,-0.1,-0.55,,Poorly conserved family,1.0,806.0,812.0,FULLY_MAPPED,806.0,812.0,FULLY_MAPPED,994.0,1000.0,FULLY_MAPPED,,,,,,,,,,,,,,,,,,,,,,,PRIMARY_ORTHOLOGY_UNIT,
Ras85D_EBC_YAK_MIR_0060,Ras85D_HO_00067,D.yakuba,MIRNA_SITE,MIRNA_TARGET,MIRNA_SITE,7mer-A1,TARGETSCAN7::miR-1014-5p::1::830,TargetScan_redact_for_GPT.xlsx,TargetScan7,23.0,830,836,7,CATTATA,forward,1176,1182,1179.0,VALID,POORLY_CONSERVED_SITE,True,FINAL,miR-1014-5p,POORLY_CONSERVED_SITE,7mer-A1,TARGETSCAN_COUNT_COLUMN,-0.07,-0.38,,Poorly conserved family,1.0,830.0,836.0,FULLY_MAPPED,830.0,836.0,FULLY_MAPPED,1018.0,1023.0,PARTIALLY_GAPPED,,,,,,,,,,,,,,,,,,,,,,,PRIMARY_ORTHOLOGY_UNIT,
Ras85D_EBC_YAK_MIR_0061,Ras85D_HO_00008,D.yakuba,MIRNA_SITE,MIRNA_TARGET,MIRNA_SITE,7mer-A1,TARGETSCAN7::miR-4-3p::1::843,TargetScan_redact_for_GPT.xlsx,TargetScan7,5.0,843,849,7,GCTTTAA,forward,1189,1195,1192.0,VALID,CONSERVED_SITE,True,FINAL,miR-4-3p,CONSERVED_SITE,7mer-A1,TARGETSCAN_COUNT_COLUMN,-0.09,-0.5,0.37,Drosophila,1.0,843.0,849.0,FULLY_MAPPED,843.0,849.0,FULLY_MAPPED,1030.0,1036.0,FULLY_MAPPED,,,,,,,,,,,,,,,,,,,,,,,PRIMARY_ORTHOLOGY_UNIT,
Ras85D_EBC_YAK_MIR_0062,Ras85D_HO_00189,D.yakuba,MIRNA_SITE,MIRNA_TARGET,MIRNA_SITE,7mer_unspecified_multisite,TARGETSCAN7::miR-9c-3p::1::848,TargetScan_redact_for_GPT.xlsx,TargetScan7,62.0,848,854,7,AAGCTTT,forward,1194,1200,1197.0,VALID,POORLY_CONSERVED_SITE,True,FINAL,miR-9c-3p,POORLY_CONSERVED_SITE,7mer_unspecified_multisite,USER_RULE_MULTIPLE_SITES_ARE_7MER,-0.06,-0.3,,Poorly conserved family,1.0,848.0,854.0,FULLY_MAPPED,848.0,854.0,FULLY_MAPPED,1035.0,1041.0,FULLY_MAPPED,,,,,,,,,,,,,,,,,,,,,,,PRIMARY_ORTHOLOGY_UNIT,
Ras85D_EBC_YAK_MIR_0063,Ras85D_HO_00046,D.yakuba,MIRNA_SITE,MIRNA_TARGET,MIRNA_SITE,7mer_unspecified_multisite,TARGETSCAN7::miR-9388-5p::3::856,TargetScan_redact_for_GPT.xlsx,TargetScan7,17.0,856,862,7,TATACAT,forward,1202,1208,1205.0,VALID,POORLY_CONSERVED_SITE,True,FINAL,miR-9388-5p,POORLY_CONSERVED_SITE,7mer_unspecified_multisite,USER_RULE_MULTIPLE_SITES_ARE_7MER,-0.5,-2.49,,Poorly conserved family,3.0,856.0,862.0,FULLY_MAPPED,856.0,862.0,FULLY_MAPPED,1043.0,1049.0,FULLY_MAPPED,,,,,,,,,,,,,,,,,,,,,,,PRIMARY_ORTHOLOGY_UNIT,
Ras85D_EBC_YAK_MIR_0064,Ras85D_HO_00076,D.yakuba,MIRNA_SITE,MIRNA_TARGET,MIRNA_SITE,7mer_unspecified_multisite,TARGETSCAN7::miR-4961-3p::2::857,TargetScan_redact_for_GPT.xlsx,TargetScan7,26.0,857,863,7,ATACATA,forward,1203,1209,1206.0,VALID,POORLY_CONSERVED_SITE,True,FINAL,miR-4961-3p,POORLY_CONSERVED_SITE,7mer_unspecified_multisite,USER_RULE_MULTIPLE_SITES_ARE_7MER,-0.29,-2.07,,Poorly conserved family,2.0,857.0,863.0,FULLY_MAPPED,857.0,863.0,FULLY_MAPPED,1044.0,1050.0,FULLY_MAPPED,,,,,,,,,,,,,,,,,,,,,,,PRIMARY_ORTHOLOGY_UNIT,
Ras85D_EBC_YAK_MIR_0065,Ras85D_HO_00077,D.yakuba,MIRNA_SITE,MIRNA_TARGET,MIRNA_SITE,7mer_unspecified_multisite,TARGETSCAN7::miR-4961-3p::3::861,TargetScan_redact_for_GPT.xlsx,TargetScan7,26.0,861,867,7,ATACATA,forward,1207,1213,1210.0,VALID,POORLY_CONSERVED_SITE,True,FINAL,miR-4961-3p,POORLY_CONSERVED_SITE,7mer_unspecified_multisite,USER_RULE_MULTIPLE_SITES_ARE_7MER,-0.29,-2.07,,Poorly conserved family,3.0,861.0,867.0,FULLY_MAPPED,861.0,867.0,FULLY_MAPPED,1048.0,1054.0,FULLY_MAPPED,,,,,,,,,,,,,,,,,,,,,,,PRIMARY_ORTHOLOGY_UNIT,
Ras85D_EBC_YAK_MIR_0066,Ras85D_HO_00047,D.yakuba,MIRNA_SITE,MIRNA_TARGET,MIRNA_SITE,7mer_unspecified_multisite,TARGETSCAN7::miR-9388-5p::4::865,TargetScan_redact_for_GPT.xlsx,TargetScan7,17.0,865,871,7,ATACATA,forward,1211,1217,1214.0,VALID,POORLY_CONSERVED_SITE,True,FINAL,miR-9388-5p,POORLY_CONSERVED_SITE,7mer_unspecified_multisite,USER_RULE_MULTIPLE_SITES_ARE_7MER,-0.5,-2.49,,Poorly conserved family,4.0,865.0,871.0,FULLY_MAPPED,865.0,871.0,FULLY_MAPPED,1052.0,1057.0,PARTIALLY_GAPPED,,,,,,,,,,,,,,,,,,,,,,,PRIMARY_ORTHOLOGY_UNIT,
Ras85D_EBC_YAK_MIR_0067,Ras85D_HO_00078,D.yakuba,MIRNA_SITE,MIRNA_TARGET,MIRNA_SITE,7mer_unspecified_multisite,TARGETSCAN7::miR-4961-3p::4::867,TargetScan_redact_for_GPT.xlsx,TargetScan7,26.0,867,873,7,ACATACA,forward,1213,1219,1216.0,VALID,POORLY_CONSERVED_SITE,True,FINAL,miR-4961-3p,POORLY_CONSERVED_SITE,7mer_unspecified_multisite,USER_RULE_MULTIPLE_SITES_ARE_7MER,-0.29,-2.07,,Poorly conserved family,4.0,867.0,873.0,FULLY_MAPPED,867.0,873.0,FULLY_MAPPED,1054.0,1057.0,PARTIALLY_GAPPED,,,,,,,,,,,,,,,,,,,,,,,PRIMARY_ORTHOLOGY_UNIT,
Ras85D_EBC_YAK_MIR_0068,Ras85D_HO_00069,D.yakuba,MIRNA_SITE,MIRNA_TARGET,MIRNA_SITE,7mer-A1,TARGETSCAN7::miR-985-3p::1::871,TargetScan_redact_for_GPT.xlsx,TargetScan7,24.0,871,877,7,ACATTTA,forward,1217,1223,1220.0,VALID,POORLY_CONSERVED_SITE,True,FINAL,miR-985-3p,POORLY_CONSERVED_SITE,7mer-A1,TARGETSCAN_COUNT_COLUMN,-0.07,-0.36,,Poorly conserved family,1.0,871.0,877.0,FULLY_MAPPED,871.0,877.0,FULLY_MAPPED,1058.0,1059.0,PARTIALLY_GAPPED,,,,,,,,,,,,,,,,,,,,,,,PRIMARY_ORTHOLOGY_UNIT,
Ras85D_EBC_YAK_MIR_0069,Ras85D_HO_00100,D.yakuba,MIRNA_SITE,MIRNA_TARGET,MIRNA_SITE,8mer,TARGETSCAN7::miR-289-5p/972-5p::1::877,TargetScan_redact_for_GPT.xlsx,TargetScan7,32.0,877,884,8,AATATTTA,forward,1223,1230,1226.5,VALID,POORLY_CONSERVED_SITE,True,FINAL,miR-289-5p/972-5p,POORLY_CONSERVED_SITE,8mer,TARGETSCAN_COUNT_COLUMN,-0.19,-1.27,,Poorly conserved family,1.0,877.0,884.0,FULLY_MAPPED,877.0,884.0,FULLY_MAPPED,1059.0,1066.0,FULLY_MAPPED,,,,,,,,,,,,,,,,,,,,,,,PRIMARY_ORTHOLOGY_UNIT,
Ras85D_EBC_YAK_MIR_0070,Ras85D_HO_00056,D.yakuba,MIRNA_SITE,MIRNA_TARGET,MIRNA_SITE,8mer,TARGETSCAN7::miR-1008-5p/2279-5p::1::878,TargetScan_redact_for_GPT.xlsx,TargetScan7,19.0,878,885,8,ATATTTAA,forward,1224,1231,1227.5,VALID,POORLY_CONSERVED_SITE,True,FINAL,miR-1008-5p/2279-5p,POORLY_CONSERVED_SITE,8mer,TARGETSCAN_COUNT_COLUMN,-0.22,-1.67,,Poorly conserved family,1.0,878.0,885.0,FULLY_MAPPED,878.0,885.0,FULLY_MAPPED,1060.0,1067.0,FULLY_MAPPED,,,,,,,,,,,,,,,,,,,,,,,PRIMARY_ORTHOLOGY_UNIT,
Ras85D_EBC_YAK_MIR_0071,Ras85D_HO_00107,D.yakuba,MIRNA_SITE,MIRNA_TARGET,MIRNA_SITE,8mer,TARGETSCAN7::miR-33-3p::1::890,TargetScan_redact_for_GPT.xlsx,TargetScan7,34.0,890,897,8,TTGTATTA,forward,1237,1244,1240.5,VALID,POORLY_CONSERVED_SITE,True,FINAL,miR-33-3p,POORLY_CONSERVED_SITE,8mer,TARGETSCAN_COUNT_COLUMN,-0.18,-1.22,,Poorly conserved family,1.0,890.0,897.0,FULLY_MAPPED,890.0,897.0,FULLY_MAPPED,1073.0,1080.0,FULLY_MAPPED,,,,,,,,,,,,,,,,,,,,,,,PRIMARY_ORTHOLOGY_UNIT,
Ras85D_EBC_YAK_MIR_0072,Ras85D_HO_00165,D.yakuba,MIRNA_SITE,MIRNA_TARGET,MIRNA_SITE,7mer_unspecified_multisite,TARGETSCAN7::miR-983-5p::2::892,TargetScan_redact_for_GPT.xlsx,TargetScan7,52.0,892,898,7,GTATTAA,forward,1239,1245,1242.0,VALID,POORLY_CONSERVED_SITE,True,FINAL,miR-983-5p,POORLY_CONSERVED_SITE,7mer_unspecified_multisite,USER_RULE_MULTIPLE_SITES_ARE_7MER,-0.38,-0.55,,Poorly conserved family,2.0,892.0,898.0,FULLY_MAPPED,892.0,898.0,FULLY_MAPPED,1075.0,1081.0,FULLY_MAPPED,,,,,,,,,,,,,,,,,,,,,,,PRIMARY_ORTHOLOGY_UNIT,
Ras85D_EBC_YAK_MIR_0073,Ras85D_HO_00004,D.yakuba,MIRNA_SITE,MIRNA_TARGET,MIRNA_SITE,7mer_unspecified_multisite,TARGETSCAN7::miR-263a-5p::1::903,TargetScan_redact_for_GPT.xlsx,TargetScan7,4.0,903,909,7,TGCCATA,forward,1250,1256,1253.0,VALID,CONSERVED_SITE,True,FINAL,miR-263a-5p,CONSERVED_SITE,7mer_unspecified_multisite,USER_RULE_MULTIPLE_SITES_ARE_7MER,-0.07,-0.39,0.55,Drosophila,1.0,903.0,909.0,FULLY_MAPPED,903.0,909.0,FULLY_MAPPED,1086.0,1092.0,FULLY_MAPPED,,,,,,,,,,,,,,,,,,,,,,,PRIMARY_ORTHOLOGY_UNIT,
Ras85D_EBC_YAK_MIR_0074,Ras85D_HO_00213,D.yakuba,MIRNA_SITE,MIRNA_TARGET,MIRNA_SITE,7mer-A1,TARGETSCAN7::miR-4909-3p::1::907,TargetScan_redact_for_GPT.xlsx,TargetScan7,73.0,907,913,7,ATACAAA,forward,1254,1260,1257.0,VALID,POORLY_CONSERVED_SITE,True,FINAL,miR-4909-3p,POORLY_CONSERVED_SITE,7mer-A1,TARGETSCAN_COUNT_COLUMN,-0.03,-0.15,N,Poorly conserved family,1.0,907.0,913.0,FULLY_MAPPED,907.0,913.0,FULLY_MAPPED,1090.0,1096.0,FULLY_MAPPED,,,,,,,,,,,,,,,,,,,,,,,PRIMARY_ORTHOLOGY_UNIT,
Ras85D_EBC_YAK_MIR_0075,Ras85D_HO_00122,D.yakuba,MIRNA_SITE,MIRNA_TARGET,MIRNA_SITE,8mer,TARGETSCAN7::miR-4910-5p::1::907,TargetScan_redact_for_GPT.xlsx,TargetScan7,37.0,907,914,8,ATACAAAA,forward,1254,1261,1257.5,VALID,POORLY_CONSERVED_SITE,True,FINAL,miR-4910-5p,POORLY_CONSERVED_SITE,8mer,TARGETSCAN_COUNT_COLUMN,-0.15,-0.95,,Poorly conserved family,1.0,907.0,914.0,FULLY_MAPPED,907.0,914.0,FULLY_MAPPED,1090.0,1097.0,FULLY_MAPPED,,,,,,,,,,,,,,,,,,,,,,,PRIMARY_ORTHOLOGY_UNIT,
Ras85D_EBC_YAK_MIR_0076,Ras85D_HO_00087,D.yakuba,MIRNA_SITE,MIRNA_TARGET,MIRNA_SITE,7mer_unspecified_multisite,TARGETSCAN7::miR-4977-5p::1::912,TargetScan_redact_for_GPT.xlsx,TargetScan7,28.0,912,918,7,AAAAGAA,forward,1259,1265,1262.0,VALID,POORLY_CONSERVED_SITE,True,FINAL,miR-4977-5p,POORLY_CONSERVED_SITE,7mer_unspecified_multisite,USER_RULE_MULTIPLE_SITES_ARE_7MER,-0.78,-1.44,,Poorly conserved family,1.0,912.0,918.0,FULLY_MAPPED,912.0,918.0,FULLY_MAPPED,1095.0,1101.0,FULLY_MAPPED,,,,,,,,,,,,,,,,,,,,,,,PRIMARY_ORTHOLOGY_UNIT,
Ras85D_EBC_YAK_MIR_0077,Ras85D_HO_00119,D.yakuba,MIRNA_SITE,MIRNA_TARGET,MIRNA_SITE,7mer_unspecified_multisite,TARGETSCAN7::miR-4911-3p::1::912,TargetScan_redact_for_GPT.xlsx,TargetScan7,36.0,912,918,7,AAAAGAA,forward,1259,1265,1262.0,VALID,POORLY_CONSERVED_SITE,True,FINAL,miR-4911-3p,POORLY_CONSERVED_SITE,7mer_unspecified_multisite,USER_RULE_MULTIPLE_SITES_ARE_7MER,-0.45,-1.05,,Poorly conserved family,1.0,912.0,918.0,FULLY_MAPPED,912.0,918.0,FULLY_MAPPED,1095.0,1101.0,FULLY_MAPPED,,,,,,,,,,,,,,,,,,,,,,,PRIMARY_ORTHOLOGY_UNIT,
Ras85D_EBC_YAK_MIR_0078,Ras85D_HO_00054,D.yakuba,MIRNA_SITE,MIRNA_TARGET,MIRNA_SITE,7mer_unspecified_multisite,TARGETSCAN7::miR-274-3p/961-3p::2::917,TargetScan_redact_for_GPT.xlsx,TargetScan7,18.0,917,923,7,AAACGAA,forward,1264,1270,1267.0,VALID,POORLY_CONSERVED_SITE,True,FINAL,miR-274-3p/961-3p,POORLY_CONSERVED_SITE,7mer_unspecified_multisite,USER_RULE_MULTIPLE_SITES_ARE_7MER,-1.22,-1.72,,Poorly conserved family,2.0,917.0,923.0,FULLY_MAPPED,917.0,923.0,FULLY_MAPPED,1100.0,1106.0,FULLY_MAPPED,,,,,,,,,,,,,,,,,,,,,,,PRIMARY_ORTHOLOGY_UNIT,
Ras85D_EBC_YAK_MIR_0079,Ras85D_HO_00174,D.yakuba,MIRNA_SITE,MIRNA_TARGET,MIRNA_SITE,7mer-m8,TARGETSCAN7::miR-4943-5p::1::922,TargetScan_redact_for_GPT.xlsx,TargetScan7,56.0,922,928,7,AAATAAA,forward,1269,1275,1272.0,VALID,POORLY_CONSERVED_SITE,True,FINAL,miR-4943-5p,POORLY_CONSERVED_SITE,7mer-m8,TARGETSCAN_COUNT_COLUMN,-0.08,-0.48,,Poorly conserved family,1.0,922.0,928.0,FULLY_MAPPED,922.0,928.0,FULLY_MAPPED,1105.0,1111.0,FULLY_MAPPED,,,,,,,,,,,,,,,,,,,,,,,PRIMARY_ORTHOLOGY_UNIT,
Ras85D_EBC_YAK_MIR_0080,Ras85D_HO_00038,D.yakuba,MIRNA_SITE,MIRNA_TARGET,MIRNA_SITE,7mer-A1,TARGETSCAN7::miR-957-3p::1::957,TargetScan_redact_for_GPT.xlsx,TargetScan7,15.0,957,963,7,GGTTTCA,forward,1304,1310,1307.0,VALID,POORLY_CONSERVED_SITE,True,FINAL,miR-957-3p,POORLY_CONSERVED_SITE,7mer-A1,TARGETSCAN_COUNT_COLUMN,-0.07,-0.22,< 0.1,Drosophila,1.0,957.0,963.0,FULLY_MAPPED,957.0,963.0,FULLY_MAPPED,1139.0,1145.0,FULLY_MAPPED,,,,,,,,,,,,,,,,,,,,,,,PRIMARY_ORTHOLOGY_UNIT,
Ras85D_EBC_YAK_ECM_0001,Ras85D_HO_00216,D.yakuba,ECM,CONSERVATION,ECM,ECM_15,ECM_15,TargetScan_redact_for_GPT.xlsx,ECM и UGUA,2.0,1,30,30,ACGGCCTCGCATTGGTTATTATTCACTTTT,forward,2,31,16.5,VALID,AYGGCCWCGCATWGGTTWTWWTTYWYTTTT,True,FINAL,,,,,,,,,,1.0,30.0,FULLY_MAPPED,1.0,30.0,FULLY_MAPPED,1.0,25.0,PARTIALLY_GAPPED,15.0,AYGGCCWCGCATWGGTTWTWWTTYWYTTTT,graphics ##ECM sign,ECM 15,1.0,True,,,,,,,,,,,,,,,,,PRIMARY_ORTHOLOGY_UNIT,
Ras85D_EBC_YAK_ECM_0002,Ras85D_HO_00219,D.yakuba,ECM,CONSERVATION,ECM,ECM_07,ECM_07,TargetScan_redact_for_GPT.xlsx,ECM и UGUA,3.0,44,73,30,GTCGCCTGTTTGTCTGTATGTGCGTCGGCG,forward,45,74,59.5,VALID,STSKCCTGTTTGTSTGTATGTGHGTSKGYG,True,FINAL,,,,,,,,,,44.0,73.0,FULLY_MAPPED,44.0,73.0,FULLY_MAPPED,38.0,65.0,PARTIALLY_GAPPED,7.0,STSKCCTGTTTGTSTGTATGTGHGTSKGYG,graphics ##ECM sign,ECM 7,0.0,True,,,,,,,,,,,,,,,,,PRIMARY_ORTHOLOGY_UNIT,
Ras85D_EBC_YAK_ECM_0003,Ras85D_HO_00222,D.yakuba,ECM,CONSERVATION,ECM,ECM_10,ECM_10,TargetScan_redact_for_GPT.xlsx,ECM и UGUA,4.0,144,172,29,GGAGCGTGTTGATCGGTGCAATTGTCAGA,forward,195,224,209.5,VALID,GSRSSKKKTWGGTYGGTGCAATTGWYRGR,True,FINAL,,,,,,,,,,144.0,172.0,PARTIALLY_GAPPED,144.0,172.0,PARTIALLY_GAPPED,184.0,213.0,FULLY_MAPPED,10.0,GSRSSKKKTWGGTYGGTGCAATTGWYRGR,graphics ##ECM sign,ECM 10,0.0,False,,,,,,,,,,,,,,,,,PRIMARY_ORTHOLOGY_UNIT,
Ras85D_EBC_YAK_ECM_0004,Ras85D_HO_00225,D.yakuba,ECM,CONSERVATION,ECM,ECM_05,ECM_05,TargetScan_redact_for_GPT.xlsx,ECM и UGUA,5.0,185,214,30,AATTGTAATTAATTTAAGTAACTAGAGTTT,forward,237,266,251.5,VALID,AATTGTAATTAATTTAAGYAACTARAGTTT,True,FINAL,,,,,,,,,,185.0,214.0,FULLY_MAPPED,185.0,214.0,FULLY_MAPPED,225.0,254.0,FULLY_MAPPED,5.0,AATTGTAATTAATTTAAGYAACTARAGTTT,graphics ##ECM sign,ECM 5,3.0,True,,,,,,,,,,,,,,,,,PRIMARY_ORTHOLOGY_UNIT,
Ras85D_EBC_YAK_ECM_0005,Ras85D_HO_00258,D.yakuba,ECM,CONSERVATION,ECM,ECM_11,ECM_11,TargetScan_redact_for_GPT.xlsx,ECM и UGUA,17.0,230,258,29,GATTTTGTGAATGTGTGTGTTTTGTGTCG,forward,283,311,297.0,VALID,GWTTKTGTGRRTGTGTGTGTKYKSWKKYG,True,FINAL,,,,,,,,,,230.0,258.0,FULLY_MAPPED,230.0,258.0,FULLY_MAPPED,270.0,284.0,PARTIALLY_GAPPED,11.0,GWTTKTGTGRRTGTGTGTGTKYKSWKKYG,graphics ##ECM sign,ECM 11,2.0,True,,,,,,,,,,,,,,,,,PRIMARY_ORTHOLOGY_UNIT,
Ras85D_EBC_YAK_ECM_0006,Ras85D_HO_00228,D.yakuba,ECM,CONSERVATION,ECM,ECM_04,ECM_04,TargetScan_redact_for_GPT.xlsx,ECM и UGUA,6.0,259,288,30,TTTGAAAGGCTGCGAGGCGCCCTTTTAAGA,forward,312,341,326.5,VALID,TTTGAAARGCTKYGWGGCGCCCTTTTAAGA,True,FINAL,,,,,,,,,,259.0,288.0,FULLY_MAPPED,259.0,288.0,FULLY_MAPPED,285.0,314.0,FULLY_MAPPED,4.0,TTTGAAARGCTKYGWGGCGCCCTTTTAAGA,graphics ##ECM sign,ECM 4,3.0,True,,,,,,,,,,,,,,,,,PRIMARY_ORTHOLOGY_UNIT,
Ras85D_EBC_YAK_ECM_0007,Ras85D_HO_00261,D.yakuba,ECM,CONSERVATION,ECM,ECM_17,ECM_17,TargetScan_redact_for_GPT.xlsx,ECM и UGUA,18.0,289,317,29,GTATTAACAATAACAAGCAAACAAAAACG,forward,342,370,356.0,VALID,KKMTTRASAATAAMAAGCAAAYARAAWCG,True,FINAL,,,,,,,,,,289.0,317.0,FULLY_MAPPED,289.0,317.0,FULLY_MAPPED,315.0,324.0,PARTIALLY_GAPPED,17.0,KKMTTRASAATAAMAAGCAAAYARAAWCG,graphics ##ECM sign,ECM 17,3.0,True,,,,,,,,,,,,,,,,,PRIMARY_ORTHOLOGY_UNIT,
Ras85D_EBC_YAK_ECM_0008,Ras85D_HO_00263,D.yakuba,ECM,CONSERVATION,ECM,ECM_16,ECM_16,TargetScan_redact_for_GPT.xlsx,ECM и UGUA,19.0,324,352,29,GCAAATCGAAAATGAAAATGAATATGTAC,forward,377,405,391.0,VALID,DCMAAWMGAAAATKRAAATGAAWATKTAMC,True,FINAL,,,,,,,,,,324.0,352.0,FULLY_MAPPED,324.0,352.0,FULLY_MAPPED,325.0,345.0,PARTIALLY_GAPPED,16.0,DCMAAWMGAAAATKRAAATGAAWATKTAMC,graphics ##ECM sign,ECM 16,3.0,False,,,,,,,,,,,,,,,,,PRIMARY_ORTHOLOGY_UNIT,
Ras85D_EBC_YAK_ECM_0009,Ras85D_HO_00231,D.yakuba,ECM,CONSERVATION,ECM,ECM_02,ECM_02,TargetScan_redact_for_GPT.xlsx,ECM и UGUA,7.0,372,401,30,ATACTGTTGTAACTGCCTTGGTTCAGCTGC,forward,425,454,439.5,VALID,ATACTRTTGTAACTGCCTTGGTTMAGCTGC,True,FINAL,,,,,,,,,,372.0,401.0,FULLY_MAPPED,372.0,401.0,FULLY_MAPPED,359.0,388.0,FULLY_MAPPED,2.0,ATACTRTTGTAACTGCCTTGGTTMAGCTGC,graphics ##ECM sign,ECM 2,10.0,True,,,,,,,,,,,,,,,,,PRIMARY_ORTHOLOGY_UNIT,
Ras85D_EBC_YAK_ECM_0010,Ras85D_HO_00234,D.yakuba,ECM,CONSERVATION,ECM,ECM_12,ECM_12,TargetScan_redact_for_GPT.xlsx,ECM и UGUA,8.0,403,432,30,ATATCCGTTTGTTTTCAACCAGCACTTAAC,forward,473,502,487.5,VALID,ATAACCRTTTGTTTTCARYMAGCACDAAAC,True,FINAL,,,,,,,,,,403.0,432.0,FULLY_MAPPED,403.0,432.0,FULLY_MAPPED,407.0,436.0,FULLY_MAPPED,12.0,ATAACCRTTTGTTTTCARYMAGCACDAAAC,graphics ##ECM sign,ECM 12,7.0,False,,,,,,,,,,,,,,,,,PRIMARY_ORTHOLOGY_UNIT,
Ras85D_EBC_YAK_ECM_0011,Ras85D_HO_00237,D.yakuba,ECM,CONSERVATION,ECM,ECM_06,ECM_06,TargetScan_redact_for_GPT.xlsx,ECM и UGUA,9.0,572,601,30,CGCACACACGCACGAGCAGAATTCCATTAG,forward,735,764,749.5,VALID,CRCWCACACGCACRARCAGAATTCCATTAG,True,FINAL,,,,,,,,,,572.0,601.0,FULLY_MAPPED,572.0,601.0,FULLY_MAPPED,639.0,666.0,PARTIALLY_GAPPED,6.0,CRCWCACACGCACRARCAGAATTCCATTAG,graphics ##ECM sign,ECM 6,10.0,True,,,,,,,,,,,,,,,,,PRIMARY_ORTHOLOGY_UNIT,
Ras85D_EBC_YAK_ECM_0012,Ras85D_HO_00240,D.yakuba,ECM,CONSERVATION,ECM,ECM_14,ECM_14,TargetScan_redact_for_GPT.xlsx,ECM и UGUA,10.0,707,736,30,CACATATTTGTGGTGCTACGATGATGAAAT,forward,875,904,889.5,VALID,YAHATTTTTGTGGTGCTAAVWTGAWAAAAT,True,FINAL,,,,,,,,,,707.0,736.0,FULLY_MAPPED,707.0,736.0,FULLY_MAPPED,718.0,747.0,FULLY_MAPPED,14.0,YAHATTTTTGTGGTGCTAAVWTGAWAAAAT,graphics ##ECM sign,ECM 14,10.0,False,,,,,,,,,,,,,,,,,PRIMARY_ORTHOLOGY_UNIT,
Ras85D_EBC_YAK_ECM_0013,Ras85D_HO_00243,D.yakuba,ECM,CONSERVATION,ECM,ECM_13,ECM_13,TargetScan_redact_for_GPT.xlsx,ECM и UGUA,11.0,767,795,29,TTTCTTTCTACTTACCATACTGACAGATC,forward,963,1119,1041.0,VALID,TTTYTTTCTACTTAYCWTACTGACMGAWC,True,FINAL,,,,,,,,,,767.0,795.0,PARTIALLY_GAPPED,767.0,795.0,PARTIALLY_GAPPED,805.0,961.0,FULLY_MAPPED,13.0,TTTYTTTCTACTTAYCWTACTGACMGAWC,graphics ##ECM sign,ECM 13,13.0,True,,,,,,,,,,,,,,,,,PRIMARY_ORTHOLOGY_UNIT,
Ras85D_EBC_YAK_ECM_0014,Ras85D_HO_00246,D.yakuba,ECM,CONSERVATION,ECM,ECM_08,ECM_08,TargetScan_redact_for_GPT.xlsx,ECM и UGUA,12.0,803,832,30,GAGAAAACAAACAGCCAATTAAAATTACAT,forward,1147,1178,1162.5,VALID,KARAMAACAAGCAGCCAATTAMATWTACAT,True,FINAL,,,,,,,,,,803.0,832.0,PARTIALLY_GAPPED,803.0,832.0,PARTIALLY_GAPPED,989.0,1020.0,FULLY_MAPPED,8.0,KARAMAACAAGCAGCCAATTAMATWTACAT,graphics ##ECM sign,ECM 8,7.0,False,,,,,,,,,,,,,,,,,PRIMARY_ORTHOLOGY_UNIT,
Ras85D_EBC_YAK_ECM_0015,Ras85D_HO_00249,D.yakuba,ECM,CONSERVATION,ECM,ECM_01,ECM_01,TargetScan_redact_for_GPT.xlsx,ECM и UGUA,13.0,837,866,30,TAGTTTGCTTTAAGCTTTTTATACATACAT,forward,1183,1212,1197.5,VALID,TAGTTTGCTTTAAGCTTTTTATACATACAT,True,FINAL,,,,,,,,,,837.0,866.0,FULLY_MAPPED,837.0,866.0,FULLY_MAPPED,1024.0,1053.0,FULLY_MAPPED,1.0,TAGTTTGCTTTAAGCTTTTTATACATACAT,graphics ##ECM sign,ECM 1,8.0,True,,,,,,,,,,,,,,,,,PRIMARY_ORTHOLOGY_UNIT,
Ras85D_EBC_YAK_ECM_0016,Ras85D_HO_00252,D.yakuba,ECM,CONSERVATION,ECM,ECM_03,ECM_03,TargetScan_redact_for_GPT.xlsx,ECM и UGUA,14.0,888,917,30,TTTTGTATTAATTTTTGCCATACAAAAAGA,forward,1235,1264,1249.5,VALID,TTTTGTATTAATTTTTGCCATACAAAAAGG,True,FINAL,,,,,,,,,,888.0,917.0,FULLY_MAPPED,888.0,917.0,FULLY_MAPPED,1071.0,1100.0,FULLY_MAPPED,3.0,TTTTGTATTAATTTTTGCCATACAAAAAGG,graphics ##ECM sign,ECM 3,10.0,False,,,,,,,,,,,,,,,,,PRIMARY_ORTHOLOGY_UNIT,
Ras85D_EBC_YAK_ECM_0017,Ras85D_HO_00255,D.yakuba,ECM,CONSERVATION,ECM,ECM_09,ECM_09,TargetScan_redact_for_GPT.xlsx,ECM и UGUA,15.0,919,948,30,ACGAAATAAATCGATTGTGTGTACTATTTA,forward,1266,1295,1280.5,VALID,AMGWAATAAATCRATTGTGTGTACTATTTA,True,FINAL,,,,,,,,,,919.0,948.0,FULLY_MAPPED,919.0,948.0,FULLY_MAPPED,1102.0,1130.0,PARTIALLY_GAPPED,9.0,AMGWAATAAATCRATTGTGTGTACTATTTA,graphics ##ECM sign,ECM 9,11.0,True,,,,,,,,,,,,,,,,,PRIMARY_ORTHOLOGY_UNIT,
Ras85D_EBC_YAK_UGUA_0001,Ras85D_HO_00265,D.yakuba,UGUA,POLYA_REGULATION,UGUA,UGUA,D.yakuba_UGUA_AUTH_001,TargetScan_redact_for_GPT.xlsx,ECM и UGUA,22.0,58,61,4,TGTA,forward,59,62,60.5,VALID,UGUA,True,FINAL,,,,,,,,,,58.0,61.0,FULLY_MAPPED,58.0,61.0,FULLY_MAPPED,50.0,53.0,FULLY_MAPPED,,,,,,,True,,,,,,,,,,,,,,,,PRIMARY_ORTHOLOGY_UNIT,
Ras85D_EBC_YAK_UGUA_0002,Ras85D_HO_00269,D.yakuba,UGUA,POLYA_REGULATION,UGUA,UGUA,D.yakuba_UGUA_AUTH_002,TargetScan_redact_for_GPT.xlsx,ECM и UGUA,24.0,188,191,4,TGTA,forward,240,243,241.5,VALID,UGUA,True,FINAL,,,,,,,,,,188.0,191.0,FULLY_MAPPED,188.0,191.0,FULLY_MAPPED,228.0,231.0,FULLY_MAPPED,,,,,,,True,,,,,,,,,,,,,,,,PRIMARY_ORTHOLOGY_UNIT,
Ras85D_EBC_YAK_UGUA_0003,Ras85D_HO_00272,D.yakuba,UGUA,POLYA_REGULATION,UGUA,UGUA,D.yakuba_UGUA_AUTH_003,TargetScan_redact_for_GPT.xlsx,ECM и UGUA,25.0,217,220,4,TGTA,forward,270,273,271.5,VALID,UGUA,True,FINAL,,,,,,,,,,217.0,220.0,FULLY_MAPPED,217.0,220.0,FULLY_MAPPED,258.0,261.0,FULLY_MAPPED,,,,,,,True,,,,,,,,,,,,,,,,PRIMARY_ORTHOLOGY_UNIT,
Ras85D_EBC_YAK_UGUA_0004,Ras85D_HO_00275,D.yakuba,UGUA,POLYA_REGULATION,UGUA,UGUA,D.yakuba_UGUA_AUTH_004,TargetScan_redact_for_GPT.xlsx,ECM и UGUA,26.0,348,351,4,TGTA,forward,401,404,402.5,VALID,UGUA,True,FINAL,,,,,,,,,,348.0,351.0,FULLY_MAPPED,348.0,351.0,FULLY_MAPPED,342.0,345.0,FULLY_MAPPED,,,,,,,True,,,,,,,,,,,,,,,,PRIMARY_ORTHOLOGY_UNIT,
Ras85D_EBC_YAK_UGUA_0005,Ras85D_HO_00278,D.yakuba,UGUA,POLYA_REGULATION,UGUA,UGUA,D.yakuba_UGUA_AUTH_005,TargetScan_redact_for_GPT.xlsx,ECM и UGUA,28.0,379,382,4,TGTA,forward,432,435,433.5,VALID,UGUA,True,FINAL,,,,,,,,,,379.0,382.0,FULLY_MAPPED,379.0,382.0,FULLY_MAPPED,366.0,369.0,FULLY_MAPPED,,,,,,,True,,,,,,,,,,,,,,,,PRIMARY_ORTHOLOGY_UNIT,
Ras85D_EBC_YAK_UGUA_0006,Ras85D_HO_00282,D.yakuba,UGUA,POLYA_REGULATION,UGUA,UGUA,D.yakuba_UGUA_AUTH_006,TargetScan_redact_for_GPT.xlsx,ECM и UGUA,30.0,449,452,4,TGTA,forward,519,522,520.5,VALID,UGUA,True,FINAL,,,,,,,,,,449.0,452.0,FULLY_MAPPED,449.0,452.0,FULLY_MAPPED,453.0,456.0,FULLY_MAPPED,,,,,,,True,,,,,,,,,,,,,,,,PRIMARY_ORTHOLOGY_UNIT,
Ras85D_EBC_YAK_UGUA_0007,Ras85D_HO_00285,D.yakuba,UGUA,POLYA_REGULATION,UGUA,UGUA,D.yakuba_UGUA_AUTH_007,TargetScan_redact_for_GPT.xlsx,ECM и UGUA,32.0,490,493,4,TGTA,forward,561,564,562.5,VALID,UGUA,True,FINAL,,,,,,,,,,490.0,493.0,FULLY_MAPPED,490.0,493.0,FULLY_MAPPED,483.0,484.0,PARTIALLY_GAPPED,,,,,,,True,,,,,,,,,,,,,,,,PRIMARY_ORTHOLOGY_UNIT,
Ras85D_EBC_YAK_UGUA_0008,Ras85D_HO_00291,D.yakuba,UGUA,POLYA_REGULATION,UGUA,UGUA,D.yakuba_UGUA_AUTH_008,TargetScan_redact_for_GPT.xlsx,ECM и UGUA,36.0,891,894,4,TGTA,forward,1238,1241,1239.5,VALID,UGUA,True,FINAL,,,,,,,,,,891.0,894.0,FULLY_MAPPED,891.0,894.0,FULLY_MAPPED,1074.0,1077.0,FULLY_MAPPED,,,,,,,True,,,,,,,,,,,,,,,,PRIMARY_ORTHOLOGY_UNIT,
Ras85D_EBC_YAK_UGUA_0009,Ras85D_HO_00294,D.yakuba,UGUA,POLYA_REGULATION,UGUA,UGUA,D.yakuba_UGUA_AUTH_009,TargetScan_redact_for_GPT.xlsx,ECM и UGUA,37.0,938,941,4,TGTA,forward,1285,1288,1286.5,VALID,UGUA,True,FINAL,,,,,,,,,,938.0,941.0,FULLY_MAPPED,938.0,941.0,FULLY_MAPPED,1121.0,1124.0,FULLY_MAPPED,,,,,,,True,,,,,,,,,,,,,,,,PRIMARY_ORTHOLOGY_UNIT,
Ras85D_EBC_YAK_PAS_0001,Ras85D_HO_00334,D.yakuba,PAS,POLYA_REGULATION,PAS,1.5,D.yakuba_PAS_002,29A_2_01A_Structural_Mapping,A_functional_element_intervals.csv,,171,176,6,GATAAA,forward,223,228,225.5,VALID,1.5,True,FINAL,,,,,,,,,,171.0,176.0,FULLY_MAPPED,171.0,176.0,FULLY_MAPPED,212.0,217.0,FULLY_MAPPED,,,,,,,,4.0,,,,,,,,,,,,,,,PRIMARY_ORTHOLOGY_UNIT,
Ras85D_EBC_YAK_PAS_0002,Ras85D_HO_00335,D.yakuba,PAS,POLYA_REGULATION,PAS,2.5,D.yakuba_PAS_004,29A_2_01A_Structural_Mapping,A_functional_element_intervals.csv,,334,345,12,AATGAAAATGAA,forward,387,398,392.5,VALID,2.5,True,FINAL,,,,,,,,,,334.0,345.0,FULLY_MAPPED,334.0,345.0,FULLY_MAPPED,329.0,339.0,PARTIALLY_GAPPED,,,,,,,,4.0,,,,,,,,,,,,,,,PRIMARY_ORTHOLOGY_UNIT,
Ras85D_EBC_YAK_PAS_0003,Ras85D_HO_00336,D.yakuba,PAS,POLYA_REGULATION,PAS,2.5,D.yakuba_PAS_006,29A_2_01A_Structural_Mapping,A_functional_element_intervals.csv,,358,363,6,CATAAA,forward,411,416,413.5,VALID,2.5,True,FINAL,,,,,,,,,,358.0,363.0,FULLY_MAPPED,358.0,363.0,FULLY_MAPPED,348.0,350.0,PARTIALLY_GAPPED,,,,,,,,4.0,,,,,,,,,,,,,,,PRIMARY_ORTHOLOGY_UNIT,
Ras85D_EBC_YAK_PAS_0004,Ras85D_HO_00337,D.yakuba,PAS,POLYA_REGULATION,PAS,1.5,D.yakuba_PAS_008,29A_2_01A_Structural_Mapping,A_functional_element_intervals.csv,,367,371,5,TATGA,forward,420,424,422.0,VALID,1.5,True,FINAL,,,,,,,,,,367.0,371.0,FULLY_MAPPED,367.0,371.0,FULLY_MAPPED,354.0,358.0,FULLY_MAPPED,,,,,,,,4.0,,,,,,,,,,,,,,,PRIMARY_ORTHOLOGY_UNIT,
Ras85D_EBC_YAK_PAS_0005,Ras85D_HO_00338,D.yakuba,PAS,POLYA_REGULATION,PAS,1.5,D.yakuba_PAS_010,29A_2_01A_Structural_Mapping,A_functional_element_intervals.csv,,490,495,6,TGTAAA,forward,561,566,563.5,VALID,1.5,True,FINAL,,,,,,,,,,490.0,495.0,FULLY_MAPPED,490.0,495.0,FULLY_MAPPED,483.0,484.0,PARTIALLY_GAPPED,,,,,,,,4.0,,,,,,,,,,,,,,,PRIMARY_ORTHOLOGY_UNIT,
Ras85D_EBC_YAK_PAS_0006,Ras85D_HO_00339,D.yakuba,PAS,POLYA_REGULATION,PAS,2.5,D.yakuba_PAS_012,29A_2_01A_Structural_Mapping,A_functional_element_intervals.csv,,553,558,6,CATAAA,forward,654,659,656.5,VALID,2.5,True,FINAL,,,,,,,,,,553.0,558.0,FULLY_MAPPED,553.0,558.0,FULLY_MAPPED,565.0,568.0,PARTIALLY_GAPPED,,,,,,,,4.0,,,,,,,,,,,,,,,PRIMARY_ORTHOLOGY_UNIT,
Ras85D_EBC_YAK_PAS_0007,Ras85D_HO_00340,D.yakuba,PAS,POLYA_REGULATION,PAS,1.5,D.yakuba_PAS_014,29A_2_01A_Structural_Mapping,A_functional_element_intervals.csv,,729,734,6,GATGAA,forward,897,902,899.5,VALID,1.5,True,FINAL,,,,,,,,,,729.0,734.0,FULLY_MAPPED,729.0,734.0,FULLY_MAPPED,740.0,745.0,FULLY_MAPPED,,,,,,,,4.0,,,,,,,,,,,,,,,PRIMARY_ORTHOLOGY_UNIT,
Ras85D_EBC_YAK_PAS_0008,Ras85D_HO_00341,D.yakuba,PAS,POLYA_REGULATION,PAS,2.5,D.yakuba_PAS_016,29A_2_01A_Structural_Mapping,A_functional_element_intervals.csv,,820,825,6,ATTAAA,forward,1166,1171,1168.5,VALID,2.5,True,FINAL,,,,,,,,,,820.0,825.0,FULLY_MAPPED,820.0,825.0,FULLY_MAPPED,1008.0,1013.0,FULLY_MAPPED,,,,,,,,4.0,,,,,,,,,,,,,,,PRIMARY_ORTHOLOGY_UNIT,
Ras85D_EBC_YAK_PAS_0009,Ras85D_HO_00342,D.yakuba,PAS,POLYA_REGULATION,PAS,3.5,D.yakuba_PAS_018,29A_2_01A_Structural_Mapping,A_functional_element_intervals.csv,,923,928,6,AATAAA,forward,1270,1275,1272.5,VALID,3.5,True,FINAL,,,,,,,,,,923.0,928.0,FULLY_MAPPED,923.0,928.0,FULLY_MAPPED,1106.0,1111.0,FULLY_MAPPED,,,,,,,,4.0,,,,,,,,,,,,,,,PRIMARY_ORTHOLOGY_UNIT,
Ras85D_EBC_YAK_CLV_0001,Ras85D_HO_00343,D.yakuba,CLEAVAGE,POLYA_REGULATION,CLEAVAGE,weak,D.yakuba_CLEAVAGE_001,29A_2_01A_Structural_Mapping,A_functional_element_intervals.csv,,5,5,1,C,forward,6,6,6.0,VALID,cl_site_w,True,FINAL,,,,,,,,,,5.0,5.0,FULLY_MAPPED,5.0,5.0,FULLY_MAPPED,5.0,5.0,FULLY_MAPPED,,,,,,,,4.0,,,,,,,,,,,,,,,PRIMARY_ORTHOLOGY_UNIT,
Ras85D_EBC_YAK_CLV_0002,Ras85D_HO_00344,D.yakuba,CLEAVAGE,POLYA_REGULATION,CLEAVAGE,weak,D.yakuba_CLEAVAGE_002,29A_2_01A_Structural_Mapping,A_functional_element_intervals.csv,,225,225,1,G,forward,278,278,278.0,VALID,cl_site_w,True,FINAL,,,,,,,,,,225.0,225.0,FULLY_MAPPED,225.0,225.0,FULLY_MAPPED,266.0,266.0,FULLY_MAPPED,,,,,,,,4.0,,,,,,,,,,,,,,,PRIMARY_ORTHOLOGY_UNIT,
Ras85D_EBC_YAK_CLV_0003,Ras85D_HO_00345,D.yakuba,CLEAVAGE,POLYA_REGULATION,CLEAVAGE,strong,D.yakuba_CLEAVAGE_003,29A_2_01A_Structural_Mapping,A_functional_element_intervals.csv,,337,337,1,G,forward,390,390,390.0,VALID,cl_site_s,True,FINAL,,,,,,,,,,337.0,337.0,FULLY_MAPPED,337.0,337.0,FULLY_MAPPED,332.0,332.0,FULLY_MAPPED,,,,,,,,4.0,,,,,,,,,,,,,,,PRIMARY_ORTHOLOGY_UNIT,
Ras85D_EBC_YAK_CLV_0004,Ras85D_HO_00346,D.yakuba,CLEAVAGE,POLYA_REGULATION,CLEAVAGE,strong,D.yakuba_CLEAVAGE_004,29A_2_01A_Structural_Mapping,A_functional_element_intervals.csv,,367,367,1,T,forward,420,420,420.0,VALID,cl_site_s,True,FINAL,,,,,,,,,,367.0,367.0,FULLY_MAPPED,367.0,367.0,FULLY_MAPPED,354.0,354.0,FULLY_MAPPED,,,,,,,,4.0,,,,,,,,,,,,,,,PRIMARY_ORTHOLOGY_UNIT,
Ras85D_EBC_YAK_CLV_0005,Ras85D_HO_00347,D.yakuba,CLEAVAGE,POLYA_REGULATION,CLEAVAGE,weak,D.yakuba_CLEAVAGE_005,29A_2_01A_Structural_Mapping,A_functional_element_intervals.csv,,513,513,1,T,forward,584,584,584.0,VALID,cl_site_w,True,FINAL,,,,,,,,,,513.0,513.0,FULLY_MAPPED,513.0,513.0,FULLY_MAPPED,497.0,497.0,FULLY_MAPPED,,,,,,,,4.0,,,,,,,,,,,,,,,PRIMARY_ORTHOLOGY_UNIT,
Ras85D_EBC_YAK_CLV_0006,Ras85D_HO_00348,D.yakuba,CLEAVAGE,POLYA_REGULATION,CLEAVAGE,weak,D.yakuba_CLEAVAGE_006,29A_2_01A_Structural_Mapping,A_functional_element_intervals.csv,,576,576,1,C,forward,739,739,739.0,VALID,cl_site_w,True,FINAL,,,,,,,,,,576.0,576.0,FULLY_MAPPED,576.0,576.0,FULLY_MAPPED,641.0,641.0,FULLY_MAPPED,,,,,,,,4.0,,,,,,,,,,,,,,,PRIMARY_ORTHOLOGY_UNIT,
Ras85D_EBC_YAK_CLV_0007,Ras85D_HO_00349,D.yakuba,CLEAVAGE,POLYA_REGULATION,CLEAVAGE,weak,D.yakuba_CLEAVAGE_007,29A_2_01A_Structural_Mapping,A_functional_element_intervals.csv,,757,757,1,G,forward,945,945,945.0,VALID,cl_site_w,True,FINAL,,,,,,,,,,757.0,757.0,FULLY_MAPPED,757.0,757.0,FULLY_MAPPED,787.0,787.0,FULLY_MAPPED,,,,,,,,4.0,,,,,,,,,,,,,,,PRIMARY_ORTHOLOGY_UNIT,
Ras85D_EBC_YAK_CLV_0008,Ras85D_HO_00350,D.yakuba,CLEAVAGE,POLYA_REGULATION,CLEAVAGE,strong,D.yakuba_CLEAVAGE_008,29A_2_01A_Structural_Mapping,A_functional_element_intervals.csv,,947,947,1,T,forward,1294,1294,1294.0,VALID,cl_site_s,True,FINAL,,,,,,,,,,947.0,947.0,FULLY_MAPPED,947.0,947.0,FULLY_MAPPED,1129.0,1129.0,FULLY_MAPPED,,,,,,,,4.0,,,,,,,,,,,,,,,PRIMARY_ORTHOLOGY_UNIT,
Ras85D_EBC_YAK_DSE_0001,Ras85D_HO_00324,D.yakuba,DSE,POLYA_REGULATION,DSE,down-st,D.yakuba_DSE_001,29A_2_01A_Structural_Mapping,A_functional_element_intervals.csv,,27,33,7,TTTTTAT,forward,28,34,31.0,VALID,down-st,True,FINAL,,,,,,,,,,27.0,33.0,FULLY_MAPPED,27.0,33.0,FULLY_MAPPED,22.0,28.0,FULLY_MAPPED,,,,,,,,4.0,,,,,,,,,,,,,,,PRIMARY_ORTHOLOGY_UNIT,POLYU
Ras85D_EBC_YAK_DSE_0002,Ras85D_HO_00325,D.yakuba,DSE,POLYA_REGULATION,DSE,down-st,D.yakuba_DSE_002,29A_2_01A_Structural_Mapping,A_functional_element_intervals.csv,,149,152,4,GTGT,forward,200,203,201.5,VALID,down-st,True,FINAL,,,,,,,,,,149.0,152.0,FULLY_MAPPED,149.0,152.0,FULLY_MAPPED,189.0,192.0,FULLY_MAPPED,,,,,,,,4.0,,,,,,,,,,,,,,,PRIMARY_ORTHOLOGY_UNIT,GU_REPEAT
Ras85D_EBC_YAK_DSE_0003,Ras85D_HO_00326,D.yakuba,DSE,POLYA_REGULATION,DSE,down-st,D.yakuba_DSE_003,29A_2_01A_Structural_Mapping,A_functional_element_intervals.csv,,242,249,8,GTGTGTGT,forward,295,302,298.5,VALID,down-st,True,FINAL,,,,,,,,,,242.0,249.0,FULLY_MAPPED,242.0,249.0,FULLY_MAPPED,276.0,283.0,FULLY_MAPPED,,,,,,,,4.0,,,,,,,,,,,,,,,PRIMARY_ORTHOLOGY_UNIT,GU_REPEAT
Ras85D_EBC_YAK_DSE_0004,Ras85D_HO_00327,D.yakuba,DSE,POLYA_REGULATION,DSE,down-st,D.yakuba_DSE_004,29A_2_01A_Structural_Mapping,A_functional_element_intervals.csv,,253,256,4,GTGT,forward,306,309,307.5,VALID,down-st,True,FINAL,,,,,,,,,,253.0,256.0,FULLY_MAPPED,253.0,256.0,FULLY_MAPPED,,,ABSENT_IN_TARGET,,,,,,,,4.0,,,,,,,,,,,,,,,PRIMARY_ORTHOLOGY_UNIT,GU_REPEAT
Ras85D_EBC_YAK_DSE_0005,Ras85D_HO_00328,D.yakuba,DSE,POLYA_REGULATION,DSE,down-st,D.yakuba_DSE_005,29A_2_01A_Structural_Mapping,A_functional_element_intervals.csv,,509,513,5,TTTTT,forward,580,584,582.0,VALID,down-st,True,FINAL,,,,,,,,,,509.0,513.0,FULLY_MAPPED,509.0,513.0,FULLY_MAPPED,493.0,497.0,FULLY_MAPPED,,,,,,,,4.0,,,,,,,,,,,,,,,PRIMARY_ORTHOLOGY_UNIT,POLYU
Ras85D_EBC_YAK_DSE_0006,Ras85D_HO_00329,D.yakuba,DSE,POLYA_REGULATION,DSE,down-st,D.yakuba_DSE_006,29A_2_01A_Structural_Mapping,A_functional_element_intervals.csv,,566,571,6,TTTTTT,forward,667,672,669.5,VALID,down-st,True,FINAL,,,,,,,,,,566.0,571.0,FULLY_MAPPED,566.0,571.0,FULLY_MAPPED,571.0,576.0,FULLY_MAPPED,,,,,,,,4.0,,,,,,,,,,,,,,,PRIMARY_ORTHOLOGY_UNIT,POLYU
Ras85D_EBC_YAK_DSE_0007,Ras85D_HO_00330,D.yakuba,DSE,POLYA_REGULATION,DSE,down-st,D.yakuba_DSE_007,29A_2_01A_Structural_Mapping,A_functional_element_intervals.csv,,852,858,7,TTTTTAT,forward,1198,1204,1201.0,VALID,down-st,True,FINAL,,,,,,,,,,852.0,858.0,FULLY_MAPPED,852.0,858.0,FULLY_MAPPED,1039.0,1045.0,FULLY_MAPPED,,,,,,,,4.0,,,,,,,,,,,,,,,PRIMARY_ORTHOLOGY_UNIT,POLYU
Ras85D_EBC_YAK_DSE_0008,Ras85D_HO_00331,D.yakuba,DSE,POLYA_REGULATION,DSE,down-st,D.yakuba_DSE_008,29A_2_01A_Structural_Mapping,A_functional_element_intervals.csv,,886,891,6,TTTTTT,forward,1233,1238,1235.5,VALID,down-st,True,FINAL,,,,,,,,,,886.0,891.0,FULLY_MAPPED,886.0,891.0,FULLY_MAPPED,1069.0,1074.0,FULLY_MAPPED,,,,,,,,4.0,,,,,,,,,,,,,,,PRIMARY_ORTHOLOGY_UNIT,POLYU
Ras85D_EBC_YAK_DSE_0009,Ras85D_HO_00332,D.yakuba,DSE,POLYA_REGULATION,DSE,down-st,D.yakuba_DSE_009,29A_2_01A_Structural_Mapping,A_functional_element_intervals.csv,,899,903,5,TTTTT,forward,1246,1250,1248.0,VALID,down-st,True,FINAL,,,,,,,,,,899.0,903.0,FULLY_MAPPED,899.0,903.0,FULLY_MAPPED,1082.0,1086.0,FULLY_MAPPED,,,,,,,,4.0,,,,,,,,,,,,,,,PRIMARY_ORTHOLOGY_UNIT,POLYU
Ras85D_EBC_YAK_DSE_0010,Ras85D_HO_00333,D.yakuba,DSE,POLYA_REGULATION,DSE,down-st,D.yakuba_DSE_010,29A_2_01A_Structural_Mapping,A_functional_element_intervals.csv,,935,940,6,GTGTGT,forward,1282,1287,1284.5,VALID,down-st,True,FINAL,,,,,,,,,,935.0,940.0,FULLY_MAPPED,935.0,940.0,FULLY_MAPPED,1118.0,1123.0,FULLY_MAPPED,,,,,,,,4.0,,,,,,,,,,,,,,,PRIMARY_ORTHOLOGY_UNIT,GU_REPEAT
Ras85D_EBC_VIR_MIR_0001,Ras85D_HO_00005,D.virilis,MIRNA_SITE,MIRNA_TARGET,MIRNA_SITE,7mer_unspecified_multisite,TARGETSCAN7::miR-263a-5p::1::77,TargetScan_redact_for_GPT.xlsx,TargetScan7,4.0,77,83,7,TGCCATA,forward,87,93,90.0,VALID,CONSERVED_SITE,True,FINAL,miR-263a-5p,CONSERVED_SITE,7mer_unspecified_multisite,USER_RULE_MULTIPLE_SITES_ARE_7MER,-0.07,-0.39,0.55,Drosophila,1.0,86.0,92.0,FULLY_MAPPED,86.0,92.0,FULLY_MAPPED,77.0,83.0,FULLY_MAPPED,,,,,,,,,,,,,,,,,,,,,,,PRIMARY_ORTHOLOGY_UNIT,
Ras85D_EBC_VIR_MIR_0002,Ras85D_HO_00146,D.virilis,MIRNA_SITE,MIRNA_TARGET,MIRNA_SITE,7mer-m8,TARGETSCAN7::miR-4953-3p::1::81,TargetScan_redact_for_GPT.xlsx,TargetScan7,46.0,81,87,7,ATAAAAA,forward,91,97,94.0,VALID,POORLY_CONSERVED_SITE,True,FINAL,miR-4953-3p,POORLY_CONSERVED_SITE,7mer-m8,TARGETSCAN_COUNT_COLUMN,-0.35,-0.72,,Poorly conserved family,1.0,90.0,93.0,PARTIALLY_GAPPED,90.0,93.0,PARTIALLY_GAPPED,81.0,87.0,FULLY_MAPPED,,,,,,,,,,,,,,,,,,,,,,,PRIMARY_ORTHOLOGY_UNIT,
Ras85D_EBC_VIR_MIR_0003,Ras85D_HO_00015,D.virilis,MIRNA_SITE,MIRNA_TARGET,MIRNA_SITE,7mer_unspecified_multisite,TARGETSCAN7::miR-210-3p.1::1::140,TargetScan_redact_for_GPT.xlsx,TargetScan7,7.0,140,146,7,CGCACAA,forward,150,156,153.0,VALID,CONSERVED_SITE,True,FINAL,miR-210-3p.1,CONSERVED_SITE,7mer_unspecified_multisite,USER_RULE_MULTIPLE_SITES_ARE_7MER,-0.25,-1.16,0.35,Drosophila,1.0,114.0,116.0,PARTIALLY_GAPPED,114.0,116.0,PARTIALLY_GAPPED,140.0,146.0,FULLY_MAPPED,,,,,,,,,,,,,,,,,,,,,,,PRIMARY_ORTHOLOGY_UNIT,
Ras85D_EBC_VIR_MIR_0004,Ras85D_HO_00019,D.virilis,MIRNA_SITE,MIRNA_TARGET,MIRNA_SITE,7mer_unspecified_multisite,TARGETSCAN7::miR-210-3p.2::1::140,TargetScan_redact_for_GPT.xlsx,TargetScan7,8.0,140,146,7,CGCACAA,forward,150,156,153.0,VALID,POORLY_CONSERVED_SITE,True,FINAL,miR-210-3p.2,POORLY_CONSERVED_SITE,7mer_unspecified_multisite,USER_RULE_MULTIPLE_SITES_ARE_7MER,-0.12,-0.46,0.28,Drosophila,1.0,114.0,116.0,PARTIALLY_GAPPED,114.0,116.0,PARTIALLY_GAPPED,140.0,146.0,FULLY_MAPPED,,,,,,,,,,,,,,,,,,,,,,,PRIMARY_ORTHOLOGY_UNIT,
Ras85D_EBC_VIR_MIR_0005,Ras85D_HO_00115,D.virilis,MIRNA_SITE,MIRNA_TARGET,MIRNA_SITE,7mer_unspecified_multisite,TARGETSCAN7::miR-9384-3p::1::159,TargetScan_redact_for_GPT.xlsx,TargetScan7,35.0,159,165,7,ACACACA,forward,170,176,173.0,VALID,POORLY_CONSERVED_SITE,True,FINAL,miR-9384-3p,POORLY_CONSERVED_SITE,7mer_unspecified_multisite,USER_RULE_MULTIPLE_SITES_ARE_7MER,-1.02,-1.06,,Poorly conserved family,1.0,129.0,135.0,FULLY_MAPPED,129.0,135.0,FULLY_MAPPED,159.0,165.0,FULLY_MAPPED,,,,,,,,,,,,,,,,,,,,,,,PRIMARY_ORTHOLOGY_UNIT,
Ras85D_EBC_VIR_MIR_0006,Ras85D_HO_00116,D.virilis,MIRNA_SITE,MIRNA_TARGET,MIRNA_SITE,7mer_unspecified_multisite,TARGETSCAN7::miR-9384-3p::2::163,TargetScan_redact_for_GPT.xlsx,TargetScan7,35.0,163,169,7,ACACACC,forward,174,180,177.0,VALID,POORLY_CONSERVED_SITE,True,FINAL,miR-9384-3p,POORLY_CONSERVED_SITE,7mer_unspecified_multisite,USER_RULE_MULTIPLE_SITES_ARE_7MER,-1.02,-1.06,,Poorly conserved family,2.0,133.0,139.0,FULLY_MAPPED,133.0,139.0,FULLY_MAPPED,163.0,169.0,FULLY_MAPPED,,,,,,,,,,,,,,,,,,,,,,,PRIMARY_ORTHOLOGY_UNIT,
Ras85D_EBC_VIR_MIR_0007,Ras85D_HO_00012,D.virilis,MIRNA_SITE,MIRNA_TARGET,MIRNA_SITE,7mer-m8,TARGETSCAN7::miR-92a-3p/92b-3p/310-3p/311-3p/312-3p/313-3p::1::200,TargetScan_redact_for_GPT.xlsx,TargetScan7,6.0,200,206,7,GTGCAAT,forward,211,217,214.0,VALID,CONSERVED_SITE,True,FINAL,miR-92a-3p/92b-3p/310-3p/311-3p/312-3p/313-3p,CONSERVED_SITE,7mer-m8,TARGETSCAN_COUNT_COLUMN,-0.81,-0.84,0.37,Drosophila,1.0,159.0,165.0,FULLY_MAPPED,159.0,165.0,FULLY_MAPPED,200.0,206.0,FULLY_MAPPED,,,,,,,,,,,,,,,,,,,,,,,PRIMARY_ORTHOLOGY_UNIT,
Ras85D_EBC_VIR_MIR_0008,Ras85D_HO_00032,D.virilis,MIRNA_SITE,MIRNA_TARGET,MIRNA_SITE,7mer-A1,TARGETSCAN7::miR-375-3p::1::219,TargetScan_redact_for_GPT.xlsx,TargetScan7,12.0,219,225,7,GAACAAA,forward,230,237,233.5,VALID,POORLY_CONSERVED_SITE,True,FINAL,miR-375-3p,POORLY_CONSERVED_SITE,7mer-A1,TARGETSCAN_COUNT_COLUMN,-0.13,-0.51,0.2,Drosophila,1.0,178.0,185.0,FULLY_MAPPED,178.0,185.0,FULLY_MAPPED,219.0,225.0,PARTIALLY_GAPPED,,,,,,,,,,,,,,,,,,,,,,,PRIMARY_ORTHOLOGY_UNIT,
Ras85D_EBC_VIR_MIR_0009,Ras85D_HO_00190,D.virilis,MIRNA_SITE,MIRNA_TARGET,MIRNA_SITE,7mer_unspecified_multisite,TARGETSCAN7::miR-9c-3p::1::291,TargetScan_redact_for_GPT.xlsx,TargetScan7,62.0,291,297,7,AAGCTTT,forward,318,324,321.0,VALID,POORLY_CONSERVED_SITE,True,FINAL,miR-9c-3p,POORLY_CONSERVED_SITE,7mer_unspecified_multisite,USER_RULE_MULTIPLE_SITES_ARE_7MER,-0.06,-0.3,,Poorly conserved family,1.0,265.0,271.0,FULLY_MAPPED,265.0,271.0,FULLY_MAPPED,291.0,297.0,FULLY_MAPPED,,,,,,,,,,,,,,,,,,,,,,,PRIMARY_ORTHOLOGY_UNIT,
Ras85D_EBC_VIR_MIR_0010,Ras85D_HO_00065,D.virilis,MIRNA_SITE,MIRNA_TARGET,MIRNA_SITE,7mer-A1,TARGETSCAN7::miR-1013-3p::1::306,TargetScan_redact_for_GPT.xlsx,TargetScan7,22.0,306,312,7,CTTTTAA,forward,333,339,336.0,VALID,POORLY_CONSERVED_SITE,True,FINAL,miR-1013-3p,POORLY_CONSERVED_SITE,7mer-A1,TARGETSCAN_COUNT_COLUMN,-0.5,-0.54,,Poorly conserved family,1.0,280.0,286.0,FULLY_MAPPED,280.0,286.0,FULLY_MAPPED,306.0,312.0,FULLY_MAPPED,,,,,,,,,,,,,,,,,,,,,,,PRIMARY_ORTHOLOGY_UNIT,
Ras85D_EBC_VIR_MIR_0011,Ras85D_HO_00187,D.virilis,MIRNA_SITE,MIRNA_TARGET,MIRNA_SITE,7mer-A1,TARGETSCAN7::miR-999-5p::1::352,TargetScan_redact_for_GPT.xlsx,TargetScan7,61.0,352,358,7,ACTATGA,forward,418,424,421.0,VALID,POORLY_CONSERVED_SITE,True,FINAL,miR-999-5p,POORLY_CONSERVED_SITE,7mer-A1,TARGETSCAN_COUNT_COLUMN,-0.12,-0.32,,Poorly conserved family,1.0,365.0,371.0,FULLY_MAPPED,365.0,371.0,FULLY_MAPPED,352.0,358.0,FULLY_MAPPED,,,,,,,,,,,,,,,,,,,,,,,PRIMARY_ORTHOLOGY_UNIT,
Ras85D_EBC_VIR_MIR_0012,Ras85D_HO_00159,D.virilis,MIRNA_SITE,MIRNA_TARGET,MIRNA_SITE,7mer_unspecified_multisite,TARGETSCAN7::miR-9371-3p::1::355,TargetScan_redact_for_GPT.xlsx,TargetScan7,50.0,355,361,7,ATGAATA,forward,421,427,424.0,VALID,POORLY_CONSERVED_SITE,True,FINAL,miR-9371-3p,POORLY_CONSERVED_SITE,7mer_unspecified_multisite,USER_RULE_MULTIPLE_SITES_ARE_7MER,-0.33,-0.62,,Poorly conserved family,1.0,368.0,374.0,FULLY_MAPPED,368.0,374.0,FULLY_MAPPED,355.0,361.0,FULLY_MAPPED,,,,,,,,,,,,,,,,,,,,,,,PRIMARY_ORTHOLOGY_UNIT,
Ras85D_EBC_VIR_MIR_0013,Ras85D_HO_00198,D.virilis,MIRNA_SITE,MIRNA_TARGET,MIRNA_SITE,7mer-A1,TARGETSCAN7::miR-2497-5p::1::471,TargetScan_redact_for_GPT.xlsx,TargetScan7,64.0,471,477,7,TGCTTAA,forward,541,547,544.0,VALID,POORLY_CONSERVED_SITE,True,FINAL,miR-2497-5p,POORLY_CONSERVED_SITE,7mer-A1,TARGETSCAN_COUNT_COLUMN,-0.08,-0.28,,Poorly conserved family,1.0,470.0,476.0,FULLY_MAPPED,470.0,476.0,FULLY_MAPPED,471.0,477.0,FULLY_MAPPED,,,,,,,,,,,,,,,,,,,,,,,PRIMARY_ORTHOLOGY_UNIT,
Ras85D_EBC_VIR_MIR_0014,Ras85D_HO_00060,D.virilis,MIRNA_SITE,MIRNA_TARGET,MIRNA_SITE,7mer-m8,TARGETSCAN7::miR-2496-5p::1::642,TargetScan_redact_for_GPT.xlsx,TargetScan7,20.0,642,648,7,ACACGCA,forward,740,746,743.0,VALID,POORLY_CONSERVED_SITE,True,FINAL,miR-2496-5p,POORLY_CONSERVED_SITE,7mer-m8,TARGETSCAN_COUNT_COLUMN,-0.18,-0.7,,Poorly conserved family,1.0,577.0,583.0,FULLY_MAPPED,577.0,583.0,FULLY_MAPPED,642.0,648.0,FULLY_MAPPED,,,,,,,,,,,,,,,,,,,,,,,PRIMARY_ORTHOLOGY_UNIT,
Ras85D_EBC_VIR_MIR_0015,Ras85D_HO_00016,D.virilis,MIRNA_SITE,MIRNA_TARGET,MIRNA_SITE,7mer_unspecified_multisite,TARGETSCAN7::miR-210-3p.1::2::645,TargetScan_redact_for_GPT.xlsx,TargetScan7,7.0,645,651,7,CGCACAA,forward,743,749,746.0,VALID,CONSERVED_SITE,True,FINAL,miR-210-3p.1,CONSERVED_SITE,7mer_unspecified_multisite,USER_RULE_MULTIPLE_SITES_ARE_7MER,-0.25,-1.16,0.35,Drosophila,2.0,580.0,586.0,FULLY_MAPPED,580.0,586.0,FULLY_MAPPED,645.0,651.0,FULLY_MAPPED,,,,,,,,,,,,,,,,,,,,,,,PRIMARY_ORTHOLOGY_UNIT,
Ras85D_EBC_VIR_MIR_0016,Ras85D_HO_00020,D.virilis,MIRNA_SITE,MIRNA_TARGET,MIRNA_SITE,7mer_unspecified_multisite,TARGETSCAN7::miR-210-3p.2::2::645,TargetScan_redact_for_GPT.xlsx,TargetScan7,8.0,645,651,7,CGCACAA,forward,743,749,746.0,VALID,POORLY_CONSERVED_SITE,True,FINAL,miR-210-3p.2,POORLY_CONSERVED_SITE,7mer_unspecified_multisite,USER_RULE_MULTIPLE_SITES_ARE_7MER,-0.12,-0.46,0.28,Drosophila,2.0,580.0,586.0,FULLY_MAPPED,580.0,586.0,FULLY_MAPPED,645.0,651.0,FULLY_MAPPED,,,,,,,,,,,,,,,,,,,,,,,PRIMARY_ORTHOLOGY_UNIT,
Ras85D_EBC_VIR_MIR_0017,Ras85D_HO_00094,D.virilis,MIRNA_SITE,MIRNA_TARGET,MIRNA_SITE,7mer_unspecified_multisite,TARGETSCAN7::miR-9373-5p::1::647,TargetScan_redact_for_GPT.xlsx,TargetScan7,29.0,647,653,7,CACAAAC,forward,745,751,748.0,VALID,POORLY_CONSERVED_SITE,True,FINAL,miR-9373-5p,POORLY_CONSERVED_SITE,7mer_unspecified_multisite,USER_RULE_MULTIPLE_SITES_ARE_7MER,-0.27,-1.39,,Poorly conserved family,1.0,582.0,588.0,FULLY_MAPPED,582.0,588.0,FULLY_MAPPED,647.0,653.0,FULLY_MAPPED,,,,,,,,,,,,,,,,,,,,,,,PRIMARY_ORTHOLOGY_UNIT,
Ras85D_EBC_VIR_MIR_0018,Ras85D_HO_00178,D.virilis,MIRNA_SITE,MIRNA_TARGET,MIRNA_SITE,7mer-A1,TARGETSCAN7::miR-283-3p::1::656,TargetScan_redact_for_GPT.xlsx,TargetScan7,57.0,656,662,7,AATTCCA,forward,754,760,757.0,VALID,POORLY_CONSERVED_SITE,True,FINAL,miR-283-3p,POORLY_CONSERVED_SITE,7mer-A1,TARGETSCAN_COUNT_COLUMN,-0.12,-0.46,,Poorly conserved family,1.0,591.0,597.0,FULLY_MAPPED,591.0,597.0,FULLY_MAPPED,656.0,662.0,FULLY_MAPPED,,,,,,,,,,,,,,,,,,,,,,,PRIMARY_ORTHOLOGY_UNIT,
Ras85D_EBC_VIR_MIR_0019,Ras85D_HO_00154,D.virilis,MIRNA_SITE,MIRNA_TARGET,MIRNA_SITE,7mer-m8,TARGETSCAN7::miR-4946-5p::1::689,TargetScan_redact_for_GPT.xlsx,TargetScan7,49.0,689,695,7,TGAAAAT,forward,788,794,791.0,VALID,POORLY_CONSERVED_SITE,True,FINAL,miR-4946-5p,POORLY_CONSERVED_SITE,7mer-m8,TARGETSCAN_COUNT_COLUMN,-0.5,-0.67,,Poorly conserved family,1.0,623.0,627.0,PARTIALLY_GAPPED,623.0,627.0,PARTIALLY_GAPPED,689.0,695.0,FULLY_MAPPED,,,,,,,,,,,,,,,,,,,,,,,PRIMARY_ORTHOLOGY_UNIT,
Ras85D_EBC_VIR_MIR_0020,Ras85D_HO_00023,D.virilis,MIRNA_SITE,MIRNA_TARGET,MIRNA_SITE,8mer,TARGETSCAN7::miR-285-3p/995-3p/998-3p::1::728,TargetScan_redact_for_GPT.xlsx,TargetScan7,9.0,728,735,8,TGGTGCTA,forward,885,892,888.5,VALID,CONSERVED_SITE,True,FINAL,miR-285-3p/995-3p/998-3p,CONSERVED_SITE,8mer,TARGETSCAN_COUNT_COLUMN,-0.19,-0.82,0.21,Drosophila,1.0,717.0,724.0,FULLY_MAPPED,717.0,724.0,FULLY_MAPPED,728.0,735.0,FULLY_MAPPED,,,,,,,,,,,,,,,,,,,,,,,PRIMARY_ORTHOLOGY_UNIT,
Ras85D_EBC_VIR_MIR_0021,Ras85D_HO_00195,D.virilis,MIRNA_SITE,MIRNA_TARGET,MIRNA_SITE,7mer-A1,TARGETSCAN7::miR-125-3p::1::735,TargetScan_redact_for_GPT.xlsx,TargetScan7,63.0,735,741,7,AACTTGA,forward,892,898,895.0,VALID,POORLY_CONSERVED_SITE,True,FINAL,miR-125-3p,POORLY_CONSERVED_SITE,7mer-A1,TARGETSCAN_COUNT_COLUMN,-0.09,-0.29,,Poorly conserved family,1.0,724.0,730.0,FULLY_MAPPED,724.0,730.0,FULLY_MAPPED,735.0,741.0,FULLY_MAPPED,,,,,,,,,,,,,,,,,,,,,,,PRIMARY_ORTHOLOGY_UNIT,
Ras85D_EBC_VIR_MIR_0022,Ras85D_HO_00129,D.virilis,MIRNA_SITE,MIRNA_TARGET,MIRNA_SITE,7mer_unspecified_multisite,TARGETSCAN7::miR-956-5p::1::754,TargetScan_redact_for_GPT.xlsx,TargetScan7,38.0,754,760,7,CAAACAA,forward,912,918,915.0,VALID,POORLY_CONSERVED_SITE,True,FINAL,miR-956-5p,POORLY_CONSERVED_SITE,7mer_unspecified_multisite,USER_RULE_MULTIPLE_SITES_ARE_7MER,-0.5,-0.94,,Poorly conserved family,1.0,,,ABSENT_IN_TARGET,,,ABSENT_IN_TARGET,754.0,760.0,FULLY_MAPPED,,,,,,,,,,,,,,,,,,,,,,,PRIMARY_ORTHOLOGY_UNIT,
Ras85D_EBC_VIR_MIR_0023,Ras85D_HO_00026,D.virilis,MIRNA_SITE,MIRNA_TARGET,MIRNA_SITE,7mer-m8,TARGETSCAN7::miR-1002-5p::1::812,TargetScan_redact_for_GPT.xlsx,TargetScan7,10.0,812,818,7,CTACTTA,forward,970,976,973.0,VALID,POORLY_CONSERVED_SITE,True,FINAL,miR-1002-5p,POORLY_CONSERVED_SITE,7mer-m8,TARGETSCAN_COUNT_COLUMN,-0.07,-0.36,0.2,Drosophila,1.0,774.0,780.0,FULLY_MAPPED,774.0,780.0,FULLY_MAPPED,812.0,818.0,FULLY_MAPPED,,,,,,,,,,,,,,,,,,,,,,,PRIMARY_ORTHOLOGY_UNIT,
Ras85D_EBC_VIR_MIR_0024,Ras85D_HO_00029,D.virilis,MIRNA_SITE,MIRNA_TARGET,MIRNA_SITE,7mer-A1,TARGETSCAN7::miR-968-5p::1::812,TargetScan_redact_for_GPT.xlsx,TargetScan7,11.0,812,818,7,CTACTTA,forward,970,976,973.0,VALID,POORLY_CONSERVED_SITE,True,FINAL,miR-968-5p,POORLY_CONSERVED_SITE,7mer-A1,TARGETSCAN_COUNT_COLUMN,-0.05,-0.23,0.2,Drosophila,1.0,774.0,780.0,FULLY_MAPPED,774.0,780.0,FULLY_MAPPED,812.0,818.0,FULLY_MAPPED,,,,,,,,,,,,,,,,,,,,,,,PRIMARY_ORTHOLOGY_UNIT,
Ras85D_EBC_VIR_MIR_0025,Ras85D_HO_00191,D.virilis,MIRNA_SITE,MIRNA_TARGET,MIRNA_SITE,7mer_unspecified_multisite,TARGETSCAN7::miR-9c-3p::2::856,TargetScan_redact_for_GPT.xlsx,TargetScan7,62.0,856,862,7,AAGCTTT,forward,1014,1020,1017.0,VALID,POORLY_CONSERVED_SITE,True,FINAL,miR-9c-3p,POORLY_CONSERVED_SITE,7mer_unspecified_multisite,USER_RULE_MULTIPLE_SITES_ARE_7MER,-0.06,-0.3,,Poorly conserved family,2.0,,,ABSENT_IN_TARGET,,,ABSENT_IN_TARGET,856.0,862.0,FULLY_MAPPED,,,,,,,,,,,,,,,,,,,,,,,PRIMARY_ORTHOLOGY_UNIT,
Ras85D_EBC_VIR_MIR_0026,Ras85D_HO_00088,D.virilis,MIRNA_SITE,MIRNA_TARGET,MIRNA_SITE,7mer_unspecified_multisite,TARGETSCAN7::miR-4977-5p::1::869,TargetScan_redact_for_GPT.xlsx,TargetScan7,28.0,869,875,7,AAAAGAA,forward,1027,1033,1030.0,VALID,POORLY_CONSERVED_SITE,True,FINAL,miR-4977-5p,POORLY_CONSERVED_SITE,7mer_unspecified_multisite,USER_RULE_MULTIPLE_SITES_ARE_7MER,-0.78,-1.44,,Poorly conserved family,1.0,,,ABSENT_IN_TARGET,,,ABSENT_IN_TARGET,869.0,875.0,FULLY_MAPPED,,,,,,,,,,,,,,,,,,,,,,,PRIMARY_ORTHOLOGY_UNIT,
Ras85D_EBC_VIR_MIR_0027,Ras85D_HO_00120,D.virilis,MIRNA_SITE,MIRNA_TARGET,MIRNA_SITE,7mer_unspecified_multisite,TARGETSCAN7::miR-4911-3p::1::869,TargetScan_redact_for_GPT.xlsx,TargetScan7,36.0,869,875,7,AAAAGAA,forward,1027,1033,1030.0,VALID,POORLY_CONSERVED_SITE,True,FINAL,miR-4911-3p,POORLY_CONSERVED_SITE,7mer_unspecified_multisite,USER_RULE_MULTIPLE_SITES_ARE_7MER,-0.45,-1.05,,Poorly conserved family,1.0,,,ABSENT_IN_TARGET,,,ABSENT_IN_TARGET,869.0,875.0,FULLY_MAPPED,,,,,,,,,,,,,,,,,,,,,,,PRIMARY_ORTHOLOGY_UNIT,
Ras85D_EBC_VIR_MIR_0028,Ras85D_HO_00035,D.virilis,MIRNA_SITE,MIRNA_TARGET,MIRNA_SITE,7mer-A1,TARGETSCAN7::miR-1000-5p::1::994,TargetScan_redact_for_GPT.xlsx,TargetScan7,13.0,994,1000,7,ACAATAA,forward,1152,1158,1155.0,VALID,POORLY_CONSERVED_SITE,True,FINAL,miR-1000-5p,POORLY_CONSERVED_SITE,7mer-A1,TARGETSCAN_COUNT_COLUMN,-0.46,-0.5,0.19,Drosophila,1.0,806.0,812.0,FULLY_MAPPED,806.0,812.0,FULLY_MAPPED,994.0,1000.0,FULLY_MAPPED,,,,,,,,,,,,,,,,,,,,,,,PRIMARY_ORTHOLOGY_UNIT,
Ras85D_EBC_VIR_MIR_0029,Ras85D_HO_00048,D.virilis,MIRNA_SITE,MIRNA_TARGET,MIRNA_SITE,7mer_unspecified_multisite,TARGETSCAN7::miR-9388-5p::1::1015,TargetScan_redact_for_GPT.xlsx,TargetScan7,17.0,1015,1021,7,ATACATA,forward,1173,1180,1176.5,VALID,POORLY_CONSERVED_SITE,True,FINAL,miR-9388-5p,POORLY_CONSERVED_SITE,7mer_unspecified_multisite,USER_RULE_MULTIPLE_SITES_ARE_7MER,-0.5,-2.49,,Poorly conserved family,1.0,827.0,834.0,FULLY_MAPPED,827.0,834.0,FULLY_MAPPED,1015.0,1021.0,PARTIALLY_GAPPED,,,,,,,,,,,,,,,,,,,,,,,PRIMARY_ORTHOLOGY_UNIT,
Ras85D_EBC_VIR_MIR_0030,Ras85D_HO_00079,D.virilis,MIRNA_SITE,MIRNA_TARGET,MIRNA_SITE,7mer_unspecified_multisite,TARGETSCAN7::miR-4961-3p::1::1015,TargetScan_redact_for_GPT.xlsx,TargetScan7,26.0,1015,1021,7,ATACATA,forward,1173,1180,1176.5,VALID,POORLY_CONSERVED_SITE,True,FINAL,miR-4961-3p,POORLY_CONSERVED_SITE,7mer_unspecified_multisite,USER_RULE_MULTIPLE_SITES_ARE_7MER,-0.29,-2.07,,Poorly conserved family,1.0,827.0,834.0,FULLY_MAPPED,827.0,834.0,FULLY_MAPPED,1015.0,1021.0,PARTIALLY_GAPPED,,,,,,,,,,,,,,,,,,,,,,,PRIMARY_ORTHOLOGY_UNIT,
Ras85D_EBC_VIR_MIR_0031,Ras85D_HO_00009,D.virilis,MIRNA_SITE,MIRNA_TARGET,MIRNA_SITE,7mer-A1,TARGETSCAN7::miR-4-3p::1::1030,TargetScan_redact_for_GPT.xlsx,TargetScan7,5.0,1030,1036,7,GCTTTAA,forward,1189,1195,1192.0,VALID,CONSERVED_SITE,True,FINAL,miR-4-3p,CONSERVED_SITE,7mer-A1,TARGETSCAN_COUNT_COLUMN,-0.09,-0.5,0.37,Drosophila,1.0,843.0,849.0,FULLY_MAPPED,843.0,849.0,FULLY_MAPPED,1030.0,1036.0,FULLY_MAPPED,,,,,,,,,,,,,,,,,,,,,,,PRIMARY_ORTHOLOGY_UNIT,
Ras85D_EBC_VIR_MIR_0032,Ras85D_HO_00192,D.virilis,MIRNA_SITE,MIRNA_TARGET,MIRNA_SITE,7mer_unspecified_multisite,TARGETSCAN7::miR-9c-3p::3::1035,TargetScan_redact_for_GPT.xlsx,TargetScan7,62.0,1035,1041,7,AAGCTTT,forward,1194,1200,1197.0,VALID,POORLY_CONSERVED_SITE,True,FINAL,miR-9c-3p,POORLY_CONSERVED_SITE,7mer_unspecified_multisite,USER_RULE_MULTIPLE_SITES_ARE_7MER,-0.06,-0.3,,Poorly conserved family,3.0,848.0,854.0,FULLY_MAPPED,848.0,854.0,FULLY_MAPPED,1035.0,1041.0,FULLY_MAPPED,,,,,,,,,,,,,,,,,,,,,,,PRIMARY_ORTHOLOGY_UNIT,
Ras85D_EBC_VIR_MIR_0033,Ras85D_HO_00049,D.virilis,MIRNA_SITE,MIRNA_TARGET,MIRNA_SITE,7mer_unspecified_multisite,TARGETSCAN7::miR-9388-5p::2::1043,TargetScan_redact_for_GPT.xlsx,TargetScan7,17.0,1043,1049,7,TATACAT,forward,1202,1208,1205.0,VALID,POORLY_CONSERVED_SITE,True,FINAL,miR-9388-5p,POORLY_CONSERVED_SITE,7mer_unspecified_multisite,USER_RULE_MULTIPLE_SITES_ARE_7MER,-0.5,-2.49,,Poorly conserved family,2.0,856.0,862.0,FULLY_MAPPED,856.0,862.0,FULLY_MAPPED,1043.0,1049.0,FULLY_MAPPED,,,,,,,,,,,,,,,,,,,,,,,PRIMARY_ORTHOLOGY_UNIT,
Ras85D_EBC_VIR_MIR_0034,Ras85D_HO_00080,D.virilis,MIRNA_SITE,MIRNA_TARGET,MIRNA_SITE,7mer_unspecified_multisite,TARGETSCAN7::miR-4961-3p::2::1044,TargetScan_redact_for_GPT.xlsx,TargetScan7,26.0,1044,1050,7,ATACATA,forward,1203,1209,1206.0,VALID,POORLY_CONSERVED_SITE,True,FINAL,miR-4961-3p,POORLY_CONSERVED_SITE,7mer_unspecified_multisite,USER_RULE_MULTIPLE_SITES_ARE_7MER,-0.29,-2.07,,Poorly conserved family,2.0,857.0,863.0,FULLY_MAPPED,857.0,863.0,FULLY_MAPPED,1044.0,1050.0,FULLY_MAPPED,,,,,,,,,,,,,,,,,,,,,,,PRIMARY_ORTHOLOGY_UNIT,
Ras85D_EBC_VIR_MIR_0035,Ras85D_HO_00050,D.virilis,MIRNA_SITE,MIRNA_TARGET,MIRNA_SITE,7mer_unspecified_multisite,TARGETSCAN7::miR-9388-5p::3::1048,TargetScan_redact_for_GPT.xlsx,TargetScan7,17.0,1048,1054,7,ATACATA,forward,1207,1213,1210.0,VALID,POORLY_CONSERVED_SITE,True,FINAL,miR-9388-5p,POORLY_CONSERVED_SITE,7mer_unspecified_multisite,USER_RULE_MULTIPLE_SITES_ARE_7MER,-0.5,-2.49,,Poorly conserved family,3.0,861.0,867.0,FULLY_MAPPED,861.0,867.0,FULLY_MAPPED,1048.0,1054.0,FULLY_MAPPED,,,,,,,,,,,,,,,,,,,,,,,PRIMARY_ORTHOLOGY_UNIT,
Ras85D_EBC_VIR_MIR_0036,Ras85D_HO_00081,D.virilis,MIRNA_SITE,MIRNA_TARGET,MIRNA_SITE,7mer_unspecified_multisite,TARGETSCAN7::miR-4961-3p::3::1048,TargetScan_redact_for_GPT.xlsx,TargetScan7,26.0,1048,1054,7,ATACATA,forward,1207,1213,1210.0,VALID,POORLY_CONSERVED_SITE,True,FINAL,miR-4961-3p,POORLY_CONSERVED_SITE,7mer_unspecified_multisite,USER_RULE_MULTIPLE_SITES_ARE_7MER,-0.29,-2.07,,Poorly conserved family,3.0,861.0,867.0,FULLY_MAPPED,861.0,867.0,FULLY_MAPPED,1048.0,1054.0,FULLY_MAPPED,,,,,,,,,,,,,,,,,,,,,,,PRIMARY_ORTHOLOGY_UNIT,
Ras85D_EBC_VIR_MIR_0037,Ras85D_HO_00101,D.virilis,MIRNA_SITE,MIRNA_TARGET,MIRNA_SITE,8mer,TARGETSCAN7::miR-289-5p/972-5p::1::1059,TargetScan_redact_for_GPT.xlsx,TargetScan7,32.0,1059,1066,8,AATATTTA,forward,1223,1230,1226.5,VALID,POORLY_CONSERVED_SITE,True,FINAL,miR-289-5p/972-5p,POORLY_CONSERVED_SITE,8mer,TARGETSCAN_COUNT_COLUMN,-0.19,-1.27,,Poorly conserved family,1.0,877.0,884.0,FULLY_MAPPED,877.0,884.0,FULLY_MAPPED,1059.0,1066.0,FULLY_MAPPED,,,,,,,,,,,,,,,,,,,,,,,PRIMARY_ORTHOLOGY_UNIT,
Ras85D_EBC_VIR_MIR_0038,Ras85D_HO_00057,D.virilis,MIRNA_SITE,MIRNA_TARGET,MIRNA_SITE,8mer,TARGETSCAN7::miR-1008-5p/2279-5p::1::1060,TargetScan_redact_for_GPT.xlsx,TargetScan7,19.0,1060,1067,8,ATATTTAA,forward,1224,1231,1227.5,VALID,POORLY_CONSERVED_SITE,True,FINAL,miR-1008-5p/2279-5p,POORLY_CONSERVED_SITE,8mer,TARGETSCAN_COUNT_COLUMN,-0.22,-1.67,,Poorly conserved family,1.0,878.0,885.0,FULLY_MAPPED,878.0,885.0,FULLY_MAPPED,1060.0,1067.0,FULLY_MAPPED,,,,,,,,,,,,,,,,,,,,,,,PRIMARY_ORTHOLOGY_UNIT,
Ras85D_EBC_VIR_MIR_0039,Ras85D_HO_00108,D.virilis,MIRNA_SITE,MIRNA_TARGET,MIRNA_SITE,8mer,TARGETSCAN7::miR-33-3p::1::1073,TargetScan_redact_for_GPT.xlsx,TargetScan7,34.0,1073,1080,8,TTGTATTA,forward,1237,1244,1240.5,VALID,POORLY_CONSERVED_SITE,True,FINAL,miR-33-3p,POORLY_CONSERVED_SITE,8mer,TARGETSCAN_COUNT_COLUMN,-0.18,-1.22,,Poorly conserved family,1.0,890.0,897.0,FULLY_MAPPED,890.0,897.0,FULLY_MAPPED,1073.0,1080.0,FULLY_MAPPED,,,,,,,,,,,,,,,,,,,,,,,PRIMARY_ORTHOLOGY_UNIT,
Ras85D_EBC_VIR_MIR_0040,Ras85D_HO_00166,D.virilis,MIRNA_SITE,MIRNA_TARGET,MIRNA_SITE,7mer_unspecified_multisite,TARGETSCAN7::miR-983-5p::1::1075,TargetScan_redact_for_GPT.xlsx,TargetScan7,52.0,1075,1081,7,GTATTAA,forward,1239,1245,1242.0,VALID,POORLY_CONSERVED_SITE,True,FINAL,miR-983-5p,POORLY_CONSERVED_SITE,7mer_unspecified_multisite,USER_RULE_MULTIPLE_SITES_ARE_7MER,-0.38,-0.55,,Poorly conserved family,1.0,892.0,898.0,FULLY_MAPPED,892.0,898.0,FULLY_MAPPED,1075.0,1081.0,FULLY_MAPPED,,,,,,,,,,,,,,,,,,,,,,,PRIMARY_ORTHOLOGY_UNIT,
Ras85D_EBC_VIR_MIR_0041,Ras85D_HO_00006,D.virilis,MIRNA_SITE,MIRNA_TARGET,MIRNA_SITE,7mer_unspecified_multisite,TARGETSCAN7::miR-263a-5p::2::1086,TargetScan_redact_for_GPT.xlsx,TargetScan7,4.0,1086,1092,7,TGCCATA,forward,1250,1256,1253.0,VALID,CONSERVED_SITE,True,FINAL,miR-263a-5p,CONSERVED_SITE,7mer_unspecified_multisite,USER_RULE_MULTIPLE_SITES_ARE_7MER,-0.07,-0.39,0.55,Drosophila,2.0,903.0,909.0,FULLY_MAPPED,903.0,909.0,FULLY_MAPPED,1086.0,1092.0,FULLY_MAPPED,,,,,,,,,,,,,,,,,,,,,,,PRIMARY_ORTHOLOGY_UNIT,
Ras85D_EBC_VIR_MIR_0042,Ras85D_HO_00214,D.virilis,MIRNA_SITE,MIRNA_TARGET,MIRNA_SITE,7mer-A1,TARGETSCAN7::miR-4909-3p::1::1090,TargetScan_redact_for_GPT.xlsx,TargetScan7,73.0,1090,1096,7,ATACAAA,forward,1254,1260,1257.0,VALID,POORLY_CONSERVED_SITE,True,FINAL,miR-4909-3p,POORLY_CONSERVED_SITE,7mer-A1,TARGETSCAN_COUNT_COLUMN,-0.03,-0.15,N,Poorly conserved family,1.0,907.0,913.0,FULLY_MAPPED,907.0,913.0,FULLY_MAPPED,1090.0,1096.0,FULLY_MAPPED,,,,,,,,,,,,,,,,,,,,,,,PRIMARY_ORTHOLOGY_UNIT,
Ras85D_EBC_VIR_MIR_0043,Ras85D_HO_00123,D.virilis,MIRNA_SITE,MIRNA_TARGET,MIRNA_SITE,8mer,TARGETSCAN7::miR-4910-5p::1::1090,TargetScan_redact_for_GPT.xlsx,TargetScan7,37.0,1090,1097,8,ATACAAAA,forward,1254,1261,1257.5,VALID,POORLY_CONSERVED_SITE,True,FINAL,miR-4910-5p,POORLY_CONSERVED_SITE,8mer,TARGETSCAN_COUNT_COLUMN,-0.15,-0.95,,Poorly conserved family,1.0,907.0,914.0,FULLY_MAPPED,907.0,914.0,FULLY_MAPPED,1090.0,1097.0,FULLY_MAPPED,,,,,,,,,,,,,,,,,,,,,,,PRIMARY_ORTHOLOGY_UNIT,
Ras85D_EBC_VIR_MIR_0044,Ras85D_HO_00175,D.virilis,MIRNA_SITE,MIRNA_TARGET,MIRNA_SITE,7mer-m8,TARGETSCAN7::miR-4943-5p::1::1109,TargetScan_redact_for_GPT.xlsx,TargetScan7,56.0,1109,1115,7,AAATAAA,forward,1273,1279,1276.0,VALID,POORLY_CONSERVED_SITE,True,FINAL,miR-4943-5p,POORLY_CONSERVED_SITE,7mer-m8,TARGETSCAN_COUNT_COLUMN,-0.08,-0.48,,Poorly conserved family,1.0,926.0,932.0,FULLY_MAPPED,926.0,932.0,FULLY_MAPPED,1109.0,1115.0,FULLY_MAPPED,,,,,,,,,,,,,,,,,,,,,,,PRIMARY_ORTHOLOGY_UNIT,
Ras85D_EBC_VIR_ECM_0001,Ras85D_HO_00217,D.virilis,ECM,CONSERVATION,ECM,ECM_15,ECM_15,TargetScan_redact_for_GPT.xlsx,ECM и UGUA,2.0,1,30,30,ATGGCCACGCTTAAGATTTATTTTTTCATT,forward,2,36,19.0,VALID,AYGGCCWCGCATWGGTTWTWWTTYWYTTTT,True,FINAL,,,,,,,,,,1.0,35.0,FULLY_MAPPED,1.0,35.0,FULLY_MAPPED,1.0,30.0,PARTIALLY_GAPPED,15.0,AYGGCCWCGCATWGGTTWTWWTTYWYTTTT,graphics ##ECM sign,ECM 15,1.0,False,,,,,,,,,,,,,,,,,PRIMARY_ORTHOLOGY_UNIT,
Ras85D_EBC_VIR_ECM_0002,Ras85D_HO_00220,D.virilis,ECM,CONSERVATION,ECM,ECM_07,ECM_07,TargetScan_redact_for_GPT.xlsx,ECM и UGUA,3.0,36,65,30,CTGTCCGGTTTGTGTGTATGTGAGTGTGTG,forward,43,74,58.5,VALID,STSKCCTGTTTGTSTGTATGTGHGTSKGYG,True,FINAL,,,,,,,,,,42.0,73.0,FULLY_MAPPED,42.0,73.0,FULLY_MAPPED,36.0,65.0,PARTIALLY_GAPPED,7.0,STSKCCTGTTTGTSTGTATGTGHGTSKGYG,graphics ##ECM sign,ECM 7,2.0,False,,,,,,,,,,,,,,,,,PRIMARY_ORTHOLOGY_UNIT,
Ras85D_EBC_VIR_ECM_0003,Ras85D_HO_00259,D.virilis,ECM,CONSERVATION,ECM,ECM_11,ECM_11,TargetScan_redact_for_GPT.xlsx,ECM и UGUA,17.0,150,178,29,CACATGCGCACACACACACCCACACAGAC,reverse_complement,160,189,174.5,VALID,GWTTKTGTGRRTGTGTGTGTKYKSWKKYG,True,FINAL,,,,,,,,,,120.0,142.0,PARTIALLY_GAPPED,120.0,142.0,PARTIALLY_GAPPED,150.0,178.0,PARTIALLY_GAPPED,11.0,GWTTKTGTGRRTGTGTGTGTKYKSWKKYG,graphics ##ECM sign,ECM -11,5.0,False,,,,,,,,,,,,,,,,,PRIMARY_ORTHOLOGY_UNIT,
Ras85D_EBC_VIR_ECM_0004,Ras85D_HO_00223,D.virilis,ECM,CONSERVATION,ECM,ECM_10,ECM_10,TargetScan_redact_for_GPT.xlsx,ECM и UGUA,4.0,185,213,29,GCGCGTGTTAGGTTGGTGCAATTGATGGG,forward,196,224,210.0,VALID,GSRSSKKKTWGGTYGGTGCAATTGWYRGR,True,FINAL,,,,,,,,,,145.0,172.0,PARTIALLY_GAPPED,145.0,172.0,PARTIALLY_GAPPED,185.0,213.0,FULLY_MAPPED,10.0,GSRSSKKKTWGGTYGGTGCAATTGWYRGR,graphics ##ECM sign,ECM 10,4.0,True,,,,,,,,,,,,,,,,,PRIMARY_ORTHOLOGY_UNIT,
Ras85D_EBC_VIR_ECM_0005,Ras85D_HO_00226,D.virilis,ECM,CONSERVATION,ECM,ECM_05,ECM_05,TargetScan_redact_for_GPT.xlsx,ECM и UGUA,5.0,225,254,30,AATTGTAATTAATTTAAGCAACTAAAGTTT,forward,237,266,251.5,VALID,AATTGTAATTAATTTAAGYAACTARAGTTT,True,FINAL,,,,,,,,,,185.0,214.0,FULLY_MAPPED,185.0,214.0,FULLY_MAPPED,225.0,254.0,FULLY_MAPPED,5.0,AATTGTAATTAATTTAAGYAACTARAGTTT,graphics ##ECM sign,ECM 5,3.0,True,,,,,,,,,,,,,,,,,PRIMARY_ORTHOLOGY_UNIT,
Ras85D_EBC_VIR_ECM_0006,Ras85D_HO_00229,D.virilis,ECM,CONSERVATION,ECM,ECM_04,ECM_04,TargetScan_redact_for_GPT.xlsx,ECM и UGUA,6.0,285,314,30,TTTGAAAAGCTTTGTGGCGCCCTTTTAAGA,forward,312,341,326.5,VALID,TTTGAAARGCTKYGWGGCGCCCTTTTAAGA,True,FINAL,,,,,,,,,,259.0,288.0,FULLY_MAPPED,259.0,288.0,FULLY_MAPPED,285.0,314.0,FULLY_MAPPED,4.0,TTTGAAARGCTKYGWGGCGCCCTTTTAAGA,graphics ##ECM sign,ECM 4,3.0,True,,,,,,,,,,,,,,,,,PRIMARY_ORTHOLOGY_UNIT,
Ras85D_EBC_VIR_ECM_0007,Ras85D_HO_00232,D.virilis,ECM,CONSERVATION,ECM,ECM_02,ECM_02,TargetScan_redact_for_GPT.xlsx,ECM и UGUA,7.0,359,388,30,ATACTATTGTAACTGCCTTGGTTAAGCTGC,forward,425,454,439.5,VALID,ATACTRTTGTAACTGCCTTGGTTMAGCTGC,True,FINAL,,,,,,,,,,372.0,401.0,FULLY_MAPPED,372.0,401.0,FULLY_MAPPED,359.0,388.0,FULLY_MAPPED,2.0,ATACTRTTGTAACTGCCTTGGTTMAGCTGC,graphics ##ECM sign,ECM 2,10.0,True,,,,,,,,,,,,,,,,,PRIMARY_ORTHOLOGY_UNIT,
Ras85D_EBC_VIR_ECM_0008,Ras85D_HO_00235,D.virilis,ECM,CONSERVATION,ECM,ECM_12,ECM_12,TargetScan_redact_for_GPT.xlsx,ECM и UGUA,8.0,407,436,30,ATGACTATTTGCTTTCAGTAAGCACGAAAC,forward,473,502,487.5,VALID,ATAACCRTTTGTTTTCARYMAGCACDAAAC,True,FINAL,,,,,,,,,,403.0,432.0,FULLY_MAPPED,403.0,432.0,FULLY_MAPPED,407.0,436.0,FULLY_MAPPED,12.0,ATAACCRTTTGTTTTCARYMAGCACDAAAC,graphics ##ECM sign,ECM 12,7.0,False,,,,,,,,,,,,,,,,,PRIMARY_ORTHOLOGY_UNIT,
Ras85D_EBC_VIR_ECM_0009,Ras85D_HO_00238,D.virilis,ECM,CONSERVATION,ECM,ECM_06,ECM_06,TargetScan_redact_for_GPT.xlsx,ECM и UGUA,9.0,637,666,30,CACTCACACGCACAAACAGAATTCCATTAG,forward,733,764,748.5,VALID,CRCWCACACGCACRARCAGAATTCCATTAG,True,FINAL,,,,,,,,,,572.0,601.0,PARTIALLY_GAPPED,572.0,601.0,PARTIALLY_GAPPED,637.0,666.0,PARTIALLY_GAPPED,6.0,CRCWCACACGCACRARCAGAATTCCATTAG,graphics ##ECM sign,ECM 6,3.0,True,,,,,,,,,,,,,,,,,PRIMARY_ORTHOLOGY_UNIT,
Ras85D_EBC_VIR_ECM_0010,Ras85D_HO_00241,D.virilis,ECM,CONSERVATION,ECM,ECM_14,ECM_14,TargetScan_redact_for_GPT.xlsx,ECM и UGUA,10.0,718,747,30,TATATTTTTGTGGTGCTAACTTGAAAAAAT,forward,875,904,889.5,VALID,YAHATTTTTGTGGTGCTAAVWTGAWAAAAT,True,FINAL,,,,,,,,,,707.0,736.0,FULLY_MAPPED,707.0,736.0,FULLY_MAPPED,718.0,747.0,FULLY_MAPPED,14.0,YAHATTTTTGTGGTGCTAAVWTGAWAAAAT,graphics ##ECM sign,ECM 14,10.0,True,,,,,,,,,,,,,,,,,PRIMARY_ORTHOLOGY_UNIT,
Ras85D_EBC_VIR_ECM_0011,Ras85D_HO_00244,D.virilis,ECM,CONSERVATION,ECM,ECM_13,ECM_13,TargetScan_redact_for_GPT.xlsx,ECM и UGUA,11.0,805,833,29,TTTTTTTCTACTTATCTTACTGACCGAAC,forward,963,991,977.0,VALID,TTTYTTTCTACTTAYCWTACTGACMGAWC,True,FINAL,,,,,,,,,,767.0,791.0,PARTIALLY_GAPPED,767.0,791.0,PARTIALLY_GAPPED,805.0,833.0,FULLY_MAPPED,13.0,TTTYTTTCTACTTAYCWTACTGACMGAWC,graphics ##ECM sign,ECM 13,13.0,True,,,,,,,,,,,,,,,,,PRIMARY_ORTHOLOGY_UNIT,
Ras85D_EBC_VIR_ECM_0012,Ras85D_HO_00247,D.virilis,ECM,CONSERVATION,ECM,ECM_08,ECM_08,TargetScan_redact_for_GPT.xlsx,ECM и UGUA,12.0,991,1020,30,TAAACAATAAGCATCCAATTACATATACAT,forward,1149,1178,1163.5,VALID,KARAMAACAAGCAGCCAATTAMATWTACAT,True,FINAL,,,,,,,,,,804.0,832.0,PARTIALLY_GAPPED,804.0,832.0,PARTIALLY_GAPPED,991.0,1020.0,FULLY_MAPPED,8.0,KARAMAACAAGCAGCCAATTAMATWTACAT,graphics ##ECM sign,ECM 8,9.0,False,,,,,,,,,,,,,,,,,PRIMARY_ORTHOLOGY_UNIT,
Ras85D_EBC_VIR_ECM_0013,Ras85D_HO_00250,D.virilis,ECM,CONSERVATION,ECM,ECM_01,ECM_01,TargetScan_redact_for_GPT.xlsx,ECM и UGUA,13.0,1024,1053,30,TAGTTTGCTTTAAGCTTTTTATACATACAT,forward,1183,1212,1197.5,VALID,TAGTTTGCTTTAAGCTTTTTATACATACAT,True,FINAL,,,,,,,,,,837.0,866.0,FULLY_MAPPED,837.0,866.0,FULLY_MAPPED,1024.0,1053.0,FULLY_MAPPED,1.0,TAGTTTGCTTTAAGCTTTTTATACATACAT,graphics ##ECM sign,ECM 1,8.0,True,,,,,,,,,,,,,,,,,PRIMARY_ORTHOLOGY_UNIT,
Ras85D_EBC_VIR_ECM_0014,Ras85D_HO_00253,D.virilis,ECM,CONSERVATION,ECM,ECM_03,ECM_03,TargetScan_redact_for_GPT.xlsx,ECM и UGUA,14.0,1071,1100,30,TTTTGTATTAATTTTTGCCATACAAAAAGG,forward,1235,1264,1249.5,VALID,TTTTGTATTAATTTTTGCCATACAAAAAGG,True,FINAL,,,,,,,,,,888.0,917.0,FULLY_MAPPED,888.0,917.0,FULLY_MAPPED,1071.0,1100.0,FULLY_MAPPED,3.0,TTTTGTATTAATTTTTGCCATACAAAAAGG,graphics ##ECM sign,ECM 3,10.0,True,,,,,,,,,,,,,,,,,PRIMARY_ORTHOLOGY_UNIT,
Ras85D_EBC_VIR_ECM_0015,Ras85D_HO_00256,D.virilis,ECM,CONSERVATION,ECM,ECM_09,ECM_09,TargetScan_redact_for_GPT.xlsx,ECM и UGUA,15.0,1102,1131,30,AAGTAATAAATAAATTGTGTGTACTATTAC,forward,1266,1296,1281.0,VALID,AMGWAATAAATCRATTGTGTGTACTATTTA,True,FINAL,,,,,,,,,,919.0,949.0,FULLY_MAPPED,919.0,949.0,FULLY_MAPPED,1102.0,1131.0,PARTIALLY_GAPPED,9.0,AMGWAATAAATCRATTGTGTGTACTATTTA,graphics ##ECM sign,ECM 9,11.0,False,,,,,,,,,,,,,,,,,PRIMARY_ORTHOLOGY_UNIT,
Ras85D_EBC_VIR_UGUA_0001,Ras85D_HO_00266,D.virilis,UGUA,POLYA_REGULATION,UGUA,UGUA,D.virilis_UGUA_AUTH_001,TargetScan_redact_for_GPT.xlsx,ECM и UGUA,22.0,50,53,4,TGTA,forward,59,62,60.5,VALID,UGUA,True,FINAL,,,,,,,,,,58.0,61.0,FULLY_MAPPED,58.0,61.0,FULLY_MAPPED,50.0,53.0,FULLY_MAPPED,,,,,,,True,,,,,,,,,,,,,,,,PRIMARY_ORTHOLOGY_UNIT,
Ras85D_EBC_VIR_UGUA_0002,Ras85D_HO_00267,D.virilis,UGUA,POLYA_REGULATION,UGUA,UGUA,D.virilis_UGUA_AUTH_002,TargetScan_redact_for_GPT.xlsx,ECM и UGUA,23.0,91,94,4,TGTA,forward,101,104,102.5,VALID,UGUA,True,FINAL,,,,,,,,,,,,ABSENT_IN_TARGET,,,ABSENT_IN_TARGET,91.0,94.0,FULLY_MAPPED,,,,,,,True,,,,,,,,,,,,,,,,PRIMARY_ORTHOLOGY_UNIT,
Ras85D_EBC_VIR_UGUA_0003,Ras85D_HO_00270,D.virilis,UGUA,POLYA_REGULATION,UGUA,UGUA,D.virilis_UGUA_AUTH_003,TargetScan_redact_for_GPT.xlsx,ECM и UGUA,24.0,228,231,4,TGTA,forward,240,243,241.5,VALID,UGUA,True,FINAL,,,,,,,,,,188.0,191.0,FULLY_MAPPED,188.0,191.0,FULLY_MAPPED,228.0,231.0,FULLY_MAPPED,,,,,,,True,,,,,,,,,,,,,,,,PRIMARY_ORTHOLOGY_UNIT,
Ras85D_EBC_VIR_UGUA_0004,Ras85D_HO_00273,D.virilis,UGUA,POLYA_REGULATION,UGUA,UGUA,D.virilis_UGUA_AUTH_004,TargetScan_redact_for_GPT.xlsx,ECM и UGUA,25.0,258,261,4,TGTA,forward,270,273,271.5,VALID,UGUA,True,FINAL,,,,,,,,,,217.0,220.0,FULLY_MAPPED,217.0,220.0,FULLY_MAPPED,258.0,261.0,FULLY_MAPPED,,,,,,,True,,,,,,,,,,,,,,,,PRIMARY_ORTHOLOGY_UNIT,
Ras85D_EBC_VIR_UGUA_0005,Ras85D_HO_00276,D.virilis,UGUA,POLYA_REGULATION,UGUA,UGUA,D.virilis_UGUA_AUTH_005,TargetScan_redact_for_GPT.xlsx,ECM и UGUA,27.0,342,345,4,TGTA,forward,401,404,402.5,VALID,UGUA,True,FINAL,,,,,,,,,,348.0,351.0,FULLY_MAPPED,348.0,351.0,FULLY_MAPPED,342.0,345.0,FULLY_MAPPED,,,,,,,True,,,,,,,,,,,,,,,,PRIMARY_ORTHOLOGY_UNIT,
Ras85D_EBC_VIR_UGUA_0006,Ras85D_HO_00279,D.virilis,UGUA,POLYA_REGULATION,UGUA,UGUA,D.virilis_UGUA_AUTH_006,TargetScan_redact_for_GPT.xlsx,ECM и UGUA,28.0,366,369,4,TGTA,forward,432,435,433.5,VALID,UGUA,True,FINAL,,,,,,,,,,379.0,382.0,FULLY_MAPPED,379.0,382.0,FULLY_MAPPED,366.0,369.0,FULLY_MAPPED,,,,,,,True,,,,,,,,,,,,,,,,PRIMARY_ORTHOLOGY_UNIT,
Ras85D_EBC_VIR_UGUA_0007,Ras85D_HO_00280,D.virilis,UGUA,POLYA_REGULATION,UGUA,UGUA,D.virilis_UGUA_AUTH_007,TargetScan_redact_for_GPT.xlsx,ECM и UGUA,29.0,449,452,4,TGTA,forward,515,518,516.5,VALID,UGUA,True,FINAL,,,,,,,,,,445.0,448.0,FULLY_MAPPED,445.0,448.0,FULLY_MAPPED,449.0,452.0,FULLY_MAPPED,,,,,,,True,,,,,,,,,,,,,,,,PRIMARY_ORTHOLOGY_UNIT,
Ras85D_EBC_VIR_UGUA_0008,Ras85D_HO_00283,D.virilis,UGUA,POLYA_REGULATION,UGUA,UGUA,D.virilis_UGUA_AUTH_008,TargetScan_redact_for_GPT.xlsx,ECM и UGUA,31.0,464,467,4,TGTA,forward,534,537,535.5,VALID,UGUA,True,FINAL,,,,,,,,,,464.0,466.0,PARTIALLY_GAPPED,464.0,466.0,PARTIALLY_GAPPED,464.0,467.0,FULLY_MAPPED,,,,,,,True,,,,,,,,,,,,,,,,PRIMARY_ORTHOLOGY_UNIT,
Ras85D_EBC_VIR_UGUA_0009,Ras85D_HO_00286,D.virilis,UGUA,POLYA_REGULATION,UGUA,UGUA,D.virilis_UGUA_AUTH_009,TargetScan_redact_for_GPT.xlsx,ECM и UGUA,32.0,487,490,4,TGTA,forward,574,577,575.5,VALID,UGUA,True,FINAL,,,,,,,,,,503.0,506.0,FULLY_MAPPED,503.0,506.0,FULLY_MAPPED,487.0,490.0,FULLY_MAPPED,,,,,,,True,,,,,,,,,,,,,,,,PRIMARY_ORTHOLOGY_UNIT,
Ras85D_EBC_VIR_UGUA_0010,Ras85D_HO_00289,D.virilis,UGUA,POLYA_REGULATION,UGUA,UGUA,D.virilis_UGUA_AUTH_010,TargetScan_redact_for_GPT.xlsx,ECM и UGUA,35.0,774,777,4,TGTA,forward,932,935,933.5,VALID,UGUA,True,FINAL,,,,,,,,,,744.0,747.0,FULLY_MAPPED,744.0,747.0,FULLY_MAPPED,774.0,777.0,FULLY_MAPPED,,,,,,,True,,,,,,,,,,,,,,,,PRIMARY_ORTHOLOGY_UNIT,
Ras85D_EBC_VIR_UGUA_0011,Ras85D_HO_00292,D.virilis,UGUA,POLYA_REGULATION,UGUA,UGUA,D.virilis_UGUA_AUTH_011,TargetScan_redact_for_GPT.xlsx,ECM и UGUA,36.0,1074,1077,4,TGTA,forward,1238,1241,1239.5,VALID,UGUA,True,FINAL,,,,,,,,,,891.0,894.0,FULLY_MAPPED,891.0,894.0,FULLY_MAPPED,1074.0,1077.0,FULLY_MAPPED,,,,,,,True,,,,,,,,,,,,,,,,PRIMARY_ORTHOLOGY_UNIT,
Ras85D_EBC_VIR_UGUA_0012,Ras85D_HO_00295,D.virilis,UGUA,POLYA_REGULATION,UGUA,UGUA,D.virilis_UGUA_AUTH_012,TargetScan_redact_for_GPT.xlsx,ECM и UGUA,37.0,1121,1124,4,TGTA,forward,1285,1288,1286.5,VALID,UGUA,True,FINAL,,,,,,,,,,938.0,941.0,FULLY_MAPPED,938.0,941.0,FULLY_MAPPED,1121.0,1124.0,FULLY_MAPPED,,,,,,,True,,,,,,,,,,,,,,,,PRIMARY_ORTHOLOGY_UNIT,
Ras85D_EBC_VIR_PAS_0001,Ras85D_HO_00369,D.virilis,PAS,POLYA_REGULATION,PAS,2.5,D.virilis_PAS_002,29A_2_01A_Structural_Mapping,A_functional_element_intervals.csv,,80,85,6,CATAAA,forward,90,95,92.5,VALID,2.5,True,FINAL,,,,,,,,,,89.0,93.0,PARTIALLY_GAPPED,89.0,93.0,PARTIALLY_GAPPED,80.0,85.0,FULLY_MAPPED,,,,,,,,4.0,,,,,,,,,,,,,,,PRIMARY_ORTHOLOGY_UNIT,
Ras85D_EBC_VIR_PAS_0002,Ras85D_HO_00370,D.virilis,PAS,POLYA_REGULATION,PAS,1.5,D.virilis_PAS_004,29A_2_01A_Structural_Mapping,A_functional_element_intervals.csv,,146,151,6,AATACA,forward,156,161,158.5,VALID,1.5,True,FINAL,,,,,,,,,,116.0,121.0,FULLY_MAPPED,116.0,121.0,FULLY_MAPPED,146.0,151.0,FULLY_MAPPED,,,,,,,,4.0,,,,,,,,,,,,,,,PRIMARY_ORTHOLOGY_UNIT,
Ras85D_EBC_VIR_PAS_0003,Ras85D_HO_00371,D.virilis,PAS,POLYA_REGULATION,PAS,1.5,D.virilis_PAS_006,29A_2_01A_Structural_Mapping,A_functional_element_intervals.csv,,216,221,6,GATGAA,forward,227,232,229.5,VALID,1.5,True,FINAL,,,,,,,,,,175.0,180.0,FULLY_MAPPED,175.0,180.0,FULLY_MAPPED,216.0,221.0,FULLY_MAPPED,,,,,,,,4.0,,,,,,,,,,,,,,,PRIMARY_ORTHOLOGY_UNIT,
Ras85D_EBC_VIR_PAS_0004,Ras85D_HO_00372,D.virilis,PAS,POLYA_REGULATION,PAS,1.5,D.virilis_PAS_008,29A_2_01A_Structural_Mapping,A_functional_element_intervals.csv,,245,250,6,ACTAAA,forward,257,262,259.5,VALID,1.5,True,FINAL,,,,,,,,,,205.0,210.0,FULLY_MAPPED,205.0,210.0,FULLY_MAPPED,245.0,250.0,FULLY_MAPPED,,,,,,,,4.0,,,,,,,,,,,,,,,PRIMARY_ORTHOLOGY_UNIT,
Ras85D_EBC_VIR_PAS_0005,Ras85D_HO_00373,D.virilis,PAS,POLYA_REGULATION,PAS,2.5,D.virilis_PAS_010,29A_2_01A_Structural_Mapping,A_functional_element_intervals.csv,,344,349,6,TATAAA,forward,403,412,407.5,VALID,2.5,True,FINAL,,,,,,,,,,350.0,359.0,FULLY_MAPPED,350.0,359.0,FULLY_MAPPED,344.0,349.0,PARTIALLY_GAPPED,,,,,,,,4.0,,,,,,,,,,,,,,,PRIMARY_ORTHOLOGY_UNIT,
Ras85D_EBC_VIR_PAS_0006,Ras85D_HO_00374,D.virilis,PAS,POLYA_REGULATION,PAS,1.5,D.virilis_PAS_012,29A_2_01A_Structural_Mapping,A_functional_element_intervals.csv,,354,359,6,TATGAA,forward,420,425,422.5,VALID,1.5,True,FINAL,,,,,,,,,,367.0,372.0,FULLY_MAPPED,367.0,372.0,FULLY_MAPPED,354.0,359.0,FULLY_MAPPED,,,,,,,,4.0,,,,,,,,,,,,,,,PRIMARY_ORTHOLOGY_UNIT,
Ras85D_EBC_VIR_PAS_0007,Ras85D_HO_00375,D.virilis,PAS,POLYA_REGULATION,PAS,1.5,D.virilis_PAS_014,29A_2_01A_Structural_Mapping,A_functional_element_intervals.csv,,435,440,6,ACTAAA,forward,501,506,503.5,VALID,1.5,True,FINAL,,,,,,,,,,431.0,436.0,FULLY_MAPPED,431.0,436.0,FULLY_MAPPED,435.0,440.0,FULLY_MAPPED,,,,,,,,4.0,,,,,,,,,,,,,,,PRIMARY_ORTHOLOGY_UNIT,
Ras85D_EBC_VIR_PAS_0008,Ras85D_HO_00376,D.virilis,PAS,POLYA_REGULATION,PAS,1.5,D.virilis_PAS_016,29A_2_01A_Structural_Mapping,A_functional_element_intervals.csv,,665,670,6,AGAATT,forward,763,768,765.5,VALID,1.5,True,FINAL,,,,,,,,,,600.0,605.0,FULLY_MAPPED,600.0,605.0,FULLY_MAPPED,665.0,670.0,FULLY_MAPPED,,,,,,,,4.0,,,,,,,,,,,,,,,PRIMARY_ORTHOLOGY_UNIT,
Ras85D_EBC_VIR_PAS_0009,Ras85D_HO_00377,D.virilis,PAS,POLYA_REGULATION,PAS,2.5,D.virilis_PAS_018,29A_2_01A_Structural_Mapping,A_functional_element_intervals.csv,,687,692,6,AATGAA,forward,786,791,788.5,VALID,2.5,True,FINAL,,,,,,,,,,621.0,624.0,PARTIALLY_GAPPED,621.0,624.0,PARTIALLY_GAPPED,687.0,692.0,FULLY_MAPPED,,,,,,,,4.0,,,,,,,,,,,,,,,PRIMARY_ORTHOLOGY_UNIT,
Ras85D_EBC_VIR_PAS_0010,Ras85D_HO_00378,D.virilis,PAS,POLYA_REGULATION,PAS,1.5,D.virilis_PAS_020,29A_2_01A_Structural_Mapping,A_functional_element_intervals.csv,,741,746,6,AAAAAA,forward,898,903,900.5,VALID,1.5,True,FINAL,,,,,,,,,,730.0,735.0,FULLY_MAPPED,730.0,735.0,FULLY_MAPPED,741.0,746.0,FULLY_MAPPED,,,,,,,,4.0,,,,,,,,,,,,,,,PRIMARY_ORTHOLOGY_UNIT,
Ras85D_EBC_VIR_PAS_0011,Ras85D_HO_00379,D.virilis,PAS,POLYA_REGULATION,PAS,2.5,D.virilis_PAS_022,29A_2_01A_Structural_Mapping,A_functional_element_intervals.csv,,989,994,6,ATTAAA,forward,1147,1152,1149.5,VALID,2.5,True,FINAL,,,,,,,,,,803.0,806.0,PARTIALLY_GAPPED,803.0,806.0,PARTIALLY_GAPPED,989.0,994.0,FULLY_MAPPED,,,,,,,,4.0,,,,,,,,,,,,,,,PRIMARY_ORTHOLOGY_UNIT,
Ras85D_EBC_VIR_PAS_0012,Ras85D_HO_00380,D.virilis,PAS,POLYA_REGULATION,PAS,2.5,D.virilis_PAS_024,29A_2_01A_Structural_Mapping,A_functional_element_intervals.csv,,1051,1056,6,CATAAA,forward,1210,1215,1212.5,VALID,2.5,True,FINAL,,,,,,,,,,864.0,869.0,FULLY_MAPPED,864.0,869.0,FULLY_MAPPED,1051.0,1056.0,FULLY_MAPPED,,,,,,,,4.0,,,,,,,,,,,,,,,PRIMARY_ORTHOLOGY_UNIT,
Ras85D_EBC_VIR_PAS_0013,Ras85D_HO_00381,D.virilis,PAS,POLYA_REGULATION,PAS,3.5,D.virilis_PAS_026,29A_2_01A_Structural_Mapping,A_functional_element_intervals.csv,,1106,1111,6,AATAAA,forward,1270,1275,1272.5,VALID,3.5,True,FINAL,,,,,,,,,,923.0,928.0,FULLY_MAPPED,923.0,928.0,FULLY_MAPPED,1106.0,1111.0,FULLY_MAPPED,,,,,,,,4.0,,,,,,,,,,,,,,,PRIMARY_ORTHOLOGY_UNIT,
Ras85D_EBC_VIR_CLV_0001,Ras85D_HO_00382,D.virilis,CLEAVAGE,POLYA_REGULATION,CLEAVAGE,weak,D.virilis_CLEAVAGE_001,29A_2_01A_Structural_Mapping,A_functional_element_intervals.csv,,103,103,1,A,forward,113,113,113.0,VALID,cl_site_w,True,FINAL,,,,,,,,,,,,ABSENT_IN_TARGET,,,ABSENT_IN_TARGET,103.0,103.0,FULLY_MAPPED,,,,,,,,4.0,,,,,,,,,,,,,,,PRIMARY_ORTHOLOGY_UNIT,
Ras85D_EBC_VIR_CLV_0002,Ras85D_HO_00383,D.virilis,CLEAVAGE,POLYA_REGULATION,CLEAVAGE,strong,D.virilis_CLEAVAGE_002,29A_2_01A_Structural_Mapping,A_functional_element_intervals.csv,,266,266,1,A,forward,278,278,278.0,VALID,cl_site_s,True,FINAL,,,,,,,,,,225.0,225.0,FULLY_MAPPED,225.0,225.0,FULLY_MAPPED,266.0,266.0,FULLY_MAPPED,,,,,,,,4.0,,,,,,,,,,,,,,,PRIMARY_ORTHOLOGY_UNIT,
Ras85D_EBC_VIR_CLV_0003,Ras85D_HO_00384,D.virilis,CLEAVAGE,POLYA_REGULATION,CLEAVAGE,weak,D.virilis_CLEAVAGE_003,29A_2_01A_Structural_Mapping,A_functional_element_intervals.csv,,369,369,1,A,forward,435,435,435.0,VALID,cl_site_w,True,FINAL,,,,,,,,,,382.0,382.0,FULLY_MAPPED,382.0,382.0,FULLY_MAPPED,369.0,369.0,FULLY_MAPPED,,,,,,,,4.0,,,,,,,,,,,,,,,PRIMARY_ORTHOLOGY_UNIT,
Ras85D_EBC_VIR_CLV_0004,Ras85D_HO_00385,D.virilis,CLEAVAGE,POLYA_REGULATION,CLEAVAGE,strong,D.virilis_CLEAVAGE_004,29A_2_01A_Structural_Mapping,A_functional_element_intervals.csv,,438,438,1,A,forward,504,504,504.0,VALID,cl_site_s,True,FINAL,,,,,,,,,,434.0,434.0,FULLY_MAPPED,434.0,434.0,FULLY_MAPPED,438.0,438.0,FULLY_MAPPED,,,,,,,,4.0,,,,,,,,,,,,,,,PRIMARY_ORTHOLOGY_UNIT,
Ras85D_EBC_VIR_CLV_0005,Ras85D_HO_00386,D.virilis,CLEAVAGE,POLYA_REGULATION,CLEAVAGE,weak,D.virilis_CLEAVAGE_005,29A_2_01A_Structural_Mapping,A_functional_element_intervals.csv,,502,502,1,A,forward,589,589,589.0,VALID,cl_site_w,True,FINAL,,,,,,,,,,,,ABSENT_IN_TARGET,,,ABSENT_IN_TARGET,502.0,502.0,FULLY_MAPPED,,,,,,,,4.0,,,,,,,,,,,,,,,PRIMARY_ORTHOLOGY_UNIT,
Ras85D_EBC_VIR_CLV_0006,Ras85D_HO_00387,D.virilis,CLEAVAGE,POLYA_REGULATION,CLEAVAGE,weak,D.virilis_CLEAVAGE_006,29A_2_01A_Structural_Mapping,A_functional_element_intervals.csv,,702,702,1,A,forward,804,804,804.0,VALID,cl_site_w,True,FINAL,,,,,,,,,,636.0,636.0,FULLY_MAPPED,636.0,636.0,FULLY_MAPPED,702.0,702.0,FULLY_MAPPED,,,,,,,,4.0,,,,,,,,,,,,,,,PRIMARY_ORTHOLOGY_UNIT,
Ras85D_EBC_VIR_CLV_0007,Ras85D_HO_00388,D.virilis,CLEAVAGE,POLYA_REGULATION,CLEAVAGE,weak,D.virilis_CLEAVAGE_007,29A_2_01A_Structural_Mapping,A_functional_element_intervals.csv,,765,765,1,A,forward,923,923,923.0,VALID,cl_site_w,True,FINAL,,,,,,,,,,,,ABSENT_IN_TARGET,,,ABSENT_IN_TARGET,765.0,765.0,FULLY_MAPPED,,,,,,,,4.0,,,,,,,,,,,,,,,PRIMARY_ORTHOLOGY_UNIT,
Ras85D_EBC_VIR_CLV_0008,Ras85D_HO_00389,D.virilis,CLEAVAGE,POLYA_REGULATION,CLEAVAGE,weak,D.virilis_CLEAVAGE_008,29A_2_01A_Structural_Mapping,A_functional_element_intervals.csv,,1066,1066,1,A,forward,1230,1230,1230.0,VALID,cl_site_w,True,FINAL,,,,,,,,,,884.0,884.0,FULLY_MAPPED,884.0,884.0,FULLY_MAPPED,1066.0,1066.0,FULLY_MAPPED,,,,,,,,4.0,,,,,,,,,,,,,,,PRIMARY_ORTHOLOGY_UNIT,
Ras85D_EBC_VIR_CLV_0009,Ras85D_HO_00390,D.virilis,CLEAVAGE,POLYA_REGULATION,CLEAVAGE,strong,D.virilis_CLEAVAGE_009,29A_2_01A_Structural_Mapping,A_functional_element_intervals.csv,,1130,1130,1,A,forward,1295,1295,1295.0,VALID,cl_site_s,True,FINAL,,,,,,,,,,948.0,948.0,FULLY_MAPPED,948.0,948.0,FULLY_MAPPED,1130.0,1130.0,FULLY_MAPPED,,,,,,,,4.0,,,,,,,,,,,,,,,PRIMARY_ORTHOLOGY_UNIT,
Ras85D_EBC_VIR_DSE_0001,Ras85D_HO_00351,D.virilis,DSE,POLYA_REGULATION,DSE,down-st,D.virilis_DSE_001,29A_2_01A_Structural_Mapping,A_functional_element_intervals.csv,,21,26,6,TTTTTT,forward,27,32,29.5,VALID,down-st,True,FINAL,,,,,,,,,,26.0,31.0,FULLY_MAPPED,26.0,31.0,FULLY_MAPPED,21.0,26.0,FULLY_MAPPED,,,,,,,,4.0,,,,,,,,,,,,,,,PRIMARY_ORTHOLOGY_UNIT,POLYU
Ras85D_EBC_VIR_DSE_0002,Ras85D_HO_00352,D.virilis,DSE,POLYA_REGULATION,DSE,down-st,D.virilis_DSE_002,29A_2_01A_Structural_Mapping,A_functional_element_intervals.csv,,104,109,6,TTTTTT,forward,114,119,116.5,VALID,down-st,True,FINAL,,,,,,,,,,94.0,96.0,PARTIALLY_GAPPED,94.0,96.0,PARTIALLY_GAPPED,104.0,109.0,FULLY_MAPPED,,,,,,,,4.0,,,,,,,,,,,,,,,PRIMARY_ORTHOLOGY_UNIT,POLYU
Ras85D_EBC_VIR_DSE_0003,Ras85D_HO_00353,D.virilis,DSE,POLYA_REGULATION,DSE,down-st,D.virilis_DSE_003,29A_2_01A_Structural_Mapping,A_functional_element_intervals.csv,,189,192,4,GTGT,forward,200,203,201.5,VALID,down-st,True,FINAL,,,,,,,,,,149.0,152.0,FULLY_MAPPED,149.0,152.0,FULLY_MAPPED,189.0,192.0,FULLY_MAPPED,,,,,,,,4.0,,,,,,,,,,,,,,,PRIMARY_ORTHOLOGY_UNIT,GU_REPEAT
Ras85D_EBC_VIR_DSE_0004,Ras85D_HO_00354,D.virilis,DSE,POLYA_REGULATION,DSE,down-st,D.virilis_DSE_004,29A_2_01A_Structural_Mapping,A_functional_element_intervals.csv,,276,281,6,GTGTGT,forward,295,300,297.5,VALID,down-st,True,FINAL,,,,,,,,,,242.0,247.0,FULLY_MAPPED,242.0,247.0,FULLY_MAPPED,276.0,281.0,FULLY_MAPPED,,,,,,,,4.0,,,,,,,,,,,,,,,PRIMARY_ORTHOLOGY_UNIT,GU_REPEAT
Ras85D_EBC_VIR_DSE_0005,Ras85D_HO_00355,D.virilis,DSE,POLYA_REGULATION,DSE,down-st,D.virilis_DSE_005,29A_2_01A_Structural_Mapping,A_functional_element_intervals.csv,,328,333,6,GTGTGT,forward,386,392,389.0,VALID,down-st,True,FINAL,,,,,,,,,,333.0,339.0,FULLY_MAPPED,333.0,339.0,FULLY_MAPPED,328.0,333.0,PARTIALLY_GAPPED,,,,,,,,4.0,,,,,,,,,,,,,,,PRIMARY_ORTHOLOGY_UNIT,GU_REPEAT
Ras85D_EBC_VIR_DSE_0006,Ras85D_HO_00356,D.virilis,DSE,POLYA_REGULATION,DSE,down-st,D.virilis_DSE_006,29A_2_01A_Structural_Mapping,A_functional_element_intervals.csv,,401,405,5,TTTTT,forward,467,471,469.0,VALID,down-st,True,FINAL,,,,,,,,,,,,ABSENT_IN_TARGET,,,ABSENT_IN_TARGET,401.0,405.0,FULLY_MAPPED,,,,,,,,4.0,,,,,,,,,,,,,,,PRIMARY_ORTHOLOGY_UNIT,POLYU
Ras85D_EBC_VIR_DSE_0007,Ras85D_HO_00357,D.virilis,DSE,POLYA_REGULATION,DSE,down-st,D.virilis_DSE_007,29A_2_01A_Structural_Mapping,A_functional_element_intervals.csv,,461,466,6,GTGTGT,forward,531,536,533.5,VALID,down-st,True,FINAL,,,,,,,,,,461.0,465.0,PARTIALLY_GAPPED,461.0,465.0,PARTIALLY_GAPPED,461.0,466.0,FULLY_MAPPED,,,,,,,,4.0,,,,,,,,,,,,,,,PRIMARY_ORTHOLOGY_UNIT,GU_REPEAT
Ras85D_EBC_VIR_DSE_0008,Ras85D_HO_00358,D.virilis,DSE,POLYA_REGULATION,DSE,down-st,D.virilis_DSE_008,29A_2_01A_Structural_Mapping,A_functional_element_intervals.csv,,553,556,4,GTGT,forward,641,644,642.5,VALID,down-st,True,FINAL,,,,,,,,,,543.0,545.0,PARTIALLY_GAPPED,543.0,545.0,PARTIALLY_GAPPED,553.0,556.0,FULLY_MAPPED,,,,,,,,4.0,,,,,,,,,,,,,,,PRIMARY_ORTHOLOGY_UNIT,GU_REPEAT
Ras85D_EBC_VIR_DSE_0009,Ras85D_HO_00359,D.virilis,DSE,POLYA_REGULATION,DSE,down-st,D.virilis_DSE_009,29A_2_01A_Structural_Mapping,A_functional_element_intervals.csv,,572,576,5,TTTTT,forward,668,672,670.0,VALID,down-st,True,FINAL,,,,,,,,,,567.0,571.0,FULLY_MAPPED,567.0,571.0,FULLY_MAPPED,572.0,576.0,FULLY_MAPPED,,,,,,,,4.0,,,,,,,,,,,,,,,PRIMARY_ORTHOLOGY_UNIT,POLYU
Ras85D_EBC_VIR_DSE_0010,Ras85D_HO_00360,D.virilis,DSE,POLYA_REGULATION,DSE,down-st,D.virilis_DSE_010,29A_2_01A_Structural_Mapping,A_functional_element_intervals.csv,,722,726,5,TTTTT,forward,879,883,881.0,VALID,down-st,True,FINAL,,,,,,,,,,711.0,715.0,FULLY_MAPPED,711.0,715.0,FULLY_MAPPED,722.0,726.0,FULLY_MAPPED,,,,,,,,4.0,,,,,,,,,,,,,,,PRIMARY_ORTHOLOGY_UNIT,POLYU
Ras85D_EBC_VIR_DSE_0011,Ras85D_HO_00361,D.virilis,DSE,POLYA_REGULATION,DSE,down-st,D.virilis_DSE_011,29A_2_01A_Structural_Mapping,A_functional_element_intervals.csv,,805,811,7,TTTTTTT,forward,963,969,966.0,VALID,down-st,True,FINAL,,,,,,,,,,767.0,773.0,FULLY_MAPPED,767.0,773.0,FULLY_MAPPED,805.0,811.0,FULLY_MAPPED,,,,,,,,4.0,,,,,,,,,,,,,,,PRIMARY_ORTHOLOGY_UNIT,POLYU
Ras85D_EBC_VIR_DSE_0012,Ras85D_HO_00362,D.virilis,DSE,POLYA_REGULATION,DSE,down-st,D.virilis_DSE_012,29A_2_01A_Structural_Mapping,A_functional_element_intervals.csv,,880,883,4,GTGT,forward,1038,1041,1039.5,VALID,down-st,True,FINAL,,,,,,,,,,,,ABSENT_IN_TARGET,,,ABSENT_IN_TARGET,880.0,883.0,FULLY_MAPPED,,,,,,,,4.0,,,,,,,,,,,,,,,PRIMARY_ORTHOLOGY_UNIT,GU_REPEAT
Ras85D_EBC_VIR_DSE_0013,Ras85D_HO_00363,D.virilis,DSE,POLYA_REGULATION,DSE,down-st,D.virilis_DSE_013,29A_2_01A_Structural_Mapping,A_functional_element_intervals.csv,,1039,1043,5,TTTTT,forward,1198,1202,1200.0,VALID,down-st,True,FINAL,,,,,,,,,,852.0,856.0,FULLY_MAPPED,852.0,856.0,FULLY_MAPPED,1039.0,1043.0,FULLY_MAPPED,,,,,,,,4.0,,,,,,,,,,,,,,,PRIMARY_ORTHOLOGY_UNIT,POLYU
Ras85D_EBC_VIR_DSE_0014,Ras85D_HO_00364,D.virilis,DSE,POLYA_REGULATION,DSE,1.7,D.virilis_DSE_014,29A_2_01A_Structural_Mapping,A_functional_element_intervals.csv,,1044,1045,2,AT,forward,1203,1204,1203.5,VALID,1.7,True,FINAL,,,,,,,,,,857.0,858.0,FULLY_MAPPED,857.0,858.0,FULLY_MAPPED,1044.0,1045.0,FULLY_MAPPED,,,,,,,,4.0,,,,,,,,,,,,,,,PRIMARY_ORTHOLOGY_UNIT,OTHER
Ras85D_EBC_VIR_DSE_0015,Ras85D_HO_00365,D.virilis,DSE,POLYA_REGULATION,DSE,down-st,D.virilis_DSE_015,29A_2_01A_Structural_Mapping,A_functional_element_intervals.csv,,1068,1074,7,TTTTTTT,forward,1232,1238,1235.0,VALID,down-st,True,FINAL,,,,,,,,,,886.0,891.0,PARTIALLY_GAPPED,886.0,891.0,PARTIALLY_GAPPED,1068.0,1074.0,FULLY_MAPPED,,,,,,,,4.0,,,,,,,,,,,,,,,PRIMARY_ORTHOLOGY_UNIT,POLYU
Ras85D_EBC_VIR_DSE_0016,Ras85D_HO_00366,D.virilis,DSE,POLYA_REGULATION,DSE,down-st,D.virilis_DSE_016,29A_2_01A_Structural_Mapping,A_functional_element_intervals.csv,,1082,1086,5,TTTTT,forward,1246,1250,1248.0,VALID,down-st,True,FINAL,,,,,,,,,,899.0,903.0,FULLY_MAPPED,899.0,903.0,FULLY_MAPPED,1082.0,1086.0,FULLY_MAPPED,,,,,,,,4.0,,,,,,,,,,,,,,,PRIMARY_ORTHOLOGY_UNIT,POLYU
Ras85D_EBC_VIR_DSE_0017,Ras85D_HO_00367,D.virilis,DSE,POLYA_REGULATION,DSE,down-st,D.virilis_DSE_017,29A_2_01A_Structural_Mapping,A_functional_element_intervals.csv,,1118,1123,6,GTGTGT,forward,1282,1287,1284.5,VALID,down-st,True,FINAL,,,,,,,,,,935.0,940.0,FULLY_MAPPED,935.0,940.0,FULLY_MAPPED,1118.0,1123.0,FULLY_MAPPED,,,,,,,,4.0,,,,,,,,,,,,,,,PRIMARY_ORTHOLOGY_UNIT,GU_REPEAT
Ras85D_EBC_VIR_DSE_0018,Ras85D_HO_00368,D.virilis,DSE,POLYA_REGULATION,DSE,down-st,D.virilis_DSE_018,29A_2_01A_Structural_Mapping,A_functional_element_intervals.csv,,1146,1150,5,TTTTT,forward,1311,1315,1313.0,VALID,down-st,True,FINAL,,,,,,,,,,964.0,964.0,PARTIALLY_GAPPED,964.0,968.0,FULLY_MAPPED,1146.0,1150.0,FULLY_MAPPED,,,,,,,,4.0,,,,,,,,,,,,,,,PRIMARY_ORTHOLOGY_UNIT,POLYU
Ras85D_CTX_MEL_CENTROID_EXTERIOR_0001,Ras85D_HO_00396,D.melanogaster,STRUCTURE_SEGMENT,RNA_STRUCTURE,STRUCTURE,EXTERIOR,D.melanogaster::Centroid::EXTERIOR_0001,29A_2_01A_Structural_Mapping,A_nucleotide_structure_annotation.csv,,1,2,2,AC,forward,2,3,2.5,VALID,EXTERIOR,True,FINAL,,,,,,,,,,1.0,2.0,FULLY_MAPPED,1.0,2.0,FULLY_MAPPED,1.0,2.0,FULLY_MAPPED,,,,,,,,,Centroid,EXTERIOR_0001,2.0,,,,,,,,,,,,STRUCTURAL_CONTEXT_ONLY,
Ras85D_CTX_MEL_CENTROID_STEM_0001,Ras85D_HO_00472,D.melanogaster,STRUCTURE_SEGMENT,RNA_STRUCTURE,STRUCTURE,STEM,D.melanogaster::Centroid::STEM_0001,29A_2_01A_Structural_Mapping,A_nucleotide_structure_annotation.csv,,3,8,6,GGCCAC,forward,4,9,6.5,VALID,STEM,True,FINAL,,,,,,,,,,3.0,8.0,FULLY_MAPPED,3.0,8.0,FULLY_MAPPED,3.0,8.0,FULLY_MAPPED,,,,,,,,,Centroid,STEM_0001,6.0,,,,,,,,,,,,STRUCTURAL_CONTEXT_ONLY,
Ras85D_CTX_MEL_CENTROID_MULTILOOP_0001,Ras85D_HO_00457,D.melanogaster,STRUCTURE_SEGMENT,RNA_STRUCTURE,STRUCTURE,MULTILOOP,D.melanogaster::Centroid::MULTILOOP_0001,29A_2_01A_Structural_Mapping,A_nucleotide_structure_annotation.csv,,9,10,2,GC,forward,10,11,10.5,VALID,MULTILOOP,True,FINAL,,,,,,,,,,9.0,10.0,FULLY_MAPPED,9.0,10.0,FULLY_MAPPED,9.0,10.0,FULLY_MAPPED,,,,,,,,,Centroid,MULTILOOP_0001,2.0,,,,,,,,,,,,STRUCTURAL_CONTEXT_ONLY,
Ras85D_CTX_MEL_CENTROID_STEM_0002,Ras85D_HO_00473,D.melanogaster,STRUCTURE_SEGMENT,RNA_STRUCTURE,STRUCTURE,STEM,D.melanogaster::Centroid::STEM_0002,29A_2_01A_Structural_Mapping,A_nucleotide_structure_annotation.csv,,11,17,7,ATTGGTT,forward,12,18,15.0,VALID,STEM,True,FINAL,,,,,,,,,,11.0,17.0,FULLY_MAPPED,11.0,17.0,FULLY_MAPPED,11.0,12.0,PARTIALLY_GAPPED,,,,,,,,,Centroid,STEM_0002,7.0,,,,,,,,,,,,STRUCTURAL_CONTEXT_ONLY,
Ras85D_CTX_MEL_CENTROID_INTERNAL_LOOP_0001,Ras85D_HO_00409,D.melanogaster,STRUCTURE_SEGMENT,RNA_STRUCTURE,STRUCTURE,INTERNAL_LOOP,D.melanogaster::Centroid::INTERNAL_LOOP_0001,29A_2_01A_Structural_Mapping,A_nucleotide_structure_annotation.csv,,18,42,25,ATTATTCACTTTTTATTTCTTCAAA,forward,19,43,31.0,VALID,INTERNAL_LOOP,True,FINAL,,,,,,,,,,18.0,42.0,FULLY_MAPPED,18.0,42.0,FULLY_MAPPED,13.0,36.0,PARTIALLY_GAPPED,,,,,,,,,Centroid,INTERNAL_LOOP_0001,25.0,,,,,,,,,,,,STRUCTURAL_CONTEXT_ONLY,
Ras85D_CTX_MEL_CENTROID_STEM_0003,Ras85D_HO_00474,D.melanogaster,STRUCTURE_SEGMENT,RNA_STRUCTURE,STRUCTURE,STEM,D.melanogaster::Centroid::STEM_0003,29A_2_01A_Structural_Mapping,A_nucleotide_structure_annotation.csv,,43,46,4,TGTC,forward,44,47,45.5,VALID,STEM,True,FINAL,,,,,,,,,,43.0,46.0,FULLY_MAPPED,43.0,46.0,FULLY_MAPPED,37.0,39.0,PARTIALLY_GAPPED,,,,,,,,,Centroid,STEM_0003,4.0,,,,,,,,,,,,STRUCTURAL_CONTEXT_ONLY,
Ras85D_CTX_MEL_CENTROID_MULTILOOP_0002,Ras85D_HO_00458,D.melanogaster,STRUCTURE_SEGMENT,RNA_STRUCTURE,STRUCTURE,MULTILOOP,D.melanogaster::Centroid::MULTILOOP_0002,29A_2_01A_Structural_Mapping,A_nucleotide_structure_annotation.csv,,47,48,2,GC,forward,48,49,48.5,VALID,MULTILOOP,True,FINAL,,,,,,,,,,47.0,48.0,FULLY_MAPPED,47.0,48.0,FULLY_MAPPED,40.0,40.0,PARTIALLY_GAPPED,,,,,,,,,Centroid,MULTILOOP_0002,2.0,,,,,,,,,,,,STRUCTURAL_CONTEXT_ONLY,
Ras85D_CTX_MEL_CENTROID_STEM_0004,Ras85D_HO_00475,D.melanogaster,STRUCTURE_SEGMENT,RNA_STRUCTURE,STRUCTURE,STEM,D.melanogaster::Centroid::STEM_0004,29A_2_01A_Structural_Mapping,A_nucleotide_structure_annotation.csv,,49,56,8,CTGTTTGT,forward,50,57,53.5,VALID,STEM,True,FINAL,,,,,,,,,,49.0,56.0,FULLY_MAPPED,49.0,56.0,FULLY_MAPPED,41.0,48.0,FULLY_MAPPED,,,,,,,,,Centroid,STEM_0004,8.0,,,,,,,,,,,,STRUCTURAL_CONTEXT_ONLY,
Ras85D_CTX_MEL_CENTROID_INTERNAL_LOOP_0002,Ras85D_HO_00410,D.melanogaster,STRUCTURE_SEGMENT,RNA_STRUCTURE,STRUCTURE,INTERNAL_LOOP,D.melanogaster::Centroid::INTERNAL_LOOP_0002,29A_2_01A_Structural_Mapping,A_nucleotide_structure_annotation.csv,,57,57,1,C,forward,58,58,58.0,VALID,INTERNAL_LOOP,True,FINAL,,,,,,,,,,57.0,57.0,FULLY_MAPPED,57.0,57.0,FULLY_MAPPED,49.0,49.0,FULLY_MAPPED,,,,,,,,,Centroid,INTERNAL_LOOP_0002,1.0,,,,,,,,,,,,STRUCTURAL_CONTEXT_ONLY,
Ras85D_CTX_MEL_CENTROID_STEM_0005,Ras85D_HO_00476,D.melanogaster,STRUCTURE_SEGMENT,RNA_STRUCTURE,STRUCTURE,STEM,D.melanogaster::Centroid::STEM_0005,29A_2_01A_Structural_Mapping,A_nucleotide_structure_annotation.csv,,58,60,3,TGT,forward,59,61,60.0,VALID,STEM,True,FINAL,,,,,,,,,,58.0,60.0,FULLY_MAPPED,58.0,60.0,FULLY_MAPPED,50.0,52.0,FULLY_MAPPED,,,,,,,,,Centroid,STEM_0005,3.0,,,,,,,,,,,,STRUCTURAL_CONTEXT_ONLY,
Ras85D_CTX_MEL_CENTROID_INTERNAL_LOOP_0003,Ras85D_HO_00411,D.melanogaster,STRUCTURE_SEGMENT,RNA_STRUCTURE,STRUCTURE,INTERNAL_LOOP,D.melanogaster::Centroid::INTERNAL_LOOP_0003,29A_2_01A_Structural_Mapping,A_nucleotide_structure_annotation.csv,,61,61,1,A,forward,62,62,62.0,VALID,INTERNAL_LOOP,True,FINAL,,,,,,,,,,61.0,61.0,FULLY_MAPPED,61.0,61.0,FULLY_MAPPED,53.0,53.0,FULLY_MAPPED,,,,,,,,,Centroid,INTERNAL_LOOP_0003,1.0,,,,,,,,,,,,STRUCTURAL_CONTEXT_ONLY,
Ras85D_CTX_MEL_CENTROID_STEM_0006,Ras85D_HO_00477,D.melanogaster,STRUCTURE_SEGMENT,RNA_STRUCTURE,STRUCTURE,STEM,D.melanogaster::Centroid::STEM_0006,29A_2_01A_Structural_Mapping,A_nucleotide_structure_annotation.csv,,62,73,12,TGTGCGTCGGCG,forward,63,74,68.5,VALID,STEM,True,FINAL,,,,,,,,,,62.0,73.0,FULLY_MAPPED,62.0,73.0,FULLY_MAPPED,54.0,65.0,FULLY_MAPPED,,,,,,,,,Centroid,STEM_0006,12.0,,,,,,,,,,,,STRUCTURAL_CONTEXT_ONLY,
Ras85D_CTX_MEL_CENTROID_HAIRPIN_LOOP_0001,Ras85D_HO_00398,D.melanogaster,STRUCTURE_SEGMENT,RNA_STRUCTURE,STRUCTURE,HAIRPIN_LOOP,D.melanogaster::Centroid::HAIRPIN_LOOP_0001,29A_2_01A_Structural_Mapping,A_nucleotide_structure_annotation.csv,,74,76,3,AAT,forward,75,77,76.0,VALID,HAIRPIN_LOOP,True,FINAL,,,,,,,,,,74.0,76.0,FULLY_MAPPED,74.0,76.0,FULLY_MAPPED,66.0,68.0,FULLY_MAPPED,,,,,,,,,Centroid,HAIRPIN_LOOP_0001,3.0,,,,,,,,,,,,STRUCTURAL_CONTEXT_ONLY,
Ras85D_CTX_MEL_CENTROID_STEM_0007,Ras85D_HO_00478,D.melanogaster,STRUCTURE_SEGMENT,RNA_STRUCTURE,STRUCTURE,STEM,D.melanogaster::Centroid::STEM_0007,29A_2_01A_Structural_Mapping,A_nucleotide_structure_annotation.csv,,77,82,6,CGCCGA,forward,78,83,80.5,VALID,STEM,True,FINAL,,,,,,,,,,77.0,82.0,FULLY_MAPPED,77.0,82.0,FULLY_MAPPED,69.0,73.0,PARTIALLY_GAPPED,,,,,,,,,Centroid,STEM_0007,6.0,,,,,,,,,,,,STRUCTURAL_CONTEXT_ONLY,
Ras85D_CTX_MEL_CENTROID_MULTILOOP_0003,Ras85D_HO_00459,D.melanogaster,STRUCTURE_SEGMENT,RNA_STRUCTURE,STRUCTURE,MULTILOOP,D.melanogaster::Centroid::MULTILOOP_0003,29A_2_01A_Structural_Mapping,A_nucleotide_structure_annotation.csv,,83,88,6,TCGTCC,forward,84,89,86.5,VALID,MULTILOOP,True,FINAL,,,,,,,,,,83.0,88.0,FULLY_MAPPED,83.0,88.0,FULLY_MAPPED,74.0,79.0,FULLY_MAPPED,,,,,,,,,Centroid,MULTILOOP_0003,6.0,,,,,,,,,,,,STRUCTURAL_CONTEXT_ONLY,
Ras85D_CTX_MEL_CENTROID_STEM_0008,Ras85D_HO_00479,D.melanogaster,STRUCTURE_SEGMENT,RNA_STRUCTURE,STRUCTURE,STEM,D.melanogaster::Centroid::STEM_0008,29A_2_01A_Structural_Mapping,A_nucleotide_structure_annotation.csv,,89,93,5,TGGGC,forward,90,94,92.0,VALID,STEM,True,FINAL,,,,,,,,,,89.0,93.0,FULLY_MAPPED,89.0,93.0,FULLY_MAPPED,80.0,84.0,FULLY_MAPPED,,,,,,,,,Centroid,STEM_0008,5.0,,,,,,,,,,,,STRUCTURAL_CONTEXT_ONLY,
Ras85D_CTX_MEL_CENTROID_INTERNAL_LOOP_0004,Ras85D_HO_00412,D.melanogaster,STRUCTURE_SEGMENT,RNA_STRUCTURE,STRUCTURE,INTERNAL_LOOP,D.melanogaster::Centroid::INTERNAL_LOOP_0004,29A_2_01A_Structural_Mapping,A_nucleotide_structure_annotation.csv,,94,94,1,T,forward,117,117,117.0,VALID,INTERNAL_LOOP,True,FINAL,,,,,,,,,,94.0,94.0,FULLY_MAPPED,94.0,94.0,FULLY_MAPPED,107.0,107.0,FULLY_MAPPED,,,,,,,,,Centroid,INTERNAL_LOOP_0004,1.0,,,,,,,,,,,,STRUCTURAL_CONTEXT_ONLY,
Ras85D_CTX_MEL_CENTROID_STEM_0009,Ras85D_HO_00480,D.melanogaster,STRUCTURE_SEGMENT,RNA_STRUCTURE,STRUCTURE,STEM,D.melanogaster::Centroid::STEM_0009,29A_2_01A_Structural_Mapping,A_nucleotide_structure_annotation.csv,,95,96,2,CG,forward,118,119,118.5,VALID,STEM,True,FINAL,,,,,,,,,,95.0,96.0,FULLY_MAPPED,95.0,96.0,FULLY_MAPPED,108.0,109.0,FULLY_MAPPED,,,,,,,,,Centroid,STEM_0009,2.0,,,,,,,,,,,,STRUCTURAL_CONTEXT_ONLY,
Ras85D_CTX_MEL_CENTROID_MULTILOOP_0004,Ras85D_HO_00460,D.melanogaster,STRUCTURE_SEGMENT,RNA_STRUCTURE,STRUCTURE,MULTILOOP,D.melanogaster::Centroid::MULTILOOP_0004,29A_2_01A_Structural_Mapping,A_nucleotide_structure_annotation.csv,,97,99,3,ATG,forward,120,122,121.0,VALID,MULTILOOP,True,FINAL,,,,,,,,,,97.0,99.0,FULLY_MAPPED,97.0,99.0,FULLY_MAPPED,110.0,112.0,FULLY_MAPPED,,,,,,,,,Centroid,MULTILOOP_0004,3.0,,,,,,,,,,,,STRUCTURAL_CONTEXT_ONLY,
Ras85D_CTX_MEL_CENTROID_STEM_0010,Ras85D_HO_00481,D.melanogaster,STRUCTURE_SEGMENT,RNA_STRUCTURE,STRUCTURE,STEM,D.melanogaster::Centroid::STEM_0010,29A_2_01A_Structural_Mapping,A_nucleotide_structure_annotation.csv,,100,101,2,GT,forward,123,124,123.5,VALID,STEM,True,FINAL,,,,,,,,,,100.0,101.0,FULLY_MAPPED,100.0,101.0,FULLY_MAPPED,113.0,114.0,FULLY_MAPPED,,,,,,,,,Centroid,STEM_0010,2.0,,,,,,,,,,,,STRUCTURAL_CONTEXT_ONLY,
Ras85D_CTX_MEL_CENTROID_INTERNAL_LOOP_0005,Ras85D_HO_00413,D.melanogaster,STRUCTURE_SEGMENT,RNA_STRUCTURE,STRUCTURE,INTERNAL_LOOP,D.melanogaster::Centroid::INTERNAL_LOOP_0005,29A_2_01A_Structural_Mapping,A_nucleotide_structure_annotation.csv,,102,102,1,T,forward,125,125,125.0,VALID,INTERNAL_LOOP,True,FINAL,,,,,,,,,,102.0,102.0,FULLY_MAPPED,102.0,102.0,FULLY_MAPPED,115.0,115.0,FULLY_MAPPED,,,,,,,,,Centroid,INTERNAL_LOOP_0005,1.0,,,,,,,,,,,,STRUCTURAL_CONTEXT_ONLY,
Ras85D_CTX_MEL_CENTROID_STEM_0011,Ras85D_HO_00482,D.melanogaster,STRUCTURE_SEGMENT,RNA_STRUCTURE,STRUCTURE,STEM,D.melanogaster::Centroid::STEM_0011,29A_2_01A_Structural_Mapping,A_nucleotide_structure_annotation.csv,,103,108,6,TGTCCA,forward,126,140,133.0,VALID,STEM,True,FINAL,,,,,,,,,,103.0,108.0,PARTIALLY_GAPPED,103.0,108.0,PARTIALLY_GAPPED,116.0,130.0,FULLY_MAPPED,,,,,,,,,Centroid,STEM_0011,6.0,,,,,,,,,,,,STRUCTURAL_CONTEXT_ONLY,
Ras85D_CTX_MEL_CENTROID_HAIRPIN_LOOP_0002,Ras85D_HO_00399,D.melanogaster,STRUCTURE_SEGMENT,RNA_STRUCTURE,STRUCTURE,HAIRPIN_LOOP,D.melanogaster::Centroid::HAIRPIN_LOOP_0002,29A_2_01A_Structural_Mapping,A_nucleotide_structure_annotation.csv,,109,111,3,TTT,forward,141,143,142.0,VALID,HAIRPIN_LOOP,True,FINAL,,,,,,,,,,109.0,111.0,FULLY_MAPPED,109.0,111.0,FULLY_MAPPED,131.0,133.0,FULLY_MAPPED,,,,,,,,,Centroid,HAIRPIN_LOOP_0002,3.0,,,,,,,,,,,,STRUCTURAL_CONTEXT_ONLY,
Ras85D_CTX_MEL_CENTROID_STEM_0012,Ras85D_HO_00483,D.melanogaster,STRUCTURE_SEGMENT,RNA_STRUCTURE,STRUCTURE,STEM,D.melanogaster::Centroid::STEM_0012,29A_2_01A_Structural_Mapping,A_nucleotide_structure_annotation.csv,,112,117,6,TGGACA,forward,144,157,150.5,VALID,STEM,True,FINAL,,,,,,,,,,112.0,117.0,PARTIALLY_GAPPED,112.0,117.0,PARTIALLY_GAPPED,134.0,147.0,FULLY_MAPPED,,,,,,,,,Centroid,STEM_0012,6.0,,,,,,,,,,,,STRUCTURAL_CONTEXT_ONLY,
Ras85D_CTX_MEL_CENTROID_INTERNAL_LOOP_0006,Ras85D_HO_00414,D.melanogaster,STRUCTURE_SEGMENT,RNA_STRUCTURE,STRUCTURE,INTERNAL_LOOP,D.melanogaster::Centroid::INTERNAL_LOOP_0006,29A_2_01A_Structural_Mapping,A_nucleotide_structure_annotation.csv,,118,118,1,C,forward,158,158,158.0,VALID,INTERNAL_LOOP,True,FINAL,,,,,,,,,,118.0,118.0,FULLY_MAPPED,118.0,118.0,FULLY_MAPPED,148.0,148.0,FULLY_MAPPED,,,,,,,,,Centroid,INTERNAL_LOOP_0006,1.0,,,,,,,,,,,,STRUCTURAL_CONTEXT_ONLY,
Ras85D_CTX_MEL_CENTROID_STEM_0013,Ras85D_HO_00484,D.melanogaster,STRUCTURE_SEGMENT,RNA_STRUCTURE,STRUCTURE,STEM,D.melanogaster::Centroid::STEM_0013,29A_2_01A_Structural_Mapping,A_nucleotide_structure_annotation.csv,,119,120,2,AC,forward,159,160,159.5,VALID,STEM,True,FINAL,,,,,,,,,,119.0,120.0,FULLY_MAPPED,119.0,120.0,FULLY_MAPPED,149.0,150.0,FULLY_MAPPED,,,,,,,,,Centroid,STEM_0013,2.0,,,,,,,,,,,,STRUCTURAL_CONTEXT_ONLY,
Ras85D_CTX_MEL_CENTROID_MULTILOOP_0005,Ras85D_HO_00461,D.melanogaster,STRUCTURE_SEGMENT,RNA_STRUCTURE,STRUCTURE,MULTILOOP,D.melanogaster::Centroid::MULTILOOP_0005,29A_2_01A_Structural_Mapping,A_nucleotide_structure_annotation.csv,,121,127,7,AATGCGA,forward,161,168,164.5,VALID,MULTILOOP,True,FINAL,,,,,,,,,,121.0,127.0,PARTIALLY_GAPPED,121.0,127.0,PARTIALLY_GAPPED,151.0,157.0,PARTIALLY_GAPPED,,,,,,,,,Centroid,MULTILOOP_0005,7.0,,,,,,,,,,,,STRUCTURAL_CONTEXT_ONLY,
Ras85D_CTX_MEL_CENTROID_STEM_0014,Ras85D_HO_00485,D.melanogaster,STRUCTURE_SEGMENT,RNA_STRUCTURE,STRUCTURE,STEM,D.melanogaster::Centroid::STEM_0014,29A_2_01A_Structural_Mapping,A_nucleotide_structure_annotation.csv,,128,140,13,AAAACACACACAT,forward,169,181,175.0,VALID,STEM,True,FINAL,,,,,,,,,,128.0,140.0,FULLY_MAPPED,128.0,140.0,FULLY_MAPPED,158.0,170.0,FULLY_MAPPED,,,,,,,,,Centroid,STEM_0014,13.0,,,,,,,,,,,,STRUCTURAL_CONTEXT_ONLY,
Ras85D_CTX_MEL_CENTROID_INTERNAL_LOOP_0007,Ras85D_HO_00415,D.melanogaster,STRUCTURE_SEGMENT,RNA_STRUCTURE,STRUCTURE,INTERNAL_LOOP,D.melanogaster::Centroid::INTERNAL_LOOP_0007,29A_2_01A_Structural_Mapping,A_nucleotide_structure_annotation.csv,,141,144,4,GTGG,forward,182,195,188.5,VALID,INTERNAL_LOOP,True,FINAL,,,,,,,,,,141.0,144.0,PARTIALLY_GAPPED,141.0,144.0,PARTIALLY_GAPPED,171.0,184.0,FULLY_MAPPED,,,,,,,,,Centroid,INTERNAL_LOOP_0007,4.0,,,,,,,,,,,,STRUCTURAL_CONTEXT_ONLY,
Ras85D_CTX_MEL_CENTROID_STEM_0015,Ras85D_HO_00486,D.melanogaster,STRUCTURE_SEGMENT,RNA_STRUCTURE,STRUCTURE,STEM,D.melanogaster::Centroid::STEM_0015,29A_2_01A_Structural_Mapping,A_nucleotide_structure_annotation.csv,,145,146,2,GA,forward,196,197,196.5,VALID,STEM,True,FINAL,,,,,,,,,,145.0,146.0,FULLY_MAPPED,145.0,146.0,FULLY_MAPPED,185.0,186.0,FULLY_MAPPED,,,,,,,,,Centroid,STEM_0015,2.0,,,,,,,,,,,,STRUCTURAL_CONTEXT_ONLY,
Ras85D_CTX_MEL_CENTROID_INTERNAL_LOOP_0008,Ras85D_HO_00416,D.melanogaster,STRUCTURE_SEGMENT,RNA_STRUCTURE,STRUCTURE,INTERNAL_LOOP,D.melanogaster::Centroid::INTERNAL_LOOP_0008,29A_2_01A_Structural_Mapping,A_nucleotide_structure_annotation.csv,,147,147,1,G,forward,198,198,198.0,VALID,INTERNAL_LOOP,True,FINAL,,,,,,,,,,147.0,147.0,FULLY_MAPPED,147.0,147.0,FULLY_MAPPED,187.0,187.0,FULLY_MAPPED,,,,,,,,,Centroid,INTERNAL_LOOP_0008,1.0,,,,,,,,,,,,STRUCTURAL_CONTEXT_ONLY,
Ras85D_CTX_MEL_CENTROID_STEM_0016,Ras85D_HO_00487,D.melanogaster,STRUCTURE_SEGMENT,RNA_STRUCTURE,STRUCTURE,STEM,D.melanogaster::Centroid::STEM_0016,29A_2_01A_Structural_Mapping,A_nucleotide_structure_annotation.csv,,148,150,3,CGT,forward,199,201,200.0,VALID,STEM,True,FINAL,,,,,,,,,,148.0,150.0,FULLY_MAPPED,148.0,150.0,FULLY_MAPPED,188.0,190.0,FULLY_MAPPED,,,,,,,,,Centroid,STEM_0016,3.0,,,,,,,,,,,,STRUCTURAL_CONTEXT_ONLY,
Ras85D_CTX_MEL_CENTROID_INTERNAL_LOOP_0009,Ras85D_HO_00417,D.melanogaster,STRUCTURE_SEGMENT,RNA_STRUCTURE,STRUCTURE,INTERNAL_LOOP,D.melanogaster::Centroid::INTERNAL_LOOP_0009,29A_2_01A_Structural_Mapping,A_nucleotide_structure_annotation.csv,,151,151,1,G,forward,202,202,202.0,VALID,INTERNAL_LOOP,True,FINAL,,,,,,,,,,151.0,151.0,FULLY_MAPPED,151.0,151.0,FULLY_MAPPED,191.0,191.0,FULLY_MAPPED,,,,,,,,,Centroid,INTERNAL_LOOP_0009,1.0,,,,,,,,,,,,STRUCTURAL_CONTEXT_ONLY,
Ras85D_CTX_MEL_CENTROID_STEM_0017,Ras85D_HO_00488,D.melanogaster,STRUCTURE_SEGMENT,RNA_STRUCTURE,STRUCTURE,STEM,D.melanogaster::Centroid::STEM_0017,29A_2_01A_Structural_Mapping,A_nucleotide_structure_annotation.csv,,152,155,4,TTGG,forward,203,207,205.0,VALID,STEM,True,FINAL,,,,,,,,,,152.0,155.0,PARTIALLY_GAPPED,152.0,155.0,PARTIALLY_GAPPED,192.0,196.0,FULLY_MAPPED,,,,,,,,,Centroid,STEM_0017,4.0,,,,,,,,,,,,STRUCTURAL_CONTEXT_ONLY,
Ras85D_CTX_MEL_CENTROID_BULGE_0001,Ras85D_HO_00391,D.melanogaster,STRUCTURE_SEGMENT,RNA_STRUCTURE,STRUCTURE,BULGE,D.melanogaster::Centroid::BULGE_0001,29A_2_01A_Structural_Mapping,A_nucleotide_structure_annotation.csv,,156,156,1,T,forward,208,208,208.0,VALID,BULGE,True,FINAL,,,,,,,,,,156.0,156.0,FULLY_MAPPED,156.0,156.0,FULLY_MAPPED,197.0,197.0,FULLY_MAPPED,,,,,,,,,Centroid,BULGE_0001,1.0,,,,,,,,,,,,STRUCTURAL_CONTEXT_ONLY,
Ras85D_CTX_MEL_CENTROID_STEM_0018,Ras85D_HO_00489,D.melanogaster,STRUCTURE_SEGMENT,RNA_STRUCTURE,STRUCTURE,STEM,D.melanogaster::Centroid::STEM_0018,29A_2_01A_Structural_Mapping,A_nucleotide_structure_annotation.csv,,157,157,1,C,forward,209,209,209.0,VALID,STEM,True,FINAL,,,,,,,,,,157.0,157.0,FULLY_MAPPED,157.0,157.0,FULLY_MAPPED,198.0,198.0,FULLY_MAPPED,,,,,,,,,Centroid,STEM_0018,1.0,,,,,,,,,,,,STRUCTURAL_CONTEXT_ONLY,
Ras85D_CTX_MEL_CENTROID_INTERNAL_LOOP_0010,Ras85D_HO_00418,D.melanogaster,STRUCTURE_SEGMENT,RNA_STRUCTURE,STRUCTURE,INTERNAL_LOOP,D.melanogaster::Centroid::INTERNAL_LOOP_0010,29A_2_01A_Structural_Mapping,A_nucleotide_structure_annotation.csv,,158,159,2,GG,forward,210,211,210.5,VALID,INTERNAL_LOOP,True,FINAL,,,,,,,,,,158.0,159.0,FULLY_MAPPED,158.0,159.0,FULLY_MAPPED,199.0,200.0,FULLY_MAPPED,,,,,,,,,Centroid,INTERNAL_LOOP_0010,2.0,,,,,,,,,,,,STRUCTURAL_CONTEXT_ONLY,
Ras85D_CTX_MEL_CENTROID_STEM_0019,Ras85D_HO_00490,D.melanogaster,STRUCTURE_SEGMENT,RNA_STRUCTURE,STRUCTURE,STEM,D.melanogaster::Centroid::STEM_0019,29A_2_01A_Structural_Mapping,A_nucleotide_structure_annotation.csv,,160,163,4,TGCA,forward,212,215,213.5,VALID,STEM,True,FINAL,,,,,,,,,,160.0,163.0,FULLY_MAPPED,160.0,163.0,FULLY_MAPPED,201.0,204.0,FULLY_MAPPED,,,,,,,,,Centroid,STEM_0019,4.0,,,,,,,,,,,,STRUCTURAL_CONTEXT_ONLY,
Ras85D_CTX_MEL_CENTROID_HAIRPIN_LOOP_0003,Ras85D_HO_00400,D.melanogaster,STRUCTURE_SEGMENT,RNA_STRUCTURE,STRUCTURE,HAIRPIN_LOOP,D.melanogaster::Centroid::HAIRPIN_LOOP_0003,29A_2_01A_Structural_Mapping,A_nucleotide_structure_annotation.csv,,164,216,53,ATTGTCAGATAAAAGAAGAGAAATTGTAATTAATTTAAGTAACTAGAGTTTTA,forward,216,268,242.0,VALID,HAIRPIN_LOOP,True,FINAL,,,,,,,,,,164.0,216.0,FULLY_MAPPED,164.0,216.0,FULLY_MAPPED,205.0,256.0,PARTIALLY_GAPPED,,,,,,,,,Centroid,HAIRPIN_LOOP_0003,53.0,,,,,,,,,,,,STRUCTURAL_CONTEXT_ONLY,
Ras85D_CTX_MEL_CENTROID_STEM_0020,Ras85D_HO_00491,D.melanogaster,STRUCTURE_SEGMENT,RNA_STRUCTURE,STRUCTURE,STEM,D.melanogaster::Centroid::STEM_0020,29A_2_01A_Structural_Mapping,A_nucleotide_structure_annotation.csv,,217,220,4,TGTA,forward,270,273,271.5,VALID,STEM,True,FINAL,,,,,,,,,,217.0,220.0,FULLY_MAPPED,217.0,220.0,FULLY_MAPPED,258.0,261.0,FULLY_MAPPED,,,,,,,,,Centroid,STEM_0020,4.0,,,,,,,,,,,,STRUCTURAL_CONTEXT_ONLY,
Ras85D_CTX_MEL_CENTROID_INTERNAL_LOOP_0011,Ras85D_HO_00419,D.melanogaster,STRUCTURE_SEGMENT,RNA_STRUCTURE,STRUCTURE,INTERNAL_LOOP,D.melanogaster::Centroid::INTERNAL_LOOP_0011,29A_2_01A_Structural_Mapping,A_nucleotide_structure_annotation.csv,,221,221,1,C,forward,274,274,274.0,VALID,INTERNAL_LOOP,True,FINAL,,,,,,,,,,221.0,221.0,FULLY_MAPPED,221.0,221.0,FULLY_MAPPED,262.0,262.0,FULLY_MAPPED,,,,,,,,,Centroid,INTERNAL_LOOP_0011,1.0,,,,,,,,,,,,STRUCTURAL_CONTEXT_ONLY,
Ras85D_CTX_MEL_CENTROID_STEM_0021,Ras85D_HO_00492,D.melanogaster,STRUCTURE_SEGMENT,RNA_STRUCTURE,STRUCTURE,STEM,D.melanogaster::Centroid::STEM_0021,29A_2_01A_Structural_Mapping,A_nucleotide_structure_annotation.csv,,222,226,5,GTCGA,forward,275,279,277.0,VALID,STEM,True,FINAL,,,,,,,,,,222.0,226.0,FULLY_MAPPED,222.0,226.0,FULLY_MAPPED,263.0,267.0,FULLY_MAPPED,,,,,,,,,Centroid,STEM_0021,5.0,,,,,,,,,,,,STRUCTURAL_CONTEXT_ONLY,
Ras85D_CTX_MEL_CENTROID_INTERNAL_LOOP_0012,Ras85D_HO_00420,D.melanogaster,STRUCTURE_SEGMENT,RNA_STRUCTURE,STRUCTURE,INTERNAL_LOOP,D.melanogaster::Centroid::INTERNAL_LOOP_0012,29A_2_01A_Structural_Mapping,A_nucleotide_structure_annotation.csv,,227,227,1,A,forward,280,280,280.0,VALID,INTERNAL_LOOP,True,FINAL,,,,,,,,,,227.0,227.0,FULLY_MAPPED,227.0,227.0,FULLY_MAPPED,,,ABSENT_IN_TARGET,,,,,,,,,Centroid,INTERNAL_LOOP_0012,1.0,,,,,,,,,,,,STRUCTURAL_CONTEXT_ONLY,
Ras85D_CTX_MEL_CENTROID_STEM_0022,Ras85D_HO_00493,D.melanogaster,STRUCTURE_SEGMENT,RNA_STRUCTURE,STRUCTURE,STEM,D.melanogaster::Centroid::STEM_0022,29A_2_01A_Structural_Mapping,A_nucleotide_structure_annotation.csv,,228,230,3,ATG,forward,281,283,282.0,VALID,STEM,True,FINAL,,,,,,,,,,228.0,230.0,FULLY_MAPPED,228.0,230.0,FULLY_MAPPED,268.0,270.0,FULLY_MAPPED,,,,,,,,,Centroid,STEM_0022,3.0,,,,,,,,,,,,STRUCTURAL_CONTEXT_ONLY,
Ras85D_CTX_MEL_CENTROID_INTERNAL_LOOP_0013,Ras85D_HO_00421,D.melanogaster,STRUCTURE_SEGMENT,RNA_STRUCTURE,STRUCTURE,INTERNAL_LOOP,D.melanogaster::Centroid::INTERNAL_LOOP_0013,29A_2_01A_Structural_Mapping,A_nucleotide_structure_annotation.csv,,231,232,2,AT,forward,284,285,284.5,VALID,INTERNAL_LOOP,True,FINAL,,,,,,,,,,231.0,232.0,FULLY_MAPPED,231.0,232.0,FULLY_MAPPED,271.0,272.0,FULLY_MAPPED,,,,,,,,,Centroid,INTERNAL_LOOP_0013,2.0,,,,,,,,,,,,STRUCTURAL_CONTEXT_ONLY,
Ras85D_CTX_MEL_CENTROID_STEM_0023,Ras85D_HO_00494,D.melanogaster,STRUCTURE_SEGMENT,RNA_STRUCTURE,STRUCTURE,STEM,D.melanogaster::Centroid::STEM_0023,29A_2_01A_Structural_Mapping,A_nucleotide_structure_annotation.csv,,233,234,2,TT,forward,286,287,286.5,VALID,STEM,True,FINAL,,,,,,,,,,233.0,234.0,FULLY_MAPPED,233.0,234.0,FULLY_MAPPED,273.0,274.0,FULLY_MAPPED,,,,,,,,,Centroid,STEM_0023,2.0,,,,,,,,,,,,STRUCTURAL_CONTEXT_ONLY,
Ras85D_CTX_MEL_CENTROID_INTERNAL_LOOP_0014,Ras85D_HO_00422,D.melanogaster,STRUCTURE_SEGMENT,RNA_STRUCTURE,STRUCTURE,INTERNAL_LOOP,D.melanogaster::Centroid::INTERNAL_LOOP_0014,29A_2_01A_Structural_Mapping,A_nucleotide_structure_annotation.csv,,235,239,5,TGTGA,forward,288,292,290.0,VALID,INTERNAL_LOOP,True,FINAL,,,,,,,,,,235.0,239.0,FULLY_MAPPED,235.0,239.0,FULLY_MAPPED,,,ABSENT_IN_TARGET,,,,,,,,,Centroid,INTERNAL_LOOP_0014,5.0,,,,,,,,,,,,STRUCTURAL_CONTEXT_ONLY,
Ras85D_CTX_MEL_CENTROID_STEM_0024,Ras85D_HO_00495,D.melanogaster,STRUCTURE_SEGMENT,RNA_STRUCTURE,STRUCTURE,STEM,D.melanogaster::Centroid::STEM_0024,29A_2_01A_Structural_Mapping,A_nucleotide_structure_annotation.csv,,240,252,13,ATGTGTGTGTTTT,forward,293,305,299.0,VALID,STEM,True,FINAL,,,,,,,,,,240.0,252.0,FULLY_MAPPED,240.0,252.0,FULLY_MAPPED,275.0,284.0,PARTIALLY_GAPPED,,,,,,,,,Centroid,STEM_0024,13.0,,,,,,,,,,,,STRUCTURAL_CONTEXT_ONLY,
Ras85D_CTX_MEL_CENTROID_MULTILOOP_0006,Ras85D_HO_00462,D.melanogaster,STRUCTURE_SEGMENT,RNA_STRUCTURE,STRUCTURE,MULTILOOP,D.melanogaster::Centroid::MULTILOOP_0006,29A_2_01A_Structural_Mapping,A_nucleotide_structure_annotation.csv,,253,259,7,GTGTCGT,forward,306,312,309.0,VALID,MULTILOOP,True,FINAL,,,,,,,,,,253.0,259.0,FULLY_MAPPED,253.0,259.0,FULLY_MAPPED,285.0,285.0,PARTIALLY_GAPPED,,,,,,,,,Centroid,MULTILOOP_0006,7.0,,,,,,,,,,,,STRUCTURAL_CONTEXT_ONLY,
Ras85D_CTX_MEL_CENTROID_STEM_0025,Ras85D_HO_00496,D.melanogaster,STRUCTURE_SEGMENT,RNA_STRUCTURE,STRUCTURE,STEM,D.melanogaster::Centroid::STEM_0025,29A_2_01A_Structural_Mapping,A_nucleotide_structure_annotation.csv,,260,267,8,TTGAAAGG,forward,313,320,316.5,VALID,STEM,True,FINAL,,,,,,,,,,260.0,267.0,FULLY_MAPPED,260.0,267.0,FULLY_MAPPED,286.0,293.0,FULLY_MAPPED,,,,,,,,,Centroid,STEM_0025,8.0,,,,,,,,,,,,STRUCTURAL_CONTEXT_ONLY,
Ras85D_CTX_MEL_CENTROID_INTERNAL_LOOP_0015,Ras85D_HO_00423,D.melanogaster,STRUCTURE_SEGMENT,RNA_STRUCTURE,STRUCTURE,INTERNAL_LOOP,D.melanogaster::Centroid::INTERNAL_LOOP_0015,29A_2_01A_Structural_Mapping,A_nucleotide_structure_annotation.csv,,268,268,1,C,forward,321,321,321.0,VALID,INTERNAL_LOOP,True,FINAL,,,,,,,,,,268.0,268.0,FULLY_MAPPED,268.0,268.0,FULLY_MAPPED,294.0,294.0,FULLY_MAPPED,,,,,,,,,Centroid,INTERNAL_LOOP_0015,1.0,,,,,,,,,,,,STRUCTURAL_CONTEXT_ONLY,
Ras85D_CTX_MEL_CENTROID_STEM_0026,Ras85D_HO_00497,D.melanogaster,STRUCTURE_SEGMENT,RNA_STRUCTURE,STRUCTURE,STEM,D.melanogaster::Centroid::STEM_0026,29A_2_01A_Structural_Mapping,A_nucleotide_structure_annotation.csv,,269,271,3,TGC,forward,322,324,323.0,VALID,STEM,True,FINAL,,,,,,,,,,269.0,271.0,FULLY_MAPPED,269.0,271.0,FULLY_MAPPED,295.0,297.0,FULLY_MAPPED,,,,,,,,,Centroid,STEM_0026,3.0,,,,,,,,,,,,STRUCTURAL_CONTEXT_ONLY,
Ras85D_CTX_MEL_CENTROID_HAIRPIN_LOOP_0004,Ras85D_HO_00401,D.melanogaster,STRUCTURE_SEGMENT,RNA_STRUCTURE,STRUCTURE,HAIRPIN_LOOP,D.melanogaster::Centroid::HAIRPIN_LOOP_0004,29A_2_01A_Structural_Mapping,A_nucleotide_structure_annotation.csv,,272,274,3,GAG,forward,325,327,326.0,VALID,HAIRPIN_LOOP,True,FINAL,,,,,,,,,,272.0,274.0,FULLY_MAPPED,272.0,274.0,FULLY_MAPPED,298.0,300.0,FULLY_MAPPED,,,,,,,,,Centroid,HAIRPIN_LOOP_0004,3.0,,,,,,,,,,,,STRUCTURAL_CONTEXT_ONLY,
Ras85D_CTX_MEL_CENTROID_STEM_0027,Ras85D_HO_00498,D.melanogaster,STRUCTURE_SEGMENT,RNA_STRUCTURE,STRUCTURE,STEM,D.melanogaster::Centroid::STEM_0027,29A_2_01A_Structural_Mapping,A_nucleotide_structure_annotation.csv,,275,277,3,GCG,forward,328,330,329.0,VALID,STEM,True,FINAL,,,,,,,,,,275.0,277.0,FULLY_MAPPED,275.0,277.0,FULLY_MAPPED,301.0,303.0,FULLY_MAPPED,,,,,,,,,Centroid,STEM_0027,3.0,,,,,,,,,,,,STRUCTURAL_CONTEXT_ONLY,
Ras85D_CTX_MEL_CENTROID_INTERNAL_LOOP_0016,Ras85D_HO_00424,D.melanogaster,STRUCTURE_SEGMENT,RNA_STRUCTURE,STRUCTURE,INTERNAL_LOOP,D.melanogaster::Centroid::INTERNAL_LOOP_0016,29A_2_01A_Structural_Mapping,A_nucleotide_structure_annotation.csv,,278,278,1,C,forward,331,331,331.0,VALID,INTERNAL_LOOP,True,FINAL,,,,,,,,,,278.0,278.0,FULLY_MAPPED,278.0,278.0,FULLY_MAPPED,304.0,304.0,FULLY_MAPPED,,,,,,,,,Centroid,INTERNAL_LOOP_0016,1.0,,,,,,,,,,,,STRUCTURAL_CONTEXT_ONLY,
Ras85D_CTX_MEL_CENTROID_STEM_0028,Ras85D_HO_00499,D.melanogaster,STRUCTURE_SEGMENT,RNA_STRUCTURE,STRUCTURE,STEM,D.melanogaster::Centroid::STEM_0028,29A_2_01A_Structural_Mapping,A_nucleotide_structure_annotation.csv,,279,293,15,CCTTTTAAGAGTATT,forward,332,346,339.0,VALID,STEM,True,FINAL,,,,,,,,,,279.0,293.0,FULLY_MAPPED,279.0,293.0,FULLY_MAPPED,305.0,319.0,FULLY_MAPPED,,,,,,,,,Centroid,STEM_0028,15.0,,,,,,,,,,,,STRUCTURAL_CONTEXT_ONLY,
Ras85D_CTX_MEL_CENTROID_INTERNAL_LOOP_0017,Ras85D_HO_00425,D.melanogaster,STRUCTURE_SEGMENT,RNA_STRUCTURE,STRUCTURE,INTERNAL_LOOP,D.melanogaster::Centroid::INTERNAL_LOOP_0017,29A_2_01A_Structural_Mapping,A_nucleotide_structure_annotation.csv,,294,300,7,AACAATA,forward,347,353,350.0,VALID,INTERNAL_LOOP,True,FINAL,,,,,,,,,,294.0,300.0,FULLY_MAPPED,294.0,300.0,FULLY_MAPPED,320.0,324.0,PARTIALLY_GAPPED,,,,,,,,,Centroid,INTERNAL_LOOP_0017,7.0,,,,,,,,,,,,STRUCTURAL_CONTEXT_ONLY,
Ras85D_CTX_MEL_CENTROID_STEM_0029,Ras85D_HO_00500,D.melanogaster,STRUCTURE_SEGMENT,RNA_STRUCTURE,STRUCTURE,STEM,D.melanogaster::Centroid::STEM_0029,29A_2_01A_Structural_Mapping,A_nucleotide_structure_annotation.csv,,301,306,6,ACAAGC,forward,354,359,356.5,VALID,STEM,True,FINAL,,,,,,,,,,301.0,306.0,FULLY_MAPPED,301.0,306.0,FULLY_MAPPED,,,ABSENT_IN_TARGET,,,,,,,,,Centroid,STEM_0029,6.0,,,,,,,,,,,,STRUCTURAL_CONTEXT_ONLY,
Ras85D_CTX_MEL_CENTROID_INTERNAL_LOOP_0018,Ras85D_HO_00426,D.melanogaster,STRUCTURE_SEGMENT,RNA_STRUCTURE,STRUCTURE,INTERNAL_LOOP,D.melanogaster::Centroid::INTERNAL_LOOP_0018,29A_2_01A_Structural_Mapping,A_nucleotide_structure_annotation.csv,,307,309,3,AAA,forward,360,362,361.0,VALID,INTERNAL_LOOP,True,FINAL,,,,,,,,,,307.0,309.0,FULLY_MAPPED,307.0,309.0,FULLY_MAPPED,,,ABSENT_IN_TARGET,,,,,,,,,Centroid,INTERNAL_LOOP_0018,3.0,,,,,,,,,,,,STRUCTURAL_CONTEXT_ONLY,
Ras85D_CTX_MEL_CENTROID_STEM_0030,Ras85D_HO_00501,D.melanogaster,STRUCTURE_SEGMENT,RNA_STRUCTURE,STRUCTURE,STEM,D.melanogaster::Centroid::STEM_0030,29A_2_01A_Structural_Mapping,A_nucleotide_structure_annotation.csv,,310,321,12,CAAAAACGAACG,forward,363,374,368.5,VALID,STEM,True,FINAL,,,,,,,,,,310.0,321.0,FULLY_MAPPED,310.0,321.0,FULLY_MAPPED,,,ABSENT_IN_TARGET,,,,,,,,,Centroid,STEM_0030,12.0,,,,,,,,,,,,STRUCTURAL_CONTEXT_ONLY,
Ras85D_CTX_MEL_CENTROID_INTERNAL_LOOP_0019,Ras85D_HO_00427,D.melanogaster,STRUCTURE_SEGMENT,RNA_STRUCTURE,STRUCTURE,INTERNAL_LOOP,D.melanogaster::Centroid::INTERNAL_LOOP_0019,29A_2_01A_Structural_Mapping,A_nucleotide_structure_annotation.csv,,322,322,1,A,forward,375,375,375.0,VALID,INTERNAL_LOOP,True,FINAL,,,,,,,,,,322.0,322.0,FULLY_MAPPED,322.0,322.0,FULLY_MAPPED,,,ABSENT_IN_TARGET,,,,,,,,,Centroid,INTERNAL_LOOP_0019,1.0,,,,,,,,,,,,STRUCTURAL_CONTEXT_ONLY,
Ras85D_CTX_MEL_CENTROID_STEM_0031,Ras85D_HO_00502,D.melanogaster,STRUCTURE_SEGMENT,RNA_STRUCTURE,STRUCTURE,STEM,D.melanogaster::Centroid::STEM_0031,29A_2_01A_Structural_Mapping,A_nucleotide_structure_annotation.csv,,323,326,4,AGCA,forward,376,379,377.5,VALID,STEM,True,FINAL,,,,,,,,,,323.0,326.0,FULLY_MAPPED,323.0,326.0,FULLY_MAPPED,,,ABSENT_IN_TARGET,,,,,,,,,Centroid,STEM_0031,4.0,,,,,,,,,,,,STRUCTURAL_CONTEXT_ONLY,
Ras85D_CTX_MEL_CENTROID_MULTILOOP_0007,Ras85D_HO_00463,D.melanogaster,STRUCTURE_SEGMENT,RNA_STRUCTURE,STRUCTURE,MULTILOOP,D.melanogaster::Centroid::MULTILOOP_0007,29A_2_01A_Structural_Mapping,A_nucleotide_structure_annotation.csv,,327,345,19,AATCGAAAATGAAAATGAA,forward,380,398,389.0,VALID,MULTILOOP,True,FINAL,,,,,,,,,,327.0,345.0,FULLY_MAPPED,327.0,345.0,FULLY_MAPPED,325.0,339.0,PARTIALLY_GAPPED,,,,,,,,,Centroid,MULTILOOP_0007,19.0,,,,,,,,,,,,STRUCTURAL_CONTEXT_ONLY,
Ras85D_CTX_MEL_CENTROID_STEM_0032,Ras85D_HO_00503,D.melanogaster,STRUCTURE_SEGMENT,RNA_STRUCTURE,STRUCTURE,STEM,D.melanogaster::Centroid::STEM_0032,29A_2_01A_Structural_Mapping,A_nucleotide_structure_annotation.csv,,346,351,6,TATGTA,forward,399,404,401.5,VALID,STEM,True,FINAL,,,,,,,,,,346.0,351.0,FULLY_MAPPED,346.0,351.0,FULLY_MAPPED,340.0,345.0,FULLY_MAPPED,,,,,,,,,Centroid,STEM_0032,6.0,,,,,,,,,,,,STRUCTURAL_CONTEXT_ONLY,
Ras85D_CTX_MEL_CENTROID_HAIRPIN_LOOP_0005,Ras85D_HO_00402,D.melanogaster,STRUCTURE_SEGMENT,RNA_STRUCTURE,STRUCTURE,HAIRPIN_LOOP,D.melanogaster::Centroid::HAIRPIN_LOOP_0005,29A_2_01A_Structural_Mapping,A_nucleotide_structure_annotation.csv,,352,355,4,CCTC,forward,405,408,406.5,VALID,HAIRPIN_LOOP,True,FINAL,,,,,,,,,,352.0,355.0,FULLY_MAPPED,352.0,355.0,FULLY_MAPPED,,,ABSENT_IN_TARGET,,,,,,,,,Centroid,HAIRPIN_LOOP_0005,4.0,,,,,,,,,,,,STRUCTURAL_CONTEXT_ONLY,
Ras85D_CTX_MEL_CENTROID_STEM_0033,Ras85D_HO_00504,D.melanogaster,STRUCTURE_SEGMENT,RNA_STRUCTURE,STRUCTURE,STEM,D.melanogaster::Centroid::STEM_0033,29A_2_01A_Structural_Mapping,A_nucleotide_structure_annotation.csv,,356,361,6,TACATA,forward,409,414,411.5,VALID,STEM,True,FINAL,,,,,,,,,,356.0,361.0,FULLY_MAPPED,356.0,361.0,FULLY_MAPPED,346.0,350.0,PARTIALLY_GAPPED,,,,,,,,,Centroid,STEM_0033,6.0,,,,,,,,,,,,STRUCTURAL_CONTEXT_ONLY,
Ras85D_CTX_MEL_CENTROID_MULTILOOP_0008,Ras85D_HO_00464,D.melanogaster,STRUCTURE_SEGMENT,RNA_STRUCTURE,STRUCTURE,MULTILOOP,D.melanogaster::Centroid::MULTILOOP_0008,29A_2_01A_Structural_Mapping,A_nucleotide_structure_annotation.csv,,362,376,15,AAAACTATGAATACT,forward,415,429,422.0,VALID,MULTILOOP,True,FINAL,,,,,,,,,,362.0,376.0,FULLY_MAPPED,362.0,376.0,FULLY_MAPPED,351.0,363.0,PARTIALLY_GAPPED,,,,,,,,,Centroid,MULTILOOP_0008,15.0,,,,,,,,,,,,STRUCTURAL_CONTEXT_ONLY,
Ras85D_CTX_MEL_CENTROID_STEM_0034,Ras85D_HO_00505,D.melanogaster,STRUCTURE_SEGMENT,RNA_STRUCTURE,STRUCTURE,STEM,D.melanogaster::Centroid::STEM_0034,29A_2_01A_Structural_Mapping,A_nucleotide_structure_annotation.csv,,377,380,4,GTTG,forward,430,433,431.5,VALID,STEM,True,FINAL,,,,,,,,,,377.0,380.0,FULLY_MAPPED,377.0,380.0,FULLY_MAPPED,364.0,367.0,FULLY_MAPPED,,,,,,,,,Centroid,STEM_0034,4.0,,,,,,,,,,,,STRUCTURAL_CONTEXT_ONLY,
Ras85D_CTX_MEL_CENTROID_BULGE_0002,Ras85D_HO_00392,D.melanogaster,STRUCTURE_SEGMENT,RNA_STRUCTURE,STRUCTURE,BULGE,D.melanogaster::Centroid::BULGE_0002,29A_2_01A_Structural_Mapping,A_nucleotide_structure_annotation.csv,,381,381,1,T,forward,434,434,434.0,VALID,BULGE,True,FINAL,,,,,,,,,,381.0,381.0,FULLY_MAPPED,381.0,381.0,FULLY_MAPPED,368.0,368.0,FULLY_MAPPED,,,,,,,,,Centroid,BULGE_0002,1.0,,,,,,,,,,,,STRUCTURAL_CONTEXT_ONLY,
Ras85D_CTX_MEL_CENTROID_STEM_0035,Ras85D_HO_00506,D.melanogaster,STRUCTURE_SEGMENT,RNA_STRUCTURE,STRUCTURE,STEM,D.melanogaster::Centroid::STEM_0035,29A_2_01A_Structural_Mapping,A_nucleotide_structure_annotation.csv,,382,385,4,AACT,forward,435,438,436.5,VALID,STEM,True,FINAL,,,,,,,,,,382.0,385.0,FULLY_MAPPED,382.0,385.0,FULLY_MAPPED,369.0,372.0,FULLY_MAPPED,,,,,,,,,Centroid,STEM_0035,4.0,,,,,,,,,,,,STRUCTURAL_CONTEXT_ONLY,
Ras85D_CTX_MEL_CENTROID_HAIRPIN_LOOP_0006,Ras85D_HO_00403,D.melanogaster,STRUCTURE_SEGMENT,RNA_STRUCTURE,STRUCTURE,HAIRPIN_LOOP,D.melanogaster::Centroid::HAIRPIN_LOOP_0006,29A_2_01A_Structural_Mapping,A_nucleotide_structure_annotation.csv,,386,390,5,GCCTT,forward,439,443,441.0,VALID,HAIRPIN_LOOP,True,FINAL,,,,,,,,,,386.0,390.0,FULLY_MAPPED,386.0,390.0,FULLY_MAPPED,373.0,377.0,FULLY_MAPPED,,,,,,,,,Centroid,HAIRPIN_LOOP_0006,5.0,,,,,,,,,,,,STRUCTURAL_CONTEXT_ONLY,
Ras85D_CTX_MEL_CENTROID_STEM_0036,Ras85D_HO_00507,D.melanogaster,STRUCTURE_SEGMENT,RNA_STRUCTURE,STRUCTURE,STEM,D.melanogaster::Centroid::STEM_0036,29A_2_01A_Structural_Mapping,A_nucleotide_structure_annotation.csv,,391,402,12,GGTTCAGCTGCT,forward,444,455,449.5,VALID,STEM,True,FINAL,,,,,,,,,,391.0,402.0,FULLY_MAPPED,391.0,402.0,FULLY_MAPPED,378.0,389.0,FULLY_MAPPED,,,,,,,,,Centroid,STEM_0036,12.0,,,,,,,,,,,,STRUCTURAL_CONTEXT_ONLY,
Ras85D_CTX_MEL_CENTROID_INTERNAL_LOOP_0020,Ras85D_HO_00428,D.melanogaster,STRUCTURE_SEGMENT,RNA_STRUCTURE,STRUCTURE,INTERNAL_LOOP,D.melanogaster::Centroid::INTERNAL_LOOP_0020,29A_2_01A_Structural_Mapping,A_nucleotide_structure_annotation.csv,,403,407,5,ATATC,forward,473,477,475.0,VALID,INTERNAL_LOOP,True,FINAL,,,,,,,,,,403.0,407.0,FULLY_MAPPED,403.0,407.0,FULLY_MAPPED,407.0,411.0,FULLY_MAPPED,,,,,,,,,Centroid,INTERNAL_LOOP_0020,5.0,,,,,,,,,,,,STRUCTURAL_CONTEXT_ONLY,
Ras85D_CTX_MEL_CENTROID_STEM_0037,Ras85D_HO_00508,D.melanogaster,STRUCTURE_SEGMENT,RNA_STRUCTURE,STRUCTURE,STEM,D.melanogaster::Centroid::STEM_0037,29A_2_01A_Structural_Mapping,A_nucleotide_structure_annotation.csv,,408,417,10,CGTTTGTTTT,forward,478,487,482.5,VALID,STEM,True,FINAL,,,,,,,,,,408.0,417.0,FULLY_MAPPED,408.0,417.0,FULLY_MAPPED,412.0,421.0,FULLY_MAPPED,,,,,,,,,Centroid,STEM_0037,10.0,,,,,,,,,,,,STRUCTURAL_CONTEXT_ONLY,
Ras85D_CTX_MEL_CENTROID_BULGE_0003,Ras85D_HO_00393,D.melanogaster,STRUCTURE_SEGMENT,RNA_STRUCTURE,STRUCTURE,BULGE,D.melanogaster::Centroid::BULGE_0003,29A_2_01A_Structural_Mapping,A_nucleotide_structure_annotation.csv,,418,441,24,CAACCAGCACTTAACTTGATTCTA,forward,488,511,499.5,VALID,BULGE,True,FINAL,,,,,,,,,,418.0,441.0,FULLY_MAPPED,418.0,441.0,FULLY_MAPPED,422.0,445.0,FULLY_MAPPED,,,,,,,,,Centroid,BULGE_0003,24.0,,,,,,,,,,,,STRUCTURAL_CONTEXT_ONLY,
Ras85D_CTX_MEL_CENTROID_STEM_0038,Ras85D_HO_00509,D.melanogaster,STRUCTURE_SEGMENT,RNA_STRUCTURE,STRUCTURE,STEM,D.melanogaster::Centroid::STEM_0038,29A_2_01A_Structural_Mapping,A_nucleotide_structure_annotation.csv,,442,443,2,TG,forward,512,513,512.5,VALID,STEM,True,FINAL,,,,,,,,,,442.0,443.0,FULLY_MAPPED,442.0,443.0,FULLY_MAPPED,446.0,447.0,FULLY_MAPPED,,,,,,,,,Centroid,STEM_0038,2.0,,,,,,,,,,,,STRUCTURAL_CONTEXT_ONLY,
Ras85D_CTX_MEL_CENTROID_INTERNAL_LOOP_0021,Ras85D_HO_00429,D.melanogaster,STRUCTURE_SEGMENT,RNA_STRUCTURE,STRUCTURE,INTERNAL_LOOP,D.melanogaster::Centroid::INTERNAL_LOOP_0021,29A_2_01A_Structural_Mapping,A_nucleotide_structure_annotation.csv,,444,445,2,TT,forward,514,515,514.5,VALID,INTERNAL_LOOP,True,FINAL,,,,,,,,,,444.0,445.0,FULLY_MAPPED,444.0,445.0,FULLY_MAPPED,448.0,449.0,FULLY_MAPPED,,,,,,,,,Centroid,INTERNAL_LOOP_0021,2.0,,,,,,,,,,,,STRUCTURAL_CONTEXT_ONLY,
Ras85D_CTX_MEL_CENTROID_STEM_0039,Ras85D_HO_00510,D.melanogaster,STRUCTURE_SEGMENT,RNA_STRUCTURE,STRUCTURE,STEM,D.melanogaster::Centroid::STEM_0039,29A_2_01A_Structural_Mapping,A_nucleotide_structure_annotation.csv,,446,451,6,GTTTGT,forward,516,521,518.5,VALID,STEM,True,FINAL,,,,,,,,,,446.0,451.0,FULLY_MAPPED,446.0,451.0,FULLY_MAPPED,450.0,455.0,FULLY_MAPPED,,,,,,,,,Centroid,STEM_0039,6.0,,,,,,,,,,,,STRUCTURAL_CONTEXT_ONLY,
Ras85D_CTX_MEL_CENTROID_INTERNAL_LOOP_0022,Ras85D_HO_00430,D.melanogaster,STRUCTURE_SEGMENT,RNA_STRUCTURE,STRUCTURE,INTERNAL_LOOP,D.melanogaster::Centroid::INTERNAL_LOOP_0022,29A_2_01A_Structural_Mapping,A_nucleotide_structure_annotation.csv,,452,460,9,ACTTCAACA,forward,522,530,526.0,VALID,INTERNAL_LOOP,True,FINAL,,,,,,,,,,452.0,460.0,FULLY_MAPPED,452.0,460.0,FULLY_MAPPED,456.0,460.0,PARTIALLY_GAPPED,,,,,,,,,Centroid,INTERNAL_LOOP_0022,9.0,,,,,,,,,,,,STRUCTURAL_CONTEXT_ONLY,
Ras85D_CTX_MEL_CENTROID_STEM_0040,Ras85D_HO_00511,D.melanogaster,STRUCTURE_SEGMENT,RNA_STRUCTURE,STRUCTURE,STEM,D.melanogaster::Centroid::STEM_0040,29A_2_01A_Structural_Mapping,A_nucleotide_structure_annotation.csv,,461,469,9,GATACTCCG,forward,531,540,535.5,VALID,STEM,True,FINAL,,,,,,,,,,461.0,469.0,PARTIALLY_GAPPED,461.0,469.0,PARTIALLY_GAPPED,461.0,470.0,FULLY_MAPPED,,,,,,,,,Centroid,STEM_0040,9.0,,,,,,,,,,,,STRUCTURAL_CONTEXT_ONLY,
Ras85D_CTX_MEL_CENTROID_INTERNAL_LOOP_0023,Ras85D_HO_00431,D.melanogaster,STRUCTURE_SEGMENT,RNA_STRUCTURE,STRUCTURE,INTERNAL_LOOP,D.melanogaster::Centroid::INTERNAL_LOOP_0023,29A_2_01A_Structural_Mapping,A_nucleotide_structure_annotation.csv,,470,470,1,T,forward,541,541,541.0,VALID,INTERNAL_LOOP,True,FINAL,,,,,,,,,,470.0,470.0,FULLY_MAPPED,470.0,470.0,FULLY_MAPPED,471.0,471.0,FULLY_MAPPED,,,,,,,,,Centroid,INTERNAL_LOOP_0023,1.0,,,,,,,,,,,,STRUCTURAL_CONTEXT_ONLY,
Ras85D_CTX_MEL_CENTROID_STEM_0041,Ras85D_HO_00512,D.melanogaster,STRUCTURE_SEGMENT,RNA_STRUCTURE,STRUCTURE,STEM,D.melanogaster::Centroid::STEM_0041,29A_2_01A_Structural_Mapping,A_nucleotide_structure_annotation.csv,,471,475,5,GCTTA,forward,542,546,544.0,VALID,STEM,True,FINAL,,,,,,,,,,471.0,475.0,FULLY_MAPPED,471.0,475.0,FULLY_MAPPED,472.0,476.0,FULLY_MAPPED,,,,,,,,,Centroid,STEM_0041,5.0,,,,,,,,,,,,STRUCTURAL_CONTEXT_ONLY,
Ras85D_CTX_MEL_CENTROID_MULTILOOP_0009,Ras85D_HO_00465,D.melanogaster,STRUCTURE_SEGMENT,RNA_STRUCTURE,STRUCTURE,MULTILOOP,D.melanogaster::Centroid::MULTILOOP_0009,29A_2_01A_Structural_Mapping,A_nucleotide_structure_annotation.csv,,476,483,8,AAACCGAA,forward,547,554,550.5,VALID,MULTILOOP,True,FINAL,,,,,,,,,,476.0,483.0,FULLY_MAPPED,476.0,483.0,FULLY_MAPPED,477.0,478.0,PARTIALLY_GAPPED,,,,,,,,,Centroid,MULTILOOP_0009,8.0,,,,,,,,,,,,STRUCTURAL_CONTEXT_ONLY,
Ras85D_CTX_MEL_CENTROID_STEM_0042,Ras85D_HO_00513,D.melanogaster,STRUCTURE_SEGMENT,RNA_STRUCTURE,STRUCTURE,STEM,D.melanogaster::Centroid::STEM_0042,29A_2_01A_Structural_Mapping,A_nucleotide_structure_annotation.csv,,484,492,9,ACGCGATGT,forward,555,563,559.0,VALID,STEM,True,FINAL,,,,,,,,,,484.0,492.0,FULLY_MAPPED,484.0,492.0,FULLY_MAPPED,479.0,484.0,PARTIALLY_GAPPED,,,,,,,,,Centroid,STEM_0042,9.0,,,,,,,,,,,,STRUCTURAL_CONTEXT_ONLY,
Ras85D_CTX_MEL_CENTROID_HAIRPIN_LOOP_0007,Ras85D_HO_00404,D.melanogaster,STRUCTURE_SEGMENT,RNA_STRUCTURE,STRUCTURE,HAIRPIN_LOOP,D.melanogaster::Centroid::HAIRPIN_LOOP_0007,29A_2_01A_Structural_Mapping,A_nucleotide_structure_annotation.csv,,493,498,6,AAACAA,forward,564,569,566.5,VALID,HAIRPIN_LOOP,True,FINAL,,,,,,,,,,493.0,498.0,FULLY_MAPPED,493.0,498.0,FULLY_MAPPED,,,ABSENT_IN_TARGET,,,,,,,,,Centroid,HAIRPIN_LOOP_0007,6.0,,,,,,,,,,,,STRUCTURAL_CONTEXT_ONLY,
Ras85D_CTX_MEL_CENTROID_STEM_0043,Ras85D_HO_00514,D.melanogaster,STRUCTURE_SEGMENT,RNA_STRUCTURE,STRUCTURE,STEM,D.melanogaster::Centroid::STEM_0043,29A_2_01A_Structural_Mapping,A_nucleotide_structure_annotation.csv,,499,507,9,ATATTGTGT,forward,570,578,574.0,VALID,STEM,True,FINAL,,,,,,,,,,499.0,507.0,FULLY_MAPPED,499.0,507.0,FULLY_MAPPED,485.0,491.0,PARTIALLY_GAPPED,,,,,,,,,Centroid,STEM_0043,9.0,,,,,,,,,,,,STRUCTURAL_CONTEXT_ONLY,
Ras85D_CTX_MEL_CENTROID_MULTILOOP_0010,Ras85D_HO_00466,D.melanogaster,STRUCTURE_SEGMENT,RNA_STRUCTURE,STRUCTURE,MULTILOOP,D.melanogaster::Centroid::MULTILOOP_0010,29A_2_01A_Structural_Mapping,A_nucleotide_structure_annotation.csv,,508,511,4,ATTT,forward,579,582,580.5,VALID,MULTILOOP,True,FINAL,,,,,,,,,,508.0,511.0,FULLY_MAPPED,508.0,511.0,FULLY_MAPPED,492.0,495.0,FULLY_MAPPED,,,,,,,,,Centroid,MULTILOOP_0010,4.0,,,,,,,,,,,,STRUCTURAL_CONTEXT_ONLY,
Ras85D_CTX_MEL_CENTROID_STEM_0044,Ras85D_HO_00515,D.melanogaster,STRUCTURE_SEGMENT,RNA_STRUCTURE,STRUCTURE,STEM,D.melanogaster::Centroid::STEM_0044,29A_2_01A_Structural_Mapping,A_nucleotide_structure_annotation.csv,,512,516,5,TTACA,forward,583,600,591.5,VALID,STEM,True,FINAL,,,,,,,,,,512.0,516.0,PARTIALLY_GAPPED,512.0,516.0,PARTIALLY_GAPPED,496.0,513.0,FULLY_MAPPED,,,,,,,,,Centroid,STEM_0044,5.0,,,,,,,,,,,,STRUCTURAL_CONTEXT_ONLY,
Ras85D_CTX_MEL_CENTROID_INTERNAL_LOOP_0024,Ras85D_HO_00432,D.melanogaster,STRUCTURE_SEGMENT,RNA_STRUCTURE,STRUCTURE,INTERNAL_LOOP,D.melanogaster::Centroid::INTERNAL_LOOP_0024,29A_2_01A_Structural_Mapping,A_nucleotide_structure_annotation.csv,,517,520,4,GCCC,forward,601,604,602.5,VALID,INTERNAL_LOOP,True,FINAL,,,,,,,,,,517.0,520.0,FULLY_MAPPED,517.0,520.0,FULLY_MAPPED,514.0,517.0,FULLY_MAPPED,,,,,,,,,Centroid,INTERNAL_LOOP_0024,4.0,,,,,,,,,,,,STRUCTURAL_CONTEXT_ONLY,
Ras85D_CTX_MEL_CENTROID_STEM_0045,Ras85D_HO_00516,D.melanogaster,STRUCTURE_SEGMENT,RNA_STRUCTURE,STRUCTURE,STEM,D.melanogaster::Centroid::STEM_0045,29A_2_01A_Structural_Mapping,A_nucleotide_structure_annotation.csv,,521,523,3,TGT,forward,605,607,606.0,VALID,STEM,True,FINAL,,,,,,,,,,521.0,523.0,FULLY_MAPPED,521.0,523.0,FULLY_MAPPED,518.0,520.0,FULLY_MAPPED,,,,,,,,,Centroid,STEM_0045,3.0,,,,,,,,,,,,STRUCTURAL_CONTEXT_ONLY,
Ras85D_CTX_MEL_CENTROID_INTERNAL_LOOP_0025,Ras85D_HO_00433,D.melanogaster,STRUCTURE_SEGMENT,RNA_STRUCTURE,STRUCTURE,INTERNAL_LOOP,D.melanogaster::Centroid::INTERNAL_LOOP_0025,29A_2_01A_Structural_Mapping,A_nucleotide_structure_annotation.csv,,524,526,3,TAT,forward,608,610,609.0,VALID,INTERNAL_LOOP,True,FINAL,,,,,,,,,,524.0,526.0,FULLY_MAPPED,524.0,526.0,FULLY_MAPPED,521.0,522.0,PARTIALLY_GAPPED,,,,,,,,,Centroid,INTERNAL_LOOP_0025,3.0,,,,,,,,,,,,STRUCTURAL_CONTEXT_ONLY,
Ras85D_CTX_MEL_CENTROID_STEM_0046,Ras85D_HO_00517,D.melanogaster,STRUCTURE_SEGMENT,RNA_STRUCTURE,STRUCTURE,STEM,D.melanogaster::Centroid::STEM_0046,29A_2_01A_Structural_Mapping,A_nucleotide_structure_annotation.csv,,527,528,2,CT,forward,611,612,611.5,VALID,STEM,True,FINAL,,,,,,,,,,527.0,528.0,FULLY_MAPPED,527.0,528.0,FULLY_MAPPED,523.0,524.0,FULLY_MAPPED,,,,,,,,,Centroid,STEM_0046,2.0,,,,,,,,,,,,STRUCTURAL_CONTEXT_ONLY,
Ras85D_CTX_MEL_CENTROID_INTERNAL_LOOP_0026,Ras85D_HO_00434,D.melanogaster,STRUCTURE_SEGMENT,RNA_STRUCTURE,STRUCTURE,INTERNAL_LOOP,D.melanogaster::Centroid::INTERNAL_LOOP_0026,29A_2_01A_Structural_Mapping,A_nucleotide_structure_annotation.csv,,529,529,1,A,forward,613,613,613.0,VALID,INTERNAL_LOOP,True,FINAL,,,,,,,,,,529.0,529.0,FULLY_MAPPED,529.0,529.0,FULLY_MAPPED,525.0,525.0,FULLY_MAPPED,,,,,,,,,Centroid,INTERNAL_LOOP_0026,1.0,,,,,,,,,,,,STRUCTURAL_CONTEXT_ONLY,
Ras85D_CTX_MEL_CENTROID_STEM_0047,Ras85D_HO_00518,D.melanogaster,STRUCTURE_SEGMENT,RNA_STRUCTURE,STRUCTURE,STEM,D.melanogaster::Centroid::STEM_0047,29A_2_01A_Structural_Mapping,A_nucleotide_structure_annotation.csv,,530,533,4,TTGG,forward,614,617,615.5,VALID,STEM,True,FINAL,,,,,,,,,,530.0,533.0,FULLY_MAPPED,530.0,533.0,FULLY_MAPPED,526.0,529.0,FULLY_MAPPED,,,,,,,,,Centroid,STEM_0047,4.0,,,,,,,,,,,,STRUCTURAL_CONTEXT_ONLY,
Ras85D_CTX_MEL_CENTROID_HAIRPIN_LOOP_0008,Ras85D_HO_00405,D.melanogaster,STRUCTURE_SEGMENT,RNA_STRUCTURE,STRUCTURE,HAIRPIN_LOOP,D.melanogaster::Centroid::HAIRPIN_LOOP_0008,29A_2_01A_Structural_Mapping,A_nucleotide_structure_annotation.csv,,534,540,7,TTTCAAC,forward,618,638,628.0,VALID,HAIRPIN_LOOP,True,FINAL,,,,,,,,,,534.0,540.0,PARTIALLY_GAPPED,534.0,540.0,PARTIALLY_GAPPED,530.0,550.0,FULLY_MAPPED,,,,,,,,,Centroid,HAIRPIN_LOOP_0008,7.0,,,,,,,,,,,,STRUCTURAL_CONTEXT_ONLY,
Ras85D_CTX_MEL_CENTROID_STEM_0048,Ras85D_HO_00519,D.melanogaster,STRUCTURE_SEGMENT,RNA_STRUCTURE,STRUCTURE,STEM,D.melanogaster::Centroid::STEM_0048,29A_2_01A_Structural_Mapping,A_nucleotide_structure_annotation.csv,,541,544,4,CCGA,forward,639,642,640.5,VALID,STEM,True,FINAL,,,,,,,,,,541.0,544.0,FULLY_MAPPED,541.0,544.0,FULLY_MAPPED,551.0,554.0,FULLY_MAPPED,,,,,,,,,Centroid,STEM_0048,4.0,,,,,,,,,,,,STRUCTURAL_CONTEXT_ONLY,
Ras85D_CTX_MEL_CENTROID_INTERNAL_LOOP_0027,Ras85D_HO_00435,D.melanogaster,STRUCTURE_SEGMENT,RNA_STRUCTURE,STRUCTURE,INTERNAL_LOOP,D.melanogaster::Centroid::INTERNAL_LOOP_0027,29A_2_01A_Structural_Mapping,A_nucleotide_structure_annotation.csv,,545,545,1,C,forward,643,643,643.0,VALID,INTERNAL_LOOP,True,FINAL,,,,,,,,,,545.0,545.0,FULLY_MAPPED,545.0,545.0,FULLY_MAPPED,555.0,555.0,FULLY_MAPPED,,,,,,,,,Centroid,INTERNAL_LOOP_0027,1.0,,,,,,,,,,,,STRUCTURAL_CONTEXT_ONLY,
Ras85D_CTX_MEL_CENTROID_STEM_0049,Ras85D_HO_00520,D.melanogaster,STRUCTURE_SEGMENT,RNA_STRUCTURE,STRUCTURE,STEM,D.melanogaster::Centroid::STEM_0049,29A_2_01A_Structural_Mapping,A_nucleotide_structure_annotation.csv,,546,547,2,AG,forward,647,648,647.5,VALID,STEM,True,FINAL,,,,,,,,,,546.0,547.0,FULLY_MAPPED,546.0,547.0,FULLY_MAPPED,559.0,560.0,FULLY_MAPPED,,,,,,,,,Centroid,STEM_0049,2.0,,,,,,,,,,,,STRUCTURAL_CONTEXT_ONLY,
Ras85D_CTX_MEL_CENTROID_INTERNAL_LOOP_0028,Ras85D_HO_00436,D.melanogaster,STRUCTURE_SEGMENT,RNA_STRUCTURE,STRUCTURE,INTERNAL_LOOP,D.melanogaster::Centroid::INTERNAL_LOOP_0028,29A_2_01A_Structural_Mapping,A_nucleotide_structure_annotation.csv,,548,551,4,TCAT,forward,649,652,650.5,VALID,INTERNAL_LOOP,True,FINAL,,,,,,,,,,548.0,551.0,FULLY_MAPPED,548.0,551.0,FULLY_MAPPED,561.0,563.0,PARTIALLY_GAPPED,,,,,,,,,Centroid,INTERNAL_LOOP_0028,4.0,,,,,,,,,,,,STRUCTURAL_CONTEXT_ONLY,
Ras85D_CTX_MEL_CENTROID_STEM_0050,Ras85D_HO_00521,D.melanogaster,STRUCTURE_SEGMENT,RNA_STRUCTURE,STRUCTURE,STEM,D.melanogaster::Centroid::STEM_0050,29A_2_01A_Structural_Mapping,A_nucleotide_structure_annotation.csv,,552,554,3,ACA,forward,653,655,654.0,VALID,STEM,True,FINAL,,,,,,,,,,552.0,554.0,FULLY_MAPPED,552.0,554.0,FULLY_MAPPED,564.0,566.0,FULLY_MAPPED,,,,,,,,,Centroid,STEM_0050,3.0,,,,,,,,,,,,STRUCTURAL_CONTEXT_ONLY,
Ras85D_CTX_MEL_CENTROID_INTERNAL_LOOP_0029,Ras85D_HO_00437,D.melanogaster,STRUCTURE_SEGMENT,RNA_STRUCTURE,STRUCTURE,INTERNAL_LOOP,D.melanogaster::Centroid::INTERNAL_LOOP_0029,29A_2_01A_Structural_Mapping,A_nucleotide_structure_annotation.csv,,555,558,4,TAAA,forward,656,659,657.5,VALID,INTERNAL_LOOP,True,FINAL,,,,,,,,,,555.0,558.0,FULLY_MAPPED,555.0,558.0,FULLY_MAPPED,567.0,568.0,PARTIALLY_GAPPED,,,,,,,,,Centroid,INTERNAL_LOOP_0029,4.0,,,,,,,,,,,,STRUCTURAL_CONTEXT_ONLY,
Ras85D_CTX_MEL_CENTROID_STEM_0051,Ras85D_HO_00522,D.melanogaster,STRUCTURE_SEGMENT,RNA_STRUCTURE,STRUCTURE,STEM,D.melanogaster::Centroid::STEM_0051,29A_2_01A_Structural_Mapping,A_nucleotide_structure_annotation.csv,,559,563,5,TGTAA,forward,660,664,662.0,VALID,STEM,True,FINAL,,,,,,,,,,559.0,563.0,FULLY_MAPPED,559.0,563.0,FULLY_MAPPED,,,ABSENT_IN_TARGET,,,,,,,,,Centroid,STEM_0051,5.0,,,,,,,,,,,,STRUCTURAL_CONTEXT_ONLY,
Ras85D_CTX_MEL_CENTROID_MULTILOOP_0011,Ras85D_HO_00467,D.melanogaster,STRUCTURE_SEGMENT,RNA_STRUCTURE,STRUCTURE,MULTILOOP,D.melanogaster::Centroid::MULTILOOP_0011,29A_2_01A_Structural_Mapping,A_nucleotide_structure_annotation.csv,,564,571,8,TCTTTTTT,forward,665,672,668.5,VALID,MULTILOOP,True,FINAL,,,,,,,,,,564.0,571.0,FULLY_MAPPED,564.0,571.0,FULLY_MAPPED,569.0,576.0,FULLY_MAPPED,,,,,,,,,Centroid,MULTILOOP_0011,8.0,,,,,,,,,,,,STRUCTURAL_CONTEXT_ONLY,
Ras85D_CTX_MEL_CENTROID_STEM_0052,Ras85D_HO_00523,D.melanogaster,STRUCTURE_SEGMENT,RNA_STRUCTURE,STRUCTURE,STEM,D.melanogaster::Centroid::STEM_0052,29A_2_01A_Structural_Mapping,A_nucleotide_structure_annotation.csv,,572,577,6,CGCACA,forward,735,740,737.5,VALID,STEM,True,FINAL,,,,,,,,,,572.0,577.0,FULLY_MAPPED,572.0,577.0,FULLY_MAPPED,639.0,642.0,PARTIALLY_GAPPED,,,,,,,,,Centroid,STEM_0052,6.0,,,,,,,,,,,,STRUCTURAL_CONTEXT_ONLY,
Ras85D_CTX_MEL_CENTROID_INTERNAL_LOOP_0030,Ras85D_HO_00438,D.melanogaster,STRUCTURE_SEGMENT,RNA_STRUCTURE,STRUCTURE,INTERNAL_LOOP,D.melanogaster::Centroid::INTERNAL_LOOP_0030,29A_2_01A_Structural_Mapping,A_nucleotide_structure_annotation.csv,,578,578,1,C,forward,741,741,741.0,VALID,INTERNAL_LOOP,True,FINAL,,,,,,,,,,578.0,578.0,FULLY_MAPPED,578.0,578.0,FULLY_MAPPED,643.0,643.0,FULLY_MAPPED,,,,,,,,,Centroid,INTERNAL_LOOP_0030,1.0,,,,,,,,,,,,STRUCTURAL_CONTEXT_ONLY,
Ras85D_CTX_MEL_CENTROID_STEM_0053,Ras85D_HO_00524,D.melanogaster,STRUCTURE_SEGMENT,RNA_STRUCTURE,STRUCTURE,STEM,D.melanogaster::Centroid::STEM_0053,29A_2_01A_Structural_Mapping,A_nucleotide_structure_annotation.csv,,579,581,3,ACG,forward,742,744,743.0,VALID,STEM,True,FINAL,,,,,,,,,,579.0,581.0,FULLY_MAPPED,579.0,581.0,FULLY_MAPPED,644.0,646.0,FULLY_MAPPED,,,,,,,,,Centroid,STEM_0053,3.0,,,,,,,,,,,,STRUCTURAL_CONTEXT_ONLY,
Ras85D_CTX_MEL_CENTROID_INTERNAL_LOOP_0031,Ras85D_HO_00439,D.melanogaster,STRUCTURE_SEGMENT,RNA_STRUCTURE,STRUCTURE,INTERNAL_LOOP,D.melanogaster::Centroid::INTERNAL_LOOP_0031,29A_2_01A_Structural_Mapping,A_nucleotide_structure_annotation.csv,,582,582,1,C,forward,745,745,745.0,VALID,INTERNAL_LOOP,True,FINAL,,,,,,,,,,582.0,582.0,FULLY_MAPPED,582.0,582.0,FULLY_MAPPED,647.0,647.0,FULLY_MAPPED,,,,,,,,,Centroid,INTERNAL_LOOP_0031,1.0,,,,,,,,,,,,STRUCTURAL_CONTEXT_ONLY,
Ras85D_CTX_MEL_CENTROID_STEM_0054,Ras85D_HO_00525,D.melanogaster,STRUCTURE_SEGMENT,RNA_STRUCTURE,STRUCTURE,STEM,D.melanogaster::Centroid::STEM_0054,29A_2_01A_Structural_Mapping,A_nucleotide_structure_annotation.csv,,583,590,8,ACGAGCAG,forward,746,753,749.5,VALID,STEM,True,FINAL,,,,,,,,,,583.0,590.0,FULLY_MAPPED,583.0,590.0,FULLY_MAPPED,648.0,655.0,FULLY_MAPPED,,,,,,,,,Centroid,STEM_0054,8.0,,,,,,,,,,,,STRUCTURAL_CONTEXT_ONLY,
Ras85D_CTX_MEL_CENTROID_MULTILOOP_0012,Ras85D_HO_00468,D.melanogaster,STRUCTURE_SEGMENT,RNA_STRUCTURE,STRUCTURE,MULTILOOP,D.melanogaster::Centroid::MULTILOOP_0012,29A_2_01A_Structural_Mapping,A_nucleotide_structure_annotation.csv,,591,603,13,AATTCCATTAGTA,forward,754,766,760.0,VALID,MULTILOOP,True,FINAL,,,,,,,,,,591.0,603.0,FULLY_MAPPED,591.0,603.0,FULLY_MAPPED,656.0,668.0,FULLY_MAPPED,,,,,,,,,Centroid,MULTILOOP_0012,13.0,,,,,,,,,,,,STRUCTURAL_CONTEXT_ONLY,
Ras85D_CTX_MEL_CENTROID_STEM_0055,Ras85D_HO_00526,D.melanogaster,STRUCTURE_SEGMENT,RNA_STRUCTURE,STRUCTURE,STEM,D.melanogaster::Centroid::STEM_0055,29A_2_01A_Structural_Mapping,A_nucleotide_structure_annotation.csv,,604,611,8,TTCATCAT,forward,767,774,770.5,VALID,STEM,True,FINAL,,,,,,,,,,604.0,611.0,FULLY_MAPPED,604.0,611.0,FULLY_MAPPED,669.0,675.0,PARTIALLY_GAPPED,,,,,,,,,Centroid,STEM_0055,8.0,,,,,,,,,,,,STRUCTURAL_CONTEXT_ONLY,
Ras85D_CTX_MEL_CENTROID_INTERNAL_LOOP_0032,Ras85D_HO_00440,D.melanogaster,STRUCTURE_SEGMENT,RNA_STRUCTURE,STRUCTURE,INTERNAL_LOOP,D.melanogaster::Centroid::INTERNAL_LOOP_0032,29A_2_01A_Structural_Mapping,A_nucleotide_structure_annotation.csv,,612,675,64,TAGAGAACAAACAAGCAAAAGCCGATAAGCTCACAGCAACTTTCGCACAAACGAGTAAATTCGC,forward,775,843,809.0,VALID,INTERNAL_LOOP,True,FINAL,,,,,,,,,,612.0,675.0,PARTIALLY_GAPPED,612.0,675.0,PARTIALLY_GAPPED,676.0,713.0,PARTIALLY_GAPPED,,,,,,,,,Centroid,INTERNAL_LOOP_0032,64.0,,,,,,,,,,,,STRUCTURAL_CONTEXT_ONLY,
Ras85D_CTX_MEL_CENTROID_STEM_0056,Ras85D_HO_00527,D.melanogaster,STRUCTURE_SEGMENT,RNA_STRUCTURE,STRUCTURE,STEM,D.melanogaster::Centroid::STEM_0056,29A_2_01A_Structural_Mapping,A_nucleotide_structure_annotation.csv,,676,679,4,TAGC,forward,844,847,845.5,VALID,STEM,True,FINAL,,,,,,,,,,676.0,679.0,FULLY_MAPPED,676.0,679.0,FULLY_MAPPED,,,ABSENT_IN_TARGET,,,,,,,,,Centroid,STEM_0056,4.0,,,,,,,,,,,,STRUCTURAL_CONTEXT_ONLY,
Ras85D_CTX_MEL_CENTROID_INTERNAL_LOOP_0033,Ras85D_HO_00441,D.melanogaster,STRUCTURE_SEGMENT,RNA_STRUCTURE,STRUCTURE,INTERNAL_LOOP,D.melanogaster::Centroid::INTERNAL_LOOP_0033,29A_2_01A_Structural_Mapping,A_nucleotide_structure_annotation.csv,,680,680,1,C,forward,848,848,848.0,VALID,INTERNAL_LOOP,True,FINAL,,,,,,,,,,680.0,680.0,FULLY_MAPPED,680.0,680.0,FULLY_MAPPED,,,ABSENT_IN_TARGET,,,,,,,,,Centroid,INTERNAL_LOOP_0033,1.0,,,,,,,,,,,,STRUCTURAL_CONTEXT_ONLY,
Ras85D_CTX_MEL_CENTROID_STEM_0057,Ras85D_HO_00528,D.melanogaster,STRUCTURE_SEGMENT,RNA_STRUCTURE,STRUCTURE,STEM,D.melanogaster::Centroid::STEM_0057,29A_2_01A_Structural_Mapping,A_nucleotide_structure_annotation.csv,,681,683,3,CCA,forward,849,851,850.0,VALID,STEM,True,FINAL,,,,,,,,,,681.0,683.0,FULLY_MAPPED,681.0,683.0,FULLY_MAPPED,,,ABSENT_IN_TARGET,,,,,,,,,Centroid,STEM_0057,3.0,,,,,,,,,,,,STRUCTURAL_CONTEXT_ONLY,
Ras85D_CTX_MEL_CENTROID_BULGE_0004,Ras85D_HO_00394,D.melanogaster,STRUCTURE_SEGMENT,RNA_STRUCTURE,STRUCTURE,BULGE,D.melanogaster::Centroid::BULGE_0004,29A_2_01A_Structural_Mapping,A_nucleotide_structure_annotation.csv,,684,686,3,AAC,forward,852,854,853.0,VALID,BULGE,True,FINAL,,,,,,,,,,684.0,686.0,FULLY_MAPPED,684.0,686.0,FULLY_MAPPED,,,ABSENT_IN_TARGET,,,,,,,,,Centroid,BULGE_0004,3.0,,,,,,,,,,,,STRUCTURAL_CONTEXT_ONLY,
Ras85D_CTX_MEL_CENTROID_STEM_0058,Ras85D_HO_00529,D.melanogaster,STRUCTURE_SEGMENT,RNA_STRUCTURE,STRUCTURE,STEM,D.melanogaster::Centroid::STEM_0058,29A_2_01A_Structural_Mapping,A_nucleotide_structure_annotation.csv,,687,691,5,TAGAT,forward,855,859,857.0,VALID,STEM,True,FINAL,,,,,,,,,,687.0,691.0,FULLY_MAPPED,687.0,691.0,FULLY_MAPPED,,,ABSENT_IN_TARGET,,,,,,,,,Centroid,STEM_0058,5.0,,,,,,,,,,,,STRUCTURAL_CONTEXT_ONLY,
Ras85D_CTX_MEL_CENTROID_INTERNAL_LOOP_0034,Ras85D_HO_00442,D.melanogaster,STRUCTURE_SEGMENT,RNA_STRUCTURE,STRUCTURE,INTERNAL_LOOP,D.melanogaster::Centroid::INTERNAL_LOOP_0034,29A_2_01A_Structural_Mapping,A_nucleotide_structure_annotation.csv,,692,694,3,TTA,forward,860,862,861.0,VALID,INTERNAL_LOOP,True,FINAL,,,,,,,,,,692.0,694.0,FULLY_MAPPED,692.0,694.0,FULLY_MAPPED,,,ABSENT_IN_TARGET,,,,,,,,,Centroid,INTERNAL_LOOP_0034,3.0,,,,,,,,,,,,STRUCTURAL_CONTEXT_ONLY,
Ras85D_CTX_MEL_CENTROID_STEM_0059,Ras85D_HO_00530,D.melanogaster,STRUCTURE_SEGMENT,RNA_STRUCTURE,STRUCTURE,STEM,D.melanogaster::Centroid::STEM_0059,29A_2_01A_Structural_Mapping,A_nucleotide_structure_annotation.csv,,695,698,4,TGTT,forward,863,866,864.5,VALID,STEM,True,FINAL,,,,,,,,,,695.0,698.0,FULLY_MAPPED,695.0,698.0,FULLY_MAPPED,714.0,715.0,PARTIALLY_GAPPED,,,,,,,,,Centroid,STEM_0059,4.0,,,,,,,,,,,,STRUCTURAL_CONTEXT_ONLY,
Ras85D_CTX_MEL_CENTROID_HAIRPIN_LOOP_0009,Ras85D_HO_00406,D.melanogaster,STRUCTURE_SEGMENT,RNA_STRUCTURE,STRUCTURE,HAIRPIN_LOOP,D.melanogaster::Centroid::HAIRPIN_LOOP_0009,29A_2_01A_Structural_Mapping,A_nucleotide_structure_annotation.csv,,699,704,6,CGGTTA,forward,867,872,869.5,VALID,HAIRPIN_LOOP,True,FINAL,,,,,,,,,,699.0,704.0,FULLY_MAPPED,699.0,704.0,FULLY_MAPPED,716.0,717.0,PARTIALLY_GAPPED,,,,,,,,,Centroid,HAIRPIN_LOOP_0009,6.0,,,,,,,,,,,,STRUCTURAL_CONTEXT_ONLY,
Ras85D_CTX_MEL_CENTROID_STEM_0060,Ras85D_HO_00531,D.melanogaster,STRUCTURE_SEGMENT,RNA_STRUCTURE,STRUCTURE,STEM,D.melanogaster::Centroid::STEM_0060,29A_2_01A_Structural_Mapping,A_nucleotide_structure_annotation.csv,,705,708,4,AACA,forward,873,876,874.5,VALID,STEM,True,FINAL,,,,,,,,,,705.0,708.0,FULLY_MAPPED,705.0,708.0,FULLY_MAPPED,718.0,719.0,PARTIALLY_GAPPED,,,,,,,,,Centroid,STEM_0060,4.0,,,,,,,,,,,,STRUCTURAL_CONTEXT_ONLY,
Ras85D_CTX_MEL_CENTROID_INTERNAL_LOOP_0035,Ras85D_HO_00443,D.melanogaster,STRUCTURE_SEGMENT,RNA_STRUCTURE,STRUCTURE,INTERNAL_LOOP,D.melanogaster::Centroid::INTERNAL_LOOP_0035,29A_2_01A_Structural_Mapping,A_nucleotide_structure_annotation.csv,,709,711,3,CAT,forward,877,879,878.0,VALID,INTERNAL_LOOP,True,FINAL,,,,,,,,,,709.0,711.0,FULLY_MAPPED,709.0,711.0,FULLY_MAPPED,720.0,722.0,FULLY_MAPPED,,,,,,,,,Centroid,INTERNAL_LOOP_0035,3.0,,,,,,,,,,,,STRUCTURAL_CONTEXT_ONLY,
Ras85D_CTX_MEL_CENTROID_STEM_0061,Ras85D_HO_00532,D.melanogaster,STRUCTURE_SEGMENT,RNA_STRUCTURE,STRUCTURE,STEM,D.melanogaster::Centroid::STEM_0061,29A_2_01A_Structural_Mapping,A_nucleotide_structure_annotation.csv,,712,719,8,ATCTGTGG,forward,880,887,883.5,VALID,STEM,True,FINAL,,,,,,,,,,712.0,719.0,FULLY_MAPPED,712.0,719.0,FULLY_MAPPED,723.0,730.0,FULLY_MAPPED,,,,,,,,,Centroid,STEM_0061,8.0,,,,,,,,,,,,STRUCTURAL_CONTEXT_ONLY,
Ras85D_CTX_MEL_CENTROID_INTERNAL_LOOP_0036,Ras85D_HO_00444,D.melanogaster,STRUCTURE_SEGMENT,RNA_STRUCTURE,STRUCTURE,INTERNAL_LOOP,D.melanogaster::Centroid::INTERNAL_LOOP_0036,29A_2_01A_Structural_Mapping,A_nucleotide_structure_annotation.csv,,720,720,1,T,forward,888,888,888.0,VALID,INTERNAL_LOOP,True,FINAL,,,,,,,,,,720.0,720.0,FULLY_MAPPED,720.0,720.0,FULLY_MAPPED,731.0,731.0,FULLY_MAPPED,,,,,,,,,Centroid,INTERNAL_LOOP_0036,1.0,,,,,,,,,,,,STRUCTURAL_CONTEXT_ONLY,
Ras85D_CTX_MEL_CENTROID_STEM_0062,Ras85D_HO_00533,D.melanogaster,STRUCTURE_SEGMENT,RNA_STRUCTURE,STRUCTURE,STEM,D.melanogaster::Centroid::STEM_0062,29A_2_01A_Structural_Mapping,A_nucleotide_structure_annotation.csv,,721,724,4,GCTA,forward,889,892,890.5,VALID,STEM,True,FINAL,,,,,,,,,,721.0,724.0,FULLY_MAPPED,721.0,724.0,FULLY_MAPPED,732.0,735.0,FULLY_MAPPED,,,,,,,,,Centroid,STEM_0062,4.0,,,,,,,,,,,,STRUCTURAL_CONTEXT_ONLY,
Ras85D_CTX_MEL_CENTROID_INTERNAL_LOOP_0037,Ras85D_HO_00445,D.melanogaster,STRUCTURE_SEGMENT,RNA_STRUCTURE,STRUCTURE,INTERNAL_LOOP,D.melanogaster::Centroid::INTERNAL_LOOP_0037,29A_2_01A_Structural_Mapping,A_nucleotide_structure_annotation.csv,,725,726,2,CG,forward,893,894,893.5,VALID,INTERNAL_LOOP,True,FINAL,,,,,,,,,,725.0,726.0,FULLY_MAPPED,725.0,726.0,FULLY_MAPPED,736.0,737.0,FULLY_MAPPED,,,,,,,,,Centroid,INTERNAL_LOOP_0037,2.0,,,,,,,,,,,,STRUCTURAL_CONTEXT_ONLY,
Ras85D_CTX_MEL_CENTROID_STEM_0063,Ras85D_HO_00534,D.melanogaster,STRUCTURE_SEGMENT,RNA_STRUCTURE,STRUCTURE,STEM,D.melanogaster::Centroid::STEM_0063,29A_2_01A_Structural_Mapping,A_nucleotide_structure_annotation.csv,,727,734,8,ATGATGAA,forward,895,902,898.5,VALID,STEM,True,FINAL,,,,,,,,,,727.0,734.0,FULLY_MAPPED,727.0,734.0,FULLY_MAPPED,738.0,745.0,FULLY_MAPPED,,,,,,,,,Centroid,STEM_0063,8.0,,,,,,,,,,,,STRUCTURAL_CONTEXT_ONLY,
Ras85D_CTX_MEL_CENTROID_MULTILOOP_0013,Ras85D_HO_00469,D.melanogaster,STRUCTURE_SEGMENT,RNA_STRUCTURE,STRUCTURE,MULTILOOP,D.melanogaster::Centroid::MULTILOOP_0013,29A_2_01A_Structural_Mapping,A_nucleotide_structure_annotation.csv,,735,744,10,ATTATAATCC,forward,903,932,917.5,VALID,MULTILOOP,True,FINAL,,,,,,,,,,735.0,744.0,PARTIALLY_GAPPED,735.0,744.0,PARTIALLY_GAPPED,746.0,774.0,PARTIALLY_GAPPED,,,,,,,,,Centroid,MULTILOOP_0013,10.0,,,,,,,,,,,,STRUCTURAL_CONTEXT_ONLY,
Ras85D_CTX_MEL_CENTROID_STEM_0064,Ras85D_HO_00535,D.melanogaster,STRUCTURE_SEGMENT,RNA_STRUCTURE,STRUCTURE,STEM,D.melanogaster::Centroid::STEM_0064,29A_2_01A_Structural_Mapping,A_nucleotide_structure_annotation.csv,,745,752,8,GTATGAGT,forward,933,940,936.5,VALID,STEM,True,FINAL,,,,,,,,,,745.0,752.0,FULLY_MAPPED,745.0,752.0,FULLY_MAPPED,775.0,782.0,FULLY_MAPPED,,,,,,,,,Centroid,STEM_0064,8.0,,,,,,,,,,,,STRUCTURAL_CONTEXT_ONLY,
Ras85D_CTX_MEL_CENTROID_INTERNAL_LOOP_0038,Ras85D_HO_00446,D.melanogaster,STRUCTURE_SEGMENT,RNA_STRUCTURE,STRUCTURE,INTERNAL_LOOP,D.melanogaster::Centroid::INTERNAL_LOOP_0038,29A_2_01A_Structural_Mapping,A_nucleotide_structure_annotation.csv,,753,756,4,TCTT,forward,941,944,942.5,VALID,INTERNAL_LOOP,True,FINAL,,,,,,,,,,753.0,756.0,FULLY_MAPPED,753.0,756.0,FULLY_MAPPED,783.0,786.0,FULLY_MAPPED,,,,,,,,,Centroid,INTERNAL_LOOP_0038,4.0,,,,,,,,,,,,STRUCTURAL_CONTEXT_ONLY,
Ras85D_CTX_MEL_CENTROID_STEM_0065,Ras85D_HO_00536,D.melanogaster,STRUCTURE_SEGMENT,RNA_STRUCTURE,STRUCTURE,STEM,D.melanogaster::Centroid::STEM_0065,29A_2_01A_Structural_Mapping,A_nucleotide_structure_annotation.csv,,757,760,4,GAGA,forward,945,948,946.5,VALID,STEM,True,FINAL,,,,,,,,,,757.0,760.0,FULLY_MAPPED,757.0,760.0,FULLY_MAPPED,787.0,790.0,FULLY_MAPPED,,,,,,,,,Centroid,STEM_0065,4.0,,,,,,,,,,,,STRUCTURAL_CONTEXT_ONLY,
Ras85D_CTX_MEL_CENTROID_HAIRPIN_LOOP_0010,Ras85D_HO_00407,D.melanogaster,STRUCTURE_SEGMENT,RNA_STRUCTURE,STRUCTURE,HAIRPIN_LOOP,D.melanogaster::Centroid::HAIRPIN_LOOP_0010,29A_2_01A_Structural_Mapping,A_nucleotide_structure_annotation.csv,,761,768,8,TTTGCCTT,forward,949,964,956.5,VALID,HAIRPIN_LOOP,True,FINAL,,,,,,,,,,761.0,768.0,PARTIALLY_GAPPED,761.0,768.0,PARTIALLY_GAPPED,791.0,806.0,FULLY_MAPPED,,,,,,,,,Centroid,HAIRPIN_LOOP_0010,8.0,,,,,,,,,,,,STRUCTURAL_CONTEXT_ONLY,
Ras85D_CTX_MEL_CENTROID_STEM_0066,Ras85D_HO_00537,D.melanogaster,STRUCTURE_SEGMENT,RNA_STRUCTURE,STRUCTURE,STEM,D.melanogaster::Centroid::STEM_0066,29A_2_01A_Structural_Mapping,A_nucleotide_structure_annotation.csv,,769,772,4,TCTT,forward,965,968,966.5,VALID,STEM,True,FINAL,,,,,,,,,,769.0,772.0,FULLY_MAPPED,769.0,772.0,FULLY_MAPPED,807.0,810.0,FULLY_MAPPED,,,,,,,,,Centroid,STEM_0066,4.0,,,,,,,,,,,,STRUCTURAL_CONTEXT_ONLY,
Ras85D_CTX_MEL_CENTROID_INTERNAL_LOOP_0039,Ras85D_HO_00447,D.melanogaster,STRUCTURE_SEGMENT,RNA_STRUCTURE,STRUCTURE,INTERNAL_LOOP,D.melanogaster::Centroid::INTERNAL_LOOP_0039,29A_2_01A_Structural_Mapping,A_nucleotide_structure_annotation.csv,,773,775,3,TCT,forward,969,971,970.0,VALID,INTERNAL_LOOP,True,FINAL,,,,,,,,,,773.0,775.0,FULLY_MAPPED,773.0,775.0,FULLY_MAPPED,811.0,813.0,FULLY_MAPPED,,,,,,,,,Centroid,INTERNAL_LOOP_0039,3.0,,,,,,,,,,,,STRUCTURAL_CONTEXT_ONLY,
Ras85D_CTX_MEL_CENTROID_STEM_0067,Ras85D_HO_00538,D.melanogaster,STRUCTURE_SEGMENT,RNA_STRUCTURE,STRUCTURE,STEM,D.melanogaster::Centroid::STEM_0067,29A_2_01A_Structural_Mapping,A_nucleotide_structure_annotation.csv,,776,778,3,ACT,forward,972,974,973.0,VALID,STEM,True,FINAL,,,,,,,,,,776.0,778.0,FULLY_MAPPED,776.0,778.0,FULLY_MAPPED,814.0,816.0,FULLY_MAPPED,,,,,,,,,Centroid,STEM_0067,3.0,,,,,,,,,,,,STRUCTURAL_CONTEXT_ONLY,
Ras85D_CTX_MEL_CENTROID_BULGE_0005,Ras85D_HO_00395,D.melanogaster,STRUCTURE_SEGMENT,RNA_STRUCTURE,STRUCTURE,BULGE,D.melanogaster::Centroid::BULGE_0005,29A_2_01A_Structural_Mapping,A_nucleotide_structure_annotation.csv,,779,781,3,TAC,forward,975,977,976.0,VALID,BULGE,True,FINAL,,,,,,,,,,779.0,781.0,FULLY_MAPPED,779.0,781.0,FULLY_MAPPED,817.0,819.0,FULLY_MAPPED,,,,,,,,,Centroid,BULGE_0005,3.0,,,,,,,,,,,,STRUCTURAL_CONTEXT_ONLY,
Ras85D_CTX_MEL_CENTROID_STEM_0068,Ras85D_HO_00539,D.melanogaster,STRUCTURE_SEGMENT,RNA_STRUCTURE,STRUCTURE,STEM,D.melanogaster::Centroid::STEM_0068,29A_2_01A_Structural_Mapping,A_nucleotide_structure_annotation.csv,,782,786,5,CATAC,forward,978,982,980.0,VALID,STEM,True,FINAL,,,,,,,,,,782.0,786.0,FULLY_MAPPED,782.0,786.0,FULLY_MAPPED,820.0,824.0,FULLY_MAPPED,,,,,,,,,Centroid,STEM_0068,5.0,,,,,,,,,,,,STRUCTURAL_CONTEXT_ONLY,
Ras85D_CTX_MEL_CENTROID_MULTILOOP_0014,Ras85D_HO_00470,D.melanogaster,STRUCTURE_SEGMENT,RNA_STRUCTURE,STRUCTURE,MULTILOOP,D.melanogaster::Centroid::MULTILOOP_0014,29A_2_01A_Structural_Mapping,A_nucleotide_structure_annotation.csv,,787,787,1,T,forward,983,983,983.0,VALID,MULTILOOP,True,FINAL,,,,,,,,,,787.0,787.0,FULLY_MAPPED,787.0,787.0,FULLY_MAPPED,825.0,825.0,FULLY_MAPPED,,,,,,,,,Centroid,MULTILOOP_0014,1.0,,,,,,,,,,,,STRUCTURAL_CONTEXT_ONLY,
Ras85D_CTX_MEL_CENTROID_STEM_0069,Ras85D_HO_00540,D.melanogaster,STRUCTURE_SEGMENT,RNA_STRUCTURE,STRUCTURE,STEM,D.melanogaster::Centroid::STEM_0069,29A_2_01A_Structural_Mapping,A_nucleotide_structure_annotation.csv,,788,791,4,GACA,forward,984,987,985.5,VALID,STEM,True,FINAL,,,,,,,,,,788.0,791.0,FULLY_MAPPED,788.0,791.0,FULLY_MAPPED,826.0,829.0,FULLY_MAPPED,,,,,,,,,Centroid,STEM_0069,4.0,,,,,,,,,,,,STRUCTURAL_CONTEXT_ONLY,
Ras85D_CTX_MEL_CENTROID_INTERNAL_LOOP_0040,Ras85D_HO_00448,D.melanogaster,STRUCTURE_SEGMENT,RNA_STRUCTURE,STRUCTURE,INTERNAL_LOOP,D.melanogaster::Centroid::INTERNAL_LOOP_0040,29A_2_01A_Structural_Mapping,A_nucleotide_structure_annotation.csv,,792,814,23,GATCAATCGGAGAGAAAACAAAC,forward,1115,1160,1137.5,VALID,INTERNAL_LOOP,True,FINAL,,,,,,,,,,792.0,814.0,PARTIALLY_GAPPED,792.0,814.0,PARTIALLY_GAPPED,957.0,1002.0,FULLY_MAPPED,,,,,,,,,Centroid,INTERNAL_LOOP_0040,23.0,,,,,,,,,,,,STRUCTURAL_CONTEXT_ONLY,
Ras85D_CTX_MEL_CENTROID_STEM_0070,Ras85D_HO_00541,D.melanogaster,STRUCTURE_SEGMENT,RNA_STRUCTURE,STRUCTURE,STEM,D.melanogaster::Centroid::STEM_0070,29A_2_01A_Structural_Mapping,A_nucleotide_structure_annotation.csv,,815,821,7,AGCCAAT,forward,1161,1167,1164.0,VALID,STEM,True,FINAL,,,,,,,,,,815.0,821.0,FULLY_MAPPED,815.0,821.0,FULLY_MAPPED,1003.0,1009.0,FULLY_MAPPED,,,,,,,,,Centroid,STEM_0070,7.0,,,,,,,,,,,,STRUCTURAL_CONTEXT_ONLY,
Ras85D_CTX_MEL_CENTROID_MULTILOOP_0015,Ras85D_HO_00471,D.melanogaster,STRUCTURE_SEGMENT,RNA_STRUCTURE,STRUCTURE,MULTILOOP,D.melanogaster::Centroid::MULTILOOP_0015,29A_2_01A_Structural_Mapping,A_nucleotide_structure_annotation.csv,,822,851,30,TAAATTTACATTATATAGTTTGCTTTAAGC,forward,1168,1197,1182.5,VALID,MULTILOOP,True,FINAL,,,,,,,,,,822.0,851.0,FULLY_MAPPED,822.0,851.0,FULLY_MAPPED,1010.0,1038.0,PARTIALLY_GAPPED,,,,,,,,,Centroid,MULTILOOP_0015,30.0,,,,,,,,,,,,STRUCTURAL_CONTEXT_ONLY,
Ras85D_CTX_MEL_CENTROID_STEM_0071,Ras85D_HO_00542,D.melanogaster,STRUCTURE_SEGMENT,RNA_STRUCTURE,STRUCTURE,STEM,D.melanogaster::Centroid::STEM_0071,29A_2_01A_Structural_Mapping,A_nucleotide_structure_annotation.csv,,852,859,8,TTTTTATA,forward,1198,1205,1201.5,VALID,STEM,True,FINAL,,,,,,,,,,852.0,859.0,FULLY_MAPPED,852.0,859.0,FULLY_MAPPED,1039.0,1046.0,FULLY_MAPPED,,,,,,,,,Centroid,STEM_0071,8.0,,,,,,,,,,,,STRUCTURAL_CONTEXT_ONLY,
Ras85D_CTX_MEL_CENTROID_INTERNAL_LOOP_0041,Ras85D_HO_00449,D.melanogaster,STRUCTURE_SEGMENT,RNA_STRUCTURE,STRUCTURE,INTERNAL_LOOP,D.melanogaster::Centroid::INTERNAL_LOOP_0041,29A_2_01A_Structural_Mapping,A_nucleotide_structure_annotation.csv,,860,860,1,C,forward,1206,1206,1206.0,VALID,INTERNAL_LOOP,True,FINAL,,,,,,,,,,860.0,860.0,FULLY_MAPPED,860.0,860.0,FULLY_MAPPED,1047.0,1047.0,FULLY_MAPPED,,,,,,,,,Centroid,INTERNAL_LOOP_0041,1.0,,,,,,,,,,,,STRUCTURAL_CONTEXT_ONLY,
Ras85D_CTX_MEL_CENTROID_STEM_0072,Ras85D_HO_00543,D.melanogaster,STRUCTURE_SEGMENT,RNA_STRUCTURE,STRUCTURE,STEM,D.melanogaster::Centroid::STEM_0072,29A_2_01A_Structural_Mapping,A_nucleotide_structure_annotation.csv,,861,863,3,ATA,forward,1207,1209,1208.0,VALID,STEM,True,FINAL,,,,,,,,,,861.0,863.0,FULLY_MAPPED,861.0,863.0,FULLY_MAPPED,1048.0,1050.0,FULLY_MAPPED,,,,,,,,,Centroid,STEM_0072,3.0,,,,,,,,,,,,STRUCTURAL_CONTEXT_ONLY,
Ras85D_CTX_MEL_CENTROID_INTERNAL_LOOP_0042,Ras85D_HO_00450,D.melanogaster,STRUCTURE_SEGMENT,RNA_STRUCTURE,STRUCTURE,INTERNAL_LOOP,D.melanogaster::Centroid::INTERNAL_LOOP_0042,29A_2_01A_Structural_Mapping,A_nucleotide_structure_annotation.csv,,864,865,2,CA,forward,1210,1211,1210.5,VALID,INTERNAL_LOOP,True,FINAL,,,,,,,,,,864.0,865.0,FULLY_MAPPED,864.0,865.0,FULLY_MAPPED,1051.0,1052.0,FULLY_MAPPED,,,,,,,,,Centroid,INTERNAL_LOOP_0042,2.0,,,,,,,,,,,,STRUCTURAL_CONTEXT_ONLY,
Ras85D_CTX_MEL_CENTROID_STEM_0073,Ras85D_HO_00544,D.melanogaster,STRUCTURE_SEGMENT,RNA_STRUCTURE,STRUCTURE,STEM,D.melanogaster::Centroid::STEM_0073,29A_2_01A_Structural_Mapping,A_nucleotide_structure_annotation.csv,,866,873,8,TACATACA,forward,1212,1219,1215.5,VALID,STEM,True,FINAL,,,,,,,,,,866.0,873.0,FULLY_MAPPED,866.0,873.0,FULLY_MAPPED,1053.0,1057.0,PARTIALLY_GAPPED,,,,,,,,,Centroid,STEM_0073,8.0,,,,,,,,,,,,STRUCTURAL_CONTEXT_ONLY,
Ras85D_CTX_MEL_CENTROID_INTERNAL_LOOP_0043,Ras85D_HO_00451,D.melanogaster,STRUCTURE_SEGMENT,RNA_STRUCTURE,STRUCTURE,INTERNAL_LOOP,D.melanogaster::Centroid::INTERNAL_LOOP_0043,29A_2_01A_Structural_Mapping,A_nucleotide_structure_annotation.csv,,874,874,1,T,forward,1220,1220,1220.0,VALID,INTERNAL_LOOP,True,FINAL,,,,,,,,,,874.0,874.0,FULLY_MAPPED,874.0,874.0,FULLY_MAPPED,,,ABSENT_IN_TARGET,,,,,,,,,Centroid,INTERNAL_LOOP_0043,1.0,,,,,,,,,,,,STRUCTURAL_CONTEXT_ONLY,
Ras85D_CTX_MEL_CENTROID_STEM_0074,Ras85D_HO_00545,D.melanogaster,STRUCTURE_SEGMENT,RNA_STRUCTURE,STRUCTURE,STEM,D.melanogaster::Centroid::STEM_0074,29A_2_01A_Structural_Mapping,A_nucleotide_structure_annotation.csv,,875,876,2,TT,forward,1221,1222,1221.5,VALID,STEM,True,FINAL,,,,,,,,,,875.0,876.0,FULLY_MAPPED,875.0,876.0,FULLY_MAPPED,1058.0,1058.0,PARTIALLY_GAPPED,,,,,,,,,Centroid,STEM_0074,2.0,,,,,,,,,,,,STRUCTURAL_CONTEXT_ONLY,
Ras85D_CTX_MEL_CENTROID_INTERNAL_LOOP_0044,Ras85D_HO_00452,D.melanogaster,STRUCTURE_SEGMENT,RNA_STRUCTURE,STRUCTURE,INTERNAL_LOOP,D.melanogaster::Centroid::INTERNAL_LOOP_0044,29A_2_01A_Structural_Mapping,A_nucleotide_structure_annotation.csv,,877,902,26,AATATTTAATTTTTTGTATTAATTTT,forward,1223,1249,1236.0,VALID,INTERNAL_LOOP,True,FINAL,,,,,,,,,,877.0,902.0,PARTIALLY_GAPPED,877.0,902.0,PARTIALLY_GAPPED,1059.0,1085.0,FULLY_MAPPED,,,,,,,,,Centroid,INTERNAL_LOOP_0044,26.0,,,,,,,,,,,,STRUCTURAL_CONTEXT_ONLY,
Ras85D_CTX_MEL_CENTROID_STEM_0075,Ras85D_HO_00546,D.melanogaster,STRUCTURE_SEGMENT,RNA_STRUCTURE,STRUCTURE,STEM,D.melanogaster::Centroid::STEM_0075,29A_2_01A_Structural_Mapping,A_nucleotide_structure_annotation.csv,,903,903,1,T,forward,1250,1250,1250.0,VALID,STEM,True,FINAL,,,,,,,,,,903.0,903.0,FULLY_MAPPED,903.0,903.0,FULLY_MAPPED,1086.0,1086.0,FULLY_MAPPED,,,,,,,,,Centroid,STEM_0075,1.0,,,,,,,,,,,,STRUCTURAL_CONTEXT_ONLY,
Ras85D_CTX_MEL_CENTROID_HAIRPIN_LOOP_0011,Ras85D_HO_00408,D.melanogaster,STRUCTURE_SEGMENT,RNA_STRUCTURE,STRUCTURE,HAIRPIN_LOOP,D.melanogaster::Centroid::HAIRPIN_LOOP_0011,29A_2_01A_Structural_Mapping,A_nucleotide_structure_annotation.csv,,904,910,7,GCCATAC,forward,1251,1257,1254.0,VALID,HAIRPIN_LOOP,True,FINAL,,,,,,,,,,904.0,910.0,FULLY_MAPPED,904.0,910.0,FULLY_MAPPED,1087.0,1093.0,FULLY_MAPPED,,,,,,,,,Centroid,HAIRPIN_LOOP_0011,7.0,,,,,,,,,,,,STRUCTURAL_CONTEXT_ONLY,
Ras85D_CTX_MEL_CENTROID_STEM_0076,Ras85D_HO_00547,D.melanogaster,STRUCTURE_SEGMENT,RNA_STRUCTURE,STRUCTURE,STEM,D.melanogaster::Centroid::STEM_0076,29A_2_01A_Structural_Mapping,A_nucleotide_structure_annotation.csv,,911,911,1,A,forward,1258,1258,1258.0,VALID,STEM,True,FINAL,,,,,,,,,,911.0,911.0,FULLY_MAPPED,911.0,911.0,FULLY_MAPPED,1094.0,1094.0,FULLY_MAPPED,,,,,,,,,Centroid,STEM_0076,1.0,,,,,,,,,,,,STRUCTURAL_CONTEXT_ONLY,
Ras85D_CTX_MEL_CENTROID_INTERNAL_LOOP_0045,Ras85D_HO_00453,D.melanogaster,STRUCTURE_SEGMENT,RNA_STRUCTURE,STRUCTURE,INTERNAL_LOOP,D.melanogaster::Centroid::INTERNAL_LOOP_0045,29A_2_01A_Structural_Mapping,A_nucleotide_structure_annotation.csv,,912,930,19,AAAAGAAACGAAATAAATC,forward,1259,1277,1268.0,VALID,INTERNAL_LOOP,True,FINAL,,,,,,,,,,912.0,930.0,FULLY_MAPPED,912.0,930.0,FULLY_MAPPED,1095.0,1113.0,FULLY_MAPPED,,,,,,,,,Centroid,INTERNAL_LOOP_0045,19.0,,,,,,,,,,,,STRUCTURAL_CONTEXT_ONLY,
Ras85D_CTX_MEL_CENTROID_STEM_0077,Ras85D_HO_00548,D.melanogaster,STRUCTURE_SEGMENT,RNA_STRUCTURE,STRUCTURE,STEM,D.melanogaster::Centroid::STEM_0077,29A_2_01A_Structural_Mapping,A_nucleotide_structure_annotation.csv,,931,932,2,GA,forward,1278,1279,1278.5,VALID,STEM,True,FINAL,,,,,,,,,,931.0,932.0,FULLY_MAPPED,931.0,932.0,FULLY_MAPPED,1114.0,1115.0,FULLY_MAPPED,,,,,,,,,Centroid,STEM_0077,2.0,,,,,,,,,,,,STRUCTURAL_CONTEXT_ONLY,
Ras85D_CTX_MEL_CENTROID_INTERNAL_LOOP_0046,Ras85D_HO_00454,D.melanogaster,STRUCTURE_SEGMENT,RNA_STRUCTURE,STRUCTURE,INTERNAL_LOOP,D.melanogaster::Centroid::INTERNAL_LOOP_0046,29A_2_01A_Structural_Mapping,A_nucleotide_structure_annotation.csv,,933,933,1,T,forward,1280,1280,1280.0,VALID,INTERNAL_LOOP,True,FINAL,,,,,,,,,,933.0,933.0,FULLY_MAPPED,933.0,933.0,FULLY_MAPPED,1116.0,1116.0,FULLY_MAPPED,,,,,,,,,Centroid,INTERNAL_LOOP_0046,1.0,,,,,,,,,,,,STRUCTURAL_CONTEXT_ONLY,
Ras85D_CTX_MEL_CENTROID_STEM_0078,Ras85D_HO_00549,D.melanogaster,STRUCTURE_SEGMENT,RNA_STRUCTURE,STRUCTURE,STEM,D.melanogaster::Centroid::STEM_0078,29A_2_01A_Structural_Mapping,A_nucleotide_structure_annotation.csv,,934,941,8,TGTGTGTA,forward,1281,1288,1284.5,VALID,STEM,True,FINAL,,,,,,,,,,934.0,941.0,FULLY_MAPPED,934.0,941.0,FULLY_MAPPED,1117.0,1124.0,FULLY_MAPPED,,,,,,,,,Centroid,STEM_0078,8.0,,,,,,,,,,,,STRUCTURAL_CONTEXT_ONLY,
Ras85D_CTX_MEL_CENTROID_INTERNAL_LOOP_0047,Ras85D_HO_00455,D.melanogaster,STRUCTURE_SEGMENT,RNA_STRUCTURE,STRUCTURE,INTERNAL_LOOP,D.melanogaster::Centroid::INTERNAL_LOOP_0047,29A_2_01A_Structural_Mapping,A_nucleotide_structure_annotation.csv,,942,942,1,C,forward,1289,1289,1289.0,VALID,INTERNAL_LOOP,True,FINAL,,,,,,,,,,942.0,942.0,FULLY_MAPPED,942.0,942.0,FULLY_MAPPED,1125.0,1125.0,FULLY_MAPPED,,,,,,,,,Centroid,INTERNAL_LOOP_0047,1.0,,,,,,,,,,,,STRUCTURAL_CONTEXT_ONLY,
Ras85D_CTX_MEL_CENTROID_STEM_0079,Ras85D_HO_00550,D.melanogaster,STRUCTURE_SEGMENT,RNA_STRUCTURE,STRUCTURE,STEM,D.melanogaster::Centroid::STEM_0079,29A_2_01A_Structural_Mapping,A_nucleotide_structure_annotation.csv,,943,945,3,TAT,forward,1290,1292,1291.0,VALID,STEM,True,FINAL,,,,,,,,,,943.0,945.0,FULLY_MAPPED,943.0,945.0,FULLY_MAPPED,1126.0,1127.0,PARTIALLY_GAPPED,,,,,,,,,Centroid,STEM_0079,3.0,,,,,,,,,,,,STRUCTURAL_CONTEXT_ONLY,
Ras85D_CTX_MEL_CENTROID_INTERNAL_LOOP_0048,Ras85D_HO_00456,D.melanogaster,STRUCTURE_SEGMENT,RNA_STRUCTURE,STRUCTURE,INTERNAL_LOOP,D.melanogaster::Centroid::INTERNAL_LOOP_0048,29A_2_01A_Structural_Mapping,A_nucleotide_structure_annotation.csv,,946,946,1,T,forward,1293,1293,1293.0,VALID,INTERNAL_LOOP,True,FINAL,,,,,,,,,,946.0,946.0,FULLY_MAPPED,946.0,946.0,FULLY_MAPPED,1128.0,1128.0,FULLY_MAPPED,,,,,,,,,Centroid,INTERNAL_LOOP_0048,1.0,,,,,,,,,,,,STRUCTURAL_CONTEXT_ONLY,
Ras85D_CTX_MEL_CENTROID_STEM_0080,Ras85D_HO_00551,D.melanogaster,STRUCTURE_SEGMENT,RNA_STRUCTURE,STRUCTURE,STEM,D.melanogaster::Centroid::STEM_0080,29A_2_01A_Structural_Mapping,A_nucleotide_structure_annotation.csv,,947,960,14,TATGAAAAGTGGTT,forward,1294,1307,1300.5,VALID,STEM,True,FINAL,,,,,,,,,,947.0,960.0,FULLY_MAPPED,947.0,960.0,FULLY_MAPPED,1129.0,1142.0,FULLY_MAPPED,,,,,,,,,Centroid,STEM_0080,14.0,,,,,,,,,,,,STRUCTURAL_CONTEXT_ONLY,
Ras85D_CTX_MEL_CENTROID_EXTERIOR_0002,Ras85D_HO_00397,D.melanogaster,STRUCTURE_SEGMENT,RNA_STRUCTURE,STRUCTURE,EXTERIOR,D.melanogaster::Centroid::EXTERIOR_0002,29A_2_01A_Structural_Mapping,A_nucleotide_structure_annotation.csv,,961,964,4,TTAG,forward,1308,1311,1309.5,VALID,EXTERIOR,True,FINAL,,,,,,,,,,961.0,964.0,FULLY_MAPPED,961.0,964.0,FULLY_MAPPED,1143.0,1146.0,FULLY_MAPPED,,,,,,,,,Centroid,EXTERIOR_0002,4.0,,,,,,,,,,,,STRUCTURAL_CONTEXT_ONLY,
Ras85D_CTX_MEL_MFE_EXTERIOR_0001,Ras85D_HO_00565,D.melanogaster,STRUCTURE_SEGMENT,RNA_STRUCTURE,STRUCTURE,EXTERIOR,D.melanogaster::MFE::EXTERIOR_0001,29A_2_01A_Structural_Mapping,A_nucleotide_structure_annotation.csv,,1,2,2,AC,forward,2,3,2.5,VALID,EXTERIOR,True,FINAL,,,,,,,,,,1.0,2.0,FULLY_MAPPED,1.0,2.0,FULLY_MAPPED,1.0,2.0,FULLY_MAPPED,,,,,,,,,MFE,EXTERIOR_0001,2.0,,,,,,,,,,,,STRUCTURAL_CONTEXT_ONLY,
Ras85D_CTX_MEL_MFE_STEM_0001,Ras85D_HO_00654,D.melanogaster,STRUCTURE_SEGMENT,RNA_STRUCTURE,STRUCTURE,STEM,D.melanogaster::MFE::STEM_0001,29A_2_01A_Structural_Mapping,A_nucleotide_structure_annotation.csv,,3,8,6,GGCCAC,forward,4,9,6.5,VALID,STEM,True,FINAL,,,,,,,,,,3.0,8.0,FULLY_MAPPED,3.0,8.0,FULLY_MAPPED,3.0,8.0,FULLY_MAPPED,,,,,,,,,MFE,STEM_0001,6.0,,,,,,,,,,,,STRUCTURAL_CONTEXT_ONLY,
Ras85D_CTX_MEL_MFE_MULTILOOP_0001,Ras85D_HO_00636,D.melanogaster,STRUCTURE_SEGMENT,RNA_STRUCTURE,STRUCTURE,MULTILOOP,D.melanogaster::MFE::MULTILOOP_0001,29A_2_01A_Structural_Mapping,A_nucleotide_structure_annotation.csv,,9,10,2,GC,forward,10,11,10.5,VALID,MULTILOOP,True,FINAL,,,,,,,,,,9.0,10.0,FULLY_MAPPED,9.0,10.0,FULLY_MAPPED,9.0,10.0,FULLY_MAPPED,,,,,,,,,MFE,MULTILOOP_0001,2.0,,,,,,,,,,,,STRUCTURAL_CONTEXT_ONLY,
Ras85D_CTX_MEL_MFE_STEM_0002,Ras85D_HO_00655,D.melanogaster,STRUCTURE_SEGMENT,RNA_STRUCTURE,STRUCTURE,STEM,D.melanogaster::MFE::STEM_0002,29A_2_01A_Structural_Mapping,A_nucleotide_structure_annotation.csv,,11,17,7,ATTGGTT,forward,12,18,15.0,VALID,STEM,True,FINAL,,,,,,,,,,11.0,17.0,FULLY_MAPPED,11.0,17.0,FULLY_MAPPED,11.0,12.0,PARTIALLY_GAPPED,,,,,,,,,MFE,STEM_0002,7.0,,,,,,,,,,,,STRUCTURAL_CONTEXT_ONLY,
Ras85D_CTX_MEL_MFE_INTERNAL_LOOP_0001,Ras85D_HO_00582,D.melanogaster,STRUCTURE_SEGMENT,RNA_STRUCTURE,STRUCTURE,INTERNAL_LOOP,D.melanogaster::MFE::INTERNAL_LOOP_0001,29A_2_01A_Structural_Mapping,A_nucleotide_structure_annotation.csv,,18,25,8,ATTATTCA,forward,19,26,22.5,VALID,INTERNAL_LOOP,True,FINAL,,,,,,,,,,18.0,25.0,FULLY_MAPPED,18.0,25.0,FULLY_MAPPED,13.0,20.0,FULLY_MAPPED,,,,,,,,,MFE,INTERNAL_LOOP_0001,8.0,,,,,,,,,,,,STRUCTURAL_CONTEXT_ONLY,
Ras85D_CTX_MEL_MFE_STEM_0003,Ras85D_HO_00656,D.melanogaster,STRUCTURE_SEGMENT,RNA_STRUCTURE,STRUCTURE,STEM,D.melanogaster::MFE::STEM_0003,29A_2_01A_Structural_Mapping,A_nucleotide_structure_annotation.csv,,26,31,6,CTTTTT,forward,27,32,29.5,VALID,STEM,True,FINAL,,,,,,,,,,26.0,31.0,FULLY_MAPPED,26.0,31.0,FULLY_MAPPED,21.0,26.0,FULLY_MAPPED,,,,,,,,,MFE,STEM_0003,6.0,,,,,,,,,,,,STRUCTURAL_CONTEXT_ONLY,
Ras85D_CTX_MEL_MFE_INTERNAL_LOOP_0002,Ras85D_HO_00583,D.melanogaster,STRUCTURE_SEGMENT,RNA_STRUCTURE,STRUCTURE,INTERNAL_LOOP,D.melanogaster::MFE::INTERNAL_LOOP_0002,29A_2_01A_Structural_Mapping,A_nucleotide_structure_annotation.csv,,32,33,2,AT,forward,33,34,33.5,VALID,INTERNAL_LOOP,True,FINAL,,,,,,,,,,32.0,33.0,FULLY_MAPPED,32.0,33.0,FULLY_MAPPED,27.0,28.0,FULLY_MAPPED,,,,,,,,,MFE,INTERNAL_LOOP_0002,2.0,,,,,,,,,,,,STRUCTURAL_CONTEXT_ONLY,
Ras85D_CTX_MEL_MFE_STEM_0004,Ras85D_HO_00657,D.melanogaster,STRUCTURE_SEGMENT,RNA_STRUCTURE,STRUCTURE,STEM,D.melanogaster::MFE::STEM_0004,29A_2_01A_Structural_Mapping,A_nucleotide_structure_annotation.csv,,34,35,2,TT,forward,35,36,35.5,VALID,STEM,True,FINAL,,,,,,,,,,34.0,35.0,FULLY_MAPPED,34.0,35.0,FULLY_MAPPED,29.0,30.0,FULLY_MAPPED,,,,,,,,,MFE,STEM_0004,2.0,,,,,,,,,,,,STRUCTURAL_CONTEXT_ONLY,
Ras85D_CTX_MEL_MFE_INTERNAL_LOOP_0003,Ras85D_HO_00584,D.melanogaster,STRUCTURE_SEGMENT,RNA_STRUCTURE,STRUCTURE,INTERNAL_LOOP,D.melanogaster::MFE::INTERNAL_LOOP_0003,29A_2_01A_Structural_Mapping,A_nucleotide_structure_annotation.csv,,36,37,2,CT,forward,37,38,37.5,VALID,INTERNAL_LOOP,True,FINAL,,,,,,,,,,36.0,37.0,FULLY_MAPPED,36.0,37.0,FULLY_MAPPED,31.0,31.0,PARTIALLY_GAPPED,,,,,,,,,MFE,INTERNAL_LOOP_0003,2.0,,,,,,,,,,,,STRUCTURAL_CONTEXT_ONLY,
Ras85D_CTX_MEL_MFE_STEM_0005,Ras85D_HO_00658,D.melanogaster,STRUCTURE_SEGMENT,RNA_STRUCTURE,STRUCTURE,STEM,D.melanogaster::MFE::STEM_0005,29A_2_01A_Structural_Mapping,A_nucleotide_structure_annotation.csv,,38,39,2,TC,forward,39,40,39.5,VALID,STEM,True,FINAL,,,,,,,,,,38.0,39.0,FULLY_MAPPED,38.0,39.0,FULLY_MAPPED,32.0,33.0,FULLY_MAPPED,,,,,,,,,MFE,STEM_0005,2.0,,,,,,,,,,,,STRUCTURAL_CONTEXT_ONLY,
Ras85D_CTX_MEL_MFE_BULGE_0001,Ras85D_HO_00552,D.melanogaster,STRUCTURE_SEGMENT,RNA_STRUCTURE,STRUCTURE,BULGE,D.melanogaster::MFE::BULGE_0001,29A_2_01A_Structural_Mapping,A_nucleotide_structure_annotation.csv,,40,42,3,AAA,forward,41,43,42.0,VALID,BULGE,True,FINAL,,,,,,,,,,40.0,42.0,FULLY_MAPPED,40.0,42.0,FULLY_MAPPED,34.0,36.0,FULLY_MAPPED,,,,,,,,,MFE,BULGE_0001,3.0,,,,,,,,,,,,STRUCTURAL_CONTEXT_ONLY,
Ras85D_CTX_MEL_MFE_STEM_0006,Ras85D_HO_00659,D.melanogaster,STRUCTURE_SEGMENT,RNA_STRUCTURE,STRUCTURE,STEM,D.melanogaster::MFE::STEM_0006,29A_2_01A_Structural_Mapping,A_nucleotide_structure_annotation.csv,,43,47,5,TGTCG,forward,44,48,46.0,VALID,STEM,True,FINAL,,,,,,,,,,43.0,47.0,FULLY_MAPPED,43.0,47.0,FULLY_MAPPED,37.0,39.0,PARTIALLY_GAPPED,,,,,,,,,MFE,STEM_0006,5.0,,,,,,,,,,,,STRUCTURAL_CONTEXT_ONLY,
Ras85D_CTX_MEL_MFE_MULTILOOP_0002,Ras85D_HO_00637,D.melanogaster,STRUCTURE_SEGMENT,RNA_STRUCTURE,STRUCTURE,MULTILOOP,D.melanogaster::MFE::MULTILOOP_0002,29A_2_01A_Structural_Mapping,A_nucleotide_structure_annotation.csv,,48,48,1,C,forward,49,49,49.0,VALID,MULTILOOP,True,FINAL,,,,,,,,,,48.0,48.0,FULLY_MAPPED,48.0,48.0,FULLY_MAPPED,40.0,40.0,FULLY_MAPPED,,,,,,,,,MFE,MULTILOOP_0002,1.0,,,,,,,,,,,,STRUCTURAL_CONTEXT_ONLY,
Ras85D_CTX_MEL_MFE_STEM_0007,Ras85D_HO_00660,D.melanogaster,STRUCTURE_SEGMENT,RNA_STRUCTURE,STRUCTURE,STEM,D.melanogaster::MFE::STEM_0007,29A_2_01A_Structural_Mapping,A_nucleotide_structure_annotation.csv,,49,56,8,CTGTTTGT,forward,50,57,53.5,VALID,STEM,True,FINAL,,,,,,,,,,49.0,56.0,FULLY_MAPPED,49.0,56.0,FULLY_MAPPED,41.0,48.0,FULLY_MAPPED,,,,,,,,,MFE,STEM_0007,8.0,,,,,,,,,,,,STRUCTURAL_CONTEXT_ONLY,
Ras85D_CTX_MEL_MFE_INTERNAL_LOOP_0004,Ras85D_HO_00585,D.melanogaster,STRUCTURE_SEGMENT,RNA_STRUCTURE,STRUCTURE,INTERNAL_LOOP,D.melanogaster::MFE::INTERNAL_LOOP_0004,29A_2_01A_Structural_Mapping,A_nucleotide_structure_annotation.csv,,57,57,1,C,forward,58,58,58.0,VALID,INTERNAL_LOOP,True,FINAL,,,,,,,,,,57.0,57.0,FULLY_MAPPED,57.0,57.0,FULLY_MAPPED,49.0,49.0,FULLY_MAPPED,,,,,,,,,MFE,INTERNAL_LOOP_0004,1.0,,,,,,,,,,,,STRUCTURAL_CONTEXT_ONLY,
Ras85D_CTX_MEL_MFE_STEM_0008,Ras85D_HO_00661,D.melanogaster,STRUCTURE_SEGMENT,RNA_STRUCTURE,STRUCTURE,STEM,D.melanogaster::MFE::STEM_0008,29A_2_01A_Structural_Mapping,A_nucleotide_structure_annotation.csv,,58,60,3,TGT,forward,59,61,60.0,VALID,STEM,True,FINAL,,,,,,,,,,58.0,60.0,FULLY_MAPPED,58.0,60.0,FULLY_MAPPED,50.0,52.0,FULLY_MAPPED,,,,,,,,,MFE,STEM_0008,3.0,,,,,,,,,,,,STRUCTURAL_CONTEXT_ONLY,
Ras85D_CTX_MEL_MFE_INTERNAL_LOOP_0005,Ras85D_HO_00586,D.melanogaster,STRUCTURE_SEGMENT,RNA_STRUCTURE,STRUCTURE,INTERNAL_LOOP,D.melanogaster::MFE::INTERNAL_LOOP_0005,29A_2_01A_Structural_Mapping,A_nucleotide_structure_annotation.csv,,61,61,1,A,forward,62,62,62.0,VALID,INTERNAL_LOOP,True,FINAL,,,,,,,,,,61.0,61.0,FULLY_MAPPED,61.0,61.0,FULLY_MAPPED,53.0,53.0,FULLY_MAPPED,,,,,,,,,MFE,INTERNAL_LOOP_0005,1.0,,,,,,,,,,,,STRUCTURAL_CONTEXT_ONLY,
Ras85D_CTX_MEL_MFE_STEM_0009,Ras85D_HO_00662,D.melanogaster,STRUCTURE_SEGMENT,RNA_STRUCTURE,STRUCTURE,STEM,D.melanogaster::MFE::STEM_0009,29A_2_01A_Structural_Mapping,A_nucleotide_structure_annotation.csv,,62,73,12,TGTGCGTCGGCG,forward,63,74,68.5,VALID,STEM,True,FINAL,,,,,,,,,,62.0,73.0,FULLY_MAPPED,62.0,73.0,FULLY_MAPPED,54.0,65.0,FULLY_MAPPED,,,,,,,,,MFE,STEM_0009,12.0,,,,,,,,,,,,STRUCTURAL_CONTEXT_ONLY,
Ras85D_CTX_MEL_MFE_HAIRPIN_LOOP_0001,Ras85D_HO_00567,D.melanogaster,STRUCTURE_SEGMENT,RNA_STRUCTURE,STRUCTURE,HAIRPIN_LOOP,D.melanogaster::MFE::HAIRPIN_LOOP_0001,29A_2_01A_Structural_Mapping,A_nucleotide_structure_annotation.csv,,74,76,3,AAT,forward,75,77,76.0,VALID,HAIRPIN_LOOP,True,FINAL,,,,,,,,,,74.0,76.0,FULLY_MAPPED,74.0,76.0,FULLY_MAPPED,66.0,68.0,FULLY_MAPPED,,,,,,,,,MFE,HAIRPIN_LOOP_0001,3.0,,,,,,,,,,,,STRUCTURAL_CONTEXT_ONLY,
Ras85D_CTX_MEL_MFE_STEM_0010,Ras85D_HO_00663,D.melanogaster,STRUCTURE_SEGMENT,RNA_STRUCTURE,STRUCTURE,STEM,D.melanogaster::MFE::STEM_0010,29A_2_01A_Structural_Mapping,A_nucleotide_structure_annotation.csv,,77,85,9,CGCCGATCG,forward,78,86,82.0,VALID,STEM,True,FINAL,,,,,,,,,,77.0,85.0,FULLY_MAPPED,77.0,85.0,FULLY_MAPPED,69.0,76.0,PARTIALLY_GAPPED,,,,,,,,,MFE,STEM_0010,9.0,,,,,,,,,,,,STRUCTURAL_CONTEXT_ONLY,
Ras85D_CTX_MEL_MFE_INTERNAL_LOOP_0006,Ras85D_HO_00587,D.melanogaster,STRUCTURE_SEGMENT,RNA_STRUCTURE,STRUCTURE,INTERNAL_LOOP,D.melanogaster::MFE::INTERNAL_LOOP_0006,29A_2_01A_Structural_Mapping,A_nucleotide_structure_annotation.csv,,86,88,3,TCC,forward,87,89,88.0,VALID,INTERNAL_LOOP,True,FINAL,,,,,,,,,,86.0,88.0,FULLY_MAPPED,86.0,88.0,FULLY_MAPPED,77.0,79.0,FULLY_MAPPED,,,,,,,,,MFE,INTERNAL_LOOP_0006,3.0,,,,,,,,,,,,STRUCTURAL_CONTEXT_ONLY,
Ras85D_CTX_MEL_MFE_STEM_0011,Ras85D_HO_00664,D.melanogaster,STRUCTURE_SEGMENT,RNA_STRUCTURE,STRUCTURE,STEM,D.melanogaster::MFE::STEM_0011,29A_2_01A_Structural_Mapping,A_nucleotide_structure_annotation.csv,,89,93,5,TGGGC,forward,90,94,92.0,VALID,STEM,True,FINAL,,,,,,,,,,89.0,93.0,FULLY_MAPPED,89.0,93.0,FULLY_MAPPED,80.0,84.0,FULLY_MAPPED,,,,,,,,,MFE,STEM_0011,5.0,,,,,,,,,,,,STRUCTURAL_CONTEXT_ONLY,
Ras85D_CTX_MEL_MFE_INTERNAL_LOOP_0007,Ras85D_HO_00588,D.melanogaster,STRUCTURE_SEGMENT,RNA_STRUCTURE,STRUCTURE,INTERNAL_LOOP,D.melanogaster::MFE::INTERNAL_LOOP_0007,29A_2_01A_Structural_Mapping,A_nucleotide_structure_annotation.csv,,94,94,1,T,forward,117,117,117.0,VALID,INTERNAL_LOOP,True,FINAL,,,,,,,,,,94.0,94.0,FULLY_MAPPED,94.0,94.0,FULLY_MAPPED,107.0,107.0,FULLY_MAPPED,,,,,,,,,MFE,INTERNAL_LOOP_0007,1.0,,,,,,,,,,,,STRUCTURAL_CONTEXT_ONLY,
Ras85D_CTX_MEL_MFE_STEM_0012,Ras85D_HO_00665,D.melanogaster,STRUCTURE_SEGMENT,RNA_STRUCTURE,STRUCTURE,STEM,D.melanogaster::MFE::STEM_0012,29A_2_01A_Structural_Mapping,A_nucleotide_structure_annotation.csv,,95,96,2,CG,forward,118,119,118.5,VALID,STEM,True,FINAL,,,,,,,,,,95.0,96.0,FULLY_MAPPED,95.0,96.0,FULLY_MAPPED,108.0,109.0,FULLY_MAPPED,,,,,,,,,MFE,STEM_0012,2.0,,,,,,,,,,,,STRUCTURAL_CONTEXT_ONLY,
Ras85D_CTX_MEL_MFE_MULTILOOP_0003,Ras85D_HO_00638,D.melanogaster,STRUCTURE_SEGMENT,RNA_STRUCTURE,STRUCTURE,MULTILOOP,D.melanogaster::MFE::MULTILOOP_0003,29A_2_01A_Structural_Mapping,A_nucleotide_structure_annotation.csv,,97,99,3,ATG,forward,120,122,121.0,VALID,MULTILOOP,True,FINAL,,,,,,,,,,97.0,99.0,FULLY_MAPPED,97.0,99.0,FULLY_MAPPED,110.0,112.0,FULLY_MAPPED,,,,,,,,,MFE,MULTILOOP_0003,3.0,,,,,,,,,,,,STRUCTURAL_CONTEXT_ONLY,
Ras85D_CTX_MEL_MFE_STEM_0013,Ras85D_HO_00666,D.melanogaster,STRUCTURE_SEGMENT,RNA_STRUCTURE,STRUCTURE,STEM,D.melanogaster::MFE::STEM_0013,29A_2_01A_Structural_Mapping,A_nucleotide_structure_annotation.csv,,100,101,2,GT,forward,123,124,123.5,VALID,STEM,True,FINAL,,,,,,,,,,100.0,101.0,FULLY_MAPPED,100.0,101.0,FULLY_MAPPED,113.0,114.0,FULLY_MAPPED,,,,,,,,,MFE,STEM_0013,2.0,,,,,,,,,,,,STRUCTURAL_CONTEXT_ONLY,
Ras85D_CTX_MEL_MFE_INTERNAL_LOOP_0008,Ras85D_HO_00589,D.melanogaster,STRUCTURE_SEGMENT,RNA_STRUCTURE,STRUCTURE,INTERNAL_LOOP,D.melanogaster::MFE::INTERNAL_LOOP_0008,29A_2_01A_Structural_Mapping,A_nucleotide_structure_annotation.csv,,102,102,1,T,forward,125,125,125.0,VALID,INTERNAL_LOOP,True,FINAL,,,,,,,,,,102.0,102.0,FULLY_MAPPED,102.0,102.0,FULLY_MAPPED,115.0,115.0,FULLY_MAPPED,,,,,,,,,MFE,INTERNAL_LOOP_0008,1.0,,,,,,,,,,,,STRUCTURAL_CONTEXT_ONLY,
Ras85D_CTX_MEL_MFE_STEM_0014,Ras85D_HO_00667,D.melanogaster,STRUCTURE_SEGMENT,RNA_STRUCTURE,STRUCTURE,STEM,D.melanogaster::MFE::STEM_0014,29A_2_01A_Structural_Mapping,A_nucleotide_structure_annotation.csv,,103,108,6,TGTCCA,forward,126,140,133.0,VALID,STEM,True,FINAL,,,,,,,,,,103.0,108.0,PARTIALLY_GAPPED,103.0,108.0,PARTIALLY_GAPPED,116.0,130.0,FULLY_MAPPED,,,,,,,,,MFE,STEM_0014,6.0,,,,,,,,,,,,STRUCTURAL_CONTEXT_ONLY,
Ras85D_CTX_MEL_MFE_HAIRPIN_LOOP_0002,Ras85D_HO_00568,D.melanogaster,STRUCTURE_SEGMENT,RNA_STRUCTURE,STRUCTURE,HAIRPIN_LOOP,D.melanogaster::MFE::HAIRPIN_LOOP_0002,29A_2_01A_Structural_Mapping,A_nucleotide_structure_annotation.csv,,109,111,3,TTT,forward,141,143,142.0,VALID,HAIRPIN_LOOP,True,FINAL,,,,,,,,,,109.0,111.0,FULLY_MAPPED,109.0,111.0,FULLY_MAPPED,131.0,133.0,FULLY_MAPPED,,,,,,,,,MFE,HAIRPIN_LOOP_0002,3.0,,,,,,,,,,,,STRUCTURAL_CONTEXT_ONLY,
Ras85D_CTX_MEL_MFE_STEM_0015,Ras85D_HO_00668,D.melanogaster,STRUCTURE_SEGMENT,RNA_STRUCTURE,STRUCTURE,STEM,D.melanogaster::MFE::STEM_0015,29A_2_01A_Structural_Mapping,A_nucleotide_structure_annotation.csv,,112,117,6,TGGACA,forward,144,157,150.5,VALID,STEM,True,FINAL,,,,,,,,,,112.0,117.0,PARTIALLY_GAPPED,112.0,117.0,PARTIALLY_GAPPED,134.0,147.0,FULLY_MAPPED,,,,,,,,,MFE,STEM_0015,6.0,,,,,,,,,,,,STRUCTURAL_CONTEXT_ONLY,
Ras85D_CTX_MEL_MFE_INTERNAL_LOOP_0009,Ras85D_HO_00590,D.melanogaster,STRUCTURE_SEGMENT,RNA_STRUCTURE,STRUCTURE,INTERNAL_LOOP,D.melanogaster::MFE::INTERNAL_LOOP_0009,29A_2_01A_Structural_Mapping,A_nucleotide_structure_annotation.csv,,118,118,1,C,forward,158,158,158.0,VALID,INTERNAL_LOOP,True,FINAL,,,,,,,,,,118.0,118.0,FULLY_MAPPED,118.0,118.0,FULLY_MAPPED,148.0,148.0,FULLY_MAPPED,,,,,,,,,MFE,INTERNAL_LOOP_0009,1.0,,,,,,,,,,,,STRUCTURAL_CONTEXT_ONLY,
Ras85D_CTX_MEL_MFE_STEM_0016,Ras85D_HO_00669,D.melanogaster,STRUCTURE_SEGMENT,RNA_STRUCTURE,STRUCTURE,STEM,D.melanogaster::MFE::STEM_0016,29A_2_01A_Structural_Mapping,A_nucleotide_structure_annotation.csv,,119,120,2,AC,forward,159,160,159.5,VALID,STEM,True,FINAL,,,,,,,,,,119.0,120.0,FULLY_MAPPED,119.0,120.0,FULLY_MAPPED,149.0,150.0,FULLY_MAPPED,,,,,,,,,MFE,STEM_0016,2.0,,,,,,,,,,,,STRUCTURAL_CONTEXT_ONLY,
Ras85D_CTX_MEL_MFE_MULTILOOP_0004,Ras85D_HO_00639,D.melanogaster,STRUCTURE_SEGMENT,RNA_STRUCTURE,STRUCTURE,MULTILOOP,D.melanogaster::MFE::MULTILOOP_0004,29A_2_01A_Structural_Mapping,A_nucleotide_structure_annotation.csv,,121,123,3,AAT,forward,161,164,162.5,VALID,MULTILOOP,True,FINAL,,,,,,,,,,121.0,123.0,PARTIALLY_GAPPED,121.0,123.0,PARTIALLY_GAPPED,151.0,154.0,FULLY_MAPPED,,,,,,,,,MFE,MULTILOOP_0004,3.0,,,,,,,,,,,,STRUCTURAL_CONTEXT_ONLY,
Ras85D_CTX_MEL_MFE_STEM_0017,Ras85D_HO_00670,D.melanogaster,STRUCTURE_SEGMENT,RNA_STRUCTURE,STRUCTURE,STEM,D.melanogaster::MFE::STEM_0017,29A_2_01A_Structural_Mapping,A_nucleotide_structure_annotation.csv,,124,140,17,GCGAAAAACACACACAT,forward,165,181,173.0,VALID,STEM,True,FINAL,,,,,,,,,,124.0,140.0,FULLY_MAPPED,124.0,140.0,FULLY_MAPPED,155.0,170.0,PARTIALLY_GAPPED,,,,,,,,,MFE,STEM_0017,17.0,,,,,,,,,,,,STRUCTURAL_CONTEXT_ONLY,
Ras85D_CTX_MEL_MFE_INTERNAL_LOOP_0010,Ras85D_HO_00591,D.melanogaster,STRUCTURE_SEGMENT,RNA_STRUCTURE,STRUCTURE,INTERNAL_LOOP,D.melanogaster::MFE::INTERNAL_LOOP_0010,29A_2_01A_Structural_Mapping,A_nucleotide_structure_annotation.csv,,141,143,3,GTG,forward,182,194,188.0,VALID,INTERNAL_LOOP,True,FINAL,,,,,,,,,,141.0,143.0,PARTIALLY_GAPPED,141.0,143.0,PARTIALLY_GAPPED,171.0,183.0,FULLY_MAPPED,,,,,,,,,MFE,INTERNAL_LOOP_0010,3.0,,,,,,,,,,,,STRUCTURAL_CONTEXT_ONLY,
Ras85D_CTX_MEL_MFE_STEM_0018,Ras85D_HO_00671,D.melanogaster,STRUCTURE_SEGMENT,RNA_STRUCTURE,STRUCTURE,STEM,D.melanogaster::MFE::STEM_0018,29A_2_01A_Structural_Mapping,A_nucleotide_structure_annotation.csv,,144,150,7,GGAGCGT,forward,195,201,198.0,VALID,STEM,True,FINAL,,,,,,,,,,144.0,150.0,FULLY_MAPPED,144.0,150.0,FULLY_MAPPED,184.0,190.0,FULLY_MAPPED,,,,,,,,,MFE,STEM_0018,7.0,,,,,,,,,,,,STRUCTURAL_CONTEXT_ONLY,
Ras85D_CTX_MEL_MFE_INTERNAL_LOOP_0011,Ras85D_HO_00592,D.melanogaster,STRUCTURE_SEGMENT,RNA_STRUCTURE,STRUCTURE,INTERNAL_LOOP,D.melanogaster::MFE::INTERNAL_LOOP_0011,29A_2_01A_Structural_Mapping,A_nucleotide_structure_annotation.csv,,151,151,1,G,forward,202,202,202.0,VALID,INTERNAL_LOOP,True,FINAL,,,,,,,,,,151.0,151.0,FULLY_MAPPED,151.0,151.0,FULLY_MAPPED,191.0,191.0,FULLY_MAPPED,,,,,,,,,MFE,INTERNAL_LOOP_0011,1.0,,,,,,,,,,,,STRUCTURAL_CONTEXT_ONLY,
Ras85D_CTX_MEL_MFE_STEM_0019,Ras85D_HO_00672,D.melanogaster,STRUCTURE_SEGMENT,RNA_STRUCTURE,STRUCTURE,STEM,D.melanogaster::MFE::STEM_0019,29A_2_01A_Structural_Mapping,A_nucleotide_structure_annotation.csv,,152,155,4,TTGG,forward,203,207,205.0,VALID,STEM,True,FINAL,,,,,,,,,,152.0,155.0,PARTIALLY_GAPPED,152.0,155.0,PARTIALLY_GAPPED,192.0,196.0,FULLY_MAPPED,,,,,,,,,MFE,STEM_0019,4.0,,,,,,,,,,,,STRUCTURAL_CONTEXT_ONLY,
Ras85D_CTX_MEL_MFE_BULGE_0002,Ras85D_HO_00553,D.melanogaster,STRUCTURE_SEGMENT,RNA_STRUCTURE,STRUCTURE,BULGE,D.melanogaster::MFE::BULGE_0002,29A_2_01A_Structural_Mapping,A_nucleotide_structure_annotation.csv,,156,156,1,T,forward,208,208,208.0,VALID,BULGE,True,FINAL,,,,,,,,,,156.0,156.0,FULLY_MAPPED,156.0,156.0,FULLY_MAPPED,197.0,197.0,FULLY_MAPPED,,,,,,,,,MFE,BULGE_0002,1.0,,,,,,,,,,,,STRUCTURAL_CONTEXT_ONLY,
Ras85D_CTX_MEL_MFE_STEM_0020,Ras85D_HO_00673,D.melanogaster,STRUCTURE_SEGMENT,RNA_STRUCTURE,STRUCTURE,STEM,D.melanogaster::MFE::STEM_0020,29A_2_01A_Structural_Mapping,A_nucleotide_structure_annotation.csv,,157,158,2,CG,forward,209,210,209.5,VALID,STEM,True,FINAL,,,,,,,,,,157.0,158.0,FULLY_MAPPED,157.0,158.0,FULLY_MAPPED,198.0,199.0,FULLY_MAPPED,,,,,,,,,MFE,STEM_0020,2.0,,,,,,,,,,,,STRUCTURAL_CONTEXT_ONLY,
Ras85D_CTX_MEL_MFE_BULGE_0003,Ras85D_HO_00554,D.melanogaster,STRUCTURE_SEGMENT,RNA_STRUCTURE,STRUCTURE,BULGE,D.melanogaster::MFE::BULGE_0003,29A_2_01A_Structural_Mapping,A_nucleotide_structure_annotation.csv,,159,159,1,G,forward,211,211,211.0,VALID,BULGE,True,FINAL,,,,,,,,,,159.0,159.0,FULLY_MAPPED,159.0,159.0,FULLY_MAPPED,200.0,200.0,FULLY_MAPPED,,,,,,,,,MFE,BULGE_0003,1.0,,,,,,,,,,,,STRUCTURAL_CONTEXT_ONLY,
Ras85D_CTX_MEL_MFE_STEM_0021,Ras85D_HO_00674,D.melanogaster,STRUCTURE_SEGMENT,RNA_STRUCTURE,STRUCTURE,STEM,D.melanogaster::MFE::STEM_0021,29A_2_01A_Structural_Mapping,A_nucleotide_structure_annotation.csv,,160,163,4,TGCA,forward,212,215,213.5,VALID,STEM,True,FINAL,,,,,,,,,,160.0,163.0,FULLY_MAPPED,160.0,163.0,FULLY_MAPPED,201.0,204.0,FULLY_MAPPED,,,,,,,,,MFE,STEM_0021,4.0,,,,,,,,,,,,STRUCTURAL_CONTEXT_ONLY,
Ras85D_CTX_MEL_MFE_MULTILOOP_0005,Ras85D_HO_00640,D.melanogaster,STRUCTURE_SEGMENT,RNA_STRUCTURE,STRUCTURE,MULTILOOP,D.melanogaster::MFE::MULTILOOP_0005,29A_2_01A_Structural_Mapping,A_nucleotide_structure_annotation.csv,,164,167,4,ATTG,forward,216,219,217.5,VALID,MULTILOOP,True,FINAL,,,,,,,,,,164.0,167.0,FULLY_MAPPED,164.0,167.0,FULLY_MAPPED,205.0,208.0,FULLY_MAPPED,,,,,,,,,MFE,MULTILOOP_0005,4.0,,,,,,,,,,,,STRUCTURAL_CONTEXT_ONLY,
Ras85D_CTX_MEL_MFE_STEM_0022,Ras85D_HO_00675,D.melanogaster,STRUCTURE_SEGMENT,RNA_STRUCTURE,STRUCTURE,STEM,D.melanogaster::MFE::STEM_0022,29A_2_01A_Structural_Mapping,A_nucleotide_structure_annotation.csv,,168,169,2,TC,forward,220,221,220.5,VALID,STEM,True,FINAL,,,,,,,,,,168.0,169.0,FULLY_MAPPED,168.0,169.0,FULLY_MAPPED,209.0,210.0,FULLY_MAPPED,,,,,,,,,MFE,STEM_0022,2.0,,,,,,,,,,,,STRUCTURAL_CONTEXT_ONLY,
Ras85D_CTX_MEL_MFE_HAIRPIN_LOOP_0003,Ras85D_HO_00569,D.melanogaster,STRUCTURE_SEGMENT,RNA_STRUCTURE,STRUCTURE,HAIRPIN_LOOP,D.melanogaster::MFE::HAIRPIN_LOOP_0003,29A_2_01A_Structural_Mapping,A_nucleotide_structure_annotation.csv,,170,177,8,AGATAAAA,forward,222,229,225.5,VALID,HAIRPIN_LOOP,True,FINAL,,,,,,,,,,170.0,177.0,FULLY_MAPPED,170.0,177.0,FULLY_MAPPED,211.0,218.0,FULLY_MAPPED,,,,,,,,,MFE,HAIRPIN_LOOP_0003,8.0,,,,,,,,,,,,STRUCTURAL_CONTEXT_ONLY,
Ras85D_CTX_MEL_MFE_STEM_0023,Ras85D_HO_00676,D.melanogaster,STRUCTURE_SEGMENT,RNA_STRUCTURE,STRUCTURE,STEM,D.melanogaster::MFE::STEM_0023,29A_2_01A_Structural_Mapping,A_nucleotide_structure_annotation.csv,,178,179,2,GA,forward,230,231,230.5,VALID,STEM,True,FINAL,,,,,,,,,,178.0,179.0,FULLY_MAPPED,178.0,179.0,FULLY_MAPPED,219.0,220.0,FULLY_MAPPED,,,,,,,,,MFE,STEM_0023,2.0,,,,,,,,,,,,STRUCTURAL_CONTEXT_ONLY,
Ras85D_CTX_MEL_MFE_MULTILOOP_0006,Ras85D_HO_00641,D.melanogaster,STRUCTURE_SEGMENT,RNA_STRUCTURE,STRUCTURE,MULTILOOP,D.melanogaster::MFE::MULTILOOP_0006,29A_2_01A_Structural_Mapping,A_nucleotide_structure_annotation.csv,,180,182,3,AGA,forward,232,234,233.0,VALID,MULTILOOP,True,FINAL,,,,,,,,,,180.0,182.0,FULLY_MAPPED,180.0,182.0,FULLY_MAPPED,221.0,222.0,PARTIALLY_GAPPED,,,,,,,,,MFE,MULTILOOP_0006,3.0,,,,,,,,,,,,STRUCTURAL_CONTEXT_ONLY,
Ras85D_CTX_MEL_MFE_STEM_0024,Ras85D_HO_00677,D.melanogaster,STRUCTURE_SEGMENT,RNA_STRUCTURE,STRUCTURE,STEM,D.melanogaster::MFE::STEM_0024,29A_2_01A_Structural_Mapping,A_nucleotide_structure_annotation.csv,,183,188,6,GAAATT,forward,235,240,237.5,VALID,STEM,True,FINAL,,,,,,,,,,183.0,188.0,FULLY_MAPPED,183.0,188.0,FULLY_MAPPED,223.0,228.0,FULLY_MAPPED,,,,,,,,,MFE,STEM_0024,6.0,,,,,,,,,,,,STRUCTURAL_CONTEXT_ONLY,
Ras85D_CTX_MEL_MFE_INTERNAL_LOOP_0012,Ras85D_HO_00593,D.melanogaster,STRUCTURE_SEGMENT,RNA_STRUCTURE,STRUCTURE,INTERNAL_LOOP,D.melanogaster::MFE::INTERNAL_LOOP_0012,29A_2_01A_Structural_Mapping,A_nucleotide_structure_annotation.csv,,189,189,1,G,forward,241,241,241.0,VALID,INTERNAL_LOOP,True,FINAL,,,,,,,,,,189.0,189.0,FULLY_MAPPED,189.0,189.0,FULLY_MAPPED,229.0,229.0,FULLY_MAPPED,,,,,,,,,MFE,INTERNAL_LOOP_0012,1.0,,,,,,,,,,,,STRUCTURAL_CONTEXT_ONLY,
Ras85D_CTX_MEL_MFE_STEM_0025,Ras85D_HO_00678,D.melanogaster,STRUCTURE_SEGMENT,RNA_STRUCTURE,STRUCTURE,STEM,D.melanogaster::MFE::STEM_0025,29A_2_01A_Structural_Mapping,A_nucleotide_structure_annotation.csv,,190,191,2,TA,forward,242,243,242.5,VALID,STEM,True,FINAL,,,,,,,,,,190.0,191.0,FULLY_MAPPED,190.0,191.0,FULLY_MAPPED,230.0,231.0,FULLY_MAPPED,,,,,,,,,MFE,STEM_0025,2.0,,,,,,,,,,,,STRUCTURAL_CONTEXT_ONLY,
Ras85D_CTX_MEL_MFE_INTERNAL_LOOP_0013,Ras85D_HO_00594,D.melanogaster,STRUCTURE_SEGMENT,RNA_STRUCTURE,STRUCTURE,INTERNAL_LOOP,D.melanogaster::MFE::INTERNAL_LOOP_0013,29A_2_01A_Structural_Mapping,A_nucleotide_structure_annotation.csv,,192,192,1,A,forward,244,244,244.0,VALID,INTERNAL_LOOP,True,FINAL,,,,,,,,,,192.0,192.0,FULLY_MAPPED,192.0,192.0,FULLY_MAPPED,232.0,232.0,FULLY_MAPPED,,,,,,,,,MFE,INTERNAL_LOOP_0013,1.0,,,,,,,,,,,,STRUCTURAL_CONTEXT_ONLY,
Ras85D_CTX_MEL_MFE_STEM_0026,Ras85D_HO_00679,D.melanogaster,STRUCTURE_SEGMENT,RNA_STRUCTURE,STRUCTURE,STEM,D.melanogaster::MFE::STEM_0026,29A_2_01A_Structural_Mapping,A_nucleotide_structure_annotation.csv,,193,195,3,TTA,forward,245,247,246.0,VALID,STEM,True,FINAL,,,,,,,,,,193.0,195.0,FULLY_MAPPED,193.0,195.0,FULLY_MAPPED,233.0,235.0,FULLY_MAPPED,,,,,,,,,MFE,STEM_0026,3.0,,,,,,,,,,,,STRUCTURAL_CONTEXT_ONLY,
Ras85D_CTX_MEL_MFE_HAIRPIN_LOOP_0004,Ras85D_HO_00570,D.melanogaster,STRUCTURE_SEGMENT,RNA_STRUCTURE,STRUCTURE,HAIRPIN_LOOP,D.melanogaster::MFE::HAIRPIN_LOOP_0004,29A_2_01A_Structural_Mapping,A_nucleotide_structure_annotation.csv,,196,202,7,ATTTAAG,forward,248,254,251.0,VALID,HAIRPIN_LOOP,True,FINAL,,,,,,,,,,196.0,202.0,FULLY_MAPPED,196.0,202.0,FULLY_MAPPED,236.0,242.0,FULLY_MAPPED,,,,,,,,,MFE,HAIRPIN_LOOP_0004,7.0,,,,,,,,,,,,STRUCTURAL_CONTEXT_ONLY,
Ras85D_CTX_MEL_MFE_STEM_0027,Ras85D_HO_00680,D.melanogaster,STRUCTURE_SEGMENT,RNA_STRUCTURE,STRUCTURE,STEM,D.melanogaster::MFE::STEM_0027,29A_2_01A_Structural_Mapping,A_nucleotide_structure_annotation.csv,,203,205,3,TAA,forward,255,257,256.0,VALID,STEM,True,FINAL,,,,,,,,,,203.0,205.0,FULLY_MAPPED,203.0,205.0,FULLY_MAPPED,243.0,245.0,FULLY_MAPPED,,,,,,,,,MFE,STEM_0027,3.0,,,,,,,,,,,,STRUCTURAL_CONTEXT_ONLY,
Ras85D_CTX_MEL_MFE_INTERNAL_LOOP_0014,Ras85D_HO_00595,D.melanogaster,STRUCTURE_SEGMENT,RNA_STRUCTURE,STRUCTURE,INTERNAL_LOOP,D.melanogaster::MFE::INTERNAL_LOOP_0014,29A_2_01A_Structural_Mapping,A_nucleotide_structure_annotation.csv,,206,206,1,C,forward,258,258,258.0,VALID,INTERNAL_LOOP,True,FINAL,,,,,,,,,,206.0,206.0,FULLY_MAPPED,206.0,206.0,FULLY_MAPPED,246.0,246.0,FULLY_MAPPED,,,,,,,,,MFE,INTERNAL_LOOP_0014,1.0,,,,,,,,,,,,STRUCTURAL_CONTEXT_ONLY,
Ras85D_CTX_MEL_MFE_STEM_0028,Ras85D_HO_00681,D.melanogaster,STRUCTURE_SEGMENT,RNA_STRUCTURE,STRUCTURE,STEM,D.melanogaster::MFE::STEM_0028,29A_2_01A_Structural_Mapping,A_nucleotide_structure_annotation.csv,,207,208,2,TA,forward,259,260,259.5,VALID,STEM,True,FINAL,,,,,,,,,,207.0,208.0,FULLY_MAPPED,207.0,208.0,FULLY_MAPPED,247.0,248.0,FULLY_MAPPED,,,,,,,,,MFE,STEM_0028,2.0,,,,,,,,,,,,STRUCTURAL_CONTEXT_ONLY,
Ras85D_CTX_MEL_MFE_INTERNAL_LOOP_0015,Ras85D_HO_00596,D.melanogaster,STRUCTURE_SEGMENT,RNA_STRUCTURE,STRUCTURE,INTERNAL_LOOP,D.melanogaster::MFE::INTERNAL_LOOP_0015,29A_2_01A_Structural_Mapping,A_nucleotide_structure_annotation.csv,,209,209,1,G,forward,261,261,261.0,VALID,INTERNAL_LOOP,True,FINAL,,,,,,,,,,209.0,209.0,FULLY_MAPPED,209.0,209.0,FULLY_MAPPED,249.0,249.0,FULLY_MAPPED,,,,,,,,,MFE,INTERNAL_LOOP_0015,1.0,,,,,,,,,,,,STRUCTURAL_CONTEXT_ONLY,
Ras85D_CTX_MEL_MFE_STEM_0029,Ras85D_HO_00682,D.melanogaster,STRUCTURE_SEGMENT,RNA_STRUCTURE,STRUCTURE,STEM,D.melanogaster::MFE::STEM_0029,29A_2_01A_Structural_Mapping,A_nucleotide_structure_annotation.csv,,210,215,6,AGTTTT,forward,262,267,264.5,VALID,STEM,True,FINAL,,,,,,,,,,210.0,215.0,FULLY_MAPPED,210.0,215.0,FULLY_MAPPED,250.0,255.0,FULLY_MAPPED,,,,,,,,,MFE,STEM_0029,6.0,,,,,,,,,,,,STRUCTURAL_CONTEXT_ONLY,
Ras85D_CTX_MEL_MFE_MULTILOOP_0007,Ras85D_HO_00642,D.melanogaster,STRUCTURE_SEGMENT,RNA_STRUCTURE,STRUCTURE,MULTILOOP,D.melanogaster::MFE::MULTILOOP_0007,29A_2_01A_Structural_Mapping,A_nucleotide_structure_annotation.csv,,216,216,1,A,forward,268,268,268.0,VALID,MULTILOOP,True,FINAL,,,,,,,,,,216.0,216.0,FULLY_MAPPED,216.0,216.0,FULLY_MAPPED,256.0,256.0,FULLY_MAPPED,,,,,,,,,MFE,MULTILOOP_0007,1.0,,,,,,,,,,,,STRUCTURAL_CONTEXT_ONLY,
Ras85D_CTX_MEL_MFE_STEM_0030,Ras85D_HO_00683,D.melanogaster,STRUCTURE_SEGMENT,RNA_STRUCTURE,STRUCTURE,STEM,D.melanogaster::MFE::STEM_0030,29A_2_01A_Structural_Mapping,A_nucleotide_structure_annotation.csv,,217,226,10,TGTACGTCGA,forward,270,279,274.5,VALID,STEM,True,FINAL,,,,,,,,,,217.0,226.0,FULLY_MAPPED,217.0,226.0,FULLY_MAPPED,258.0,267.0,FULLY_MAPPED,,,,,,,,,MFE,STEM_0030,10.0,,,,,,,,,,,,STRUCTURAL_CONTEXT_ONLY,
Ras85D_CTX_MEL_MFE_INTERNAL_LOOP_0016,Ras85D_HO_00597,D.melanogaster,STRUCTURE_SEGMENT,RNA_STRUCTURE,STRUCTURE,INTERNAL_LOOP,D.melanogaster::MFE::INTERNAL_LOOP_0016,29A_2_01A_Structural_Mapping,A_nucleotide_structure_annotation.csv,,227,227,1,A,forward,280,280,280.0,VALID,INTERNAL_LOOP,True,FINAL,,,,,,,,,,227.0,227.0,FULLY_MAPPED,227.0,227.0,FULLY_MAPPED,,,ABSENT_IN_TARGET,,,,,,,,,MFE,INTERNAL_LOOP_0016,1.0,,,,,,,,,,,,STRUCTURAL_CONTEXT_ONLY,
Ras85D_CTX_MEL_MFE_STEM_0031,Ras85D_HO_00684,D.melanogaster,STRUCTURE_SEGMENT,RNA_STRUCTURE,STRUCTURE,STEM,D.melanogaster::MFE::STEM_0031,29A_2_01A_Structural_Mapping,A_nucleotide_structure_annotation.csv,,228,230,3,ATG,forward,281,283,282.0,VALID,STEM,True,FINAL,,,,,,,,,,228.0,230.0,FULLY_MAPPED,228.0,230.0,FULLY_MAPPED,268.0,270.0,FULLY_MAPPED,,,,,,,,,MFE,STEM_0031,3.0,,,,,,,,,,,,STRUCTURAL_CONTEXT_ONLY,
Ras85D_CTX_MEL_MFE_BULGE_0004,Ras85D_HO_00555,D.melanogaster,STRUCTURE_SEGMENT,RNA_STRUCTURE,STRUCTURE,BULGE,D.melanogaster::MFE::BULGE_0004,29A_2_01A_Structural_Mapping,A_nucleotide_structure_annotation.csv,,231,231,1,A,forward,284,284,284.0,VALID,BULGE,True,FINAL,,,,,,,,,,231.0,231.0,FULLY_MAPPED,231.0,231.0,FULLY_MAPPED,271.0,271.0,FULLY_MAPPED,,,,,,,,,MFE,BULGE_0004,1.0,,,,,,,,,,,,STRUCTURAL_CONTEXT_ONLY,
Ras85D_CTX_MEL_MFE_STEM_0032,Ras85D_HO_00685,D.melanogaster,STRUCTURE_SEGMENT,RNA_STRUCTURE,STRUCTURE,STEM,D.melanogaster::MFE::STEM_0032,29A_2_01A_Structural_Mapping,A_nucleotide_structure_annotation.csv,,232,235,4,TTTT,forward,285,288,286.5,VALID,STEM,True,FINAL,,,,,,,,,,232.0,235.0,FULLY_MAPPED,232.0,235.0,FULLY_MAPPED,272.0,274.0,PARTIALLY_GAPPED,,,,,,,,,MFE,STEM_0032,4.0,,,,,,,,,,,,STRUCTURAL_CONTEXT_ONLY,
Ras85D_CTX_MEL_MFE_INTERNAL_LOOP_0017,Ras85D_HO_00598,D.melanogaster,STRUCTURE_SEGMENT,RNA_STRUCTURE,STRUCTURE,INTERNAL_LOOP,D.melanogaster::MFE::INTERNAL_LOOP_0017,29A_2_01A_Structural_Mapping,A_nucleotide_structure_annotation.csv,,236,239,4,GTGA,forward,289,292,290.5,VALID,INTERNAL_LOOP,True,FINAL,,,,,,,,,,236.0,239.0,FULLY_MAPPED,236.0,239.0,FULLY_MAPPED,,,ABSENT_IN_TARGET,,,,,,,,,MFE,INTERNAL_LOOP_0017,4.0,,,,,,,,,,,,STRUCTURAL_CONTEXT_ONLY,
Ras85D_CTX_MEL_MFE_STEM_0033,Ras85D_HO_00686,D.melanogaster,STRUCTURE_SEGMENT,RNA_STRUCTURE,STRUCTURE,STEM,D.melanogaster::MFE::STEM_0033,29A_2_01A_Structural_Mapping,A_nucleotide_structure_annotation.csv,,240,252,13,ATGTGTGTGTTTT,forward,293,305,299.0,VALID,STEM,True,FINAL,,,,,,,,,,240.0,252.0,FULLY_MAPPED,240.0,252.0,FULLY_MAPPED,275.0,284.0,PARTIALLY_GAPPED,,,,,,,,,MFE,STEM_0033,13.0,,,,,,,,,,,,STRUCTURAL_CONTEXT_ONLY,
Ras85D_CTX_MEL_MFE_BULGE_0005,Ras85D_HO_00556,D.melanogaster,STRUCTURE_SEGMENT,RNA_STRUCTURE,STRUCTURE,BULGE,D.melanogaster::MFE::BULGE_0005,29A_2_01A_Structural_Mapping,A_nucleotide_structure_annotation.csv,,253,255,3,GTG,forward,306,308,307.0,VALID,BULGE,True,FINAL,,,,,,,,,,253.0,255.0,FULLY_MAPPED,253.0,255.0,FULLY_MAPPED,,,ABSENT_IN_TARGET,,,,,,,,,MFE,BULGE_0005,3.0,,,,,,,,,,,,STRUCTURAL_CONTEXT_ONLY,
Ras85D_CTX_MEL_MFE_STEM_0034,Ras85D_HO_00687,D.melanogaster,STRUCTURE_SEGMENT,RNA_STRUCTURE,STRUCTURE,STEM,D.melanogaster::MFE::STEM_0034,29A_2_01A_Structural_Mapping,A_nucleotide_structure_annotation.csv,,256,267,12,TCGTTTGAAAGG,forward,309,320,314.5,VALID,STEM,True,FINAL,,,,,,,,,,256.0,267.0,FULLY_MAPPED,256.0,267.0,FULLY_MAPPED,285.0,293.0,PARTIALLY_GAPPED,,,,,,,,,MFE,STEM_0034,12.0,,,,,,,,,,,,STRUCTURAL_CONTEXT_ONLY,
Ras85D_CTX_MEL_MFE_INTERNAL_LOOP_0018,Ras85D_HO_00599,D.melanogaster,STRUCTURE_SEGMENT,RNA_STRUCTURE,STRUCTURE,INTERNAL_LOOP,D.melanogaster::MFE::INTERNAL_LOOP_0018,29A_2_01A_Structural_Mapping,A_nucleotide_structure_annotation.csv,,268,268,1,C,forward,321,321,321.0,VALID,INTERNAL_LOOP,True,FINAL,,,,,,,,,,268.0,268.0,FULLY_MAPPED,268.0,268.0,FULLY_MAPPED,294.0,294.0,FULLY_MAPPED,,,,,,,,,MFE,INTERNAL_LOOP_0018,1.0,,,,,,,,,,,,STRUCTURAL_CONTEXT_ONLY,
Ras85D_CTX_MEL_MFE_STEM_0035,Ras85D_HO_00688,D.melanogaster,STRUCTURE_SEGMENT,RNA_STRUCTURE,STRUCTURE,STEM,D.melanogaster::MFE::STEM_0035,29A_2_01A_Structural_Mapping,A_nucleotide_structure_annotation.csv,,269,271,3,TGC,forward,322,324,323.0,VALID,STEM,True,FINAL,,,,,,,,,,269.0,271.0,FULLY_MAPPED,269.0,271.0,FULLY_MAPPED,295.0,297.0,FULLY_MAPPED,,,,,,,,,MFE,STEM_0035,3.0,,,,,,,,,,,,STRUCTURAL_CONTEXT_ONLY,
Ras85D_CTX_MEL_MFE_HAIRPIN_LOOP_0005,Ras85D_HO_00571,D.melanogaster,STRUCTURE_SEGMENT,RNA_STRUCTURE,STRUCTURE,HAIRPIN_LOOP,D.melanogaster::MFE::HAIRPIN_LOOP_0005,29A_2_01A_Structural_Mapping,A_nucleotide_structure_annotation.csv,,272,274,3,GAG,forward,325,327,326.0,VALID,HAIRPIN_LOOP,True,FINAL,,,,,,,,,,272.0,274.0,FULLY_MAPPED,272.0,274.0,FULLY_MAPPED,298.0,300.0,FULLY_MAPPED,,,,,,,,,MFE,HAIRPIN_LOOP_0005,3.0,,,,,,,,,,,,STRUCTURAL_CONTEXT_ONLY,
Ras85D_CTX_MEL_MFE_STEM_0036,Ras85D_HO_00689,D.melanogaster,STRUCTURE_SEGMENT,RNA_STRUCTURE,STRUCTURE,STEM,D.melanogaster::MFE::STEM_0036,29A_2_01A_Structural_Mapping,A_nucleotide_structure_annotation.csv,,275,277,3,GCG,forward,328,330,329.0,VALID,STEM,True,FINAL,,,,,,,,,,275.0,277.0,FULLY_MAPPED,275.0,277.0,FULLY_MAPPED,301.0,303.0,FULLY_MAPPED,,,,,,,,,MFE,STEM_0036,3.0,,,,,,,,,,,,STRUCTURAL_CONTEXT_ONLY,
Ras85D_CTX_MEL_MFE_INTERNAL_LOOP_0019,Ras85D_HO_00600,D.melanogaster,STRUCTURE_SEGMENT,RNA_STRUCTURE,STRUCTURE,INTERNAL_LOOP,D.melanogaster::MFE::INTERNAL_LOOP_0019,29A_2_01A_Structural_Mapping,A_nucleotide_structure_annotation.csv,,278,278,1,C,forward,331,331,331.0,VALID,INTERNAL_LOOP,True,FINAL,,,,,,,,,,278.0,278.0,FULLY_MAPPED,278.0,278.0,FULLY_MAPPED,304.0,304.0,FULLY_MAPPED,,,,,,,,,MFE,INTERNAL_LOOP_0019,1.0,,,,,,,,,,,,STRUCTURAL_CONTEXT_ONLY,
Ras85D_CTX_MEL_MFE_STEM_0037,Ras85D_HO_00690,D.melanogaster,STRUCTURE_SEGMENT,RNA_STRUCTURE,STRUCTURE,STEM,D.melanogaster::MFE::STEM_0037,29A_2_01A_Structural_Mapping,A_nucleotide_structure_annotation.csv,,279,293,15,CCTTTTAAGAGTATT,forward,332,346,339.0,VALID,STEM,True,FINAL,,,,,,,,,,279.0,293.0,FULLY_MAPPED,279.0,293.0,FULLY_MAPPED,305.0,319.0,FULLY_MAPPED,,,,,,,,,MFE,STEM_0037,15.0,,,,,,,,,,,,STRUCTURAL_CONTEXT_ONLY,
Ras85D_CTX_MEL_MFE_INTERNAL_LOOP_0020,Ras85D_HO_00601,D.melanogaster,STRUCTURE_SEGMENT,RNA_STRUCTURE,STRUCTURE,INTERNAL_LOOP,D.melanogaster::MFE::INTERNAL_LOOP_0020,29A_2_01A_Structural_Mapping,A_nucleotide_structure_annotation.csv,,294,300,7,AACAATA,forward,347,353,350.0,VALID,INTERNAL_LOOP,True,FINAL,,,,,,,,,,294.0,300.0,FULLY_MAPPED,294.0,300.0,FULLY_MAPPED,320.0,324.0,PARTIALLY_GAPPED,,,,,,,,,MFE,INTERNAL_LOOP_0020,7.0,,,,,,,,,,,,STRUCTURAL_CONTEXT_ONLY,
Ras85D_CTX_MEL_MFE_STEM_0038,Ras85D_HO_00691,D.melanogaster,STRUCTURE_SEGMENT,RNA_STRUCTURE,STRUCTURE,STEM,D.melanogaster::MFE::STEM_0038,29A_2_01A_Structural_Mapping,A_nucleotide_structure_annotation.csv,,301,308,8,ACAAGCAA,forward,354,361,357.5,VALID,STEM,True,FINAL,,,,,,,,,,301.0,308.0,FULLY_MAPPED,301.0,308.0,FULLY_MAPPED,,,ABSENT_IN_TARGET,,,,,,,,,MFE,STEM_0038,8.0,,,,,,,,,,,,STRUCTURAL_CONTEXT_ONLY,
Ras85D_CTX_MEL_MFE_BULGE_0006,Ras85D_HO_00557,D.melanogaster,STRUCTURE_SEGMENT,RNA_STRUCTURE,STRUCTURE,BULGE,D.melanogaster::MFE::BULGE_0006,29A_2_01A_Structural_Mapping,A_nucleotide_structure_annotation.csv,,309,309,1,A,forward,362,362,362.0,VALID,BULGE,True,FINAL,,,,,,,,,,309.0,309.0,FULLY_MAPPED,309.0,309.0,FULLY_MAPPED,,,ABSENT_IN_TARGET,,,,,,,,,MFE,BULGE_0006,1.0,,,,,,,,,,,,STRUCTURAL_CONTEXT_ONLY,
Ras85D_CTX_MEL_MFE_STEM_0039,Ras85D_HO_00692,D.melanogaster,STRUCTURE_SEGMENT,RNA_STRUCTURE,STRUCTURE,STEM,D.melanogaster::MFE::STEM_0039,29A_2_01A_Structural_Mapping,A_nucleotide_structure_annotation.csv,,310,321,12,CAAAAACGAACG,forward,363,374,368.5,VALID,STEM,True,FINAL,,,,,,,,,,310.0,321.0,FULLY_MAPPED,310.0,321.0,FULLY_MAPPED,,,ABSENT_IN_TARGET,,,,,,,,,MFE,STEM_0039,12.0,,,,,,,,,,,,STRUCTURAL_CONTEXT_ONLY,
Ras85D_CTX_MEL_MFE_INTERNAL_LOOP_0021,Ras85D_HO_00602,D.melanogaster,STRUCTURE_SEGMENT,RNA_STRUCTURE,STRUCTURE,INTERNAL_LOOP,D.melanogaster::MFE::INTERNAL_LOOP_0021,29A_2_01A_Structural_Mapping,A_nucleotide_structure_annotation.csv,,322,322,1,A,forward,375,375,375.0,VALID,INTERNAL_LOOP,True,FINAL,,,,,,,,,,322.0,322.0,FULLY_MAPPED,322.0,322.0,FULLY_MAPPED,,,ABSENT_IN_TARGET,,,,,,,,,MFE,INTERNAL_LOOP_0021,1.0,,,,,,,,,,,,STRUCTURAL_CONTEXT_ONLY,
Ras85D_CTX_MEL_MFE_STEM_0040,Ras85D_HO_00693,D.melanogaster,STRUCTURE_SEGMENT,RNA_STRUCTURE,STRUCTURE,STEM,D.melanogaster::MFE::STEM_0040,29A_2_01A_Structural_Mapping,A_nucleotide_structure_annotation.csv,,323,326,4,AGCA,forward,376,379,377.5,VALID,STEM,True,FINAL,,,,,,,,,,323.0,326.0,FULLY_MAPPED,323.0,326.0,FULLY_MAPPED,,,ABSENT_IN_TARGET,,,,,,,,,MFE,STEM_0040,4.0,,,,,,,,,,,,STRUCTURAL_CONTEXT_ONLY,
Ras85D_CTX_MEL_MFE_MULTILOOP_0008,Ras85D_HO_00643,D.melanogaster,STRUCTURE_SEGMENT,RNA_STRUCTURE,STRUCTURE,MULTILOOP,D.melanogaster::MFE::MULTILOOP_0008,29A_2_01A_Structural_Mapping,A_nucleotide_structure_annotation.csv,,327,345,19,AATCGAAAATGAAAATGAA,forward,380,398,389.0,VALID,MULTILOOP,True,FINAL,,,,,,,,,,327.0,345.0,FULLY_MAPPED,327.0,345.0,FULLY_MAPPED,325.0,339.0,PARTIALLY_GAPPED,,,,,,,,,MFE,MULTILOOP_0008,19.0,,,,,,,,,,,,STRUCTURAL_CONTEXT_ONLY,
Ras85D_CTX_MEL_MFE_STEM_0041,Ras85D_HO_00694,D.melanogaster,STRUCTURE_SEGMENT,RNA_STRUCTURE,STRUCTURE,STEM,D.melanogaster::MFE::STEM_0041,29A_2_01A_Structural_Mapping,A_nucleotide_structure_annotation.csv,,346,351,6,TATGTA,forward,399,404,401.5,VALID,STEM,True,FINAL,,,,,,,,,,346.0,351.0,FULLY_MAPPED,346.0,351.0,FULLY_MAPPED,340.0,345.0,FULLY_MAPPED,,,,,,,,,MFE,STEM_0041,6.0,,,,,,,,,,,,STRUCTURAL_CONTEXT_ONLY,
Ras85D_CTX_MEL_MFE_HAIRPIN_LOOP_0006,Ras85D_HO_00572,D.melanogaster,STRUCTURE_SEGMENT,RNA_STRUCTURE,STRUCTURE,HAIRPIN_LOOP,D.melanogaster::MFE::HAIRPIN_LOOP_0006,29A_2_01A_Structural_Mapping,A_nucleotide_structure_annotation.csv,,352,355,4,CCTC,forward,405,408,406.5,VALID,HAIRPIN_LOOP,True,FINAL,,,,,,,,,,352.0,355.0,FULLY_MAPPED,352.0,355.0,FULLY_MAPPED,,,ABSENT_IN_TARGET,,,,,,,,,MFE,HAIRPIN_LOOP_0006,4.0,,,,,,,,,,,,STRUCTURAL_CONTEXT_ONLY,
Ras85D_CTX_MEL_MFE_STEM_0042,Ras85D_HO_00695,D.melanogaster,STRUCTURE_SEGMENT,RNA_STRUCTURE,STRUCTURE,STEM,D.melanogaster::MFE::STEM_0042,29A_2_01A_Structural_Mapping,A_nucleotide_structure_annotation.csv,,356,361,6,TACATA,forward,409,414,411.5,VALID,STEM,True,FINAL,,,,,,,,,,356.0,361.0,FULLY_MAPPED,356.0,361.0,FULLY_MAPPED,346.0,350.0,PARTIALLY_GAPPED,,,,,,,,,MFE,STEM_0042,6.0,,,,,,,,,,,,STRUCTURAL_CONTEXT_ONLY,
Ras85D_CTX_MEL_MFE_MULTILOOP_0009,Ras85D_HO_00644,D.melanogaster,STRUCTURE_SEGMENT,RNA_STRUCTURE,STRUCTURE,MULTILOOP,D.melanogaster::MFE::MULTILOOP_0009,29A_2_01A_Structural_Mapping,A_nucleotide_structure_annotation.csv,,362,376,15,AAAACTATGAATACT,forward,415,429,422.0,VALID,MULTILOOP,True,FINAL,,,,,,,,,,362.0,376.0,FULLY_MAPPED,362.0,376.0,FULLY_MAPPED,351.0,363.0,PARTIALLY_GAPPED,,,,,,,,,MFE,MULTILOOP_0009,15.0,,,,,,,,,,,,STRUCTURAL_CONTEXT_ONLY,
Ras85D_CTX_MEL_MFE_STEM_0043,Ras85D_HO_00696,D.melanogaster,STRUCTURE_SEGMENT,RNA_STRUCTURE,STRUCTURE,STEM,D.melanogaster::MFE::STEM_0043,29A_2_01A_Structural_Mapping,A_nucleotide_structure_annotation.csv,,377,380,4,GTTG,forward,430,433,431.5,VALID,STEM,True,FINAL,,,,,,,,,,377.0,380.0,FULLY_MAPPED,377.0,380.0,FULLY_MAPPED,364.0,367.0,FULLY_MAPPED,,,,,,,,,MFE,STEM_0043,4.0,,,,,,,,,,,,STRUCTURAL_CONTEXT_ONLY,
Ras85D_CTX_MEL_MFE_BULGE_0007,Ras85D_HO_00558,D.melanogaster,STRUCTURE_SEGMENT,RNA_STRUCTURE,STRUCTURE,BULGE,D.melanogaster::MFE::BULGE_0007,29A_2_01A_Structural_Mapping,A_nucleotide_structure_annotation.csv,,381,381,1,T,forward,434,434,434.0,VALID,BULGE,True,FINAL,,,,,,,,,,381.0,381.0,FULLY_MAPPED,381.0,381.0,FULLY_MAPPED,368.0,368.0,FULLY_MAPPED,,,,,,,,,MFE,BULGE_0007,1.0,,,,,,,,,,,,STRUCTURAL_CONTEXT_ONLY,
Ras85D_CTX_MEL_MFE_STEM_0044,Ras85D_HO_00697,D.melanogaster,STRUCTURE_SEGMENT,RNA_STRUCTURE,STRUCTURE,STEM,D.melanogaster::MFE::STEM_0044,29A_2_01A_Structural_Mapping,A_nucleotide_structure_annotation.csv,,382,385,4,AACT,forward,435,438,436.5,VALID,STEM,True,FINAL,,,,,,,,,,382.0,385.0,FULLY_MAPPED,382.0,385.0,FULLY_MAPPED,369.0,372.0,FULLY_MAPPED,,,,,,,,,MFE,STEM_0044,4.0,,,,,,,,,,,,STRUCTURAL_CONTEXT_ONLY,
Ras85D_CTX_MEL_MFE_HAIRPIN_LOOP_0007,Ras85D_HO_00573,D.melanogaster,STRUCTURE_SEGMENT,RNA_STRUCTURE,STRUCTURE,HAIRPIN_LOOP,D.melanogaster::MFE::HAIRPIN_LOOP_0007,29A_2_01A_Structural_Mapping,A_nucleotide_structure_annotation.csv,,386,390,5,GCCTT,forward,439,443,441.0,VALID,HAIRPIN_LOOP,True,FINAL,,,,,,,,,,386.0,390.0,FULLY_MAPPED,386.0,390.0,FULLY_MAPPED,373.0,377.0,FULLY_MAPPED,,,,,,,,,MFE,HAIRPIN_LOOP_0007,5.0,,,,,,,,,,,,STRUCTURAL_CONTEXT_ONLY,
Ras85D_CTX_MEL_MFE_STEM_0045,Ras85D_HO_00698,D.melanogaster,STRUCTURE_SEGMENT,RNA_STRUCTURE,STRUCTURE,STEM,D.melanogaster::MFE::STEM_0045,29A_2_01A_Structural_Mapping,A_nucleotide_structure_annotation.csv,,391,402,12,GGTTCAGCTGCT,forward,444,455,449.5,VALID,STEM,True,FINAL,,,,,,,,,,391.0,402.0,FULLY_MAPPED,391.0,402.0,FULLY_MAPPED,378.0,389.0,FULLY_MAPPED,,,,,,,,,MFE,STEM_0045,12.0,,,,,,,,,,,,STRUCTURAL_CONTEXT_ONLY,
Ras85D_CTX_MEL_MFE_INTERNAL_LOOP_0022,Ras85D_HO_00603,D.melanogaster,STRUCTURE_SEGMENT,RNA_STRUCTURE,STRUCTURE,INTERNAL_LOOP,D.melanogaster::MFE::INTERNAL_LOOP_0022,29A_2_01A_Structural_Mapping,A_nucleotide_structure_annotation.csv,,403,407,5,ATATC,forward,473,477,475.0,VALID,INTERNAL_LOOP,True,FINAL,,,,,,,,,,403.0,407.0,FULLY_MAPPED,403.0,407.0,FULLY_MAPPED,407.0,411.0,FULLY_MAPPED,,,,,,,,,MFE,INTERNAL_LOOP_0022,5.0,,,,,,,,,,,,STRUCTURAL_CONTEXT_ONLY,
Ras85D_CTX_MEL_MFE_STEM_0046,Ras85D_HO_00699,D.melanogaster,STRUCTURE_SEGMENT,RNA_STRUCTURE,STRUCTURE,STEM,D.melanogaster::MFE::STEM_0046,29A_2_01A_Structural_Mapping,A_nucleotide_structure_annotation.csv,,408,417,10,CGTTTGTTTT,forward,478,487,482.5,VALID,STEM,True,FINAL,,,,,,,,,,408.0,417.0,FULLY_MAPPED,408.0,417.0,FULLY_MAPPED,412.0,421.0,FULLY_MAPPED,,,,,,,,,MFE,STEM_0046,10.0,,,,,,,,,,,,STRUCTURAL_CONTEXT_ONLY,
Ras85D_CTX_MEL_MFE_BULGE_0008,Ras85D_HO_00559,D.melanogaster,STRUCTURE_SEGMENT,RNA_STRUCTURE,STRUCTURE,BULGE,D.melanogaster::MFE::BULGE_0008,29A_2_01A_Structural_Mapping,A_nucleotide_structure_annotation.csv,,418,441,24,CAACCAGCACTTAACTTGATTCTA,forward,488,511,499.5,VALID,BULGE,True,FINAL,,,,,,,,,,418.0,441.0,FULLY_MAPPED,418.0,441.0,FULLY_MAPPED,422.0,445.0,FULLY_MAPPED,,,,,,,,,MFE,BULGE_0008,24.0,,,,,,,,,,,,STRUCTURAL_CONTEXT_ONLY,
Ras85D_CTX_MEL_MFE_STEM_0047,Ras85D_HO_00700,D.melanogaster,STRUCTURE_SEGMENT,RNA_STRUCTURE,STRUCTURE,STEM,D.melanogaster::MFE::STEM_0047,29A_2_01A_Structural_Mapping,A_nucleotide_structure_annotation.csv,,442,451,10,TGTTGTTTGT,forward,512,521,516.5,VALID,STEM,True,FINAL,,,,,,,,,,442.0,451.0,FULLY_MAPPED,442.0,451.0,FULLY_MAPPED,446.0,455.0,FULLY_MAPPED,,,,,,,,,MFE,STEM_0047,10.0,,,,,,,,,,,,STRUCTURAL_CONTEXT_ONLY,
Ras85D_CTX_MEL_MFE_INTERNAL_LOOP_0023,Ras85D_HO_00604,D.melanogaster,STRUCTURE_SEGMENT,RNA_STRUCTURE,STRUCTURE,INTERNAL_LOOP,D.melanogaster::MFE::INTERNAL_LOOP_0023,29A_2_01A_Structural_Mapping,A_nucleotide_structure_annotation.csv,,452,460,9,ACTTCAACA,forward,522,530,526.0,VALID,INTERNAL_LOOP,True,FINAL,,,,,,,,,,452.0,460.0,FULLY_MAPPED,452.0,460.0,FULLY_MAPPED,456.0,460.0,PARTIALLY_GAPPED,,,,,,,,,MFE,INTERNAL_LOOP_0023,9.0,,,,,,,,,,,,STRUCTURAL_CONTEXT_ONLY,
Ras85D_CTX_MEL_MFE_STEM_0048,Ras85D_HO_00701,D.melanogaster,STRUCTURE_SEGMENT,RNA_STRUCTURE,STRUCTURE,STEM,D.melanogaster::MFE::STEM_0048,29A_2_01A_Structural_Mapping,A_nucleotide_structure_annotation.csv,,461,469,9,GATACTCCG,forward,531,540,535.5,VALID,STEM,True,FINAL,,,,,,,,,,461.0,469.0,PARTIALLY_GAPPED,461.0,469.0,PARTIALLY_GAPPED,461.0,470.0,FULLY_MAPPED,,,,,,,,,MFE,STEM_0048,9.0,,,,,,,,,,,,STRUCTURAL_CONTEXT_ONLY,
Ras85D_CTX_MEL_MFE_INTERNAL_LOOP_0024,Ras85D_HO_00605,D.melanogaster,STRUCTURE_SEGMENT,RNA_STRUCTURE,STRUCTURE,INTERNAL_LOOP,D.melanogaster::MFE::INTERNAL_LOOP_0024,29A_2_01A_Structural_Mapping,A_nucleotide_structure_annotation.csv,,470,470,1,T,forward,541,541,541.0,VALID,INTERNAL_LOOP,True,FINAL,,,,,,,,,,470.0,470.0,FULLY_MAPPED,470.0,470.0,FULLY_MAPPED,471.0,471.0,FULLY_MAPPED,,,,,,,,,MFE,INTERNAL_LOOP_0024,1.0,,,,,,,,,,,,STRUCTURAL_CONTEXT_ONLY,
Ras85D_CTX_MEL_MFE_STEM_0049,Ras85D_HO_00702,D.melanogaster,STRUCTURE_SEGMENT,RNA_STRUCTURE,STRUCTURE,STEM,D.melanogaster::MFE::STEM_0049,29A_2_01A_Structural_Mapping,A_nucleotide_structure_annotation.csv,,471,475,5,GCTTA,forward,542,546,544.0,VALID,STEM,True,FINAL,,,,,,,,,,471.0,475.0,FULLY_MAPPED,471.0,475.0,FULLY_MAPPED,472.0,476.0,FULLY_MAPPED,,,,,,,,,MFE,STEM_0049,5.0,,,,,,,,,,,,STRUCTURAL_CONTEXT_ONLY,
Ras85D_CTX_MEL_MFE_INTERNAL_LOOP_0025,Ras85D_HO_00606,D.melanogaster,STRUCTURE_SEGMENT,RNA_STRUCTURE,STRUCTURE,INTERNAL_LOOP,D.melanogaster::MFE::INTERNAL_LOOP_0025,29A_2_01A_Structural_Mapping,A_nucleotide_structure_annotation.csv,,476,479,4,AAAC,forward,547,550,548.5,VALID,INTERNAL_LOOP,True,FINAL,,,,,,,,,,476.0,479.0,FULLY_MAPPED,476.0,479.0,FULLY_MAPPED,477.0,478.0,PARTIALLY_GAPPED,,,,,,,,,MFE,INTERNAL_LOOP_0025,4.0,,,,,,,,,,,,STRUCTURAL_CONTEXT_ONLY,
Ras85D_CTX_MEL_MFE_STEM_0050,Ras85D_HO_00703,D.melanogaster,STRUCTURE_SEGMENT,RNA_STRUCTURE,STRUCTURE,STEM,D.melanogaster::MFE::STEM_0050,29A_2_01A_Structural_Mapping,A_nucleotide_structure_annotation.csv,,480,482,3,CGA,forward,551,553,552.0,VALID,STEM,True,FINAL,,,,,,,,,,480.0,482.0,FULLY_MAPPED,480.0,482.0,FULLY_MAPPED,,,ABSENT_IN_TARGET,,,,,,,,,MFE,STEM_0050,3.0,,,,,,,,,,,,STRUCTURAL_CONTEXT_ONLY,
Ras85D_CTX_MEL_MFE_MULTILOOP_0010,Ras85D_HO_00645,D.melanogaster,STRUCTURE_SEGMENT,RNA_STRUCTURE,STRUCTURE,MULTILOOP,D.melanogaster::MFE::MULTILOOP_0010,29A_2_01A_Structural_Mapping,A_nucleotide_structure_annotation.csv,,483,483,1,A,forward,554,554,554.0,VALID,MULTILOOP,True,FINAL,,,,,,,,,,483.0,483.0,FULLY_MAPPED,483.0,483.0,FULLY_MAPPED,,,ABSENT_IN_TARGET,,,,,,,,,MFE,MULTILOOP_0010,1.0,,,,,,,,,,,,STRUCTURAL_CONTEXT_ONLY,
Ras85D_CTX_MEL_MFE_STEM_0051,Ras85D_HO_00704,D.melanogaster,STRUCTURE_SEGMENT,RNA_STRUCTURE,STRUCTURE,STEM,D.melanogaster::MFE::STEM_0051,29A_2_01A_Structural_Mapping,A_nucleotide_structure_annotation.csv,,484,492,9,ACGCGATGT,forward,555,563,559.0,VALID,STEM,True,FINAL,,,,,,,,,,484.0,492.0,FULLY_MAPPED,484.0,492.0,FULLY_MAPPED,479.0,484.0,PARTIALLY_GAPPED,,,,,,,,,MFE,STEM_0051,9.0,,,,,,,,,,,,STRUCTURAL_CONTEXT_ONLY,
Ras85D_CTX_MEL_MFE_HAIRPIN_LOOP_0008,Ras85D_HO_00574,D.melanogaster,STRUCTURE_SEGMENT,RNA_STRUCTURE,STRUCTURE,HAIRPIN_LOOP,D.melanogaster::MFE::HAIRPIN_LOOP_0008,29A_2_01A_Structural_Mapping,A_nucleotide_structure_annotation.csv,,493,498,6,AAACAA,forward,564,569,566.5,VALID,HAIRPIN_LOOP,True,FINAL,,,,,,,,,,493.0,498.0,FULLY_MAPPED,493.0,498.0,FULLY_MAPPED,,,ABSENT_IN_TARGET,,,,,,,,,MFE,HAIRPIN_LOOP_0008,6.0,,,,,,,,,,,,STRUCTURAL_CONTEXT_ONLY,
Ras85D_CTX_MEL_MFE_STEM_0052,Ras85D_HO_00705,D.melanogaster,STRUCTURE_SEGMENT,RNA_STRUCTURE,STRUCTURE,STEM,D.melanogaster::MFE::STEM_0052,29A_2_01A_Structural_Mapping,A_nucleotide_structure_annotation.csv,,499,507,9,ATATTGTGT,forward,570,578,574.0,VALID,STEM,True,FINAL,,,,,,,,,,499.0,507.0,FULLY_MAPPED,499.0,507.0,FULLY_MAPPED,485.0,491.0,PARTIALLY_GAPPED,,,,,,,,,MFE,STEM_0052,9.0,,,,,,,,,,,,STRUCTURAL_CONTEXT_ONLY,
Ras85D_CTX_MEL_MFE_MULTILOOP_0011,Ras85D_HO_00646,D.melanogaster,STRUCTURE_SEGMENT,RNA_STRUCTURE,STRUCTURE,MULTILOOP,D.melanogaster::MFE::MULTILOOP_0011,29A_2_01A_Structural_Mapping,A_nucleotide_structure_annotation.csv,,508,511,4,ATTT,forward,579,582,580.5,VALID,MULTILOOP,True,FINAL,,,,,,,,,,508.0,511.0,FULLY_MAPPED,508.0,511.0,FULLY_MAPPED,492.0,495.0,FULLY_MAPPED,,,,,,,,,MFE,MULTILOOP_0011,4.0,,,,,,,,,,,,STRUCTURAL_CONTEXT_ONLY,
Ras85D_CTX_MEL_MFE_STEM_0053,Ras85D_HO_00706,D.melanogaster,STRUCTURE_SEGMENT,RNA_STRUCTURE,STRUCTURE,STEM,D.melanogaster::MFE::STEM_0053,29A_2_01A_Structural_Mapping,A_nucleotide_structure_annotation.csv,,512,516,5,TTACA,forward,583,600,591.5,VALID,STEM,True,FINAL,,,,,,,,,,512.0,516.0,PARTIALLY_GAPPED,512.0,516.0,PARTIALLY_GAPPED,496.0,513.0,FULLY_MAPPED,,,,,,,,,MFE,STEM_0053,5.0,,,,,,,,,,,,STRUCTURAL_CONTEXT_ONLY,
Ras85D_CTX_MEL_MFE_INTERNAL_LOOP_0026,Ras85D_HO_00607,D.melanogaster,STRUCTURE_SEGMENT,RNA_STRUCTURE,STRUCTURE,INTERNAL_LOOP,D.melanogaster::MFE::INTERNAL_LOOP_0026,29A_2_01A_Structural_Mapping,A_nucleotide_structure_annotation.csv,,517,520,4,GCCC,forward,601,604,602.5,VALID,INTERNAL_LOOP,True,FINAL,,,,,,,,,,517.0,520.0,FULLY_MAPPED,517.0,520.0,FULLY_MAPPED,514.0,517.0,FULLY_MAPPED,,,,,,,,,MFE,INTERNAL_LOOP_0026,4.0,,,,,,,,,,,,STRUCTURAL_CONTEXT_ONLY,
Ras85D_CTX_MEL_MFE_STEM_0054,Ras85D_HO_00707,D.melanogaster,STRUCTURE_SEGMENT,RNA_STRUCTURE,STRUCTURE,STEM,D.melanogaster::MFE::STEM_0054,29A_2_01A_Structural_Mapping,A_nucleotide_structure_annotation.csv,,521,523,3,TGT,forward,605,607,606.0,VALID,STEM,True,FINAL,,,,,,,,,,521.0,523.0,FULLY_MAPPED,521.0,523.0,FULLY_MAPPED,518.0,520.0,FULLY_MAPPED,,,,,,,,,MFE,STEM_0054,3.0,,,,,,,,,,,,STRUCTURAL_CONTEXT_ONLY,
Ras85D_CTX_MEL_MFE_INTERNAL_LOOP_0027,Ras85D_HO_00608,D.melanogaster,STRUCTURE_SEGMENT,RNA_STRUCTURE,STRUCTURE,INTERNAL_LOOP,D.melanogaster::MFE::INTERNAL_LOOP_0027,29A_2_01A_Structural_Mapping,A_nucleotide_structure_annotation.csv,,524,526,3,TAT,forward,608,610,609.0,VALID,INTERNAL_LOOP,True,FINAL,,,,,,,,,,524.0,526.0,FULLY_MAPPED,524.0,526.0,FULLY_MAPPED,521.0,522.0,PARTIALLY_GAPPED,,,,,,,,,MFE,INTERNAL_LOOP_0027,3.0,,,,,,,,,,,,STRUCTURAL_CONTEXT_ONLY,
Ras85D_CTX_MEL_MFE_STEM_0055,Ras85D_HO_00708,D.melanogaster,STRUCTURE_SEGMENT,RNA_STRUCTURE,STRUCTURE,STEM,D.melanogaster::MFE::STEM_0055,29A_2_01A_Structural_Mapping,A_nucleotide_structure_annotation.csv,,527,528,2,CT,forward,611,612,611.5,VALID,STEM,True,FINAL,,,,,,,,,,527.0,528.0,FULLY_MAPPED,527.0,528.0,FULLY_MAPPED,523.0,524.0,FULLY_MAPPED,,,,,,,,,MFE,STEM_0055,2.0,,,,,,,,,,,,STRUCTURAL_CONTEXT_ONLY,
Ras85D_CTX_MEL_MFE_INTERNAL_LOOP_0028,Ras85D_HO_00609,D.melanogaster,STRUCTURE_SEGMENT,RNA_STRUCTURE,STRUCTURE,INTERNAL_LOOP,D.melanogaster::MFE::INTERNAL_LOOP_0028,29A_2_01A_Structural_Mapping,A_nucleotide_structure_annotation.csv,,529,529,1,A,forward,613,613,613.0,VALID,INTERNAL_LOOP,True,FINAL,,,,,,,,,,529.0,529.0,FULLY_MAPPED,529.0,529.0,FULLY_MAPPED,525.0,525.0,FULLY_MAPPED,,,,,,,,,MFE,INTERNAL_LOOP_0028,1.0,,,,,,,,,,,,STRUCTURAL_CONTEXT_ONLY,
Ras85D_CTX_MEL_MFE_STEM_0056,Ras85D_HO_00709,D.melanogaster,STRUCTURE_SEGMENT,RNA_STRUCTURE,STRUCTURE,STEM,D.melanogaster::MFE::STEM_0056,29A_2_01A_Structural_Mapping,A_nucleotide_structure_annotation.csv,,530,533,4,TTGG,forward,614,617,615.5,VALID,STEM,True,FINAL,,,,,,,,,,530.0,533.0,FULLY_MAPPED,530.0,533.0,FULLY_MAPPED,526.0,529.0,FULLY_MAPPED,,,,,,,,,MFE,STEM_0056,4.0,,,,,,,,,,,,STRUCTURAL_CONTEXT_ONLY,
Ras85D_CTX_MEL_MFE_HAIRPIN_LOOP_0009,Ras85D_HO_00575,D.melanogaster,STRUCTURE_SEGMENT,RNA_STRUCTURE,STRUCTURE,HAIRPIN_LOOP,D.melanogaster::MFE::HAIRPIN_LOOP_0009,29A_2_01A_Structural_Mapping,A_nucleotide_structure_annotation.csv,,534,540,7,TTTCAAC,forward,618,638,628.0,VALID,HAIRPIN_LOOP,True,FINAL,,,,,,,,,,534.0,540.0,PARTIALLY_GAPPED,534.0,540.0,PARTIALLY_GAPPED,530.0,550.0,FULLY_MAPPED,,,,,,,,,MFE,HAIRPIN_LOOP_0009,7.0,,,,,,,,,,,,STRUCTURAL_CONTEXT_ONLY,
Ras85D_CTX_MEL_MFE_STEM_0057,Ras85D_HO_00710,D.melanogaster,STRUCTURE_SEGMENT,RNA_STRUCTURE,STRUCTURE,STEM,D.melanogaster::MFE::STEM_0057,29A_2_01A_Structural_Mapping,A_nucleotide_structure_annotation.csv,,541,544,4,CCGA,forward,639,642,640.5,VALID,STEM,True,FINAL,,,,,,,,,,541.0,544.0,FULLY_MAPPED,541.0,544.0,FULLY_MAPPED,551.0,554.0,FULLY_MAPPED,,,,,,,,,MFE,STEM_0057,4.0,,,,,,,,,,,,STRUCTURAL_CONTEXT_ONLY,
Ras85D_CTX_MEL_MFE_INTERNAL_LOOP_0029,Ras85D_HO_00610,D.melanogaster,STRUCTURE_SEGMENT,RNA_STRUCTURE,STRUCTURE,INTERNAL_LOOP,D.melanogaster::MFE::INTERNAL_LOOP_0029,29A_2_01A_Structural_Mapping,A_nucleotide_structure_annotation.csv,,545,545,1,C,forward,643,643,643.0,VALID,INTERNAL_LOOP,True,FINAL,,,,,,,,,,545.0,545.0,FULLY_MAPPED,545.0,545.0,FULLY_MAPPED,555.0,555.0,FULLY_MAPPED,,,,,,,,,MFE,INTERNAL_LOOP_0029,1.0,,,,,,,,,,,,STRUCTURAL_CONTEXT_ONLY,
Ras85D_CTX_MEL_MFE_STEM_0058,Ras85D_HO_00711,D.melanogaster,STRUCTURE_SEGMENT,RNA_STRUCTURE,STRUCTURE,STEM,D.melanogaster::MFE::STEM_0058,29A_2_01A_Structural_Mapping,A_nucleotide_structure_annotation.csv,,546,547,2,AG,forward,647,648,647.5,VALID,STEM,True,FINAL,,,,,,,,,,546.0,547.0,FULLY_MAPPED,546.0,547.0,FULLY_MAPPED,559.0,560.0,FULLY_MAPPED,,,,,,,,,MFE,STEM_0058,2.0,,,,,,,,,,,,STRUCTURAL_CONTEXT_ONLY,
Ras85D_CTX_MEL_MFE_INTERNAL_LOOP_0030,Ras85D_HO_00611,D.melanogaster,STRUCTURE_SEGMENT,RNA_STRUCTURE,STRUCTURE,INTERNAL_LOOP,D.melanogaster::MFE::INTERNAL_LOOP_0030,29A_2_01A_Structural_Mapping,A_nucleotide_structure_annotation.csv,,548,551,4,TCAT,forward,649,652,650.5,VALID,INTERNAL_LOOP,True,FINAL,,,,,,,,,,548.0,551.0,FULLY_MAPPED,548.0,551.0,FULLY_MAPPED,561.0,563.0,PARTIALLY_GAPPED,,,,,,,,,MFE,INTERNAL_LOOP_0030,4.0,,,,,,,,,,,,STRUCTURAL_CONTEXT_ONLY,
Ras85D_CTX_MEL_MFE_STEM_0059,Ras85D_HO_00712,D.melanogaster,STRUCTURE_SEGMENT,RNA_STRUCTURE,STRUCTURE,STEM,D.melanogaster::MFE::STEM_0059,29A_2_01A_Structural_Mapping,A_nucleotide_structure_annotation.csv,,552,554,3,ACA,forward,653,655,654.0,VALID,STEM,True,FINAL,,,,,,,,,,552.0,554.0,FULLY_MAPPED,552.0,554.0,FULLY_MAPPED,564.0,566.0,FULLY_MAPPED,,,,,,,,,MFE,STEM_0059,3.0,,,,,,,,,,,,STRUCTURAL_CONTEXT_ONLY,
Ras85D_CTX_MEL_MFE_INTERNAL_LOOP_0031,Ras85D_HO_00612,D.melanogaster,STRUCTURE_SEGMENT,RNA_STRUCTURE,STRUCTURE,INTERNAL_LOOP,D.melanogaster::MFE::INTERNAL_LOOP_0031,29A_2_01A_Structural_Mapping,A_nucleotide_structure_annotation.csv,,555,558,4,TAAA,forward,656,659,657.5,VALID,INTERNAL_LOOP,True,FINAL,,,,,,,,,,555.0,558.0,FULLY_MAPPED,555.0,558.0,FULLY_MAPPED,567.0,568.0,PARTIALLY_GAPPED,,,,,,,,,MFE,INTERNAL_LOOP_0031,4.0,,,,,,,,,,,,STRUCTURAL_CONTEXT_ONLY,
Ras85D_CTX_MEL_MFE_STEM_0060,Ras85D_HO_00713,D.melanogaster,STRUCTURE_SEGMENT,RNA_STRUCTURE,STRUCTURE,STEM,D.melanogaster::MFE::STEM_0060,29A_2_01A_Structural_Mapping,A_nucleotide_structure_annotation.csv,,559,563,5,TGTAA,forward,660,664,662.0,VALID,STEM,True,FINAL,,,,,,,,,,559.0,563.0,FULLY_MAPPED,559.0,563.0,FULLY_MAPPED,,,ABSENT_IN_TARGET,,,,,,,,,MFE,STEM_0060,5.0,,,,,,,,,,,,STRUCTURAL_CONTEXT_ONLY,
Ras85D_CTX_MEL_MFE_MULTILOOP_0012,Ras85D_HO_00647,D.melanogaster,STRUCTURE_SEGMENT,RNA_STRUCTURE,STRUCTURE,MULTILOOP,D.melanogaster::MFE::MULTILOOP_0012,29A_2_01A_Structural_Mapping,A_nucleotide_structure_annotation.csv,,564,571,8,TCTTTTTT,forward,665,672,668.5,VALID,MULTILOOP,True,FINAL,,,,,,,,,,564.0,571.0,FULLY_MAPPED,564.0,571.0,FULLY_MAPPED,569.0,576.0,FULLY_MAPPED,,,,,,,,,MFE,MULTILOOP_0012,8.0,,,,,,,,,,,,STRUCTURAL_CONTEXT_ONLY,
Ras85D_CTX_MEL_MFE_STEM_0061,Ras85D_HO_00714,D.melanogaster,STRUCTURE_SEGMENT,RNA_STRUCTURE,STRUCTURE,STEM,D.melanogaster::MFE::STEM_0061,29A_2_01A_Structural_Mapping,A_nucleotide_structure_annotation.csv,,572,577,6,CGCACA,forward,735,740,737.5,VALID,STEM,True,FINAL,,,,,,,,,,572.0,577.0,FULLY_MAPPED,572.0,577.0,FULLY_MAPPED,639.0,642.0,PARTIALLY_GAPPED,,,,,,,,,MFE,STEM_0061,6.0,,,,,,,,,,,,STRUCTURAL_CONTEXT_ONLY,
Ras85D_CTX_MEL_MFE_INTERNAL_LOOP_0032,Ras85D_HO_00613,D.melanogaster,STRUCTURE_SEGMENT,RNA_STRUCTURE,STRUCTURE,INTERNAL_LOOP,D.melanogaster::MFE::INTERNAL_LOOP_0032,29A_2_01A_Structural_Mapping,A_nucleotide_structure_annotation.csv,,578,578,1,C,forward,741,741,741.0,VALID,INTERNAL_LOOP,True,FINAL,,,,,,,,,,578.0,578.0,FULLY_MAPPED,578.0,578.0,FULLY_MAPPED,643.0,643.0,FULLY_MAPPED,,,,,,,,,MFE,INTERNAL_LOOP_0032,1.0,,,,,,,,,,,,STRUCTURAL_CONTEXT_ONLY,
Ras85D_CTX_MEL_MFE_STEM_0062,Ras85D_HO_00715,D.melanogaster,STRUCTURE_SEGMENT,RNA_STRUCTURE,STRUCTURE,STEM,D.melanogaster::MFE::STEM_0062,29A_2_01A_Structural_Mapping,A_nucleotide_structure_annotation.csv,,579,581,3,ACG,forward,742,744,743.0,VALID,STEM,True,FINAL,,,,,,,,,,579.0,581.0,FULLY_MAPPED,579.0,581.0,FULLY_MAPPED,644.0,646.0,FULLY_MAPPED,,,,,,,,,MFE,STEM_0062,3.0,,,,,,,,,,,,STRUCTURAL_CONTEXT_ONLY,
Ras85D_CTX_MEL_MFE_INTERNAL_LOOP_0033,Ras85D_HO_00614,D.melanogaster,STRUCTURE_SEGMENT,RNA_STRUCTURE,STRUCTURE,INTERNAL_LOOP,D.melanogaster::MFE::INTERNAL_LOOP_0033,29A_2_01A_Structural_Mapping,A_nucleotide_structure_annotation.csv,,582,582,1,C,forward,745,745,745.0,VALID,INTERNAL_LOOP,True,FINAL,,,,,,,,,,582.0,582.0,FULLY_MAPPED,582.0,582.0,FULLY_MAPPED,647.0,647.0,FULLY_MAPPED,,,,,,,,,MFE,INTERNAL_LOOP_0033,1.0,,,,,,,,,,,,STRUCTURAL_CONTEXT_ONLY,
Ras85D_CTX_MEL_MFE_STEM_0063,Ras85D_HO_00716,D.melanogaster,STRUCTURE_SEGMENT,RNA_STRUCTURE,STRUCTURE,STEM,D.melanogaster::MFE::STEM_0063,29A_2_01A_Structural_Mapping,A_nucleotide_structure_annotation.csv,,583,590,8,ACGAGCAG,forward,746,753,749.5,VALID,STEM,True,FINAL,,,,,,,,,,583.0,590.0,FULLY_MAPPED,583.0,590.0,FULLY_MAPPED,648.0,655.0,FULLY_MAPPED,,,,,,,,,MFE,STEM_0063,8.0,,,,,,,,,,,,STRUCTURAL_CONTEXT_ONLY,
Ras85D_CTX_MEL_MFE_MULTILOOP_0013,Ras85D_HO_00648,D.melanogaster,STRUCTURE_SEGMENT,RNA_STRUCTURE,STRUCTURE,MULTILOOP,D.melanogaster::MFE::MULTILOOP_0013,29A_2_01A_Structural_Mapping,A_nucleotide_structure_annotation.csv,,591,598,8,AATTCCAT,forward,754,761,757.5,VALID,MULTILOOP,True,FINAL,,,,,,,,,,591.0,598.0,FULLY_MAPPED,591.0,598.0,FULLY_MAPPED,656.0,663.0,FULLY_MAPPED,,,,,,,,,MFE,MULTILOOP_0013,8.0,,,,,,,,,,,,STRUCTURAL_CONTEXT_ONLY,
Ras85D_CTX_MEL_MFE_STEM_0064,Ras85D_HO_00717,D.melanogaster,STRUCTURE_SEGMENT,RNA_STRUCTURE,STRUCTURE,STEM,D.melanogaster::MFE::STEM_0064,29A_2_01A_Structural_Mapping,A_nucleotide_structure_annotation.csv,,599,602,4,TAGT,forward,762,765,763.5,VALID,STEM,True,FINAL,,,,,,,,,,599.0,602.0,FULLY_MAPPED,599.0,602.0,FULLY_MAPPED,664.0,667.0,FULLY_MAPPED,,,,,,,,,MFE,STEM_0064,4.0,,,,,,,,,,,,STRUCTURAL_CONTEXT_ONLY,
Ras85D_CTX_MEL_MFE_BULGE_0009,Ras85D_HO_00560,D.melanogaster,STRUCTURE_SEGMENT,RNA_STRUCTURE,STRUCTURE,BULGE,D.melanogaster::MFE::BULGE_0009,29A_2_01A_Structural_Mapping,A_nucleotide_structure_annotation.csv,,603,603,1,A,forward,766,766,766.0,VALID,BULGE,True,FINAL,,,,,,,,,,603.0,603.0,FULLY_MAPPED,603.0,603.0,FULLY_MAPPED,668.0,668.0,FULLY_MAPPED,,,,,,,,,MFE,BULGE_0009,1.0,,,,,,,,,,,,STRUCTURAL_CONTEXT_ONLY,
Ras85D_CTX_MEL_MFE_STEM_0065,Ras85D_HO_00718,D.melanogaster,STRUCTURE_SEGMENT,RNA_STRUCTURE,STRUCTURE,STEM,D.melanogaster::MFE::STEM_0065,29A_2_01A_Structural_Mapping,A_nucleotide_structure_annotation.csv,,604,611,8,TTCATCAT,forward,767,774,770.5,VALID,STEM,True,FINAL,,,,,,,,,,604.0,611.0,FULLY_MAPPED,604.0,611.0,FULLY_MAPPED,669.0,675.0,PARTIALLY_GAPPED,,,,,,,,,MFE,STEM_0065,8.0,,,,,,,,,,,,STRUCTURAL_CONTEXT_ONLY,
Ras85D_CTX_MEL_MFE_MULTILOOP_0014,Ras85D_HO_00649,D.melanogaster,STRUCTURE_SEGMENT,RNA_STRUCTURE,STRUCTURE,MULTILOOP,D.melanogaster::MFE::MULTILOOP_0014,29A_2_01A_Structural_Mapping,A_nucleotide_structure_annotation.csv,,612,625,14,TAGAGAACAAACAA,forward,775,792,783.5,VALID,MULTILOOP,True,FINAL,,,,,,,,,,612.0,625.0,PARTIALLY_GAPPED,612.0,625.0,PARTIALLY_GAPPED,676.0,693.0,FULLY_MAPPED,,,,,,,,,MFE,MULTILOOP_0014,14.0,,,,,,,,,,,,STRUCTURAL_CONTEXT_ONLY,
Ras85D_CTX_MEL_MFE_STEM_0066,Ras85D_HO_00719,D.melanogaster,STRUCTURE_SEGMENT,RNA_STRUCTURE,STRUCTURE,STEM,D.melanogaster::MFE::STEM_0066,29A_2_01A_Structural_Mapping,A_nucleotide_structure_annotation.csv,,626,627,2,GC,forward,793,794,793.5,VALID,STEM,True,FINAL,,,,,,,,,,626.0,627.0,FULLY_MAPPED,626.0,627.0,FULLY_MAPPED,694.0,695.0,FULLY_MAPPED,,,,,,,,,MFE,STEM_0066,2.0,,,,,,,,,,,,STRUCTURAL_CONTEXT_ONLY,
Ras85D_CTX_MEL_MFE_INTERNAL_LOOP_0034,Ras85D_HO_00615,D.melanogaster,STRUCTURE_SEGMENT,RNA_STRUCTURE,STRUCTURE,INTERNAL_LOOP,D.melanogaster::MFE::INTERNAL_LOOP_0034,29A_2_01A_Structural_Mapping,A_nucleotide_structure_annotation.csv,,628,630,3,AAA,forward,796,798,797.0,VALID,INTERNAL_LOOP,True,FINAL,,,,,,,,,,628.0,630.0,FULLY_MAPPED,628.0,630.0,FULLY_MAPPED,697.0,699.0,FULLY_MAPPED,,,,,,,,,MFE,INTERNAL_LOOP_0034,3.0,,,,,,,,,,,,STRUCTURAL_CONTEXT_ONLY,
Ras85D_CTX_MEL_MFE_STEM_0067,Ras85D_HO_00720,D.melanogaster,STRUCTURE_SEGMENT,RNA_STRUCTURE,STRUCTURE,STEM,D.melanogaster::MFE::STEM_0067,29A_2_01A_Structural_Mapping,A_nucleotide_structure_annotation.csv,,631,633,3,AGC,forward,799,801,800.0,VALID,STEM,True,FINAL,,,,,,,,,,631.0,633.0,FULLY_MAPPED,631.0,633.0,FULLY_MAPPED,700.0,701.0,PARTIALLY_GAPPED,,,,,,,,,MFE,STEM_0067,3.0,,,,,,,,,,,,STRUCTURAL_CONTEXT_ONLY,
Ras85D_CTX_MEL_MFE_HAIRPIN_LOOP_0010,Ras85D_HO_00576,D.melanogaster,STRUCTURE_SEGMENT,RNA_STRUCTURE,STRUCTURE,HAIRPIN_LOOP,D.melanogaster::MFE::HAIRPIN_LOOP_0010,29A_2_01A_Structural_Mapping,A_nucleotide_structure_annotation.csv,,634,639,6,CGATAA,forward,802,807,804.5,VALID,HAIRPIN_LOOP,True,FINAL,,,,,,,,,,634.0,639.0,FULLY_MAPPED,634.0,639.0,FULLY_MAPPED,702.0,705.0,PARTIALLY_GAPPED,,,,,,,,,MFE,HAIRPIN_LOOP_0010,6.0,,,,,,,,,,,,STRUCTURAL_CONTEXT_ONLY,
Ras85D_CTX_MEL_MFE_STEM_0068,Ras85D_HO_00721,D.melanogaster,STRUCTURE_SEGMENT,RNA_STRUCTURE,STRUCTURE,STEM,D.melanogaster::MFE::STEM_0068,29A_2_01A_Structural_Mapping,A_nucleotide_structure_annotation.csv,,640,642,3,GCT,forward,808,810,809.0,VALID,STEM,True,FINAL,,,,,,,,,,640.0,642.0,FULLY_MAPPED,640.0,642.0,FULLY_MAPPED,706.0,708.0,FULLY_MAPPED,,,,,,,,,MFE,STEM_0068,3.0,,,,,,,,,,,,STRUCTURAL_CONTEXT_ONLY,
Ras85D_CTX_MEL_MFE_INTERNAL_LOOP_0035,Ras85D_HO_00616,D.melanogaster,STRUCTURE_SEGMENT,RNA_STRUCTURE,STRUCTURE,INTERNAL_LOOP,D.melanogaster::MFE::INTERNAL_LOOP_0035,29A_2_01A_Structural_Mapping,A_nucleotide_structure_annotation.csv,,643,646,4,CACA,forward,811,814,812.5,VALID,INTERNAL_LOOP,True,FINAL,,,,,,,,,,643.0,646.0,FULLY_MAPPED,643.0,646.0,FULLY_MAPPED,709.0,712.0,FULLY_MAPPED,,,,,,,,,MFE,INTERNAL_LOOP_0035,4.0,,,,,,,,,,,,STRUCTURAL_CONTEXT_ONLY,
Ras85D_CTX_MEL_MFE_STEM_0069,Ras85D_HO_00722,D.melanogaster,STRUCTURE_SEGMENT,RNA_STRUCTURE,STRUCTURE,STEM,D.melanogaster::MFE::STEM_0069,29A_2_01A_Structural_Mapping,A_nucleotide_structure_annotation.csv,,647,648,2,GC,forward,815,816,815.5,VALID,STEM,True,FINAL,,,,,,,,,,647.0,648.0,FULLY_MAPPED,647.0,648.0,FULLY_MAPPED,713.0,713.0,PARTIALLY_GAPPED,,,,,,,,,MFE,STEM_0069,2.0,,,,,,,,,,,,STRUCTURAL_CONTEXT_ONLY,
Ras85D_CTX_MEL_MFE_MULTILOOP_0015,Ras85D_HO_00650,D.melanogaster,STRUCTURE_SEGMENT,RNA_STRUCTURE,STRUCTURE,MULTILOOP,D.melanogaster::MFE::MULTILOOP_0015,29A_2_01A_Structural_Mapping,A_nucleotide_structure_annotation.csv,,649,652,4,AACT,forward,817,820,818.5,VALID,MULTILOOP,True,FINAL,,,,,,,,,,649.0,652.0,FULLY_MAPPED,649.0,652.0,FULLY_MAPPED,,,ABSENT_IN_TARGET,,,,,,,,,MFE,MULTILOOP_0015,4.0,,,,,,,,,,,,STRUCTURAL_CONTEXT_ONLY,
Ras85D_CTX_MEL_MFE_STEM_0070,Ras85D_HO_00723,D.melanogaster,STRUCTURE_SEGMENT,RNA_STRUCTURE,STRUCTURE,STEM,D.melanogaster::MFE::STEM_0070,29A_2_01A_Structural_Mapping,A_nucleotide_structure_annotation.csv,,653,656,4,TTCG,forward,821,824,822.5,VALID,STEM,True,FINAL,,,,,,,,,,653.0,656.0,FULLY_MAPPED,653.0,656.0,FULLY_MAPPED,,,ABSENT_IN_TARGET,,,,,,,,,MFE,STEM_0070,4.0,,,,,,,,,,,,STRUCTURAL_CONTEXT_ONLY,
Ras85D_CTX_MEL_MFE_HAIRPIN_LOOP_0011,Ras85D_HO_00577,D.melanogaster,STRUCTURE_SEGMENT,RNA_STRUCTURE,STRUCTURE,HAIRPIN_LOOP,D.melanogaster::MFE::HAIRPIN_LOOP_0011,29A_2_01A_Structural_Mapping,A_nucleotide_structure_annotation.csv,,657,662,6,CACAAA,forward,825,830,827.5,VALID,HAIRPIN_LOOP,True,FINAL,,,,,,,,,,657.0,662.0,FULLY_MAPPED,657.0,662.0,FULLY_MAPPED,,,ABSENT_IN_TARGET,,,,,,,,,MFE,HAIRPIN_LOOP_0011,6.0,,,,,,,,,,,,STRUCTURAL_CONTEXT_ONLY,
Ras85D_CTX_MEL_MFE_STEM_0071,Ras85D_HO_00724,D.melanogaster,STRUCTURE_SEGMENT,RNA_STRUCTURE,STRUCTURE,STEM,D.melanogaster::MFE::STEM_0071,29A_2_01A_Structural_Mapping,A_nucleotide_structure_annotation.csv,,663,666,4,CGAG,forward,831,834,832.5,VALID,STEM,True,FINAL,,,,,,,,,,663.0,666.0,FULLY_MAPPED,663.0,666.0,FULLY_MAPPED,,,ABSENT_IN_TARGET,,,,,,,,,MFE,STEM_0071,4.0,,,,,,,,,,,,STRUCTURAL_CONTEXT_ONLY,
Ras85D_CTX_MEL_MFE_MULTILOOP_0016,Ras85D_HO_00651,D.melanogaster,STRUCTURE_SEGMENT,RNA_STRUCTURE,STRUCTURE,MULTILOOP,D.melanogaster::MFE::MULTILOOP_0016,29A_2_01A_Structural_Mapping,A_nucleotide_structure_annotation.csv,,667,672,6,TAAATT,forward,835,840,837.5,VALID,MULTILOOP,True,FINAL,,,,,,,,,,667.0,672.0,FULLY_MAPPED,667.0,672.0,FULLY_MAPPED,,,ABSENT_IN_TARGET,,,,,,,,,MFE,MULTILOOP_0016,6.0,,,,,,,,,,,,STRUCTURAL_CONTEXT_ONLY,
Ras85D_CTX_MEL_MFE_STEM_0072,Ras85D_HO_00725,D.melanogaster,STRUCTURE_SEGMENT,RNA_STRUCTURE,STRUCTURE,STEM,D.melanogaster::MFE::STEM_0072,29A_2_01A_Structural_Mapping,A_nucleotide_structure_annotation.csv,,673,674,2,CG,forward,841,842,841.5,VALID,STEM,True,FINAL,,,,,,,,,,673.0,674.0,FULLY_MAPPED,673.0,674.0,FULLY_MAPPED,,,ABSENT_IN_TARGET,,,,,,,,,MFE,STEM_0072,2.0,,,,,,,,,,,,STRUCTURAL_CONTEXT_ONLY,
Ras85D_CTX_MEL_MFE_BULGE_0010,Ras85D_HO_00561,D.melanogaster,STRUCTURE_SEGMENT,RNA_STRUCTURE,STRUCTURE,BULGE,D.melanogaster::MFE::BULGE_0010,29A_2_01A_Structural_Mapping,A_nucleotide_structure_annotation.csv,,675,675,1,C,forward,843,843,843.0,VALID,BULGE,True,FINAL,,,,,,,,,,675.0,675.0,FULLY_MAPPED,675.0,675.0,FULLY_MAPPED,,,ABSENT_IN_TARGET,,,,,,,,,MFE,BULGE_0010,1.0,,,,,,,,,,,,STRUCTURAL_CONTEXT_ONLY,
Ras85D_CTX_MEL_MFE_STEM_0073,Ras85D_HO_00726,D.melanogaster,STRUCTURE_SEGMENT,RNA_STRUCTURE,STRUCTURE,STEM,D.melanogaster::MFE::STEM_0073,29A_2_01A_Structural_Mapping,A_nucleotide_structure_annotation.csv,,676,679,4,TAGC,forward,844,847,845.5,VALID,STEM,True,FINAL,,,,,,,,,,676.0,679.0,FULLY_MAPPED,676.0,679.0,FULLY_MAPPED,,,ABSENT_IN_TARGET,,,,,,,,,MFE,STEM_0073,4.0,,,,,,,,,,,,STRUCTURAL_CONTEXT_ONLY,
Ras85D_CTX_MEL_MFE_INTERNAL_LOOP_0036,Ras85D_HO_00617,D.melanogaster,STRUCTURE_SEGMENT,RNA_STRUCTURE,STRUCTURE,INTERNAL_LOOP,D.melanogaster::MFE::INTERNAL_LOOP_0036,29A_2_01A_Structural_Mapping,A_nucleotide_structure_annotation.csv,,680,680,1,C,forward,848,848,848.0,VALID,INTERNAL_LOOP,True,FINAL,,,,,,,,,,680.0,680.0,FULLY_MAPPED,680.0,680.0,FULLY_MAPPED,,,ABSENT_IN_TARGET,,,,,,,,,MFE,INTERNAL_LOOP_0036,1.0,,,,,,,,,,,,STRUCTURAL_CONTEXT_ONLY,
Ras85D_CTX_MEL_MFE_STEM_0074,Ras85D_HO_00727,D.melanogaster,STRUCTURE_SEGMENT,RNA_STRUCTURE,STRUCTURE,STEM,D.melanogaster::MFE::STEM_0074,29A_2_01A_Structural_Mapping,A_nucleotide_structure_annotation.csv,,681,683,3,CCA,forward,849,851,850.0,VALID,STEM,True,FINAL,,,,,,,,,,681.0,683.0,FULLY_MAPPED,681.0,683.0,FULLY_MAPPED,,,ABSENT_IN_TARGET,,,,,,,,,MFE,STEM_0074,3.0,,,,,,,,,,,,STRUCTURAL_CONTEXT_ONLY,
Ras85D_CTX_MEL_MFE_BULGE_0011,Ras85D_HO_00562,D.melanogaster,STRUCTURE_SEGMENT,RNA_STRUCTURE,STRUCTURE,BULGE,D.melanogaster::MFE::BULGE_0011,29A_2_01A_Structural_Mapping,A_nucleotide_structure_annotation.csv,,684,686,3,AAC,forward,852,854,853.0,VALID,BULGE,True,FINAL,,,,,,,,,,684.0,686.0,FULLY_MAPPED,684.0,686.0,FULLY_MAPPED,,,ABSENT_IN_TARGET,,,,,,,,,MFE,BULGE_0011,3.0,,,,,,,,,,,,STRUCTURAL_CONTEXT_ONLY,
Ras85D_CTX_MEL_MFE_STEM_0075,Ras85D_HO_00728,D.melanogaster,STRUCTURE_SEGMENT,RNA_STRUCTURE,STRUCTURE,STEM,D.melanogaster::MFE::STEM_0075,29A_2_01A_Structural_Mapping,A_nucleotide_structure_annotation.csv,,687,691,5,TAGAT,forward,855,859,857.0,VALID,STEM,True,FINAL,,,,,,,,,,687.0,691.0,FULLY_MAPPED,687.0,691.0,FULLY_MAPPED,,,ABSENT_IN_TARGET,,,,,,,,,MFE,STEM_0075,5.0,,,,,,,,,,,,STRUCTURAL_CONTEXT_ONLY,
Ras85D_CTX_MEL_MFE_INTERNAL_LOOP_0037,Ras85D_HO_00618,D.melanogaster,STRUCTURE_SEGMENT,RNA_STRUCTURE,STRUCTURE,INTERNAL_LOOP,D.melanogaster::MFE::INTERNAL_LOOP_0037,29A_2_01A_Structural_Mapping,A_nucleotide_structure_annotation.csv,,692,694,3,TTA,forward,860,862,861.0,VALID,INTERNAL_LOOP,True,FINAL,,,,,,,,,,692.0,694.0,FULLY_MAPPED,692.0,694.0,FULLY_MAPPED,,,ABSENT_IN_TARGET,,,,,,,,,MFE,INTERNAL_LOOP_0037,3.0,,,,,,,,,,,,STRUCTURAL_CONTEXT_ONLY,
Ras85D_CTX_MEL_MFE_STEM_0076,Ras85D_HO_00729,D.melanogaster,STRUCTURE_SEGMENT,RNA_STRUCTURE,STRUCTURE,STEM,D.melanogaster::MFE::STEM_0076,29A_2_01A_Structural_Mapping,A_nucleotide_structure_annotation.csv,,695,698,4,TGTT,forward,863,866,864.5,VALID,STEM,True,FINAL,,,,,,,,,,695.0,698.0,FULLY_MAPPED,695.0,698.0,FULLY_MAPPED,714.0,715.0,PARTIALLY_GAPPED,,,,,,,,,MFE,STEM_0076,4.0,,,,,,,,,,,,STRUCTURAL_CONTEXT_ONLY,
Ras85D_CTX_MEL_MFE_HAIRPIN_LOOP_0012,Ras85D_HO_00578,D.melanogaster,STRUCTURE_SEGMENT,RNA_STRUCTURE,STRUCTURE,HAIRPIN_LOOP,D.melanogaster::MFE::HAIRPIN_LOOP_0012,29A_2_01A_Structural_Mapping,A_nucleotide_structure_annotation.csv,,699,704,6,CGGTTA,forward,867,872,869.5,VALID,HAIRPIN_LOOP,True,FINAL,,,,,,,,,,699.0,704.0,FULLY_MAPPED,699.0,704.0,FULLY_MAPPED,716.0,717.0,PARTIALLY_GAPPED,,,,,,,,,MFE,HAIRPIN_LOOP_0012,6.0,,,,,,,,,,,,STRUCTURAL_CONTEXT_ONLY,
Ras85D_CTX_MEL_MFE_STEM_0077,Ras85D_HO_00730,D.melanogaster,STRUCTURE_SEGMENT,RNA_STRUCTURE,STRUCTURE,STEM,D.melanogaster::MFE::STEM_0077,29A_2_01A_Structural_Mapping,A_nucleotide_structure_annotation.csv,,705,708,4,AACA,forward,873,876,874.5,VALID,STEM,True,FINAL,,,,,,,,,,705.0,708.0,FULLY_MAPPED,705.0,708.0,FULLY_MAPPED,718.0,719.0,PARTIALLY_GAPPED,,,,,,,,,MFE,STEM_0077,4.0,,,,,,,,,,,,STRUCTURAL_CONTEXT_ONLY,
Ras85D_CTX_MEL_MFE_INTERNAL_LOOP_0038,Ras85D_HO_00619,D.melanogaster,STRUCTURE_SEGMENT,RNA_STRUCTURE,STRUCTURE,INTERNAL_LOOP,D.melanogaster::MFE::INTERNAL_LOOP_0038,29A_2_01A_Structural_Mapping,A_nucleotide_structure_annotation.csv,,709,711,3,CAT,forward,877,879,878.0,VALID,INTERNAL_LOOP,True,FINAL,,,,,,,,,,709.0,711.0,FULLY_MAPPED,709.0,711.0,FULLY_MAPPED,720.0,722.0,FULLY_MAPPED,,,,,,,,,MFE,INTERNAL_LOOP_0038,3.0,,,,,,,,,,,,STRUCTURAL_CONTEXT_ONLY,
Ras85D_CTX_MEL_MFE_STEM_0078,Ras85D_HO_00731,D.melanogaster,STRUCTURE_SEGMENT,RNA_STRUCTURE,STRUCTURE,STEM,D.melanogaster::MFE::STEM_0078,29A_2_01A_Structural_Mapping,A_nucleotide_structure_annotation.csv,,712,719,8,ATCTGTGG,forward,880,887,883.5,VALID,STEM,True,FINAL,,,,,,,,,,712.0,719.0,FULLY_MAPPED,712.0,719.0,FULLY_MAPPED,723.0,730.0,FULLY_MAPPED,,,,,,,,,MFE,STEM_0078,8.0,,,,,,,,,,,,STRUCTURAL_CONTEXT_ONLY,
Ras85D_CTX_MEL_MFE_INTERNAL_LOOP_0039,Ras85D_HO_00620,D.melanogaster,STRUCTURE_SEGMENT,RNA_STRUCTURE,STRUCTURE,INTERNAL_LOOP,D.melanogaster::MFE::INTERNAL_LOOP_0039,29A_2_01A_Structural_Mapping,A_nucleotide_structure_annotation.csv,,720,720,1,T,forward,888,888,888.0,VALID,INTERNAL_LOOP,True,FINAL,,,,,,,,,,720.0,720.0,FULLY_MAPPED,720.0,720.0,FULLY_MAPPED,731.0,731.0,FULLY_MAPPED,,,,,,,,,MFE,INTERNAL_LOOP_0039,1.0,,,,,,,,,,,,STRUCTURAL_CONTEXT_ONLY,
Ras85D_CTX_MEL_MFE_STEM_0079,Ras85D_HO_00732,D.melanogaster,STRUCTURE_SEGMENT,RNA_STRUCTURE,STRUCTURE,STEM,D.melanogaster::MFE::STEM_0079,29A_2_01A_Structural_Mapping,A_nucleotide_structure_annotation.csv,,721,738,18,GCTACGATGATGAAATTA,forward,889,906,897.5,VALID,STEM,True,FINAL,,,,,,,,,,721.0,738.0,FULLY_MAPPED,721.0,738.0,FULLY_MAPPED,732.0,749.0,FULLY_MAPPED,,,,,,,,,MFE,STEM_0079,18.0,,,,,,,,,,,,STRUCTURAL_CONTEXT_ONLY,
Ras85D_CTX_MEL_MFE_MULTILOOP_0017,Ras85D_HO_00652,D.melanogaster,STRUCTURE_SEGMENT,RNA_STRUCTURE,STRUCTURE,MULTILOOP,D.melanogaster::MFE::MULTILOOP_0017,29A_2_01A_Structural_Mapping,A_nucleotide_structure_annotation.csv,,739,744,6,TAATCC,forward,907,932,919.5,VALID,MULTILOOP,True,FINAL,,,,,,,,,,739.0,744.0,PARTIALLY_GAPPED,739.0,744.0,PARTIALLY_GAPPED,750.0,774.0,PARTIALLY_GAPPED,,,,,,,,,MFE,MULTILOOP_0017,6.0,,,,,,,,,,,,STRUCTURAL_CONTEXT_ONLY,
Ras85D_CTX_MEL_MFE_STEM_0080,Ras85D_HO_00733,D.melanogaster,STRUCTURE_SEGMENT,RNA_STRUCTURE,STRUCTURE,STEM,D.melanogaster::MFE::STEM_0080,29A_2_01A_Structural_Mapping,A_nucleotide_structure_annotation.csv,,745,752,8,GTATGAGT,forward,933,940,936.5,VALID,STEM,True,FINAL,,,,,,,,,,745.0,752.0,FULLY_MAPPED,745.0,752.0,FULLY_MAPPED,775.0,782.0,FULLY_MAPPED,,,,,,,,,MFE,STEM_0080,8.0,,,,,,,,,,,,STRUCTURAL_CONTEXT_ONLY,
Ras85D_CTX_MEL_MFE_INTERNAL_LOOP_0040,Ras85D_HO_00621,D.melanogaster,STRUCTURE_SEGMENT,RNA_STRUCTURE,STRUCTURE,INTERNAL_LOOP,D.melanogaster::MFE::INTERNAL_LOOP_0040,29A_2_01A_Structural_Mapping,A_nucleotide_structure_annotation.csv,,753,756,4,TCTT,forward,941,944,942.5,VALID,INTERNAL_LOOP,True,FINAL,,,,,,,,,,753.0,756.0,FULLY_MAPPED,753.0,756.0,FULLY_MAPPED,783.0,786.0,FULLY_MAPPED,,,,,,,,,MFE,INTERNAL_LOOP_0040,4.0,,,,,,,,,,,,STRUCTURAL_CONTEXT_ONLY,
Ras85D_CTX_MEL_MFE_STEM_0081,Ras85D_HO_00734,D.melanogaster,STRUCTURE_SEGMENT,RNA_STRUCTURE,STRUCTURE,STEM,D.melanogaster::MFE::STEM_0081,29A_2_01A_Structural_Mapping,A_nucleotide_structure_annotation.csv,,757,760,4,GAGA,forward,945,948,946.5,VALID,STEM,True,FINAL,,,,,,,,,,757.0,760.0,FULLY_MAPPED,757.0,760.0,FULLY_MAPPED,787.0,790.0,FULLY_MAPPED,,,,,,,,,MFE,STEM_0081,4.0,,,,,,,,,,,,STRUCTURAL_CONTEXT_ONLY,
Ras85D_CTX_MEL_MFE_HAIRPIN_LOOP_0013,Ras85D_HO_00579,D.melanogaster,STRUCTURE_SEGMENT,RNA_STRUCTURE,STRUCTURE,HAIRPIN_LOOP,D.melanogaster::MFE::HAIRPIN_LOOP_0013,29A_2_01A_Structural_Mapping,A_nucleotide_structure_annotation.csv,,761,768,8,TTTGCCTT,forward,949,964,956.5,VALID,HAIRPIN_LOOP,True,FINAL,,,,,,,,,,761.0,768.0,PARTIALLY_GAPPED,761.0,768.0,PARTIALLY_GAPPED,791.0,806.0,FULLY_MAPPED,,,,,,,,,MFE,HAIRPIN_LOOP_0013,8.0,,,,,,,,,,,,STRUCTURAL_CONTEXT_ONLY,
Ras85D_CTX_MEL_MFE_STEM_0082,Ras85D_HO_00735,D.melanogaster,STRUCTURE_SEGMENT,RNA_STRUCTURE,STRUCTURE,STEM,D.melanogaster::MFE::STEM_0082,29A_2_01A_Structural_Mapping,A_nucleotide_structure_annotation.csv,,769,772,4,TCTT,forward,965,968,966.5,VALID,STEM,True,FINAL,,,,,,,,,,769.0,772.0,FULLY_MAPPED,769.0,772.0,FULLY_MAPPED,807.0,810.0,FULLY_MAPPED,,,,,,,,,MFE,STEM_0082,4.0,,,,,,,,,,,,STRUCTURAL_CONTEXT_ONLY,
Ras85D_CTX_MEL_MFE_INTERNAL_LOOP_0041,Ras85D_HO_00622,D.melanogaster,STRUCTURE_SEGMENT,RNA_STRUCTURE,STRUCTURE,INTERNAL_LOOP,D.melanogaster::MFE::INTERNAL_LOOP_0041,29A_2_01A_Structural_Mapping,A_nucleotide_structure_annotation.csv,,773,775,3,TCT,forward,969,971,970.0,VALID,INTERNAL_LOOP,True,FINAL,,,,,,,,,,773.0,775.0,FULLY_MAPPED,773.0,775.0,FULLY_MAPPED,811.0,813.0,FULLY_MAPPED,,,,,,,,,MFE,INTERNAL_LOOP_0041,3.0,,,,,,,,,,,,STRUCTURAL_CONTEXT_ONLY,
Ras85D_CTX_MEL_MFE_STEM_0083,Ras85D_HO_00736,D.melanogaster,STRUCTURE_SEGMENT,RNA_STRUCTURE,STRUCTURE,STEM,D.melanogaster::MFE::STEM_0083,29A_2_01A_Structural_Mapping,A_nucleotide_structure_annotation.csv,,776,778,3,ACT,forward,972,974,973.0,VALID,STEM,True,FINAL,,,,,,,,,,776.0,778.0,FULLY_MAPPED,776.0,778.0,FULLY_MAPPED,814.0,816.0,FULLY_MAPPED,,,,,,,,,MFE,STEM_0083,3.0,,,,,,,,,,,,STRUCTURAL_CONTEXT_ONLY,
Ras85D_CTX_MEL_MFE_BULGE_0012,Ras85D_HO_00563,D.melanogaster,STRUCTURE_SEGMENT,RNA_STRUCTURE,STRUCTURE,BULGE,D.melanogaster::MFE::BULGE_0012,29A_2_01A_Structural_Mapping,A_nucleotide_structure_annotation.csv,,779,781,3,TAC,forward,975,977,976.0,VALID,BULGE,True,FINAL,,,,,,,,,,779.0,781.0,FULLY_MAPPED,779.0,781.0,FULLY_MAPPED,817.0,819.0,FULLY_MAPPED,,,,,,,,,MFE,BULGE_0012,3.0,,,,,,,,,,,,STRUCTURAL_CONTEXT_ONLY,
Ras85D_CTX_MEL_MFE_STEM_0084,Ras85D_HO_00737,D.melanogaster,STRUCTURE_SEGMENT,RNA_STRUCTURE,STRUCTURE,STEM,D.melanogaster::MFE::STEM_0084,29A_2_01A_Structural_Mapping,A_nucleotide_structure_annotation.csv,,782,793,12,CATACTGACAGA,forward,978,1116,1047.0,VALID,STEM,True,FINAL,,,,,,,,,,782.0,793.0,PARTIALLY_GAPPED,782.0,793.0,PARTIALLY_GAPPED,820.0,958.0,FULLY_MAPPED,,,,,,,,,MFE,STEM_0084,12.0,,,,,,,,,,,,STRUCTURAL_CONTEXT_ONLY,
Ras85D_CTX_MEL_MFE_INTERNAL_LOOP_0042,Ras85D_HO_00623,D.melanogaster,STRUCTURE_SEGMENT,RNA_STRUCTURE,STRUCTURE,INTERNAL_LOOP,D.melanogaster::MFE::INTERNAL_LOOP_0042,29A_2_01A_Structural_Mapping,A_nucleotide_structure_annotation.csv,,794,795,2,TC,forward,1117,1119,1118.0,VALID,INTERNAL_LOOP,True,FINAL,,,,,,,,,,794.0,795.0,PARTIALLY_GAPPED,794.0,795.0,PARTIALLY_GAPPED,959.0,961.0,FULLY_MAPPED,,,,,,,,,MFE,INTERNAL_LOOP_0042,2.0,,,,,,,,,,,,STRUCTURAL_CONTEXT_ONLY,
Ras85D_CTX_MEL_MFE_STEM_0085,Ras85D_HO_00738,D.melanogaster,STRUCTURE_SEGMENT,RNA_STRUCTURE,STRUCTURE,STEM,D.melanogaster::MFE::STEM_0085,29A_2_01A_Structural_Mapping,A_nucleotide_structure_annotation.csv,,796,797,2,AA,forward,1120,1121,1120.5,VALID,STEM,True,FINAL,,,,,,,,,,796.0,797.0,FULLY_MAPPED,796.0,797.0,FULLY_MAPPED,962.0,963.0,FULLY_MAPPED,,,,,,,,,MFE,STEM_0085,2.0,,,,,,,,,,,,STRUCTURAL_CONTEXT_ONLY,
Ras85D_CTX_MEL_MFE_INTERNAL_LOOP_0043,Ras85D_HO_00624,D.melanogaster,STRUCTURE_SEGMENT,RNA_STRUCTURE,STRUCTURE,INTERNAL_LOOP,D.melanogaster::MFE::INTERNAL_LOOP_0043,29A_2_01A_Structural_Mapping,A_nucleotide_structure_annotation.csv,,798,799,2,TC,forward,1122,1143,1132.5,VALID,INTERNAL_LOOP,True,FINAL,,,,,,,,,,798.0,799.0,PARTIALLY_GAPPED,798.0,799.0,PARTIALLY_GAPPED,964.0,985.0,FULLY_MAPPED,,,,,,,,,MFE,INTERNAL_LOOP_0043,2.0,,,,,,,,,,,,STRUCTURAL_CONTEXT_ONLY,
Ras85D_CTX_MEL_MFE_STEM_0086,Ras85D_HO_00739,D.melanogaster,STRUCTURE_SEGMENT,RNA_STRUCTURE,STRUCTURE,STEM,D.melanogaster::MFE::STEM_0086,29A_2_01A_Structural_Mapping,A_nucleotide_structure_annotation.csv,,800,805,6,GGAGAG,forward,1144,1151,1147.5,VALID,STEM,True,FINAL,,,,,,,,,,800.0,805.0,PARTIALLY_GAPPED,800.0,805.0,PARTIALLY_GAPPED,986.0,993.0,FULLY_MAPPED,,,,,,,,,MFE,STEM_0086,6.0,,,,,,,,,,,,STRUCTURAL_CONTEXT_ONLY,
Ras85D_CTX_MEL_MFE_INTERNAL_LOOP_0044,Ras85D_HO_00625,D.melanogaster,STRUCTURE_SEGMENT,RNA_STRUCTURE,STRUCTURE,INTERNAL_LOOP,D.melanogaster::MFE::INTERNAL_LOOP_0044,29A_2_01A_Structural_Mapping,A_nucleotide_structure_annotation.csv,,806,814,9,AAAACAAAC,forward,1152,1160,1156.0,VALID,INTERNAL_LOOP,True,FINAL,,,,,,,,,,806.0,814.0,FULLY_MAPPED,806.0,814.0,FULLY_MAPPED,994.0,1002.0,FULLY_MAPPED,,,,,,,,,MFE,INTERNAL_LOOP_0044,9.0,,,,,,,,,,,,STRUCTURAL_CONTEXT_ONLY,
Ras85D_CTX_MEL_MFE_STEM_0087,Ras85D_HO_00740,D.melanogaster,STRUCTURE_SEGMENT,RNA_STRUCTURE,STRUCTURE,STEM,D.melanogaster::MFE::STEM_0087,29A_2_01A_Structural_Mapping,A_nucleotide_structure_annotation.csv,,815,821,7,AGCCAAT,forward,1161,1167,1164.0,VALID,STEM,True,FINAL,,,,,,,,,,815.0,821.0,FULLY_MAPPED,815.0,821.0,FULLY_MAPPED,1003.0,1009.0,FULLY_MAPPED,,,,,,,,,MFE,STEM_0087,7.0,,,,,,,,,,,,STRUCTURAL_CONTEXT_ONLY,
Ras85D_CTX_MEL_MFE_MULTILOOP_0018,Ras85D_HO_00653,D.melanogaster,STRUCTURE_SEGMENT,RNA_STRUCTURE,STRUCTURE,MULTILOOP,D.melanogaster::MFE::MULTILOOP_0018,29A_2_01A_Structural_Mapping,A_nucleotide_structure_annotation.csv,,822,842,21,TAAATTTACATTATATAGTTT,forward,1168,1188,1178.0,VALID,MULTILOOP,True,FINAL,,,,,,,,,,822.0,842.0,FULLY_MAPPED,822.0,842.0,FULLY_MAPPED,1010.0,1029.0,PARTIALLY_GAPPED,,,,,,,,,MFE,MULTILOOP_0018,21.0,,,,,,,,,,,,STRUCTURAL_CONTEXT_ONLY,
Ras85D_CTX_MEL_MFE_STEM_0088,Ras85D_HO_00741,D.melanogaster,STRUCTURE_SEGMENT,RNA_STRUCTURE,STRUCTURE,STEM,D.melanogaster::MFE::STEM_0088,29A_2_01A_Structural_Mapping,A_nucleotide_structure_annotation.csv,,843,845,3,GCT,forward,1189,1191,1190.0,VALID,STEM,True,FINAL,,,,,,,,,,843.0,845.0,FULLY_MAPPED,843.0,845.0,FULLY_MAPPED,1030.0,1032.0,FULLY_MAPPED,,,,,,,,,MFE,STEM_0088,3.0,,,,,,,,,,,,STRUCTURAL_CONTEXT_ONLY,
Ras85D_CTX_MEL_MFE_HAIRPIN_LOOP_0014,Ras85D_HO_00580,D.melanogaster,STRUCTURE_SEGMENT,RNA_STRUCTURE,STRUCTURE,HAIRPIN_LOOP,D.melanogaster::MFE::HAIRPIN_LOOP_0014,29A_2_01A_Structural_Mapping,A_nucleotide_structure_annotation.csv,,846,848,3,TTA,forward,1192,1194,1193.0,VALID,HAIRPIN_LOOP,True,FINAL,,,,,,,,,,846.0,848.0,FULLY_MAPPED,846.0,848.0,FULLY_MAPPED,1033.0,1035.0,FULLY_MAPPED,,,,,,,,,MFE,HAIRPIN_LOOP_0014,3.0,,,,,,,,,,,,STRUCTURAL_CONTEXT_ONLY,
Ras85D_CTX_MEL_MFE_STEM_0089,Ras85D_HO_00742,D.melanogaster,STRUCTURE_SEGMENT,RNA_STRUCTURE,STRUCTURE,STEM,D.melanogaster::MFE::STEM_0089,29A_2_01A_Structural_Mapping,A_nucleotide_structure_annotation.csv,,849,859,11,AGCTTTTTATA,forward,1195,1205,1200.0,VALID,STEM,True,FINAL,,,,,,,,,,849.0,859.0,FULLY_MAPPED,849.0,859.0,FULLY_MAPPED,1036.0,1046.0,FULLY_MAPPED,,,,,,,,,MFE,STEM_0089,11.0,,,,,,,,,,,,STRUCTURAL_CONTEXT_ONLY,
Ras85D_CTX_MEL_MFE_INTERNAL_LOOP_0045,Ras85D_HO_00626,D.melanogaster,STRUCTURE_SEGMENT,RNA_STRUCTURE,STRUCTURE,INTERNAL_LOOP,D.melanogaster::MFE::INTERNAL_LOOP_0045,29A_2_01A_Structural_Mapping,A_nucleotide_structure_annotation.csv,,860,860,1,C,forward,1206,1206,1206.0,VALID,INTERNAL_LOOP,True,FINAL,,,,,,,,,,860.0,860.0,FULLY_MAPPED,860.0,860.0,FULLY_MAPPED,1047.0,1047.0,FULLY_MAPPED,,,,,,,,,MFE,INTERNAL_LOOP_0045,1.0,,,,,,,,,,,,STRUCTURAL_CONTEXT_ONLY,
Ras85D_CTX_MEL_MFE_STEM_0090,Ras85D_HO_00743,D.melanogaster,STRUCTURE_SEGMENT,RNA_STRUCTURE,STRUCTURE,STEM,D.melanogaster::MFE::STEM_0090,29A_2_01A_Structural_Mapping,A_nucleotide_structure_annotation.csv,,861,863,3,ATA,forward,1207,1209,1208.0,VALID,STEM,True,FINAL,,,,,,,,,,861.0,863.0,FULLY_MAPPED,861.0,863.0,FULLY_MAPPED,1048.0,1050.0,FULLY_MAPPED,,,,,,,,,MFE,STEM_0090,3.0,,,,,,,,,,,,STRUCTURAL_CONTEXT_ONLY,
Ras85D_CTX_MEL_MFE_INTERNAL_LOOP_0046,Ras85D_HO_00627,D.melanogaster,STRUCTURE_SEGMENT,RNA_STRUCTURE,STRUCTURE,INTERNAL_LOOP,D.melanogaster::MFE::INTERNAL_LOOP_0046,29A_2_01A_Structural_Mapping,A_nucleotide_structure_annotation.csv,,864,865,2,CA,forward,1210,1211,1210.5,VALID,INTERNAL_LOOP,True,FINAL,,,,,,,,,,864.0,865.0,FULLY_MAPPED,864.0,865.0,FULLY_MAPPED,1051.0,1052.0,FULLY_MAPPED,,,,,,,,,MFE,INTERNAL_LOOP_0046,2.0,,,,,,,,,,,,STRUCTURAL_CONTEXT_ONLY,
Ras85D_CTX_MEL_MFE_STEM_0091,Ras85D_HO_00744,D.melanogaster,STRUCTURE_SEGMENT,RNA_STRUCTURE,STRUCTURE,STEM,D.melanogaster::MFE::STEM_0091,29A_2_01A_Structural_Mapping,A_nucleotide_structure_annotation.csv,,866,873,8,TACATACA,forward,1212,1219,1215.5,VALID,STEM,True,FINAL,,,,,,,,,,866.0,873.0,FULLY_MAPPED,866.0,873.0,FULLY_MAPPED,1053.0,1057.0,PARTIALLY_GAPPED,,,,,,,,,MFE,STEM_0091,8.0,,,,,,,,,,,,STRUCTURAL_CONTEXT_ONLY,
Ras85D_CTX_MEL_MFE_INTERNAL_LOOP_0047,Ras85D_HO_00628,D.melanogaster,STRUCTURE_SEGMENT,RNA_STRUCTURE,STRUCTURE,INTERNAL_LOOP,D.melanogaster::MFE::INTERNAL_LOOP_0047,29A_2_01A_Structural_Mapping,A_nucleotide_structure_annotation.csv,,874,874,1,T,forward,1220,1220,1220.0,VALID,INTERNAL_LOOP,True,FINAL,,,,,,,,,,874.0,874.0,FULLY_MAPPED,874.0,874.0,FULLY_MAPPED,,,ABSENT_IN_TARGET,,,,,,,,,MFE,INTERNAL_LOOP_0047,1.0,,,,,,,,,,,,STRUCTURAL_CONTEXT_ONLY,
Ras85D_CTX_MEL_MFE_STEM_0092,Ras85D_HO_00745,D.melanogaster,STRUCTURE_SEGMENT,RNA_STRUCTURE,STRUCTURE,STEM,D.melanogaster::MFE::STEM_0092,29A_2_01A_Structural_Mapping,A_nucleotide_structure_annotation.csv,,875,876,2,TT,forward,1221,1222,1221.5,VALID,STEM,True,FINAL,,,,,,,,,,875.0,876.0,FULLY_MAPPED,875.0,876.0,FULLY_MAPPED,1058.0,1058.0,PARTIALLY_GAPPED,,,,,,,,,MFE,STEM_0092,2.0,,,,,,,,,,,,STRUCTURAL_CONTEXT_ONLY,
Ras85D_CTX_MEL_MFE_INTERNAL_LOOP_0048,Ras85D_HO_00629,D.melanogaster,STRUCTURE_SEGMENT,RNA_STRUCTURE,STRUCTURE,INTERNAL_LOOP,D.melanogaster::MFE::INTERNAL_LOOP_0048,29A_2_01A_Structural_Mapping,A_nucleotide_structure_annotation.csv,,877,879,3,AAT,forward,1223,1225,1224.0,VALID,INTERNAL_LOOP,True,FINAL,,,,,,,,,,877.0,879.0,FULLY_MAPPED,877.0,879.0,FULLY_MAPPED,1059.0,1061.0,FULLY_MAPPED,,,,,,,,,MFE,INTERNAL_LOOP_0048,3.0,,,,,,,,,,,,STRUCTURAL_CONTEXT_ONLY,
Ras85D_CTX_MEL_MFE_STEM_0093,Ras85D_HO_00746,D.melanogaster,STRUCTURE_SEGMENT,RNA_STRUCTURE,STRUCTURE,STEM,D.melanogaster::MFE::STEM_0093,29A_2_01A_Structural_Mapping,A_nucleotide_structure_annotation.csv,,880,884,5,ATTTA,forward,1226,1230,1228.0,VALID,STEM,True,FINAL,,,,,,,,,,880.0,884.0,FULLY_MAPPED,880.0,884.0,FULLY_MAPPED,1062.0,1066.0,FULLY_MAPPED,,,,,,,,,MFE,STEM_0093,5.0,,,,,,,,,,,,STRUCTURAL_CONTEXT_ONLY,
Ras85D_CTX_MEL_MFE_BULGE_0013,Ras85D_HO_00564,D.melanogaster,STRUCTURE_SEGMENT,RNA_STRUCTURE,STRUCTURE,BULGE,D.melanogaster::MFE::BULGE_0013,29A_2_01A_Structural_Mapping,A_nucleotide_structure_annotation.csv,,885,887,3,ATT,forward,1231,1234,1232.5,VALID,BULGE,True,FINAL,,,,,,,,,,885.0,887.0,PARTIALLY_GAPPED,885.0,887.0,PARTIALLY_GAPPED,1067.0,1070.0,FULLY_MAPPED,,,,,,,,,MFE,BULGE_0013,3.0,,,,,,,,,,,,STRUCTURAL_CONTEXT_ONLY,
Ras85D_CTX_MEL_MFE_STEM_0094,Ras85D_HO_00747,D.melanogaster,STRUCTURE_SEGMENT,RNA_STRUCTURE,STRUCTURE,STEM,D.melanogaster::MFE::STEM_0094,29A_2_01A_Structural_Mapping,A_nucleotide_structure_annotation.csv,,888,893,6,TTTTGT,forward,1235,1240,1237.5,VALID,STEM,True,FINAL,,,,,,,,,,888.0,893.0,FULLY_MAPPED,888.0,893.0,FULLY_MAPPED,1071.0,1076.0,FULLY_MAPPED,,,,,,,,,MFE,STEM_0094,6.0,,,,,,,,,,,,STRUCTURAL_CONTEXT_ONLY,
Ras85D_CTX_MEL_MFE_INTERNAL_LOOP_0049,Ras85D_HO_00630,D.melanogaster,STRUCTURE_SEGMENT,RNA_STRUCTURE,STRUCTURE,INTERNAL_LOOP,D.melanogaster::MFE::INTERNAL_LOOP_0049,29A_2_01A_Structural_Mapping,A_nucleotide_structure_annotation.csv,,894,898,5,ATTAA,forward,1241,1245,1243.0,VALID,INTERNAL_LOOP,True,FINAL,,,,,,,,,,894.0,898.0,FULLY_MAPPED,894.0,898.0,FULLY_MAPPED,1077.0,1081.0,FULLY_MAPPED,,,,,,,,,MFE,INTERNAL_LOOP_0049,5.0,,,,,,,,,,,,STRUCTURAL_CONTEXT_ONLY,
Ras85D_CTX_MEL_MFE_STEM_0095,Ras85D_HO_00748,D.melanogaster,STRUCTURE_SEGMENT,RNA_STRUCTURE,STRUCTURE,STEM,D.melanogaster::MFE::STEM_0095,29A_2_01A_Structural_Mapping,A_nucleotide_structure_annotation.csv,,899,904,6,TTTTTG,forward,1246,1251,1248.5,VALID,STEM,True,FINAL,,,,,,,,,,899.0,904.0,FULLY_MAPPED,899.0,904.0,FULLY_MAPPED,1082.0,1087.0,FULLY_MAPPED,,,,,,,,,MFE,STEM_0095,6.0,,,,,,,,,,,,STRUCTURAL_CONTEXT_ONLY,
Ras85D_CTX_MEL_MFE_HAIRPIN_LOOP_0015,Ras85D_HO_00581,D.melanogaster,STRUCTURE_SEGMENT,RNA_STRUCTURE,STRUCTURE,HAIRPIN_LOOP,D.melanogaster::MFE::HAIRPIN_LOOP_0015,29A_2_01A_Structural_Mapping,A_nucleotide_structure_annotation.csv,,905,909,5,CCATA,forward,1252,1256,1254.0,VALID,HAIRPIN_LOOP,True,FINAL,,,,,,,,,,905.0,909.0,FULLY_MAPPED,905.0,909.0,FULLY_MAPPED,1088.0,1092.0,FULLY_MAPPED,,,,,,,,,MFE,HAIRPIN_LOOP_0015,5.0,,,,,,,,,,,,STRUCTURAL_CONTEXT_ONLY,
Ras85D_CTX_MEL_MFE_STEM_0096,Ras85D_HO_00749,D.melanogaster,STRUCTURE_SEGMENT,RNA_STRUCTURE,STRUCTURE,STEM,D.melanogaster::MFE::STEM_0096,29A_2_01A_Structural_Mapping,A_nucleotide_structure_annotation.csv,,910,915,6,CAAAAA,forward,1257,1262,1259.5,VALID,STEM,True,FINAL,,,,,,,,,,910.0,915.0,FULLY_MAPPED,910.0,915.0,FULLY_MAPPED,1093.0,1098.0,FULLY_MAPPED,,,,,,,,,MFE,STEM_0096,6.0,,,,,,,,,,,,STRUCTURAL_CONTEXT_ONLY,
Ras85D_CTX_MEL_MFE_INTERNAL_LOOP_0050,Ras85D_HO_00631,D.melanogaster,STRUCTURE_SEGMENT,RNA_STRUCTURE,STRUCTURE,INTERNAL_LOOP,D.melanogaster::MFE::INTERNAL_LOOP_0050,29A_2_01A_Structural_Mapping,A_nucleotide_structure_annotation.csv,,916,918,3,GAA,forward,1263,1265,1264.0,VALID,INTERNAL_LOOP,True,FINAL,,,,,,,,,,916.0,918.0,FULLY_MAPPED,916.0,918.0,FULLY_MAPPED,1099.0,1101.0,FULLY_MAPPED,,,,,,,,,MFE,INTERNAL_LOOP_0050,3.0,,,,,,,,,,,,STRUCTURAL_CONTEXT_ONLY,
Ras85D_CTX_MEL_MFE_STEM_0097,Ras85D_HO_00750,D.melanogaster,STRUCTURE_SEGMENT,RNA_STRUCTURE,STRUCTURE,STEM,D.melanogaster::MFE::STEM_0097,29A_2_01A_Structural_Mapping,A_nucleotide_structure_annotation.csv,,919,929,11,ACGAAATAAAT,forward,1266,1276,1271.0,VALID,STEM,True,FINAL,,,,,,,,,,919.0,929.0,FULLY_MAPPED,919.0,929.0,FULLY_MAPPED,1102.0,1112.0,FULLY_MAPPED,,,,,,,,,MFE,STEM_0097,11.0,,,,,,,,,,,,STRUCTURAL_CONTEXT_ONLY,
Ras85D_CTX_MEL_MFE_INTERNAL_LOOP_0051,Ras85D_HO_00632,D.melanogaster,STRUCTURE_SEGMENT,RNA_STRUCTURE,STRUCTURE,INTERNAL_LOOP,D.melanogaster::MFE::INTERNAL_LOOP_0051,29A_2_01A_Structural_Mapping,A_nucleotide_structure_annotation.csv,,930,930,1,C,forward,1277,1277,1277.0,VALID,INTERNAL_LOOP,True,FINAL,,,,,,,,,,930.0,930.0,FULLY_MAPPED,930.0,930.0,FULLY_MAPPED,1113.0,1113.0,FULLY_MAPPED,,,,,,,,,MFE,INTERNAL_LOOP_0051,1.0,,,,,,,,,,,,STRUCTURAL_CONTEXT_ONLY,
Ras85D_CTX_MEL_MFE_STEM_0098,Ras85D_HO_00751,D.melanogaster,STRUCTURE_SEGMENT,RNA_STRUCTURE,STRUCTURE,STEM,D.melanogaster::MFE::STEM_0098,29A_2_01A_Structural_Mapping,A_nucleotide_structure_annotation.csv,,931,932,2,GA,forward,1278,1279,1278.5,VALID,STEM,True,FINAL,,,,,,,,,,931.0,932.0,FULLY_MAPPED,931.0,932.0,FULLY_MAPPED,1114.0,1115.0,FULLY_MAPPED,,,,,,,,,MFE,STEM_0098,2.0,,,,,,,,,,,,STRUCTURAL_CONTEXT_ONLY,
Ras85D_CTX_MEL_MFE_INTERNAL_LOOP_0052,Ras85D_HO_00633,D.melanogaster,STRUCTURE_SEGMENT,RNA_STRUCTURE,STRUCTURE,INTERNAL_LOOP,D.melanogaster::MFE::INTERNAL_LOOP_0052,29A_2_01A_Structural_Mapping,A_nucleotide_structure_annotation.csv,,933,933,1,T,forward,1280,1280,1280.0,VALID,INTERNAL_LOOP,True,FINAL,,,,,,,,,,933.0,933.0,FULLY_MAPPED,933.0,933.0,FULLY_MAPPED,1116.0,1116.0,FULLY_MAPPED,,,,,,,,,MFE,INTERNAL_LOOP_0052,1.0,,,,,,,,,,,,STRUCTURAL_CONTEXT_ONLY,
Ras85D_CTX_MEL_MFE_STEM_0099,Ras85D_HO_00752,D.melanogaster,STRUCTURE_SEGMENT,RNA_STRUCTURE,STRUCTURE,STEM,D.melanogaster::MFE::STEM_0099,29A_2_01A_Structural_Mapping,A_nucleotide_structure_annotation.csv,,934,941,8,TGTGTGTA,forward,1281,1288,1284.5,VALID,STEM,True,FINAL,,,,,,,,,,934.0,941.0,FULLY_MAPPED,934.0,941.0,FULLY_MAPPED,1117.0,1124.0,FULLY_MAPPED,,,,,,,,,MFE,STEM_0099,8.0,,,,,,,,,,,,STRUCTURAL_CONTEXT_ONLY,
Ras85D_CTX_MEL_MFE_INTERNAL_LOOP_0053,Ras85D_HO_00634,D.melanogaster,STRUCTURE_SEGMENT,RNA_STRUCTURE,STRUCTURE,INTERNAL_LOOP,D.melanogaster::MFE::INTERNAL_LOOP_0053,29A_2_01A_Structural_Mapping,A_nucleotide_structure_annotation.csv,,942,942,1,C,forward,1289,1289,1289.0,VALID,INTERNAL_LOOP,True,FINAL,,,,,,,,,,942.0,942.0,FULLY_MAPPED,942.0,942.0,FULLY_MAPPED,1125.0,1125.0,FULLY_MAPPED,,,,,,,,,MFE,INTERNAL_LOOP_0053,1.0,,,,,,,,,,,,STRUCTURAL_CONTEXT_ONLY,
Ras85D_CTX_MEL_MFE_STEM_0100,Ras85D_HO_00753,D.melanogaster,STRUCTURE_SEGMENT,RNA_STRUCTURE,STRUCTURE,STEM,D.melanogaster::MFE::STEM_0100,29A_2_01A_Structural_Mapping,A_nucleotide_structure_annotation.csv,,943,945,3,TAT,forward,1290,1292,1291.0,VALID,STEM,True,FINAL,,,,,,,,,,943.0,945.0,FULLY_MAPPED,943.0,945.0,FULLY_MAPPED,1126.0,1127.0,PARTIALLY_GAPPED,,,,,,,,,MFE,STEM_0100,3.0,,,,,,,,,,,,STRUCTURAL_CONTEXT_ONLY,
Ras85D_CTX_MEL_MFE_INTERNAL_LOOP_0054,Ras85D_HO_00635,D.melanogaster,STRUCTURE_SEGMENT,RNA_STRUCTURE,STRUCTURE,INTERNAL_LOOP,D.melanogaster::MFE::INTERNAL_LOOP_0054,29A_2_01A_Structural_Mapping,A_nucleotide_structure_annotation.csv,,946,946,1,T,forward,1293,1293,1293.0,VALID,INTERNAL_LOOP,True,FINAL,,,,,,,,,,946.0,946.0,FULLY_MAPPED,946.0,946.0,FULLY_MAPPED,1128.0,1128.0,FULLY_MAPPED,,,,,,,,,MFE,INTERNAL_LOOP_0054,1.0,,,,,,,,,,,,STRUCTURAL_CONTEXT_ONLY,
Ras85D_CTX_MEL_MFE_STEM_0101,Ras85D_HO_00754,D.melanogaster,STRUCTURE_SEGMENT,RNA_STRUCTURE,STRUCTURE,STEM,D.melanogaster::MFE::STEM_0101,29A_2_01A_Structural_Mapping,A_nucleotide_structure_annotation.csv,,947,960,14,TATGAAAAGTGGTT,forward,1294,1307,1300.5,VALID,STEM,True,FINAL,,,,,,,,,,947.0,960.0,FULLY_MAPPED,947.0,960.0,FULLY_MAPPED,1129.0,1142.0,FULLY_MAPPED,,,,,,,,,MFE,STEM_0101,14.0,,,,,,,,,,,,STRUCTURAL_CONTEXT_ONLY,
Ras85D_CTX_MEL_MFE_EXTERIOR_0002,Ras85D_HO_00566,D.melanogaster,STRUCTURE_SEGMENT,RNA_STRUCTURE,STRUCTURE,EXTERIOR,D.melanogaster::MFE::EXTERIOR_0002,29A_2_01A_Structural_Mapping,A_nucleotide_structure_annotation.csv,,961,964,4,TTAG,forward,1308,1311,1309.5,VALID,EXTERIOR,True,FINAL,,,,,,,,,,961.0,964.0,FULLY_MAPPED,961.0,964.0,FULLY_MAPPED,1143.0,1146.0,FULLY_MAPPED,,,,,,,,,MFE,EXTERIOR_0002,4.0,,,,,,,,,,,,STRUCTURAL_CONTEXT_ONLY,
Ras85D_CTX_YAK_CENTROID_EXTERIOR_0001,Ras85D_HO_01197,D.yakuba,STRUCTURE_SEGMENT,RNA_STRUCTURE,STRUCTURE,EXTERIOR,D.yakuba::Centroid::EXTERIOR_0001,29A_2_01A_Structural_Mapping,A_nucleotide_structure_annotation.csv,,1,2,2,AC,forward,2,3,2.5,VALID,EXTERIOR,True,FINAL,,,,,,,,,,1.0,2.0,FULLY_MAPPED,1.0,2.0,FULLY_MAPPED,1.0,2.0,FULLY_MAPPED,,,,,,,,,Centroid,EXTERIOR_0001,2.0,,,,,,,,,,,,STRUCTURAL_CONTEXT_ONLY,
Ras85D_CTX_YAK_CENTROID_STEM_0001,Ras85D_HO_01257,D.yakuba,STRUCTURE_SEGMENT,RNA_STRUCTURE,STRUCTURE,STEM,D.yakuba::Centroid::STEM_0001,29A_2_01A_Structural_Mapping,A_nucleotide_structure_annotation.csv,,3,14,12,GGCCTCGCATTG,forward,4,15,9.5,VALID,STEM,True,FINAL,,,,,,,,,,3.0,14.0,FULLY_MAPPED,3.0,14.0,FULLY_MAPPED,3.0,10.0,PARTIALLY_GAPPED,,,,,,,,,Centroid,STEM_0001,12.0,,,,,,,,,,,,STRUCTURAL_CONTEXT_ONLY,
Ras85D_CTX_YAK_CENTROID_MULTILOOP_0001,Ras85D_HO_01237,D.yakuba,STRUCTURE_SEGMENT,RNA_STRUCTURE,STRUCTURE,MULTILOOP,D.yakuba::Centroid::MULTILOOP_0001,29A_2_01A_Structural_Mapping,A_nucleotide_structure_annotation.csv,,15,67,53,GTTATTATTCACTTTTTATTTCTTCAAATGTCGCCTGTTTGTCTGTATGTGCG,forward,16,68,42.0,VALID,MULTILOOP,True,FINAL,,,,,,,,,,15.0,67.0,FULLY_MAPPED,15.0,67.0,FULLY_MAPPED,11.0,59.0,PARTIALLY_GAPPED,,,,,,,,,Centroid,MULTILOOP_0001,53.0,,,,,,,,,,,,STRUCTURAL_CONTEXT_ONLY,
Ras85D_CTX_YAK_CENTROID_STEM_0002,Ras85D_HO_01258,D.yakuba,STRUCTURE_SEGMENT,RNA_STRUCTURE,STRUCTURE,STEM,D.yakuba::Centroid::STEM_0002,29A_2_01A_Structural_Mapping,A_nucleotide_structure_annotation.csv,,68,73,6,TCGGCG,forward,69,74,71.5,VALID,STEM,True,FINAL,,,,,,,,,,68.0,73.0,FULLY_MAPPED,68.0,73.0,FULLY_MAPPED,60.0,65.0,FULLY_MAPPED,,,,,,,,,Centroid,STEM_0002,6.0,,,,,,,,,,,,STRUCTURAL_CONTEXT_ONLY,
Ras85D_CTX_YAK_CENTROID_HAIRPIN_LOOP_0001,Ras85D_HO_01199,D.yakuba,STRUCTURE_SEGMENT,RNA_STRUCTURE,STRUCTURE,HAIRPIN_LOOP,D.yakuba::Centroid::HAIRPIN_LOOP_0001,29A_2_01A_Structural_Mapping,A_nucleotide_structure_annotation.csv,,74,76,3,GAT,forward,75,77,76.0,VALID,HAIRPIN_LOOP,True,FINAL,,,,,,,,,,74.0,76.0,FULLY_MAPPED,74.0,76.0,FULLY_MAPPED,66.0,68.0,FULLY_MAPPED,,,,,,,,,Centroid,HAIRPIN_LOOP_0001,3.0,,,,,,,,,,,,STRUCTURAL_CONTEXT_ONLY,
Ras85D_CTX_YAK_CENTROID_STEM_0003,Ras85D_HO_01259,D.yakuba,STRUCTURE_SEGMENT,RNA_STRUCTURE,STRUCTURE,STEM,D.yakuba::Centroid::STEM_0003,29A_2_01A_Structural_Mapping,A_nucleotide_structure_annotation.csv,,77,82,6,CGCCGA,forward,78,83,80.5,VALID,STEM,True,FINAL,,,,,,,,,,77.0,82.0,FULLY_MAPPED,77.0,82.0,FULLY_MAPPED,69.0,73.0,PARTIALLY_GAPPED,,,,,,,,,Centroid,STEM_0003,6.0,,,,,,,,,,,,STRUCTURAL_CONTEXT_ONLY,
Ras85D_CTX_YAK_CENTROID_MULTILOOP_0002,Ras85D_HO_01238,D.yakuba,STRUCTURE_SEGMENT,RNA_STRUCTURE,STRUCTURE,MULTILOOP,D.yakuba::Centroid::MULTILOOP_0002,29A_2_01A_Structural_Mapping,A_nucleotide_structure_annotation.csv,,83,83,1,T,forward,84,84,84.0,VALID,MULTILOOP,True,FINAL,,,,,,,,,,83.0,83.0,FULLY_MAPPED,83.0,83.0,FULLY_MAPPED,74.0,74.0,FULLY_MAPPED,,,,,,,,,Centroid,MULTILOOP_0002,1.0,,,,,,,,,,,,STRUCTURAL_CONTEXT_ONLY,
Ras85D_CTX_YAK_CENTROID_STEM_0004,Ras85D_HO_01260,D.yakuba,STRUCTURE_SEGMENT,RNA_STRUCTURE,STRUCTURE,STEM,D.yakuba::Centroid::STEM_0004,29A_2_01A_Structural_Mapping,A_nucleotide_structure_annotation.csv,,84,87,4,CGTC,forward,85,88,86.5,VALID,STEM,True,FINAL,,,,,,,,,,84.0,87.0,FULLY_MAPPED,84.0,87.0,FULLY_MAPPED,75.0,78.0,FULLY_MAPPED,,,,,,,,,Centroid,STEM_0004,4.0,,,,,,,,,,,,STRUCTURAL_CONTEXT_ONLY,
Ras85D_CTX_YAK_CENTROID_HAIRPIN_LOOP_0002,Ras85D_HO_01200,D.yakuba,STRUCTURE_SEGMENT,RNA_STRUCTURE,STRUCTURE,HAIRPIN_LOOP,D.yakuba::Centroid::HAIRPIN_LOOP_0002,29A_2_01A_Structural_Mapping,A_nucleotide_structure_annotation.csv,,88,95,8,CCGGAATC,forward,89,118,103.5,VALID,HAIRPIN_LOOP,True,FINAL,,,,,,,,,,88.0,95.0,PARTIALLY_GAPPED,88.0,95.0,PARTIALLY_GAPPED,79.0,108.0,FULLY_MAPPED,,,,,,,,,Centroid,HAIRPIN_LOOP_0002,8.0,,,,,,,,,,,,STRUCTURAL_CONTEXT_ONLY,
Ras85D_CTX_YAK_CENTROID_STEM_0005,Ras85D_HO_01261,D.yakuba,STRUCTURE_SEGMENT,RNA_STRUCTURE,STRUCTURE,STEM,D.yakuba::Centroid::STEM_0005,29A_2_01A_Structural_Mapping,A_nucleotide_structure_annotation.csv,,96,101,6,GATGGT,forward,119,124,121.5,VALID,STEM,True,FINAL,,,,,,,,,,96.0,101.0,FULLY_MAPPED,96.0,101.0,FULLY_MAPPED,109.0,114.0,FULLY_MAPPED,,,,,,,,,Centroid,STEM_0005,6.0,,,,,,,,,,,,STRUCTURAL_CONTEXT_ONLY,
Ras85D_CTX_YAK_CENTROID_INTERNAL_LOOP_0001,Ras85D_HO_01215,D.yakuba,STRUCTURE_SEGMENT,RNA_STRUCTURE,STRUCTURE,INTERNAL_LOOP,D.yakuba::Centroid::INTERNAL_LOOP_0001,29A_2_01A_Structural_Mapping,A_nucleotide_structure_annotation.csv,,102,102,1,T,forward,125,125,125.0,VALID,INTERNAL_LOOP,True,FINAL,,,,,,,,,,102.0,102.0,FULLY_MAPPED,102.0,102.0,FULLY_MAPPED,115.0,115.0,FULLY_MAPPED,,,,,,,,,Centroid,INTERNAL_LOOP_0001,1.0,,,,,,,,,,,,STRUCTURAL_CONTEXT_ONLY,
Ras85D_CTX_YAK_CENTROID_STEM_0006,Ras85D_HO_01262,D.yakuba,STRUCTURE_SEGMENT,RNA_STRUCTURE,STRUCTURE,STEM,D.yakuba::Centroid::STEM_0006,29A_2_01A_Structural_Mapping,A_nucleotide_structure_annotation.csv,,103,108,6,TGTCCA,forward,126,140,133.0,VALID,STEM,True,FINAL,,,,,,,,,,103.0,108.0,PARTIALLY_GAPPED,103.0,108.0,PARTIALLY_GAPPED,116.0,130.0,FULLY_MAPPED,,,,,,,,,Centroid,STEM_0006,6.0,,,,,,,,,,,,STRUCTURAL_CONTEXT_ONLY,
Ras85D_CTX_YAK_CENTROID_HAIRPIN_LOOP_0003,Ras85D_HO_01201,D.yakuba,STRUCTURE_SEGMENT,RNA_STRUCTURE,STRUCTURE,HAIRPIN_LOOP,D.yakuba::Centroid::HAIRPIN_LOOP_0003,29A_2_01A_Structural_Mapping,A_nucleotide_structure_annotation.csv,,109,111,3,TTT,forward,141,143,142.0,VALID,HAIRPIN_LOOP,True,FINAL,,,,,,,,,,109.0,111.0,FULLY_MAPPED,109.0,111.0,FULLY_MAPPED,131.0,133.0,FULLY_MAPPED,,,,,,,,,Centroid,HAIRPIN_LOOP_0003,3.0,,,,,,,,,,,,STRUCTURAL_CONTEXT_ONLY,
Ras85D_CTX_YAK_CENTROID_STEM_0007,Ras85D_HO_01263,D.yakuba,STRUCTURE_SEGMENT,RNA_STRUCTURE,STRUCTURE,STEM,D.yakuba::Centroid::STEM_0007,29A_2_01A_Structural_Mapping,A_nucleotide_structure_annotation.csv,,112,117,6,TGGACA,forward,144,157,150.5,VALID,STEM,True,FINAL,,,,,,,,,,112.0,117.0,PARTIALLY_GAPPED,112.0,117.0,PARTIALLY_GAPPED,134.0,147.0,FULLY_MAPPED,,,,,,,,,Centroid,STEM_0007,6.0,,,,,,,,,,,,STRUCTURAL_CONTEXT_ONLY,
Ras85D_CTX_YAK_CENTROID_INTERNAL_LOOP_0002,Ras85D_HO_01216,D.yakuba,STRUCTURE_SEGMENT,RNA_STRUCTURE,STRUCTURE,INTERNAL_LOOP,D.yakuba::Centroid::INTERNAL_LOOP_0002,29A_2_01A_Structural_Mapping,A_nucleotide_structure_annotation.csv,,118,118,1,C,forward,158,158,158.0,VALID,INTERNAL_LOOP,True,FINAL,,,,,,,,,,118.0,118.0,FULLY_MAPPED,118.0,118.0,FULLY_MAPPED,148.0,148.0,FULLY_MAPPED,,,,,,,,,Centroid,INTERNAL_LOOP_0002,1.0,,,,,,,,,,,,STRUCTURAL_CONTEXT_ONLY,
Ras85D_CTX_YAK_CENTROID_STEM_0008,Ras85D_HO_01264,D.yakuba,STRUCTURE_SEGMENT,RNA_STRUCTURE,STRUCTURE,STEM,D.yakuba::Centroid::STEM_0008,29A_2_01A_Structural_Mapping,A_nucleotide_structure_annotation.csv,,119,120,2,AC,forward,159,160,159.5,VALID,STEM,True,FINAL,,,,,,,,,,119.0,120.0,FULLY_MAPPED,119.0,120.0,FULLY_MAPPED,149.0,150.0,FULLY_MAPPED,,,,,,,,,Centroid,STEM_0008,2.0,,,,,,,,,,,,STRUCTURAL_CONTEXT_ONLY,
Ras85D_CTX_YAK_CENTROID_MULTILOOP_0003,Ras85D_HO_01239,D.yakuba,STRUCTURE_SEGMENT,RNA_STRUCTURE,STRUCTURE,MULTILOOP,D.yakuba::Centroid::MULTILOOP_0003,29A_2_01A_Structural_Mapping,A_nucleotide_structure_annotation.csv,,121,127,7,AATGCGA,forward,161,168,164.5,VALID,MULTILOOP,True,FINAL,,,,,,,,,,121.0,127.0,PARTIALLY_GAPPED,121.0,127.0,PARTIALLY_GAPPED,151.0,157.0,PARTIALLY_GAPPED,,,,,,,,,Centroid,MULTILOOP_0003,7.0,,,,,,,,,,,,STRUCTURAL_CONTEXT_ONLY,
Ras85D_CTX_YAK_CENTROID_STEM_0009,Ras85D_HO_01265,D.yakuba,STRUCTURE_SEGMENT,RNA_STRUCTURE,STRUCTURE,STEM,D.yakuba::Centroid::STEM_0009,29A_2_01A_Structural_Mapping,A_nucleotide_structure_annotation.csv,,128,140,13,AAAACACACACAT,forward,169,181,175.0,VALID,STEM,True,FINAL,,,,,,,,,,128.0,140.0,FULLY_MAPPED,128.0,140.0,FULLY_MAPPED,158.0,170.0,FULLY_MAPPED,,,,,,,,,Centroid,STEM_0009,13.0,,,,,,,,,,,,STRUCTURAL_CONTEXT_ONLY,
Ras85D_CTX_YAK_CENTROID_INTERNAL_LOOP_0003,Ras85D_HO_01217,D.yakuba,STRUCTURE_SEGMENT,RNA_STRUCTURE,STRUCTURE,INTERNAL_LOOP,D.yakuba::Centroid::INTERNAL_LOOP_0003,29A_2_01A_Structural_Mapping,A_nucleotide_structure_annotation.csv,,141,143,3,GTG,forward,182,194,188.0,VALID,INTERNAL_LOOP,True,FINAL,,,,,,,,,,141.0,143.0,PARTIALLY_GAPPED,141.0,143.0,PARTIALLY_GAPPED,171.0,183.0,FULLY_MAPPED,,,,,,,,,Centroid,INTERNAL_LOOP_0003,3.0,,,,,,,,,,,,STRUCTURAL_CONTEXT_ONLY,
Ras85D_CTX_YAK_CENTROID_STEM_0010,Ras85D_HO_01266,D.yakuba,STRUCTURE_SEGMENT,RNA_STRUCTURE,STRUCTURE,STEM,D.yakuba::Centroid::STEM_0010,29A_2_01A_Structural_Mapping,A_nucleotide_structure_annotation.csv,,144,150,7,GGAGCGT,forward,195,201,198.0,VALID,STEM,True,FINAL,,,,,,,,,,144.0,150.0,FULLY_MAPPED,144.0,150.0,FULLY_MAPPED,184.0,190.0,FULLY_MAPPED,,,,,,,,,Centroid,STEM_0010,7.0,,,,,,,,,,,,STRUCTURAL_CONTEXT_ONLY,
Ras85D_CTX_YAK_CENTROID_INTERNAL_LOOP_0004,Ras85D_HO_01218,D.yakuba,STRUCTURE_SEGMENT,RNA_STRUCTURE,STRUCTURE,INTERNAL_LOOP,D.yakuba::Centroid::INTERNAL_LOOP_0004,29A_2_01A_Structural_Mapping,A_nucleotide_structure_annotation.csv,,151,151,1,G,forward,202,202,202.0,VALID,INTERNAL_LOOP,True,FINAL,,,,,,,,,,151.0,151.0,FULLY_MAPPED,151.0,151.0,FULLY_MAPPED,191.0,191.0,FULLY_MAPPED,,,,,,,,,Centroid,INTERNAL_LOOP_0004,1.0,,,,,,,,,,,,STRUCTURAL_CONTEXT_ONLY,
Ras85D_CTX_YAK_CENTROID_STEM_0011,Ras85D_HO_01267,D.yakuba,STRUCTURE_SEGMENT,RNA_STRUCTURE,STRUCTURE,STEM,D.yakuba::Centroid::STEM_0011,29A_2_01A_Structural_Mapping,A_nucleotide_structure_annotation.csv,,152,156,5,TTGAT,forward,203,208,205.5,VALID,STEM,True,FINAL,,,,,,,,,,152.0,156.0,PARTIALLY_GAPPED,152.0,156.0,PARTIALLY_GAPPED,192.0,197.0,FULLY_MAPPED,,,,,,,,,Centroid,STEM_0011,5.0,,,,,,,,,,,,STRUCTURAL_CONTEXT_ONLY,
Ras85D_CTX_YAK_CENTROID_BULGE_0001,Ras85D_HO_01192,D.yakuba,STRUCTURE_SEGMENT,RNA_STRUCTURE,STRUCTURE,BULGE,D.yakuba::Centroid::BULGE_0001,29A_2_01A_Structural_Mapping,A_nucleotide_structure_annotation.csv,,157,158,2,CG,forward,209,210,209.5,VALID,BULGE,True,FINAL,,,,,,,,,,157.0,158.0,FULLY_MAPPED,157.0,158.0,FULLY_MAPPED,198.0,199.0,FULLY_MAPPED,,,,,,,,,Centroid,BULGE_0001,2.0,,,,,,,,,,,,STRUCTURAL_CONTEXT_ONLY,
Ras85D_CTX_YAK_CENTROID_STEM_0012,Ras85D_HO_01268,D.yakuba,STRUCTURE_SEGMENT,RNA_STRUCTURE,STRUCTURE,STEM,D.yakuba::Centroid::STEM_0012,29A_2_01A_Structural_Mapping,A_nucleotide_structure_annotation.csv,,159,163,5,GTGCA,forward,211,215,213.0,VALID,STEM,True,FINAL,,,,,,,,,,159.0,163.0,FULLY_MAPPED,159.0,163.0,FULLY_MAPPED,200.0,204.0,FULLY_MAPPED,,,,,,,,,Centroid,STEM_0012,5.0,,,,,,,,,,,,STRUCTURAL_CONTEXT_ONLY,
Ras85D_CTX_YAK_CENTROID_MULTILOOP_0004,Ras85D_HO_01240,D.yakuba,STRUCTURE_SEGMENT,RNA_STRUCTURE,STRUCTURE,MULTILOOP,D.yakuba::Centroid::MULTILOOP_0004,29A_2_01A_Structural_Mapping,A_nucleotide_structure_annotation.csv,,164,164,1,A,forward,216,216,216.0,VALID,MULTILOOP,True,FINAL,,,,,,,,,,164.0,164.0,FULLY_MAPPED,164.0,164.0,FULLY_MAPPED,205.0,205.0,FULLY_MAPPED,,,,,,,,,Centroid,MULTILOOP_0004,1.0,,,,,,,,,,,,STRUCTURAL_CONTEXT_ONLY,
Ras85D_CTX_YAK_CENTROID_STEM_0013,Ras85D_HO_01269,D.yakuba,STRUCTURE_SEGMENT,RNA_STRUCTURE,STRUCTURE,STEM,D.yakuba::Centroid::STEM_0013,29A_2_01A_Structural_Mapping,A_nucleotide_structure_annotation.csv,,165,169,5,TTGTC,forward,217,221,219.0,VALID,STEM,True,FINAL,,,,,,,,,,165.0,169.0,FULLY_MAPPED,165.0,169.0,FULLY_MAPPED,206.0,210.0,FULLY_MAPPED,,,,,,,,,Centroid,STEM_0013,5.0,,,,,,,,,,,,STRUCTURAL_CONTEXT_ONLY,
Ras85D_CTX_YAK_CENTROID_HAIRPIN_LOOP_0004,Ras85D_HO_01202,D.yakuba,STRUCTURE_SEGMENT,RNA_STRUCTURE,STRUCTURE,HAIRPIN_LOOP,D.yakuba::Centroid::HAIRPIN_LOOP_0004,29A_2_01A_Structural_Mapping,A_nucleotide_structure_annotation.csv,,170,177,8,AGATAAAA,forward,222,229,225.5,VALID,HAIRPIN_LOOP,True,FINAL,,,,,,,,,,170.0,177.0,FULLY_MAPPED,170.0,177.0,FULLY_MAPPED,211.0,218.0,FULLY_MAPPED,,,,,,,,,Centroid,HAIRPIN_LOOP_0004,8.0,,,,,,,,,,,,STRUCTURAL_CONTEXT_ONLY,
Ras85D_CTX_YAK_CENTROID_STEM_0014,Ras85D_HO_01270,D.yakuba,STRUCTURE_SEGMENT,RNA_STRUCTURE,STRUCTURE,STEM,D.yakuba::Centroid::STEM_0014,29A_2_01A_Structural_Mapping,A_nucleotide_structure_annotation.csv,,178,188,11,GATGAGAAATT,forward,230,240,235.0,VALID,STEM,True,FINAL,,,,,,,,,,178.0,188.0,FULLY_MAPPED,178.0,188.0,FULLY_MAPPED,219.0,228.0,PARTIALLY_GAPPED,,,,,,,,,Centroid,STEM_0014,11.0,,,,,,,,,,,,STRUCTURAL_CONTEXT_ONLY,
Ras85D_CTX_YAK_CENTROID_INTERNAL_LOOP_0005,Ras85D_HO_01219,D.yakuba,STRUCTURE_SEGMENT,RNA_STRUCTURE,STRUCTURE,INTERNAL_LOOP,D.yakuba::Centroid::INTERNAL_LOOP_0005,29A_2_01A_Structural_Mapping,A_nucleotide_structure_annotation.csv,,189,189,1,G,forward,241,241,241.0,VALID,INTERNAL_LOOP,True,FINAL,,,,,,,,,,189.0,189.0,FULLY_MAPPED,189.0,189.0,FULLY_MAPPED,229.0,229.0,FULLY_MAPPED,,,,,,,,,Centroid,INTERNAL_LOOP_0005,1.0,,,,,,,,,,,,STRUCTURAL_CONTEXT_ONLY,
Ras85D_CTX_YAK_CENTROID_STEM_0015,Ras85D_HO_01271,D.yakuba,STRUCTURE_SEGMENT,RNA_STRUCTURE,STRUCTURE,STEM,D.yakuba::Centroid::STEM_0015,29A_2_01A_Structural_Mapping,A_nucleotide_structure_annotation.csv,,190,191,2,TA,forward,242,243,242.5,VALID,STEM,True,FINAL,,,,,,,,,,190.0,191.0,FULLY_MAPPED,190.0,191.0,FULLY_MAPPED,230.0,231.0,FULLY_MAPPED,,,,,,,,,Centroid,STEM_0015,2.0,,,,,,,,,,,,STRUCTURAL_CONTEXT_ONLY,
Ras85D_CTX_YAK_CENTROID_INTERNAL_LOOP_0006,Ras85D_HO_01220,D.yakuba,STRUCTURE_SEGMENT,RNA_STRUCTURE,STRUCTURE,INTERNAL_LOOP,D.yakuba::Centroid::INTERNAL_LOOP_0006,29A_2_01A_Structural_Mapping,A_nucleotide_structure_annotation.csv,,192,193,2,AT,forward,244,245,244.5,VALID,INTERNAL_LOOP,True,FINAL,,,,,,,,,,192.0,193.0,FULLY_MAPPED,192.0,193.0,FULLY_MAPPED,232.0,233.0,FULLY_MAPPED,,,,,,,,,Centroid,INTERNAL_LOOP_0006,2.0,,,,,,,,,,,,STRUCTURAL_CONTEXT_ONLY,
Ras85D_CTX_YAK_CENTROID_STEM_0016,Ras85D_HO_01272,D.yakuba,STRUCTURE_SEGMENT,RNA_STRUCTURE,STRUCTURE,STEM,D.yakuba::Centroid::STEM_0016,29A_2_01A_Structural_Mapping,A_nucleotide_structure_annotation.csv,,194,194,1,T,forward,246,246,246.0,VALID,STEM,True,FINAL,,,,,,,,,,194.0,194.0,FULLY_MAPPED,194.0,194.0,FULLY_MAPPED,234.0,234.0,FULLY_MAPPED,,,,,,,,,Centroid,STEM_0016,1.0,,,,,,,,,,,,STRUCTURAL_CONTEXT_ONLY,
Ras85D_CTX_YAK_CENTROID_HAIRPIN_LOOP_0005,Ras85D_HO_01203,D.yakuba,STRUCTURE_SEGMENT,RNA_STRUCTURE,STRUCTURE,HAIRPIN_LOOP,D.yakuba::Centroid::HAIRPIN_LOOP_0005,29A_2_01A_Structural_Mapping,A_nucleotide_structure_annotation.csv,,195,203,9,AATTTAAGT,forward,247,255,251.0,VALID,HAIRPIN_LOOP,True,FINAL,,,,,,,,,,195.0,203.0,FULLY_MAPPED,195.0,203.0,FULLY_MAPPED,235.0,243.0,FULLY_MAPPED,,,,,,,,,Centroid,HAIRPIN_LOOP_0005,9.0,,,,,,,,,,,,STRUCTURAL_CONTEXT_ONLY,
Ras85D_CTX_YAK_CENTROID_STEM_0017,Ras85D_HO_01273,D.yakuba,STRUCTURE_SEGMENT,RNA_STRUCTURE,STRUCTURE,STEM,D.yakuba::Centroid::STEM_0017,29A_2_01A_Structural_Mapping,A_nucleotide_structure_annotation.csv,,204,204,1,A,forward,256,256,256.0,VALID,STEM,True,FINAL,,,,,,,,,,204.0,204.0,FULLY_MAPPED,204.0,204.0,FULLY_MAPPED,244.0,244.0,FULLY_MAPPED,,,,,,,,,Centroid,STEM_0017,1.0,,,,,,,,,,,,STRUCTURAL_CONTEXT_ONLY,
Ras85D_CTX_YAK_CENTROID_INTERNAL_LOOP_0007,Ras85D_HO_01221,D.yakuba,STRUCTURE_SEGMENT,RNA_STRUCTURE,STRUCTURE,INTERNAL_LOOP,D.yakuba::Centroid::INTERNAL_LOOP_0007,29A_2_01A_Structural_Mapping,A_nucleotide_structure_annotation.csv,,205,206,2,AC,forward,257,258,257.5,VALID,INTERNAL_LOOP,True,FINAL,,,,,,,,,,205.0,206.0,FULLY_MAPPED,205.0,206.0,FULLY_MAPPED,245.0,246.0,FULLY_MAPPED,,,,,,,,,Centroid,INTERNAL_LOOP_0007,2.0,,,,,,,,,,,,STRUCTURAL_CONTEXT_ONLY,
Ras85D_CTX_YAK_CENTROID_STEM_0018,Ras85D_HO_01274,D.yakuba,STRUCTURE_SEGMENT,RNA_STRUCTURE,STRUCTURE,STEM,D.yakuba::Centroid::STEM_0018,29A_2_01A_Structural_Mapping,A_nucleotide_structure_annotation.csv,,207,208,2,TA,forward,259,260,259.5,VALID,STEM,True,FINAL,,,,,,,,,,207.0,208.0,FULLY_MAPPED,207.0,208.0,FULLY_MAPPED,247.0,248.0,FULLY_MAPPED,,,,,,,,,Centroid,STEM_0018,2.0,,,,,,,,,,,,STRUCTURAL_CONTEXT_ONLY,
Ras85D_CTX_YAK_CENTROID_INTERNAL_LOOP_0008,Ras85D_HO_01222,D.yakuba,STRUCTURE_SEGMENT,RNA_STRUCTURE,STRUCTURE,INTERNAL_LOOP,D.yakuba::Centroid::INTERNAL_LOOP_0008,29A_2_01A_Structural_Mapping,A_nucleotide_structure_annotation.csv,,209,209,1,G,forward,261,261,261.0,VALID,INTERNAL_LOOP,True,FINAL,,,,,,,,,,209.0,209.0,FULLY_MAPPED,209.0,209.0,FULLY_MAPPED,249.0,249.0,FULLY_MAPPED,,,,,,,,,Centroid,INTERNAL_LOOP_0008,1.0,,,,,,,,,,,,STRUCTURAL_CONTEXT_ONLY,
Ras85D_CTX_YAK_CENTROID_STEM_0019,Ras85D_HO_01275,D.yakuba,STRUCTURE_SEGMENT,RNA_STRUCTURE,STRUCTURE,STEM,D.yakuba::Centroid::STEM_0019,29A_2_01A_Structural_Mapping,A_nucleotide_structure_annotation.csv,,210,215,6,AGTTTT,forward,262,267,264.5,VALID,STEM,True,FINAL,,,,,,,,,,210.0,215.0,FULLY_MAPPED,210.0,215.0,FULLY_MAPPED,250.0,255.0,FULLY_MAPPED,,,,,,,,,Centroid,STEM_0019,6.0,,,,,,,,,,,,STRUCTURAL_CONTEXT_ONLY,
Ras85D_CTX_YAK_CENTROID_MULTILOOP_0005,Ras85D_HO_01241,D.yakuba,STRUCTURE_SEGMENT,RNA_STRUCTURE,STRUCTURE,MULTILOOP,D.yakuba::Centroid::MULTILOOP_0005,29A_2_01A_Structural_Mapping,A_nucleotide_structure_annotation.csv,,216,216,1,A,forward,268,268,268.0,VALID,MULTILOOP,True,FINAL,,,,,,,,,,216.0,216.0,FULLY_MAPPED,216.0,216.0,FULLY_MAPPED,256.0,256.0,FULLY_MAPPED,,,,,,,,,Centroid,MULTILOOP_0005,1.0,,,,,,,,,,,,STRUCTURAL_CONTEXT_ONLY,
Ras85D_CTX_YAK_CENTROID_STEM_0020,Ras85D_HO_01276,D.yakuba,STRUCTURE_SEGMENT,RNA_STRUCTURE,STRUCTURE,STEM,D.yakuba::Centroid::STEM_0020,29A_2_01A_Structural_Mapping,A_nucleotide_structure_annotation.csv,,217,226,10,TGTACGTCGA,forward,270,279,274.5,VALID,STEM,True,FINAL,,,,,,,,,,217.0,226.0,FULLY_MAPPED,217.0,226.0,FULLY_MAPPED,258.0,267.0,FULLY_MAPPED,,,,,,,,,Centroid,STEM_0020,10.0,,,,,,,,,,,,STRUCTURAL_CONTEXT_ONLY,
Ras85D_CTX_YAK_CENTROID_INTERNAL_LOOP_0009,Ras85D_HO_01223,D.yakuba,STRUCTURE_SEGMENT,RNA_STRUCTURE,STRUCTURE,INTERNAL_LOOP,D.yakuba::Centroid::INTERNAL_LOOP_0009,29A_2_01A_Structural_Mapping,A_nucleotide_structure_annotation.csv,,227,227,1,A,forward,280,280,280.0,VALID,INTERNAL_LOOP,True,FINAL,,,,,,,,,,227.0,227.0,FULLY_MAPPED,227.0,227.0,FULLY_MAPPED,,,ABSENT_IN_TARGET,,,,,,,,,Centroid,INTERNAL_LOOP_0009,1.0,,,,,,,,,,,,STRUCTURAL_CONTEXT_ONLY,
Ras85D_CTX_YAK_CENTROID_STEM_0021,Ras85D_HO_01277,D.yakuba,STRUCTURE_SEGMENT,RNA_STRUCTURE,STRUCTURE,STEM,D.yakuba::Centroid::STEM_0021,29A_2_01A_Structural_Mapping,A_nucleotide_structure_annotation.csv,,228,230,3,ATG,forward,281,283,282.0,VALID,STEM,True,FINAL,,,,,,,,,,228.0,230.0,FULLY_MAPPED,228.0,230.0,FULLY_MAPPED,268.0,270.0,FULLY_MAPPED,,,,,,,,,Centroid,STEM_0021,3.0,,,,,,,,,,,,STRUCTURAL_CONTEXT_ONLY,
Ras85D_CTX_YAK_CENTROID_BULGE_0002,Ras85D_HO_01193,D.yakuba,STRUCTURE_SEGMENT,RNA_STRUCTURE,STRUCTURE,BULGE,D.yakuba::Centroid::BULGE_0002,29A_2_01A_Structural_Mapping,A_nucleotide_structure_annotation.csv,,231,231,1,A,forward,284,284,284.0,VALID,BULGE,True,FINAL,,,,,,,,,,231.0,231.0,FULLY_MAPPED,231.0,231.0,FULLY_MAPPED,271.0,271.0,FULLY_MAPPED,,,,,,,,,Centroid,BULGE_0002,1.0,,,,,,,,,,,,STRUCTURAL_CONTEXT_ONLY,
Ras85D_CTX_YAK_CENTROID_STEM_0022,Ras85D_HO_01278,D.yakuba,STRUCTURE_SEGMENT,RNA_STRUCTURE,STRUCTURE,STEM,D.yakuba::Centroid::STEM_0022,29A_2_01A_Structural_Mapping,A_nucleotide_structure_annotation.csv,,232,235,4,TTTT,forward,285,288,286.5,VALID,STEM,True,FINAL,,,,,,,,,,232.0,235.0,FULLY_MAPPED,232.0,235.0,FULLY_MAPPED,272.0,274.0,PARTIALLY_GAPPED,,,,,,,,,Centroid,STEM_0022,4.0,,,,,,,,,,,,STRUCTURAL_CONTEXT_ONLY,
Ras85D_CTX_YAK_CENTROID_INTERNAL_LOOP_0010,Ras85D_HO_01224,D.yakuba,STRUCTURE_SEGMENT,RNA_STRUCTURE,STRUCTURE,INTERNAL_LOOP,D.yakuba::Centroid::INTERNAL_LOOP_0010,29A_2_01A_Structural_Mapping,A_nucleotide_structure_annotation.csv,,236,239,4,GTGA,forward,289,292,290.5,VALID,INTERNAL_LOOP,True,FINAL,,,,,,,,,,236.0,239.0,FULLY_MAPPED,236.0,239.0,FULLY_MAPPED,,,ABSENT_IN_TARGET,,,,,,,,,Centroid,INTERNAL_LOOP_0010,4.0,,,,,,,,,,,,STRUCTURAL_CONTEXT_ONLY,
Ras85D_CTX_YAK_CENTROID_STEM_0023,Ras85D_HO_01279,D.yakuba,STRUCTURE_SEGMENT,RNA_STRUCTURE,STRUCTURE,STEM,D.yakuba::Centroid::STEM_0023,29A_2_01A_Structural_Mapping,A_nucleotide_structure_annotation.csv,,240,252,13,ATGTGTGTGTTTT,forward,293,305,299.0,VALID,STEM,True,FINAL,,,,,,,,,,240.0,252.0,FULLY_MAPPED,240.0,252.0,FULLY_MAPPED,275.0,284.0,PARTIALLY_GAPPED,,,,,,,,,Centroid,STEM_0023,13.0,,,,,,,,,,,,STRUCTURAL_CONTEXT_ONLY,
Ras85D_CTX_YAK_CENTROID_MULTILOOP_0006,Ras85D_HO_01242,D.yakuba,STRUCTURE_SEGMENT,RNA_STRUCTURE,STRUCTURE,MULTILOOP,D.yakuba::Centroid::MULTILOOP_0006,29A_2_01A_Structural_Mapping,A_nucleotide_structure_annotation.csv,,253,259,7,GTGTCGT,forward,306,312,309.0,VALID,MULTILOOP,True,FINAL,,,,,,,,,,253.0,259.0,FULLY_MAPPED,253.0,259.0,FULLY_MAPPED,285.0,285.0,PARTIALLY_GAPPED,,,,,,,,,Centroid,MULTILOOP_0006,7.0,,,,,,,,,,,,STRUCTURAL_CONTEXT_ONLY,
Ras85D_CTX_YAK_CENTROID_STEM_0024,Ras85D_HO_01280,D.yakuba,STRUCTURE_SEGMENT,RNA_STRUCTURE,STRUCTURE,STEM,D.yakuba::Centroid::STEM_0024,29A_2_01A_Structural_Mapping,A_nucleotide_structure_annotation.csv,,260,267,8,TTGAAAGG,forward,313,320,316.5,VALID,STEM,True,FINAL,,,,,,,,,,260.0,267.0,FULLY_MAPPED,260.0,267.0,FULLY_MAPPED,286.0,293.0,FULLY_MAPPED,,,,,,,,,Centroid,STEM_0024,8.0,,,,,,,,,,,,STRUCTURAL_CONTEXT_ONLY,
Ras85D_CTX_YAK_CENTROID_INTERNAL_LOOP_0011,Ras85D_HO_01225,D.yakuba,STRUCTURE_SEGMENT,RNA_STRUCTURE,STRUCTURE,INTERNAL_LOOP,D.yakuba::Centroid::INTERNAL_LOOP_0011,29A_2_01A_Structural_Mapping,A_nucleotide_structure_annotation.csv,,268,268,1,C,forward,321,321,321.0,VALID,INTERNAL_LOOP,True,FINAL,,,,,,,,,,268.0,268.0,FULLY_MAPPED,268.0,268.0,FULLY_MAPPED,294.0,294.0,FULLY_MAPPED,,,,,,,,,Centroid,INTERNAL_LOOP_0011,1.0,,,,,,,,,,,,STRUCTURAL_CONTEXT_ONLY,
Ras85D_CTX_YAK_CENTROID_STEM_0025,Ras85D_HO_01281,D.yakuba,STRUCTURE_SEGMENT,RNA_STRUCTURE,STRUCTURE,STEM,D.yakuba::Centroid::STEM_0025,29A_2_01A_Structural_Mapping,A_nucleotide_structure_annotation.csv,,269,271,3,TGC,forward,322,324,323.0,VALID,STEM,True,FINAL,,,,,,,,,,269.0,271.0,FULLY_MAPPED,269.0,271.0,FULLY_MAPPED,295.0,297.0,FULLY_MAPPED,,,,,,,,,Centroid,STEM_0025,3.0,,,,,,,,,,,,STRUCTURAL_CONTEXT_ONLY,
Ras85D_CTX_YAK_CENTROID_HAIRPIN_LOOP_0006,Ras85D_HO_01204,D.yakuba,STRUCTURE_SEGMENT,RNA_STRUCTURE,STRUCTURE,HAIRPIN_LOOP,D.yakuba::Centroid::HAIRPIN_LOOP_0006,29A_2_01A_Structural_Mapping,A_nucleotide_structure_annotation.csv,,272,274,3,GAG,forward,325,327,326.0,VALID,HAIRPIN_LOOP,True,FINAL,,,,,,,,,,272.0,274.0,FULLY_MAPPED,272.0,274.0,FULLY_MAPPED,298.0,300.0,FULLY_MAPPED,,,,,,,,,Centroid,HAIRPIN_LOOP_0006,3.0,,,,,,,,,,,,STRUCTURAL_CONTEXT_ONLY,
Ras85D_CTX_YAK_CENTROID_STEM_0026,Ras85D_HO_01282,D.yakuba,STRUCTURE_SEGMENT,RNA_STRUCTURE,STRUCTURE,STEM,D.yakuba::Centroid::STEM_0026,29A_2_01A_Structural_Mapping,A_nucleotide_structure_annotation.csv,,275,277,3,GCG,forward,328,330,329.0,VALID,STEM,True,FINAL,,,,,,,,,,275.0,277.0,FULLY_MAPPED,275.0,277.0,FULLY_MAPPED,301.0,303.0,FULLY_MAPPED,,,,,,,,,Centroid,STEM_0026,3.0,,,,,,,,,,,,STRUCTURAL_CONTEXT_ONLY,
Ras85D_CTX_YAK_CENTROID_INTERNAL_LOOP_0012,Ras85D_HO_01226,D.yakuba,STRUCTURE_SEGMENT,RNA_STRUCTURE,STRUCTURE,INTERNAL_LOOP,D.yakuba::Centroid::INTERNAL_LOOP_0012,29A_2_01A_Structural_Mapping,A_nucleotide_structure_annotation.csv,,278,278,1,C,forward,331,331,331.0,VALID,INTERNAL_LOOP,True,FINAL,,,,,,,,,,278.0,278.0,FULLY_MAPPED,278.0,278.0,FULLY_MAPPED,304.0,304.0,FULLY_MAPPED,,,,,,,,,Centroid,INTERNAL_LOOP_0012,1.0,,,,,,,,,,,,STRUCTURAL_CONTEXT_ONLY,
Ras85D_CTX_YAK_CENTROID_STEM_0027,Ras85D_HO_01283,D.yakuba,STRUCTURE_SEGMENT,RNA_STRUCTURE,STRUCTURE,STEM,D.yakuba::Centroid::STEM_0027,29A_2_01A_Structural_Mapping,A_nucleotide_structure_annotation.csv,,279,286,8,CCTTTTAA,forward,332,339,335.5,VALID,STEM,True,FINAL,,,,,,,,,,279.0,286.0,FULLY_MAPPED,279.0,286.0,FULLY_MAPPED,305.0,312.0,FULLY_MAPPED,,,,,,,,,Centroid,STEM_0027,8.0,,,,,,,,,,,,STRUCTURAL_CONTEXT_ONLY,
Ras85D_CTX_YAK_CENTROID_MULTILOOP_0007,Ras85D_HO_01243,D.yakuba,STRUCTURE_SEGMENT,RNA_STRUCTURE,STRUCTURE,MULTILOOP,D.yakuba::Centroid::MULTILOOP_0007,29A_2_01A_Structural_Mapping,A_nucleotide_structure_annotation.csv,,287,345,59,GAGTATTAACAATAACAAGCAAACAAAAACGAACGAAGCAAATCGAAAATGAAAATGAA,forward,340,398,369.0,VALID,MULTILOOP,True,FINAL,,,,,,,,,,287.0,345.0,FULLY_MAPPED,287.0,345.0,FULLY_MAPPED,313.0,339.0,PARTIALLY_GAPPED,,,,,,,,,Centroid,MULTILOOP_0007,59.0,,,,,,,,,,,,STRUCTURAL_CONTEXT_ONLY,
Ras85D_CTX_YAK_CENTROID_STEM_0028,Ras85D_HO_01284,D.yakuba,STRUCTURE_SEGMENT,RNA_STRUCTURE,STRUCTURE,STEM,D.yakuba::Centroid::STEM_0028,29A_2_01A_Structural_Mapping,A_nucleotide_structure_annotation.csv,,346,351,6,TATGTA,forward,399,404,401.5,VALID,STEM,True,FINAL,,,,,,,,,,346.0,351.0,FULLY_MAPPED,346.0,351.0,FULLY_MAPPED,340.0,345.0,FULLY_MAPPED,,,,,,,,,Centroid,STEM_0028,6.0,,,,,,,,,,,,STRUCTURAL_CONTEXT_ONLY,
Ras85D_CTX_YAK_CENTROID_HAIRPIN_LOOP_0007,Ras85D_HO_01205,D.yakuba,STRUCTURE_SEGMENT,RNA_STRUCTURE,STRUCTURE,HAIRPIN_LOOP,D.yakuba::Centroid::HAIRPIN_LOOP_0007,29A_2_01A_Structural_Mapping,A_nucleotide_structure_annotation.csv,,352,355,4,CCTC,forward,405,408,406.5,VALID,HAIRPIN_LOOP,True,FINAL,,,,,,,,,,352.0,355.0,FULLY_MAPPED,352.0,355.0,FULLY_MAPPED,,,ABSENT_IN_TARGET,,,,,,,,,Centroid,HAIRPIN_LOOP_0007,4.0,,,,,,,,,,,,STRUCTURAL_CONTEXT_ONLY,
Ras85D_CTX_YAK_CENTROID_STEM_0029,Ras85D_HO_01285,D.yakuba,STRUCTURE_SEGMENT,RNA_STRUCTURE,STRUCTURE,STEM,D.yakuba::Centroid::STEM_0029,29A_2_01A_Structural_Mapping,A_nucleotide_structure_annotation.csv,,356,361,6,TACATA,forward,409,414,411.5,VALID,STEM,True,FINAL,,,,,,,,,,356.0,361.0,FULLY_MAPPED,356.0,361.0,FULLY_MAPPED,346.0,350.0,PARTIALLY_GAPPED,,,,,,,,,Centroid,STEM_0029,6.0,,,,,,,,,,,,STRUCTURAL_CONTEXT_ONLY,
Ras85D_CTX_YAK_CENTROID_MULTILOOP_0008,Ras85D_HO_01244,D.yakuba,STRUCTURE_SEGMENT,RNA_STRUCTURE,STRUCTURE,MULTILOOP,D.yakuba::Centroid::MULTILOOP_0008,29A_2_01A_Structural_Mapping,A_nucleotide_structure_annotation.csv,,362,376,15,AAAACTATGAATACT,forward,415,429,422.0,VALID,MULTILOOP,True,FINAL,,,,,,,,,,362.0,376.0,FULLY_MAPPED,362.0,376.0,FULLY_MAPPED,351.0,363.0,PARTIALLY_GAPPED,,,,,,,,,Centroid,MULTILOOP_0008,15.0,,,,,,,,,,,,STRUCTURAL_CONTEXT_ONLY,
Ras85D_CTX_YAK_CENTROID_STEM_0030,Ras85D_HO_01286,D.yakuba,STRUCTURE_SEGMENT,RNA_STRUCTURE,STRUCTURE,STEM,D.yakuba::Centroid::STEM_0030,29A_2_01A_Structural_Mapping,A_nucleotide_structure_annotation.csv,,377,380,4,GTTG,forward,430,433,431.5,VALID,STEM,True,FINAL,,,,,,,,,,377.0,380.0,FULLY_MAPPED,377.0,380.0,FULLY_MAPPED,364.0,367.0,FULLY_MAPPED,,,,,,,,,Centroid,STEM_0030,4.0,,,,,,,,,,,,STRUCTURAL_CONTEXT_ONLY,
Ras85D_CTX_YAK_CENTROID_BULGE_0003,Ras85D_HO_01194,D.yakuba,STRUCTURE_SEGMENT,RNA_STRUCTURE,STRUCTURE,BULGE,D.yakuba::Centroid::BULGE_0003,29A_2_01A_Structural_Mapping,A_nucleotide_structure_annotation.csv,,381,381,1,T,forward,434,434,434.0,VALID,BULGE,True,FINAL,,,,,,,,,,381.0,381.0,FULLY_MAPPED,381.0,381.0,FULLY_MAPPED,368.0,368.0,FULLY_MAPPED,,,,,,,,,Centroid,BULGE_0003,1.0,,,,,,,,,,,,STRUCTURAL_CONTEXT_ONLY,
Ras85D_CTX_YAK_CENTROID_STEM_0031,Ras85D_HO_01287,D.yakuba,STRUCTURE_SEGMENT,RNA_STRUCTURE,STRUCTURE,STEM,D.yakuba::Centroid::STEM_0031,29A_2_01A_Structural_Mapping,A_nucleotide_structure_annotation.csv,,382,385,4,AACT,forward,435,438,436.5,VALID,STEM,True,FINAL,,,,,,,,,,382.0,385.0,FULLY_MAPPED,382.0,385.0,FULLY_MAPPED,369.0,372.0,FULLY_MAPPED,,,,,,,,,Centroid,STEM_0031,4.0,,,,,,,,,,,,STRUCTURAL_CONTEXT_ONLY,
Ras85D_CTX_YAK_CENTROID_HAIRPIN_LOOP_0008,Ras85D_HO_01206,D.yakuba,STRUCTURE_SEGMENT,RNA_STRUCTURE,STRUCTURE,HAIRPIN_LOOP,D.yakuba::Centroid::HAIRPIN_LOOP_0008,29A_2_01A_Structural_Mapping,A_nucleotide_structure_annotation.csv,,386,390,5,GCCTT,forward,439,443,441.0,VALID,HAIRPIN_LOOP,True,FINAL,,,,,,,,,,386.0,390.0,FULLY_MAPPED,386.0,390.0,FULLY_MAPPED,373.0,377.0,FULLY_MAPPED,,,,,,,,,Centroid,HAIRPIN_LOOP_0008,5.0,,,,,,,,,,,,STRUCTURAL_CONTEXT_ONLY,
Ras85D_CTX_YAK_CENTROID_STEM_0032,Ras85D_HO_01288,D.yakuba,STRUCTURE_SEGMENT,RNA_STRUCTURE,STRUCTURE,STEM,D.yakuba::Centroid::STEM_0032,29A_2_01A_Structural_Mapping,A_nucleotide_structure_annotation.csv,,391,398,8,GGTTCAGC,forward,444,451,447.5,VALID,STEM,True,FINAL,,,,,,,,,,391.0,398.0,FULLY_MAPPED,391.0,398.0,FULLY_MAPPED,378.0,385.0,FULLY_MAPPED,,,,,,,,,Centroid,STEM_0032,8.0,,,,,,,,,,,,STRUCTURAL_CONTEXT_ONLY,
Ras85D_CTX_YAK_CENTROID_MULTILOOP_0009,Ras85D_HO_01245,D.yakuba,STRUCTURE_SEGMENT,RNA_STRUCTURE,STRUCTURE,MULTILOOP,D.yakuba::Centroid::MULTILOOP_0009,29A_2_01A_Structural_Mapping,A_nucleotide_structure_annotation.csv,,399,472,74,TGCTATATCCGTTTGTTTTCAACCAGCACTTAACTTGATTCTATGTTGTTTGTACTTTAACAGATACTCCGTGC,forward,452,543,497.5,VALID,MULTILOOP,True,FINAL,,,,,,,,,,399.0,472.0,PARTIALLY_GAPPED,399.0,472.0,PARTIALLY_GAPPED,386.0,473.0,PARTIALLY_GAPPED,,,,,,,,,Centroid,MULTILOOP_0009,74.0,,,,,,,,,,,,STRUCTURAL_CONTEXT_ONLY,
Ras85D_CTX_YAK_CENTROID_STEM_0033,Ras85D_HO_01289,D.yakuba,STRUCTURE_SEGMENT,RNA_STRUCTURE,STRUCTURE,STEM,D.yakuba::Centroid::STEM_0033,29A_2_01A_Structural_Mapping,A_nucleotide_structure_annotation.csv,,473,482,10,TTAAAACCAA,forward,544,553,548.5,VALID,STEM,True,FINAL,,,,,,,,,,473.0,482.0,FULLY_MAPPED,473.0,482.0,FULLY_MAPPED,474.0,478.0,PARTIALLY_GAPPED,,,,,,,,,Centroid,STEM_0033,10.0,,,,,,,,,,,,STRUCTURAL_CONTEXT_ONLY,
Ras85D_CTX_YAK_CENTROID_MULTILOOP_0010,Ras85D_HO_01246,D.yakuba,STRUCTURE_SEGMENT,RNA_STRUCTURE,STRUCTURE,MULTILOOP,D.yakuba::Centroid::MULTILOOP_0010,29A_2_01A_Structural_Mapping,A_nucleotide_structure_annotation.csv,,483,484,2,AA,forward,554,555,554.5,VALID,MULTILOOP,True,FINAL,,,,,,,,,,483.0,484.0,FULLY_MAPPED,483.0,484.0,FULLY_MAPPED,,,ABSENT_IN_TARGET,,,,,,,,,Centroid,MULTILOOP_0010,2.0,,,,,,,,,,,,STRUCTURAL_CONTEXT_ONLY,
Ras85D_CTX_YAK_CENTROID_STEM_0034,Ras85D_HO_01290,D.yakuba,STRUCTURE_SEGMENT,RNA_STRUCTURE,STRUCTURE,STEM,D.yakuba::Centroid::STEM_0034,29A_2_01A_Structural_Mapping,A_nucleotide_structure_annotation.csv,,485,492,8,CGCGATGT,forward,556,563,559.5,VALID,STEM,True,FINAL,,,,,,,,,,485.0,492.0,FULLY_MAPPED,485.0,492.0,FULLY_MAPPED,479.0,484.0,PARTIALLY_GAPPED,,,,,,,,,Centroid,STEM_0034,8.0,,,,,,,,,,,,STRUCTURAL_CONTEXT_ONLY,
Ras85D_CTX_YAK_CENTROID_HAIRPIN_LOOP_0009,Ras85D_HO_01207,D.yakuba,STRUCTURE_SEGMENT,RNA_STRUCTURE,STRUCTURE,HAIRPIN_LOOP,D.yakuba::Centroid::HAIRPIN_LOOP_0009,29A_2_01A_Structural_Mapping,A_nucleotide_structure_annotation.csv,,493,498,6,AAACAA,forward,564,569,566.5,VALID,HAIRPIN_LOOP,True,FINAL,,,,,,,,,,493.0,498.0,FULLY_MAPPED,493.0,498.0,FULLY_MAPPED,,,ABSENT_IN_TARGET,,,,,,,,,Centroid,HAIRPIN_LOOP_0009,6.0,,,,,,,,,,,,STRUCTURAL_CONTEXT_ONLY,
Ras85D_CTX_YAK_CENTROID_STEM_0035,Ras85D_HO_01291,D.yakuba,STRUCTURE_SEGMENT,RNA_STRUCTURE,STRUCTURE,STEM,D.yakuba::Centroid::STEM_0035,29A_2_01A_Structural_Mapping,A_nucleotide_structure_annotation.csv,,499,506,8,ATATTGTG,forward,570,577,573.5,VALID,STEM,True,FINAL,,,,,,,,,,499.0,506.0,FULLY_MAPPED,499.0,506.0,FULLY_MAPPED,485.0,490.0,PARTIALLY_GAPPED,,,,,,,,,Centroid,STEM_0035,8.0,,,,,,,,,,,,STRUCTURAL_CONTEXT_ONLY,
Ras85D_CTX_YAK_CENTROID_MULTILOOP_0011,Ras85D_HO_01247,D.yakuba,STRUCTURE_SEGMENT,RNA_STRUCTURE,STRUCTURE,MULTILOOP,D.yakuba::Centroid::MULTILOOP_0011,29A_2_01A_Structural_Mapping,A_nucleotide_structure_annotation.csv,,507,512,6,AATTTT,forward,578,583,580.5,VALID,MULTILOOP,True,FINAL,,,,,,,,,,507.0,512.0,FULLY_MAPPED,507.0,512.0,FULLY_MAPPED,491.0,496.0,FULLY_MAPPED,,,,,,,,,Centroid,MULTILOOP_0011,6.0,,,,,,,,,,,,STRUCTURAL_CONTEXT_ONLY,
Ras85D_CTX_YAK_CENTROID_STEM_0036,Ras85D_HO_01292,D.yakuba,STRUCTURE_SEGMENT,RNA_STRUCTURE,STRUCTURE,STEM,D.yakuba::Centroid::STEM_0036,29A_2_01A_Structural_Mapping,A_nucleotide_structure_annotation.csv,,513,516,4,TAGA,forward,584,600,592.0,VALID,STEM,True,FINAL,,,,,,,,,,513.0,516.0,PARTIALLY_GAPPED,513.0,516.0,PARTIALLY_GAPPED,497.0,513.0,FULLY_MAPPED,,,,,,,,,Centroid,STEM_0036,4.0,,,,,,,,,,,,STRUCTURAL_CONTEXT_ONLY,
Ras85D_CTX_YAK_CENTROID_HAIRPIN_LOOP_0010,Ras85D_HO_01208,D.yakuba,STRUCTURE_SEGMENT,RNA_STRUCTURE,STRUCTURE,HAIRPIN_LOOP,D.yakuba::Centroid::HAIRPIN_LOOP_0010,29A_2_01A_Structural_Mapping,A_nucleotide_structure_annotation.csv,,517,525,9,GCCCTGTTA,forward,601,609,605.0,VALID,HAIRPIN_LOOP,True,FINAL,,,,,,,,,,517.0,525.0,FULLY_MAPPED,517.0,525.0,FULLY_MAPPED,514.0,521.0,PARTIALLY_GAPPED,,,,,,,,,Centroid,HAIRPIN_LOOP_0010,9.0,,,,,,,,,,,,STRUCTURAL_CONTEXT_ONLY,
Ras85D_CTX_YAK_CENTROID_STEM_0037,Ras85D_HO_01293,D.yakuba,STRUCTURE_SEGMENT,RNA_STRUCTURE,STRUCTURE,STEM,D.yakuba::Centroid::STEM_0037,29A_2_01A_Structural_Mapping,A_nucleotide_structure_annotation.csv,,526,539,14,TCTATTGGTTTTAA,forward,610,637,623.5,VALID,STEM,True,FINAL,,,,,,,,,,526.0,539.0,PARTIALLY_GAPPED,526.0,539.0,PARTIALLY_GAPPED,522.0,549.0,FULLY_MAPPED,,,,,,,,,Centroid,STEM_0037,14.0,,,,,,,,,,,,STRUCTURAL_CONTEXT_ONLY,
Ras85D_CTX_YAK_CENTROID_MULTILOOP_0012,Ras85D_HO_01248,D.yakuba,STRUCTURE_SEGMENT,RNA_STRUCTURE,STRUCTURE,MULTILOOP,D.yakuba::Centroid::MULTILOOP_0012,29A_2_01A_Structural_Mapping,A_nucleotide_structure_annotation.csv,,540,604,65,CCCGACAGTCATACATAAATGCAATCTTTTTTCGCACACACGCACGAGCAGAATTCCATTAGTAT,forward,638,767,702.5,VALID,MULTILOOP,True,FINAL,,,,,,,,,,540.0,604.0,PARTIALLY_GAPPED,540.0,604.0,PARTIALLY_GAPPED,550.0,669.0,PARTIALLY_GAPPED,,,,,,,,,Centroid,MULTILOOP_0012,65.0,,,,,,,,,,,,STRUCTURAL_CONTEXT_ONLY,
Ras85D_CTX_YAK_CENTROID_STEM_0038,Ras85D_HO_01294,D.yakuba,STRUCTURE_SEGMENT,RNA_STRUCTURE,STRUCTURE,STEM,D.yakuba::Centroid::STEM_0038,29A_2_01A_Structural_Mapping,A_nucleotide_structure_annotation.csv,,605,612,8,TCATCATT,forward,768,775,771.5,VALID,STEM,True,FINAL,,,,,,,,,,605.0,612.0,FULLY_MAPPED,605.0,612.0,FULLY_MAPPED,670.0,676.0,PARTIALLY_GAPPED,,,,,,,,,Centroid,STEM_0038,8.0,,,,,,,,,,,,STRUCTURAL_CONTEXT_ONLY,
Ras85D_CTX_YAK_CENTROID_MULTILOOP_0013,Ras85D_HO_01249,D.yakuba,STRUCTURE_SEGMENT,RNA_STRUCTURE,STRUCTURE,MULTILOOP,D.yakuba::Centroid::MULTILOOP_0013,29A_2_01A_Structural_Mapping,A_nucleotide_structure_annotation.csv,,613,630,18,AGAGAACAAACAAACAAA,forward,776,798,787.0,VALID,MULTILOOP,True,FINAL,,,,,,,,,,613.0,630.0,PARTIALLY_GAPPED,613.0,630.0,PARTIALLY_GAPPED,677.0,699.0,FULLY_MAPPED,,,,,,,,,Centroid,MULTILOOP_0013,18.0,,,,,,,,,,,,STRUCTURAL_CONTEXT_ONLY,
Ras85D_CTX_YAK_CENTROID_STEM_0039,Ras85D_HO_01295,D.yakuba,STRUCTURE_SEGMENT,RNA_STRUCTURE,STRUCTURE,STEM,D.yakuba::Centroid::STEM_0039,29A_2_01A_Structural_Mapping,A_nucleotide_structure_annotation.csv,,631,632,2,TG,forward,799,800,799.5,VALID,STEM,True,FINAL,,,,,,,,,,631.0,632.0,FULLY_MAPPED,631.0,632.0,FULLY_MAPPED,700.0,701.0,FULLY_MAPPED,,,,,,,,,Centroid,STEM_0039,2.0,,,,,,,,,,,,STRUCTURAL_CONTEXT_ONLY,
Ras85D_CTX_YAK_CENTROID_INTERNAL_LOOP_0013,Ras85D_HO_01227,D.yakuba,STRUCTURE_SEGMENT,RNA_STRUCTURE,STRUCTURE,INTERNAL_LOOP,D.yakuba::Centroid::INTERNAL_LOOP_0013,29A_2_01A_Structural_Mapping,A_nucleotide_structure_annotation.csv,,633,634,2,CC,forward,801,802,801.5,VALID,INTERNAL_LOOP,True,FINAL,,,,,,,,,,633.0,634.0,FULLY_MAPPED,633.0,634.0,FULLY_MAPPED,,,ABSENT_IN_TARGET,,,,,,,,,Centroid,INTERNAL_LOOP_0013,2.0,,,,,,,,,,,,STRUCTURAL_CONTEXT_ONLY,
Ras85D_CTX_YAK_CENTROID_STEM_0040,Ras85D_HO_01296,D.yakuba,STRUCTURE_SEGMENT,RNA_STRUCTURE,STRUCTURE,STEM,D.yakuba::Centroid::STEM_0040,29A_2_01A_Structural_Mapping,A_nucleotide_structure_annotation.csv,,635,636,2,GA,forward,803,804,803.5,VALID,STEM,True,FINAL,,,,,,,,,,635.0,636.0,FULLY_MAPPED,635.0,636.0,FULLY_MAPPED,702.0,702.0,PARTIALLY_GAPPED,,,,,,,,,Centroid,STEM_0040,2.0,,,,,,,,,,,,STRUCTURAL_CONTEXT_ONLY,
Ras85D_CTX_YAK_CENTROID_INTERNAL_LOOP_0014,Ras85D_HO_01228,D.yakuba,STRUCTURE_SEGMENT,RNA_STRUCTURE,STRUCTURE,INTERNAL_LOOP,D.yakuba::Centroid::INTERNAL_LOOP_0014,29A_2_01A_Structural_Mapping,A_nucleotide_structure_annotation.csv,,637,639,3,TAA,forward,805,807,806.0,VALID,INTERNAL_LOOP,True,FINAL,,,,,,,,,,637.0,639.0,FULLY_MAPPED,637.0,639.0,FULLY_MAPPED,703.0,705.0,FULLY_MAPPED,,,,,,,,,Centroid,INTERNAL_LOOP_0014,3.0,,,,,,,,,,,,STRUCTURAL_CONTEXT_ONLY,
Ras85D_CTX_YAK_CENTROID_STEM_0041,Ras85D_HO_01297,D.yakuba,STRUCTURE_SEGMENT,RNA_STRUCTURE,STRUCTURE,STEM,D.yakuba::Centroid::STEM_0041,29A_2_01A_Structural_Mapping,A_nucleotide_structure_annotation.csv,,640,642,3,GCT,forward,808,810,809.0,VALID,STEM,True,FINAL,,,,,,,,,,640.0,642.0,FULLY_MAPPED,640.0,642.0,FULLY_MAPPED,706.0,708.0,FULLY_MAPPED,,,,,,,,,Centroid,STEM_0041,3.0,,,,,,,,,,,,STRUCTURAL_CONTEXT_ONLY,
Ras85D_CTX_YAK_CENTROID_HAIRPIN_LOOP_0011,Ras85D_HO_01209,D.yakuba,STRUCTURE_SEGMENT,RNA_STRUCTURE,STRUCTURE,HAIRPIN_LOOP,D.yakuba::Centroid::HAIRPIN_LOOP_0011,29A_2_01A_Structural_Mapping,A_nucleotide_structure_annotation.csv,,643,645,3,CAC,forward,811,813,812.0,VALID,HAIRPIN_LOOP,True,FINAL,,,,,,,,,,643.0,645.0,FULLY_MAPPED,643.0,645.0,FULLY_MAPPED,709.0,711.0,FULLY_MAPPED,,,,,,,,,Centroid,HAIRPIN_LOOP_0011,3.0,,,,,,,,,,,,STRUCTURAL_CONTEXT_ONLY,
Ras85D_CTX_YAK_CENTROID_STEM_0042,Ras85D_HO_01298,D.yakuba,STRUCTURE_SEGMENT,RNA_STRUCTURE,STRUCTURE,STEM,D.yakuba::Centroid::STEM_0042,29A_2_01A_Structural_Mapping,A_nucleotide_structure_annotation.csv,,646,648,3,AGC,forward,814,816,815.0,VALID,STEM,True,FINAL,,,,,,,,,,646.0,648.0,FULLY_MAPPED,646.0,648.0,FULLY_MAPPED,712.0,713.0,PARTIALLY_GAPPED,,,,,,,,,Centroid,STEM_0042,3.0,,,,,,,,,,,,STRUCTURAL_CONTEXT_ONLY,
Ras85D_CTX_YAK_CENTROID_INTERNAL_LOOP_0015,Ras85D_HO_01229,D.yakuba,STRUCTURE_SEGMENT,RNA_STRUCTURE,STRUCTURE,INTERNAL_LOOP,D.yakuba::Centroid::INTERNAL_LOOP_0015,29A_2_01A_Structural_Mapping,A_nucleotide_structure_annotation.csv,,649,653,5,AATTT,forward,817,821,819.0,VALID,INTERNAL_LOOP,True,FINAL,,,,,,,,,,649.0,653.0,FULLY_MAPPED,649.0,653.0,FULLY_MAPPED,,,ABSENT_IN_TARGET,,,,,,,,,Centroid,INTERNAL_LOOP_0015,5.0,,,,,,,,,,,,STRUCTURAL_CONTEXT_ONLY,
Ras85D_CTX_YAK_CENTROID_STEM_0043,Ras85D_HO_01299,D.yakuba,STRUCTURE_SEGMENT,RNA_STRUCTURE,STRUCTURE,STEM,D.yakuba::Centroid::STEM_0043,29A_2_01A_Structural_Mapping,A_nucleotide_structure_annotation.csv,,654,655,2,TC,forward,822,823,822.5,VALID,STEM,True,FINAL,,,,,,,,,,654.0,655.0,FULLY_MAPPED,654.0,655.0,FULLY_MAPPED,,,ABSENT_IN_TARGET,,,,,,,,,Centroid,STEM_0043,2.0,,,,,,,,,,,,STRUCTURAL_CONTEXT_ONLY,
Ras85D_CTX_YAK_CENTROID_INTERNAL_LOOP_0016,Ras85D_HO_01230,D.yakuba,STRUCTURE_SEGMENT,RNA_STRUCTURE,STRUCTURE,INTERNAL_LOOP,D.yakuba::Centroid::INTERNAL_LOOP_0016,29A_2_01A_Structural_Mapping,A_nucleotide_structure_annotation.csv,,656,656,1,G,forward,824,824,824.0,VALID,INTERNAL_LOOP,True,FINAL,,,,,,,,,,656.0,656.0,FULLY_MAPPED,656.0,656.0,FULLY_MAPPED,,,ABSENT_IN_TARGET,,,,,,,,,Centroid,INTERNAL_LOOP_0016,1.0,,,,,,,,,,,,STRUCTURAL_CONTEXT_ONLY,
Ras85D_CTX_YAK_CENTROID_STEM_0044,Ras85D_HO_01300,D.yakuba,STRUCTURE_SEGMENT,RNA_STRUCTURE,STRUCTURE,STEM,D.yakuba::Centroid::STEM_0044,29A_2_01A_Structural_Mapping,A_nucleotide_structure_annotation.csv,,657,658,2,CA,forward,825,826,825.5,VALID,STEM,True,FINAL,,,,,,,,,,657.0,658.0,FULLY_MAPPED,657.0,658.0,FULLY_MAPPED,,,ABSENT_IN_TARGET,,,,,,,,,Centroid,STEM_0044,2.0,,,,,,,,,,,,STRUCTURAL_CONTEXT_ONLY,
Ras85D_CTX_YAK_CENTROID_MULTILOOP_0014,Ras85D_HO_01250,D.yakuba,STRUCTURE_SEGMENT,RNA_STRUCTURE,STRUCTURE,MULTILOOP,D.yakuba::Centroid::MULTILOOP_0014,29A_2_01A_Structural_Mapping,A_nucleotide_structure_annotation.csv,,659,663,5,CAAAC,forward,827,831,829.0,VALID,MULTILOOP,True,FINAL,,,,,,,,,,659.0,663.0,FULLY_MAPPED,659.0,663.0,FULLY_MAPPED,,,ABSENT_IN_TARGET,,,,,,,,,Centroid,MULTILOOP_0014,5.0,,,,,,,,,,,,STRUCTURAL_CONTEXT_ONLY,
Ras85D_CTX_YAK_CENTROID_STEM_0045,Ras85D_HO_01301,D.yakuba,STRUCTURE_SEGMENT,RNA_STRUCTURE,STRUCTURE,STEM,D.yakuba::Centroid::STEM_0045,29A_2_01A_Structural_Mapping,A_nucleotide_structure_annotation.csv,,664,668,5,GAGCA,forward,832,836,834.0,VALID,STEM,True,FINAL,,,,,,,,,,664.0,668.0,FULLY_MAPPED,664.0,668.0,FULLY_MAPPED,,,ABSENT_IN_TARGET,,,,,,,,,Centroid,STEM_0045,5.0,,,,,,,,,,,,STRUCTURAL_CONTEXT_ONLY,
Ras85D_CTX_YAK_CENTROID_INTERNAL_LOOP_0017,Ras85D_HO_01231,D.yakuba,STRUCTURE_SEGMENT,RNA_STRUCTURE,STRUCTURE,INTERNAL_LOOP,D.yakuba::Centroid::INTERNAL_LOOP_0017,29A_2_01A_Structural_Mapping,A_nucleotide_structure_annotation.csv,,669,674,6,AATTCG,forward,837,842,839.5,VALID,INTERNAL_LOOP,True,FINAL,,,,,,,,,,669.0,674.0,FULLY_MAPPED,669.0,674.0,FULLY_MAPPED,,,ABSENT_IN_TARGET,,,,,,,,,Centroid,INTERNAL_LOOP_0017,6.0,,,,,,,,,,,,STRUCTURAL_CONTEXT_ONLY,
Ras85D_CTX_YAK_CENTROID_STEM_0046,Ras85D_HO_01302,D.yakuba,STRUCTURE_SEGMENT,RNA_STRUCTURE,STRUCTURE,STEM,D.yakuba::Centroid::STEM_0046,29A_2_01A_Structural_Mapping,A_nucleotide_structure_annotation.csv,,675,678,4,CTAG,forward,843,846,844.5,VALID,STEM,True,FINAL,,,,,,,,,,675.0,678.0,FULLY_MAPPED,675.0,678.0,FULLY_MAPPED,,,ABSENT_IN_TARGET,,,,,,,,,Centroid,STEM_0046,4.0,,,,,,,,,,,,STRUCTURAL_CONTEXT_ONLY,
Ras85D_CTX_YAK_CENTROID_HAIRPIN_LOOP_0012,Ras85D_HO_01210,D.yakuba,STRUCTURE_SEGMENT,RNA_STRUCTURE,STRUCTURE,HAIRPIN_LOOP,D.yakuba::Centroid::HAIRPIN_LOOP_0012,29A_2_01A_Structural_Mapping,A_nucleotide_structure_annotation.csv,,679,685,7,CCCCAAA,forward,847,853,850.0,VALID,HAIRPIN_LOOP,True,FINAL,,,,,,,,,,679.0,685.0,FULLY_MAPPED,679.0,685.0,FULLY_MAPPED,,,ABSENT_IN_TARGET,,,,,,,,,Centroid,HAIRPIN_LOOP_0012,7.0,,,,,,,,,,,,STRUCTURAL_CONTEXT_ONLY,
Ras85D_CTX_YAK_CENTROID_STEM_0047,Ras85D_HO_01303,D.yakuba,STRUCTURE_SEGMENT,RNA_STRUCTURE,STRUCTURE,STEM,D.yakuba::Centroid::STEM_0047,29A_2_01A_Structural_Mapping,A_nucleotide_structure_annotation.csv,,686,689,4,CTAG,forward,854,857,855.5,VALID,STEM,True,FINAL,,,,,,,,,,686.0,689.0,FULLY_MAPPED,686.0,689.0,FULLY_MAPPED,,,ABSENT_IN_TARGET,,,,,,,,,Centroid,STEM_0047,4.0,,,,,,,,,,,,STRUCTURAL_CONTEXT_ONLY,
Ras85D_CTX_YAK_CENTROID_INTERNAL_LOOP_0018,Ras85D_HO_01232,D.yakuba,STRUCTURE_SEGMENT,RNA_STRUCTURE,STRUCTURE,INTERNAL_LOOP,D.yakuba::Centroid::INTERNAL_LOOP_0018,29A_2_01A_Structural_Mapping,A_nucleotide_structure_annotation.csv,,690,694,5,ATTTA,forward,858,862,860.0,VALID,INTERNAL_LOOP,True,FINAL,,,,,,,,,,690.0,694.0,FULLY_MAPPED,690.0,694.0,FULLY_MAPPED,,,ABSENT_IN_TARGET,,,,,,,,,Centroid,INTERNAL_LOOP_0018,5.0,,,,,,,,,,,,STRUCTURAL_CONTEXT_ONLY,
Ras85D_CTX_YAK_CENTROID_STEM_0048,Ras85D_HO_01304,D.yakuba,STRUCTURE_SEGMENT,RNA_STRUCTURE,STRUCTURE,STEM,D.yakuba::Centroid::STEM_0048,29A_2_01A_Structural_Mapping,A_nucleotide_structure_annotation.csv,,695,699,5,TGTTC,forward,863,867,865.0,VALID,STEM,True,FINAL,,,,,,,,,,695.0,699.0,FULLY_MAPPED,695.0,699.0,FULLY_MAPPED,714.0,716.0,PARTIALLY_GAPPED,,,,,,,,,Centroid,STEM_0048,5.0,,,,,,,,,,,,STRUCTURAL_CONTEXT_ONLY,
Ras85D_CTX_YAK_CENTROID_MULTILOOP_0015,Ras85D_HO_01251,D.yakuba,STRUCTURE_SEGMENT,RNA_STRUCTURE,STRUCTURE,MULTILOOP,D.yakuba::Centroid::MULTILOOP_0015,29A_2_01A_Structural_Mapping,A_nucleotide_structure_annotation.csv,,700,706,7,AGTTAAA,forward,868,874,871.0,VALID,MULTILOOP,True,FINAL,,,,,,,,,,700.0,706.0,FULLY_MAPPED,700.0,706.0,FULLY_MAPPED,717.0,717.0,PARTIALLY_GAPPED,,,,,,,,,Centroid,MULTILOOP_0015,7.0,,,,,,,,,,,,STRUCTURAL_CONTEXT_ONLY,
Ras85D_CTX_YAK_CENTROID_STEM_0049,Ras85D_HO_01305,D.yakuba,STRUCTURE_SEGMENT,RNA_STRUCTURE,STRUCTURE,STEM,D.yakuba::Centroid::STEM_0049,29A_2_01A_Structural_Mapping,A_nucleotide_structure_annotation.csv,,707,710,4,CACA,forward,875,878,876.5,VALID,STEM,True,FINAL,,,,,,,,,,707.0,710.0,FULLY_MAPPED,707.0,710.0,FULLY_MAPPED,718.0,721.0,FULLY_MAPPED,,,,,,,,,Centroid,STEM_0049,4.0,,,,,,,,,,,,STRUCTURAL_CONTEXT_ONLY,
Ras85D_CTX_YAK_CENTROID_HAIRPIN_LOOP_0013,Ras85D_HO_01211,D.yakuba,STRUCTURE_SEGMENT,RNA_STRUCTURE,STRUCTURE,HAIRPIN_LOOP,D.yakuba::Centroid::HAIRPIN_LOOP_0013,29A_2_01A_Structural_Mapping,A_nucleotide_structure_annotation.csv,,711,714,4,TATT,forward,879,882,880.5,VALID,HAIRPIN_LOOP,True,FINAL,,,,,,,,,,711.0,714.0,FULLY_MAPPED,711.0,714.0,FULLY_MAPPED,722.0,725.0,FULLY_MAPPED,,,,,,,,,Centroid,HAIRPIN_LOOP_0013,4.0,,,,,,,,,,,,STRUCTURAL_CONTEXT_ONLY,
Ras85D_CTX_YAK_CENTROID_STEM_0050,Ras85D_HO_01306,D.yakuba,STRUCTURE_SEGMENT,RNA_STRUCTURE,STRUCTURE,STEM,D.yakuba::Centroid::STEM_0050,29A_2_01A_Structural_Mapping,A_nucleotide_structure_annotation.csv,,715,718,4,TGTG,forward,883,886,884.5,VALID,STEM,True,FINAL,,,,,,,,,,715.0,718.0,FULLY_MAPPED,715.0,718.0,FULLY_MAPPED,726.0,729.0,FULLY_MAPPED,,,,,,,,,Centroid,STEM_0050,4.0,,,,,,,,,,,,STRUCTURAL_CONTEXT_ONLY,
Ras85D_CTX_YAK_CENTROID_MULTILOOP_0016,Ras85D_HO_01252,D.yakuba,STRUCTURE_SEGMENT,RNA_STRUCTURE,STRUCTURE,MULTILOOP,D.yakuba::Centroid::MULTILOOP_0016,29A_2_01A_Structural_Mapping,A_nucleotide_structure_annotation.csv,,719,725,7,GTGCTAC,forward,887,893,890.0,VALID,MULTILOOP,True,FINAL,,,,,,,,,,719.0,725.0,FULLY_MAPPED,719.0,725.0,FULLY_MAPPED,730.0,736.0,FULLY_MAPPED,,,,,,,,,Centroid,MULTILOOP_0016,7.0,,,,,,,,,,,,STRUCTURAL_CONTEXT_ONLY,
Ras85D_CTX_YAK_CENTROID_STEM_0051,Ras85D_HO_01307,D.yakuba,STRUCTURE_SEGMENT,RNA_STRUCTURE,STRUCTURE,STEM,D.yakuba::Centroid::STEM_0051,29A_2_01A_Structural_Mapping,A_nucleotide_structure_annotation.csv,,726,733,8,GATGATGA,forward,894,901,897.5,VALID,STEM,True,FINAL,,,,,,,,,,726.0,733.0,FULLY_MAPPED,726.0,733.0,FULLY_MAPPED,737.0,744.0,FULLY_MAPPED,,,,,,,,,Centroid,STEM_0051,8.0,,,,,,,,,,,,STRUCTURAL_CONTEXT_ONLY,
Ras85D_CTX_YAK_CENTROID_MULTILOOP_0017,Ras85D_HO_01253,D.yakuba,STRUCTURE_SEGMENT,RNA_STRUCTURE,STRUCTURE,MULTILOOP,D.yakuba::Centroid::MULTILOOP_0017,29A_2_01A_Structural_Mapping,A_nucleotide_structure_annotation.csv,,734,744,11,AATTATAATCC,forward,902,932,917.0,VALID,MULTILOOP,True,FINAL,,,,,,,,,,734.0,744.0,PARTIALLY_GAPPED,734.0,744.0,PARTIALLY_GAPPED,745.0,774.0,PARTIALLY_GAPPED,,,,,,,,,Centroid,MULTILOOP_0017,11.0,,,,,,,,,,,,STRUCTURAL_CONTEXT_ONLY,
Ras85D_CTX_YAK_CENTROID_STEM_0052,Ras85D_HO_01308,D.yakuba,STRUCTURE_SEGMENT,RNA_STRUCTURE,STRUCTURE,STEM,D.yakuba::Centroid::STEM_0052,29A_2_01A_Structural_Mapping,A_nucleotide_structure_annotation.csv,,745,752,8,GTATGAGT,forward,933,940,936.5,VALID,STEM,True,FINAL,,,,,,,,,,745.0,752.0,FULLY_MAPPED,745.0,752.0,FULLY_MAPPED,775.0,782.0,FULLY_MAPPED,,,,,,,,,Centroid,STEM_0052,8.0,,,,,,,,,,,,STRUCTURAL_CONTEXT_ONLY,
Ras85D_CTX_YAK_CENTROID_INTERNAL_LOOP_0019,Ras85D_HO_01233,D.yakuba,STRUCTURE_SEGMENT,RNA_STRUCTURE,STRUCTURE,INTERNAL_LOOP,D.yakuba::Centroid::INTERNAL_LOOP_0019,29A_2_01A_Structural_Mapping,A_nucleotide_structure_annotation.csv,,753,756,4,TCTT,forward,941,944,942.5,VALID,INTERNAL_LOOP,True,FINAL,,,,,,,,,,753.0,756.0,FULLY_MAPPED,753.0,756.0,FULLY_MAPPED,783.0,786.0,FULLY_MAPPED,,,,,,,,,Centroid,INTERNAL_LOOP_0019,4.0,,,,,,,,,,,,STRUCTURAL_CONTEXT_ONLY,
Ras85D_CTX_YAK_CENTROID_STEM_0053,Ras85D_HO_01309,D.yakuba,STRUCTURE_SEGMENT,RNA_STRUCTURE,STRUCTURE,STEM,D.yakuba::Centroid::STEM_0053,29A_2_01A_Structural_Mapping,A_nucleotide_structure_annotation.csv,,757,760,4,GAGA,forward,945,948,946.5,VALID,STEM,True,FINAL,,,,,,,,,,757.0,760.0,FULLY_MAPPED,757.0,760.0,FULLY_MAPPED,787.0,790.0,FULLY_MAPPED,,,,,,,,,Centroid,STEM_0053,4.0,,,,,,,,,,,,STRUCTURAL_CONTEXT_ONLY,
Ras85D_CTX_YAK_CENTROID_HAIRPIN_LOOP_0014,Ras85D_HO_01212,D.yakuba,STRUCTURE_SEGMENT,RNA_STRUCTURE,STRUCTURE,HAIRPIN_LOOP,D.yakuba::Centroid::HAIRPIN_LOOP_0014,29A_2_01A_Structural_Mapping,A_nucleotide_structure_annotation.csv,,761,768,8,TATGCCTT,forward,949,964,956.5,VALID,HAIRPIN_LOOP,True,FINAL,,,,,,,,,,761.0,768.0,PARTIALLY_GAPPED,761.0,768.0,PARTIALLY_GAPPED,791.0,806.0,FULLY_MAPPED,,,,,,,,,Centroid,HAIRPIN_LOOP_0014,8.0,,,,,,,,,,,,STRUCTURAL_CONTEXT_ONLY,
Ras85D_CTX_YAK_CENTROID_STEM_0054,Ras85D_HO_01310,D.yakuba,STRUCTURE_SEGMENT,RNA_STRUCTURE,STRUCTURE,STEM,D.yakuba::Centroid::STEM_0054,29A_2_01A_Structural_Mapping,A_nucleotide_structure_annotation.csv,,769,772,4,TCTT,forward,965,968,966.5,VALID,STEM,True,FINAL,,,,,,,,,,769.0,772.0,FULLY_MAPPED,769.0,772.0,FULLY_MAPPED,807.0,810.0,FULLY_MAPPED,,,,,,,,,Centroid,STEM_0054,4.0,,,,,,,,,,,,STRUCTURAL_CONTEXT_ONLY,
Ras85D_CTX_YAK_CENTROID_INTERNAL_LOOP_0020,Ras85D_HO_01234,D.yakuba,STRUCTURE_SEGMENT,RNA_STRUCTURE,STRUCTURE,INTERNAL_LOOP,D.yakuba::Centroid::INTERNAL_LOOP_0020,29A_2_01A_Structural_Mapping,A_nucleotide_structure_annotation.csv,,773,775,3,TCT,forward,969,971,970.0,VALID,INTERNAL_LOOP,True,FINAL,,,,,,,,,,773.0,775.0,FULLY_MAPPED,773.0,775.0,FULLY_MAPPED,811.0,813.0,FULLY_MAPPED,,,,,,,,,Centroid,INTERNAL_LOOP_0020,3.0,,,,,,,,,,,,STRUCTURAL_CONTEXT_ONLY,
Ras85D_CTX_YAK_CENTROID_STEM_0055,Ras85D_HO_01311,D.yakuba,STRUCTURE_SEGMENT,RNA_STRUCTURE,STRUCTURE,STEM,D.yakuba::Centroid::STEM_0055,29A_2_01A_Structural_Mapping,A_nucleotide_structure_annotation.csv,,776,778,3,ACT,forward,972,974,973.0,VALID,STEM,True,FINAL,,,,,,,,,,776.0,778.0,FULLY_MAPPED,776.0,778.0,FULLY_MAPPED,814.0,816.0,FULLY_MAPPED,,,,,,,,,Centroid,STEM_0055,3.0,,,,,,,,,,,,STRUCTURAL_CONTEXT_ONLY,
Ras85D_CTX_YAK_CENTROID_BULGE_0004,Ras85D_HO_01195,D.yakuba,STRUCTURE_SEGMENT,RNA_STRUCTURE,STRUCTURE,BULGE,D.yakuba::Centroid::BULGE_0004,29A_2_01A_Structural_Mapping,A_nucleotide_structure_annotation.csv,,779,781,3,TAC,forward,975,977,976.0,VALID,BULGE,True,FINAL,,,,,,,,,,779.0,781.0,FULLY_MAPPED,779.0,781.0,FULLY_MAPPED,817.0,819.0,FULLY_MAPPED,,,,,,,,,Centroid,BULGE_0004,3.0,,,,,,,,,,,,STRUCTURAL_CONTEXT_ONLY,
Ras85D_CTX_YAK_CENTROID_STEM_0056,Ras85D_HO_01312,D.yakuba,STRUCTURE_SEGMENT,RNA_STRUCTURE,STRUCTURE,STEM,D.yakuba::Centroid::STEM_0056,29A_2_01A_Structural_Mapping,A_nucleotide_structure_annotation.csv,,782,786,5,CATAC,forward,978,982,980.0,VALID,STEM,True,FINAL,,,,,,,,,,782.0,786.0,FULLY_MAPPED,782.0,786.0,FULLY_MAPPED,820.0,824.0,FULLY_MAPPED,,,,,,,,,Centroid,STEM_0056,5.0,,,,,,,,,,,,STRUCTURAL_CONTEXT_ONLY,
Ras85D_CTX_YAK_CENTROID_MULTILOOP_0018,Ras85D_HO_01254,D.yakuba,STRUCTURE_SEGMENT,RNA_STRUCTURE,STRUCTURE,MULTILOOP,D.yakuba::Centroid::MULTILOOP_0018,29A_2_01A_Structural_Mapping,A_nucleotide_structure_annotation.csv,,787,842,56,TGACAGATCAATCGGAGAGAAAACAAACAGCCAATTAAAATTACATTATATAGTTT,forward,983,1188,1085.5,VALID,MULTILOOP,True,FINAL,,,,,,,,,,787.0,842.0,PARTIALLY_GAPPED,787.0,842.0,PARTIALLY_GAPPED,825.0,1029.0,PARTIALLY_GAPPED,,,,,,,,,Centroid,MULTILOOP_0018,56.0,,,,,,,,,,,,STRUCTURAL_CONTEXT_ONLY,
Ras85D_CTX_YAK_CENTROID_STEM_0057,Ras85D_HO_01313,D.yakuba,STRUCTURE_SEGMENT,RNA_STRUCTURE,STRUCTURE,STEM,D.yakuba::Centroid::STEM_0057,29A_2_01A_Structural_Mapping,A_nucleotide_structure_annotation.csv,,843,845,3,GCT,forward,1189,1191,1190.0,VALID,STEM,True,FINAL,,,,,,,,,,843.0,845.0,FULLY_MAPPED,843.0,845.0,FULLY_MAPPED,1030.0,1032.0,FULLY_MAPPED,,,,,,,,,Centroid,STEM_0057,3.0,,,,,,,,,,,,STRUCTURAL_CONTEXT_ONLY,
Ras85D_CTX_YAK_CENTROID_HAIRPIN_LOOP_0015,Ras85D_HO_01213,D.yakuba,STRUCTURE_SEGMENT,RNA_STRUCTURE,STRUCTURE,HAIRPIN_LOOP,D.yakuba::Centroid::HAIRPIN_LOOP_0015,29A_2_01A_Structural_Mapping,A_nucleotide_structure_annotation.csv,,846,848,3,TTA,forward,1192,1194,1193.0,VALID,HAIRPIN_LOOP,True,FINAL,,,,,,,,,,846.0,848.0,FULLY_MAPPED,846.0,848.0,FULLY_MAPPED,1033.0,1035.0,FULLY_MAPPED,,,,,,,,,Centroid,HAIRPIN_LOOP_0015,3.0,,,,,,,,,,,,STRUCTURAL_CONTEXT_ONLY,
Ras85D_CTX_YAK_CENTROID_STEM_0058,Ras85D_HO_01314,D.yakuba,STRUCTURE_SEGMENT,RNA_STRUCTURE,STRUCTURE,STEM,D.yakuba::Centroid::STEM_0058,29A_2_01A_Structural_Mapping,A_nucleotide_structure_annotation.csv,,849,851,3,AGC,forward,1195,1197,1196.0,VALID,STEM,True,FINAL,,,,,,,,,,849.0,851.0,FULLY_MAPPED,849.0,851.0,FULLY_MAPPED,1036.0,1038.0,FULLY_MAPPED,,,,,,,,,Centroid,STEM_0058,3.0,,,,,,,,,,,,STRUCTURAL_CONTEXT_ONLY,
Ras85D_CTX_YAK_CENTROID_MULTILOOP_0019,Ras85D_HO_01255,D.yakuba,STRUCTURE_SEGMENT,RNA_STRUCTURE,STRUCTURE,MULTILOOP,D.yakuba::Centroid::MULTILOOP_0019,29A_2_01A_Structural_Mapping,A_nucleotide_structure_annotation.csv,,852,865,14,TTTTTATACATACA,forward,1198,1211,1204.5,VALID,MULTILOOP,True,FINAL,,,,,,,,,,852.0,865.0,FULLY_MAPPED,852.0,865.0,FULLY_MAPPED,1039.0,1052.0,FULLY_MAPPED,,,,,,,,,Centroid,MULTILOOP_0019,14.0,,,,,,,,,,,,STRUCTURAL_CONTEXT_ONLY,
Ras85D_CTX_YAK_CENTROID_STEM_0059,Ras85D_HO_01315,D.yakuba,STRUCTURE_SEGMENT,RNA_STRUCTURE,STRUCTURE,STEM,D.yakuba::Centroid::STEM_0059,29A_2_01A_Structural_Mapping,A_nucleotide_structure_annotation.csv,,866,873,8,TACATACA,forward,1212,1219,1215.5,VALID,STEM,True,FINAL,,,,,,,,,,866.0,873.0,FULLY_MAPPED,866.0,873.0,FULLY_MAPPED,1053.0,1057.0,PARTIALLY_GAPPED,,,,,,,,,Centroid,STEM_0059,8.0,,,,,,,,,,,,STRUCTURAL_CONTEXT_ONLY,
Ras85D_CTX_YAK_CENTROID_INTERNAL_LOOP_0021,Ras85D_HO_01235,D.yakuba,STRUCTURE_SEGMENT,RNA_STRUCTURE,STRUCTURE,INTERNAL_LOOP,D.yakuba::Centroid::INTERNAL_LOOP_0021,29A_2_01A_Structural_Mapping,A_nucleotide_structure_annotation.csv,,874,887,14,TTTAATATTTAATT,forward,1220,1234,1227.0,VALID,INTERNAL_LOOP,True,FINAL,,,,,,,,,,874.0,887.0,PARTIALLY_GAPPED,874.0,887.0,PARTIALLY_GAPPED,1058.0,1070.0,PARTIALLY_GAPPED,,,,,,,,,Centroid,INTERNAL_LOOP_0021,14.0,,,,,,,,,,,,STRUCTURAL_CONTEXT_ONLY,
Ras85D_CTX_YAK_CENTROID_STEM_0060,Ras85D_HO_01316,D.yakuba,STRUCTURE_SEGMENT,RNA_STRUCTURE,STRUCTURE,STEM,D.yakuba::Centroid::STEM_0060,29A_2_01A_Structural_Mapping,A_nucleotide_structure_annotation.csv,,888,895,8,TTTTGTAT,forward,1235,1242,1238.5,VALID,STEM,True,FINAL,,,,,,,,,,888.0,895.0,FULLY_MAPPED,888.0,895.0,FULLY_MAPPED,1071.0,1078.0,FULLY_MAPPED,,,,,,,,,Centroid,STEM_0060,8.0,,,,,,,,,,,,STRUCTURAL_CONTEXT_ONLY,
Ras85D_CTX_YAK_CENTROID_HAIRPIN_LOOP_0016,Ras85D_HO_01214,D.yakuba,STRUCTURE_SEGMENT,RNA_STRUCTURE,STRUCTURE,HAIRPIN_LOOP,D.yakuba::Centroid::HAIRPIN_LOOP_0016,29A_2_01A_Structural_Mapping,A_nucleotide_structure_annotation.csv,,896,906,11,TAATTTTTGCC,forward,1243,1253,1248.0,VALID,HAIRPIN_LOOP,True,FINAL,,,,,,,,,,896.0,906.0,FULLY_MAPPED,896.0,906.0,FULLY_MAPPED,1079.0,1089.0,FULLY_MAPPED,,,,,,,,,Centroid,HAIRPIN_LOOP_0016,11.0,,,,,,,,,,,,STRUCTURAL_CONTEXT_ONLY,
Ras85D_CTX_YAK_CENTROID_STEM_0061,Ras85D_HO_01317,D.yakuba,STRUCTURE_SEGMENT,RNA_STRUCTURE,STRUCTURE,STEM,D.yakuba::Centroid::STEM_0061,29A_2_01A_Structural_Mapping,A_nucleotide_structure_annotation.csv,,907,914,8,ATACAAAA,forward,1254,1261,1257.5,VALID,STEM,True,FINAL,,,,,,,,,,907.0,914.0,FULLY_MAPPED,907.0,914.0,FULLY_MAPPED,1090.0,1097.0,FULLY_MAPPED,,,,,,,,,Centroid,STEM_0061,8.0,,,,,,,,,,,,STRUCTURAL_CONTEXT_ONLY,
Ras85D_CTX_YAK_CENTROID_INTERNAL_LOOP_0022,Ras85D_HO_01236,D.yakuba,STRUCTURE_SEGMENT,RNA_STRUCTURE,STRUCTURE,INTERNAL_LOOP,D.yakuba::Centroid::INTERNAL_LOOP_0022,29A_2_01A_Structural_Mapping,A_nucleotide_structure_annotation.csv,,915,933,19,AGAAACGAAATAAATCGAT,forward,1262,1280,1271.0,VALID,INTERNAL_LOOP,True,FINAL,,,,,,,,,,915.0,933.0,FULLY_MAPPED,915.0,933.0,FULLY_MAPPED,1098.0,1116.0,FULLY_MAPPED,,,,,,,,,Centroid,INTERNAL_LOOP_0022,19.0,,,,,,,,,,,,STRUCTURAL_CONTEXT_ONLY,
Ras85D_CTX_YAK_CENTROID_STEM_0062,Ras85D_HO_01318,D.yakuba,STRUCTURE_SEGMENT,RNA_STRUCTURE,STRUCTURE,STEM,D.yakuba::Centroid::STEM_0062,29A_2_01A_Structural_Mapping,A_nucleotide_structure_annotation.csv,,934,941,8,TGTGTGTA,forward,1281,1288,1284.5,VALID,STEM,True,FINAL,,,,,,,,,,934.0,941.0,FULLY_MAPPED,934.0,941.0,FULLY_MAPPED,1117.0,1124.0,FULLY_MAPPED,,,,,,,,,Centroid,STEM_0062,8.0,,,,,,,,,,,,STRUCTURAL_CONTEXT_ONLY,
Ras85D_CTX_YAK_CENTROID_MULTILOOP_0020,Ras85D_HO_01256,D.yakuba,STRUCTURE_SEGMENT,RNA_STRUCTURE,STRUCTURE,MULTILOOP,D.yakuba::Centroid::MULTILOOP_0020,29A_2_01A_Structural_Mapping,A_nucleotide_structure_annotation.csv,,942,950,9,CTATTTATG,forward,1289,1297,1293.0,VALID,MULTILOOP,True,FINAL,,,,,,,,,,942.0,950.0,FULLY_MAPPED,942.0,950.0,FULLY_MAPPED,1125.0,1132.0,PARTIALLY_GAPPED,,,,,,,,,Centroid,MULTILOOP_0020,9.0,,,,,,,,,,,,STRUCTURAL_CONTEXT_ONLY,
Ras85D_CTX_YAK_CENTROID_STEM_0063,Ras85D_HO_01319,D.yakuba,STRUCTURE_SEGMENT,RNA_STRUCTURE,STRUCTURE,STEM,D.yakuba::Centroid::STEM_0063,29A_2_01A_Structural_Mapping,A_nucleotide_structure_annotation.csv,,951,957,7,CAATGTG,forward,1298,1304,1301.0,VALID,STEM,True,FINAL,,,,,,,,,,951.0,957.0,FULLY_MAPPED,951.0,957.0,FULLY_MAPPED,1133.0,1139.0,FULLY_MAPPED,,,,,,,,,Centroid,STEM_0063,7.0,,,,,,,,,,,,STRUCTURAL_CONTEXT_ONLY,
Ras85D_CTX_YAK_CENTROID_BULGE_0005,Ras85D_HO_01196,D.yakuba,STRUCTURE_SEGMENT,RNA_STRUCTURE,STRUCTURE,BULGE,D.yakuba::Centroid::BULGE_0005,29A_2_01A_Structural_Mapping,A_nucleotide_structure_annotation.csv,,958,962,5,GTTTC,forward,1305,1309,1307.0,VALID,BULGE,True,FINAL,,,,,,,,,,958.0,962.0,FULLY_MAPPED,958.0,962.0,FULLY_MAPPED,1140.0,1144.0,FULLY_MAPPED,,,,,,,,,Centroid,BULGE_0005,5.0,,,,,,,,,,,,STRUCTURAL_CONTEXT_ONLY,
Ras85D_CTX_YAK_CENTROID_STEM_0064,Ras85D_HO_01320,D.yakuba,STRUCTURE_SEGMENT,RNA_STRUCTURE,STRUCTURE,STEM,D.yakuba::Centroid::STEM_0064,29A_2_01A_Structural_Mapping,A_nucleotide_structure_annotation.csv,,963,967,5,AGGTT,forward,1310,1314,1312.0,VALID,STEM,True,FINAL,,,,,,,,,,963.0,964.0,PARTIALLY_GAPPED,963.0,967.0,FULLY_MAPPED,1145.0,1149.0,FULLY_MAPPED,,,,,,,,,Centroid,STEM_0064,5.0,,,,,,,,,,,,STRUCTURAL_CONTEXT_ONLY,
Ras85D_CTX_YAK_CENTROID_EXTERIOR_0002,Ras85D_HO_01198,D.yakuba,STRUCTURE_SEGMENT,RNA_STRUCTURE,STRUCTURE,EXTERIOR,D.yakuba::Centroid::EXTERIOR_0002,29A_2_01A_Structural_Mapping,A_nucleotide_structure_annotation.csv,,968,968,1,A,forward,1315,1315,1315.0,VALID,EXTERIOR,True,FINAL,,,,,,,,,,,,ABSENT_IN_TARGET,968.0,968.0,FULLY_MAPPED,1150.0,1150.0,FULLY_MAPPED,,,,,,,,,Centroid,EXTERIOR_0002,1.0,,,,,,,,,,,,STRUCTURAL_CONTEXT_ONLY,
Ras85D_CTX_YAK_MFE_EXTERIOR_0001,Ras85D_HO_01336,D.yakuba,STRUCTURE_SEGMENT,RNA_STRUCTURE,STRUCTURE,EXTERIOR,D.yakuba::MFE::EXTERIOR_0001,29A_2_01A_Structural_Mapping,A_nucleotide_structure_annotation.csv,,1,2,2,AC,forward,2,3,2.5,VALID,EXTERIOR,True,FINAL,,,,,,,,,,1.0,2.0,FULLY_MAPPED,1.0,2.0,FULLY_MAPPED,1.0,2.0,FULLY_MAPPED,,,,,,,,,MFE,EXTERIOR_0001,2.0,,,,,,,,,,,,STRUCTURAL_CONTEXT_ONLY,
Ras85D_CTX_YAK_MFE_STEM_0001,Ras85D_HO_01424,D.yakuba,STRUCTURE_SEGMENT,RNA_STRUCTURE,STRUCTURE,STEM,D.yakuba::MFE::STEM_0001,29A_2_01A_Structural_Mapping,A_nucleotide_structure_annotation.csv,,3,14,12,GGCCTCGCATTG,forward,4,15,9.5,VALID,STEM,True,FINAL,,,,,,,,,,3.0,14.0,FULLY_MAPPED,3.0,14.0,FULLY_MAPPED,3.0,10.0,PARTIALLY_GAPPED,,,,,,,,,MFE,STEM_0001,12.0,,,,,,,,,,,,STRUCTURAL_CONTEXT_ONLY,
Ras85D_CTX_YAK_MFE_MULTILOOP_0001,Ras85D_HO_01401,D.yakuba,STRUCTURE_SEGMENT,RNA_STRUCTURE,STRUCTURE,MULTILOOP,D.yakuba::MFE::MULTILOOP_0001,29A_2_01A_Structural_Mapping,A_nucleotide_structure_annotation.csv,,15,15,1,G,forward,16,16,16.0,VALID,MULTILOOP,True,FINAL,,,,,,,,,,15.0,15.0,FULLY_MAPPED,15.0,15.0,FULLY_MAPPED,,,ABSENT_IN_TARGET,,,,,,,,,MFE,MULTILOOP_0001,1.0,,,,,,,,,,,,STRUCTURAL_CONTEXT_ONLY,
Ras85D_CTX_YAK_MFE_STEM_0002,Ras85D_HO_01425,D.yakuba,STRUCTURE_SEGMENT,RNA_STRUCTURE,STRUCTURE,STEM,D.yakuba::MFE::STEM_0002,29A_2_01A_Structural_Mapping,A_nucleotide_structure_annotation.csv,,16,20,5,TTATT,forward,17,21,19.0,VALID,STEM,True,FINAL,,,,,,,,,,16.0,20.0,FULLY_MAPPED,16.0,20.0,FULLY_MAPPED,11.0,15.0,FULLY_MAPPED,,,,,,,,,MFE,STEM_0002,5.0,,,,,,,,,,,,STRUCTURAL_CONTEXT_ONLY,
Ras85D_CTX_YAK_MFE_BULGE_0001,Ras85D_HO_01321,D.yakuba,STRUCTURE_SEGMENT,RNA_STRUCTURE,STRUCTURE,BULGE,D.yakuba::MFE::BULGE_0001,29A_2_01A_Structural_Mapping,A_nucleotide_structure_annotation.csv,,21,21,1,A,forward,22,22,22.0,VALID,BULGE,True,FINAL,,,,,,,,,,21.0,21.0,FULLY_MAPPED,21.0,21.0,FULLY_MAPPED,16.0,16.0,FULLY_MAPPED,,,,,,,,,MFE,BULGE_0001,1.0,,,,,,,,,,,,STRUCTURAL_CONTEXT_ONLY,
Ras85D_CTX_YAK_MFE_STEM_0003,Ras85D_HO_01426,D.yakuba,STRUCTURE_SEGMENT,RNA_STRUCTURE,STRUCTURE,STEM,D.yakuba::MFE::STEM_0003,29A_2_01A_Structural_Mapping,A_nucleotide_structure_annotation.csv,,22,25,4,TTCA,forward,23,26,24.5,VALID,STEM,True,FINAL,,,,,,,,,,22.0,25.0,FULLY_MAPPED,22.0,25.0,FULLY_MAPPED,17.0,20.0,FULLY_MAPPED,,,,,,,,,MFE,STEM_0003,4.0,,,,,,,,,,,,STRUCTURAL_CONTEXT_ONLY,
Ras85D_CTX_YAK_MFE_INTERNAL_LOOP_0001,Ras85D_HO_01355,D.yakuba,STRUCTURE_SEGMENT,RNA_STRUCTURE,STRUCTURE,INTERNAL_LOOP,D.yakuba::MFE::INTERNAL_LOOP_0001,29A_2_01A_Structural_Mapping,A_nucleotide_structure_annotation.csv,,26,26,1,C,forward,27,27,27.0,VALID,INTERNAL_LOOP,True,FINAL,,,,,,,,,,26.0,26.0,FULLY_MAPPED,26.0,26.0,FULLY_MAPPED,21.0,21.0,FULLY_MAPPED,,,,,,,,,MFE,INTERNAL_LOOP_0001,1.0,,,,,,,,,,,,STRUCTURAL_CONTEXT_ONLY,
Ras85D_CTX_YAK_MFE_STEM_0004,Ras85D_HO_01427,D.yakuba,STRUCTURE_SEGMENT,RNA_STRUCTURE,STRUCTURE,STEM,D.yakuba::MFE::STEM_0004,29A_2_01A_Structural_Mapping,A_nucleotide_structure_annotation.csv,,27,30,4,TTTT,forward,28,31,29.5,VALID,STEM,True,FINAL,,,,,,,,,,27.0,30.0,FULLY_MAPPED,27.0,30.0,FULLY_MAPPED,22.0,25.0,FULLY_MAPPED,,,,,,,,,MFE,STEM_0004,4.0,,,,,,,,,,,,STRUCTURAL_CONTEXT_ONLY,
Ras85D_CTX_YAK_MFE_INTERNAL_LOOP_0002,Ras85D_HO_01356,D.yakuba,STRUCTURE_SEGMENT,RNA_STRUCTURE,STRUCTURE,INTERNAL_LOOP,D.yakuba::MFE::INTERNAL_LOOP_0002,29A_2_01A_Structural_Mapping,A_nucleotide_structure_annotation.csv,,31,31,1,T,forward,32,32,32.0,VALID,INTERNAL_LOOP,True,FINAL,,,,,,,,,,31.0,31.0,FULLY_MAPPED,31.0,31.0,FULLY_MAPPED,26.0,26.0,FULLY_MAPPED,,,,,,,,,MFE,INTERNAL_LOOP_0002,1.0,,,,,,,,,,,,STRUCTURAL_CONTEXT_ONLY,
Ras85D_CTX_YAK_MFE_STEM_0005,Ras85D_HO_01428,D.yakuba,STRUCTURE_SEGMENT,RNA_STRUCTURE,STRUCTURE,STEM,D.yakuba::MFE::STEM_0005,29A_2_01A_Structural_Mapping,A_nucleotide_structure_annotation.csv,,32,39,8,ATTTCTTC,forward,33,40,36.5,VALID,STEM,True,FINAL,,,,,,,,,,32.0,39.0,FULLY_MAPPED,32.0,39.0,FULLY_MAPPED,27.0,33.0,PARTIALLY_GAPPED,,,,,,,,,MFE,STEM_0005,8.0,,,,,,,,,,,,STRUCTURAL_CONTEXT_ONLY,
Ras85D_CTX_YAK_MFE_INTERNAL_LOOP_0003,Ras85D_HO_01357,D.yakuba,STRUCTURE_SEGMENT,RNA_STRUCTURE,STRUCTURE,INTERNAL_LOOP,D.yakuba::MFE::INTERNAL_LOOP_0003,29A_2_01A_Structural_Mapping,A_nucleotide_structure_annotation.csv,,40,44,5,AAATG,forward,41,45,43.0,VALID,INTERNAL_LOOP,True,FINAL,,,,,,,,,,40.0,44.0,FULLY_MAPPED,40.0,44.0,FULLY_MAPPED,34.0,38.0,FULLY_MAPPED,,,,,,,,,MFE,INTERNAL_LOOP_0003,5.0,,,,,,,,,,,,STRUCTURAL_CONTEXT_ONLY,
Ras85D_CTX_YAK_MFE_STEM_0006,Ras85D_HO_01429,D.yakuba,STRUCTURE_SEGMENT,RNA_STRUCTURE,STRUCTURE,STEM,D.yakuba::MFE::STEM_0006,29A_2_01A_Structural_Mapping,A_nucleotide_structure_annotation.csv,,45,47,3,TCG,forward,46,48,47.0,VALID,STEM,True,FINAL,,,,,,,,,,45.0,47.0,FULLY_MAPPED,45.0,47.0,FULLY_MAPPED,39.0,39.0,PARTIALLY_GAPPED,,,,,,,,,MFE,STEM_0006,3.0,,,,,,,,,,,,STRUCTURAL_CONTEXT_ONLY,
Ras85D_CTX_YAK_MFE_INTERNAL_LOOP_0004,Ras85D_HO_01358,D.yakuba,STRUCTURE_SEGMENT,RNA_STRUCTURE,STRUCTURE,INTERNAL_LOOP,D.yakuba::MFE::INTERNAL_LOOP_0004,29A_2_01A_Structural_Mapping,A_nucleotide_structure_annotation.csv,,48,49,2,CC,forward,49,50,49.5,VALID,INTERNAL_LOOP,True,FINAL,,,,,,,,,,48.0,49.0,FULLY_MAPPED,48.0,49.0,FULLY_MAPPED,40.0,41.0,FULLY_MAPPED,,,,,,,,,MFE,INTERNAL_LOOP_0004,2.0,,,,,,,,,,,,STRUCTURAL_CONTEXT_ONLY,
Ras85D_CTX_YAK_MFE_STEM_0007,Ras85D_HO_01430,D.yakuba,STRUCTURE_SEGMENT,RNA_STRUCTURE,STRUCTURE,STEM,D.yakuba::MFE::STEM_0007,29A_2_01A_Structural_Mapping,A_nucleotide_structure_annotation.csv,,50,56,7,TGTTTGT,forward,51,57,54.0,VALID,STEM,True,FINAL,,,,,,,,,,50.0,56.0,FULLY_MAPPED,50.0,56.0,FULLY_MAPPED,42.0,48.0,FULLY_MAPPED,,,,,,,,,MFE,STEM_0007,7.0,,,,,,,,,,,,STRUCTURAL_CONTEXT_ONLY,
Ras85D_CTX_YAK_MFE_INTERNAL_LOOP_0005,Ras85D_HO_01359,D.yakuba,STRUCTURE_SEGMENT,RNA_STRUCTURE,STRUCTURE,INTERNAL_LOOP,D.yakuba::MFE::INTERNAL_LOOP_0005,29A_2_01A_Structural_Mapping,A_nucleotide_structure_annotation.csv,,57,57,1,C,forward,58,58,58.0,VALID,INTERNAL_LOOP,True,FINAL,,,,,,,,,,57.0,57.0,FULLY_MAPPED,57.0,57.0,FULLY_MAPPED,49.0,49.0,FULLY_MAPPED,,,,,,,,,MFE,INTERNAL_LOOP_0005,1.0,,,,,,,,,,,,STRUCTURAL_CONTEXT_ONLY,
Ras85D_CTX_YAK_MFE_STEM_0008,Ras85D_HO_01431,D.yakuba,STRUCTURE_SEGMENT,RNA_STRUCTURE,STRUCTURE,STEM,D.yakuba::MFE::STEM_0008,29A_2_01A_Structural_Mapping,A_nucleotide_structure_annotation.csv,,58,60,3,TGT,forward,59,61,60.0,VALID,STEM,True,FINAL,,,,,,,,,,58.0,60.0,FULLY_MAPPED,58.0,60.0,FULLY_MAPPED,50.0,52.0,FULLY_MAPPED,,,,,,,,,MFE,STEM_0008,3.0,,,,,,,,,,,,STRUCTURAL_CONTEXT_ONLY,
Ras85D_CTX_YAK_MFE_INTERNAL_LOOP_0006,Ras85D_HO_01360,D.yakuba,STRUCTURE_SEGMENT,RNA_STRUCTURE,STRUCTURE,INTERNAL_LOOP,D.yakuba::MFE::INTERNAL_LOOP_0006,29A_2_01A_Structural_Mapping,A_nucleotide_structure_annotation.csv,,61,61,1,A,forward,62,62,62.0,VALID,INTERNAL_LOOP,True,FINAL,,,,,,,,,,61.0,61.0,FULLY_MAPPED,61.0,61.0,FULLY_MAPPED,53.0,53.0,FULLY_MAPPED,,,,,,,,,MFE,INTERNAL_LOOP_0006,1.0,,,,,,,,,,,,STRUCTURAL_CONTEXT_ONLY,
Ras85D_CTX_YAK_MFE_STEM_0009,Ras85D_HO_01432,D.yakuba,STRUCTURE_SEGMENT,RNA_STRUCTURE,STRUCTURE,STEM,D.yakuba::MFE::STEM_0009,29A_2_01A_Structural_Mapping,A_nucleotide_structure_annotation.csv,,62,64,3,TGT,forward,63,65,64.0,VALID,STEM,True,FINAL,,,,,,,,,,62.0,64.0,FULLY_MAPPED,62.0,64.0,FULLY_MAPPED,54.0,56.0,FULLY_MAPPED,,,,,,,,,MFE,STEM_0009,3.0,,,,,,,,,,,,STRUCTURAL_CONTEXT_ONLY,
Ras85D_CTX_YAK_MFE_MULTILOOP_0002,Ras85D_HO_01402,D.yakuba,STRUCTURE_SEGMENT,RNA_STRUCTURE,STRUCTURE,MULTILOOP,D.yakuba::MFE::MULTILOOP_0002,29A_2_01A_Structural_Mapping,A_nucleotide_structure_annotation.csv,,65,66,2,GC,forward,66,67,66.5,VALID,MULTILOOP,True,FINAL,,,,,,,,,,65.0,66.0,FULLY_MAPPED,65.0,66.0,FULLY_MAPPED,57.0,58.0,FULLY_MAPPED,,,,,,,,,MFE,MULTILOOP_0002,2.0,,,,,,,,,,,,STRUCTURAL_CONTEXT_ONLY,
Ras85D_CTX_YAK_MFE_STEM_0010,Ras85D_HO_01433,D.yakuba,STRUCTURE_SEGMENT,RNA_STRUCTURE,STRUCTURE,STEM,D.yakuba::MFE::STEM_0010,29A_2_01A_Structural_Mapping,A_nucleotide_structure_annotation.csv,,67,73,7,GTCGGCG,forward,68,74,71.0,VALID,STEM,True,FINAL,,,,,,,,,,67.0,73.0,FULLY_MAPPED,67.0,73.0,FULLY_MAPPED,59.0,65.0,FULLY_MAPPED,,,,,,,,,MFE,STEM_0010,7.0,,,,,,,,,,,,STRUCTURAL_CONTEXT_ONLY,
Ras85D_CTX_YAK_MFE_HAIRPIN_LOOP_0001,Ras85D_HO_01338,D.yakuba,STRUCTURE_SEGMENT,RNA_STRUCTURE,STRUCTURE,HAIRPIN_LOOP,D.yakuba::MFE::HAIRPIN_LOOP_0001,29A_2_01A_Structural_Mapping,A_nucleotide_structure_annotation.csv,,74,76,3,GAT,forward,75,77,76.0,VALID,HAIRPIN_LOOP,True,FINAL,,,,,,,,,,74.0,76.0,FULLY_MAPPED,74.0,76.0,FULLY_MAPPED,66.0,68.0,FULLY_MAPPED,,,,,,,,,MFE,HAIRPIN_LOOP_0001,3.0,,,,,,,,,,,,STRUCTURAL_CONTEXT_ONLY,
Ras85D_CTX_YAK_MFE_STEM_0011,Ras85D_HO_01434,D.yakuba,STRUCTURE_SEGMENT,RNA_STRUCTURE,STRUCTURE,STEM,D.yakuba::MFE::STEM_0011,29A_2_01A_Structural_Mapping,A_nucleotide_structure_annotation.csv,,77,87,11,CGCCGATCGTC,forward,78,88,83.0,VALID,STEM,True,FINAL,,,,,,,,,,77.0,87.0,FULLY_MAPPED,77.0,87.0,FULLY_MAPPED,69.0,78.0,PARTIALLY_GAPPED,,,,,,,,,MFE,STEM_0011,11.0,,,,,,,,,,,,STRUCTURAL_CONTEXT_ONLY,
Ras85D_CTX_YAK_MFE_HAIRPIN_LOOP_0002,Ras85D_HO_01339,D.yakuba,STRUCTURE_SEGMENT,RNA_STRUCTURE,STRUCTURE,HAIRPIN_LOOP,D.yakuba::MFE::HAIRPIN_LOOP_0002,29A_2_01A_Structural_Mapping,A_nucleotide_structure_annotation.csv,,88,95,8,CCGGAATC,forward,89,118,103.5,VALID,HAIRPIN_LOOP,True,FINAL,,,,,,,,,,88.0,95.0,PARTIALLY_GAPPED,88.0,95.0,PARTIALLY_GAPPED,79.0,108.0,FULLY_MAPPED,,,,,,,,,MFE,HAIRPIN_LOOP_0002,8.0,,,,,,,,,,,,STRUCTURAL_CONTEXT_ONLY,
Ras85D_CTX_YAK_MFE_STEM_0012,Ras85D_HO_01435,D.yakuba,STRUCTURE_SEGMENT,RNA_STRUCTURE,STRUCTURE,STEM,D.yakuba::MFE::STEM_0012,29A_2_01A_Structural_Mapping,A_nucleotide_structure_annotation.csv,,96,101,6,GATGGT,forward,119,124,121.5,VALID,STEM,True,FINAL,,,,,,,,,,96.0,101.0,FULLY_MAPPED,96.0,101.0,FULLY_MAPPED,109.0,114.0,FULLY_MAPPED,,,,,,,,,MFE,STEM_0012,6.0,,,,,,,,,,,,STRUCTURAL_CONTEXT_ONLY,
Ras85D_CTX_YAK_MFE_INTERNAL_LOOP_0007,Ras85D_HO_01361,D.yakuba,STRUCTURE_SEGMENT,RNA_STRUCTURE,STRUCTURE,INTERNAL_LOOP,D.yakuba::MFE::INTERNAL_LOOP_0007,29A_2_01A_Structural_Mapping,A_nucleotide_structure_annotation.csv,,102,102,1,T,forward,125,125,125.0,VALID,INTERNAL_LOOP,True,FINAL,,,,,,,,,,102.0,102.0,FULLY_MAPPED,102.0,102.0,FULLY_MAPPED,115.0,115.0,FULLY_MAPPED,,,,,,,,,MFE,INTERNAL_LOOP_0007,1.0,,,,,,,,,,,,STRUCTURAL_CONTEXT_ONLY,
Ras85D_CTX_YAK_MFE_STEM_0013,Ras85D_HO_01436,D.yakuba,STRUCTURE_SEGMENT,RNA_STRUCTURE,STRUCTURE,STEM,D.yakuba::MFE::STEM_0013,29A_2_01A_Structural_Mapping,A_nucleotide_structure_annotation.csv,,103,108,6,TGTCCA,forward,126,140,133.0,VALID,STEM,True,FINAL,,,,,,,,,,103.0,108.0,PARTIALLY_GAPPED,103.0,108.0,PARTIALLY_GAPPED,116.0,130.0,FULLY_MAPPED,,,,,,,,,MFE,STEM_0013,6.0,,,,,,,,,,,,STRUCTURAL_CONTEXT_ONLY,
Ras85D_CTX_YAK_MFE_HAIRPIN_LOOP_0003,Ras85D_HO_01340,D.yakuba,STRUCTURE_SEGMENT,RNA_STRUCTURE,STRUCTURE,HAIRPIN_LOOP,D.yakuba::MFE::HAIRPIN_LOOP_0003,29A_2_01A_Structural_Mapping,A_nucleotide_structure_annotation.csv,,109,111,3,TTT,forward,141,143,142.0,VALID,HAIRPIN_LOOP,True,FINAL,,,,,,,,,,109.0,111.0,FULLY_MAPPED,109.0,111.0,FULLY_MAPPED,131.0,133.0,FULLY_MAPPED,,,,,,,,,MFE,HAIRPIN_LOOP_0003,3.0,,,,,,,,,,,,STRUCTURAL_CONTEXT_ONLY,
Ras85D_CTX_YAK_MFE_STEM_0014,Ras85D_HO_01437,D.yakuba,STRUCTURE_SEGMENT,RNA_STRUCTURE,STRUCTURE,STEM,D.yakuba::MFE::STEM_0014,29A_2_01A_Structural_Mapping,A_nucleotide_structure_annotation.csv,,112,117,6,TGGACA,forward,144,157,150.5,VALID,STEM,True,FINAL,,,,,,,,,,112.0,117.0,PARTIALLY_GAPPED,112.0,117.0,PARTIALLY_GAPPED,134.0,147.0,FULLY_MAPPED,,,,,,,,,MFE,STEM_0014,6.0,,,,,,,,,,,,STRUCTURAL_CONTEXT_ONLY,
Ras85D_CTX_YAK_MFE_INTERNAL_LOOP_0008,Ras85D_HO_01362,D.yakuba,STRUCTURE_SEGMENT,RNA_STRUCTURE,STRUCTURE,INTERNAL_LOOP,D.yakuba::MFE::INTERNAL_LOOP_0008,29A_2_01A_Structural_Mapping,A_nucleotide_structure_annotation.csv,,118,118,1,C,forward,158,158,158.0,VALID,INTERNAL_LOOP,True,FINAL,,,,,,,,,,118.0,118.0,FULLY_MAPPED,118.0,118.0,FULLY_MAPPED,148.0,148.0,FULLY_MAPPED,,,,,,,,,MFE,INTERNAL_LOOP_0008,1.0,,,,,,,,,,,,STRUCTURAL_CONTEXT_ONLY,
Ras85D_CTX_YAK_MFE_STEM_0015,Ras85D_HO_01438,D.yakuba,STRUCTURE_SEGMENT,RNA_STRUCTURE,STRUCTURE,STEM,D.yakuba::MFE::STEM_0015,29A_2_01A_Structural_Mapping,A_nucleotide_structure_annotation.csv,,119,120,2,AC,forward,159,160,159.5,VALID,STEM,True,FINAL,,,,,,,,,,119.0,120.0,FULLY_MAPPED,119.0,120.0,FULLY_MAPPED,149.0,150.0,FULLY_MAPPED,,,,,,,,,MFE,STEM_0015,2.0,,,,,,,,,,,,STRUCTURAL_CONTEXT_ONLY,
Ras85D_CTX_YAK_MFE_MULTILOOP_0003,Ras85D_HO_01403,D.yakuba,STRUCTURE_SEGMENT,RNA_STRUCTURE,STRUCTURE,MULTILOOP,D.yakuba::MFE::MULTILOOP_0003,29A_2_01A_Structural_Mapping,A_nucleotide_structure_annotation.csv,,121,123,3,AAT,forward,161,164,162.5,VALID,MULTILOOP,True,FINAL,,,,,,,,,,121.0,123.0,PARTIALLY_GAPPED,121.0,123.0,PARTIALLY_GAPPED,151.0,154.0,FULLY_MAPPED,,,,,,,,,MFE,MULTILOOP_0003,3.0,,,,,,,,,,,,STRUCTURAL_CONTEXT_ONLY,
Ras85D_CTX_YAK_MFE_STEM_0016,Ras85D_HO_01439,D.yakuba,STRUCTURE_SEGMENT,RNA_STRUCTURE,STRUCTURE,STEM,D.yakuba::MFE::STEM_0016,29A_2_01A_Structural_Mapping,A_nucleotide_structure_annotation.csv,,124,140,17,GCGAAAAACACACACAT,forward,165,181,173.0,VALID,STEM,True,FINAL,,,,,,,,,,124.0,140.0,FULLY_MAPPED,124.0,140.0,FULLY_MAPPED,155.0,170.0,PARTIALLY_GAPPED,,,,,,,,,MFE,STEM_0016,17.0,,,,,,,,,,,,STRUCTURAL_CONTEXT_ONLY,
Ras85D_CTX_YAK_MFE_INTERNAL_LOOP_0009,Ras85D_HO_01363,D.yakuba,STRUCTURE_SEGMENT,RNA_STRUCTURE,STRUCTURE,INTERNAL_LOOP,D.yakuba::MFE::INTERNAL_LOOP_0009,29A_2_01A_Structural_Mapping,A_nucleotide_structure_annotation.csv,,141,143,3,GTG,forward,182,194,188.0,VALID,INTERNAL_LOOP,True,FINAL,,,,,,,,,,141.0,143.0,PARTIALLY_GAPPED,141.0,143.0,PARTIALLY_GAPPED,171.0,183.0,FULLY_MAPPED,,,,,,,,,MFE,INTERNAL_LOOP_0009,3.0,,,,,,,,,,,,STRUCTURAL_CONTEXT_ONLY,
Ras85D_CTX_YAK_MFE_STEM_0017,Ras85D_HO_01440,D.yakuba,STRUCTURE_SEGMENT,RNA_STRUCTURE,STRUCTURE,STEM,D.yakuba::MFE::STEM_0017,29A_2_01A_Structural_Mapping,A_nucleotide_structure_annotation.csv,,144,150,7,GGAGCGT,forward,195,201,198.0,VALID,STEM,True,FINAL,,,,,,,,,,144.0,150.0,FULLY_MAPPED,144.0,150.0,FULLY_MAPPED,184.0,190.0,FULLY_MAPPED,,,,,,,,,MFE,STEM_0017,7.0,,,,,,,,,,,,STRUCTURAL_CONTEXT_ONLY,
Ras85D_CTX_YAK_MFE_INTERNAL_LOOP_0010,Ras85D_HO_01364,D.yakuba,STRUCTURE_SEGMENT,RNA_STRUCTURE,STRUCTURE,INTERNAL_LOOP,D.yakuba::MFE::INTERNAL_LOOP_0010,29A_2_01A_Structural_Mapping,A_nucleotide_structure_annotation.csv,,151,151,1,G,forward,202,202,202.0,VALID,INTERNAL_LOOP,True,FINAL,,,,,,,,,,151.0,151.0,FULLY_MAPPED,151.0,151.0,FULLY_MAPPED,191.0,191.0,FULLY_MAPPED,,,,,,,,,MFE,INTERNAL_LOOP_0010,1.0,,,,,,,,,,,,STRUCTURAL_CONTEXT_ONLY,
Ras85D_CTX_YAK_MFE_STEM_0018,Ras85D_HO_01441,D.yakuba,STRUCTURE_SEGMENT,RNA_STRUCTURE,STRUCTURE,STEM,D.yakuba::MFE::STEM_0018,29A_2_01A_Structural_Mapping,A_nucleotide_structure_annotation.csv,,152,156,5,TTGAT,forward,203,208,205.5,VALID,STEM,True,FINAL,,,,,,,,,,152.0,156.0,PARTIALLY_GAPPED,152.0,156.0,PARTIALLY_GAPPED,192.0,197.0,FULLY_MAPPED,,,,,,,,,MFE,STEM_0018,5.0,,,,,,,,,,,,STRUCTURAL_CONTEXT_ONLY,
Ras85D_CTX_YAK_MFE_BULGE_0002,Ras85D_HO_01322,D.yakuba,STRUCTURE_SEGMENT,RNA_STRUCTURE,STRUCTURE,BULGE,D.yakuba::MFE::BULGE_0002,29A_2_01A_Structural_Mapping,A_nucleotide_structure_annotation.csv,,157,158,2,CG,forward,209,210,209.5,VALID,BULGE,True,FINAL,,,,,,,,,,157.0,158.0,FULLY_MAPPED,157.0,158.0,FULLY_MAPPED,198.0,199.0,FULLY_MAPPED,,,,,,,,,MFE,BULGE_0002,2.0,,,,,,,,,,,,STRUCTURAL_CONTEXT_ONLY,
Ras85D_CTX_YAK_MFE_STEM_0019,Ras85D_HO_01442,D.yakuba,STRUCTURE_SEGMENT,RNA_STRUCTURE,STRUCTURE,STEM,D.yakuba::MFE::STEM_0019,29A_2_01A_Structural_Mapping,A_nucleotide_structure_annotation.csv,,159,163,5,GTGCA,forward,211,215,213.0,VALID,STEM,True,FINAL,,,,,,,,,,159.0,163.0,FULLY_MAPPED,159.0,163.0,FULLY_MAPPED,200.0,204.0,FULLY_MAPPED,,,,,,,,,MFE,STEM_0019,5.0,,,,,,,,,,,,STRUCTURAL_CONTEXT_ONLY,
Ras85D_CTX_YAK_MFE_MULTILOOP_0004,Ras85D_HO_01404,D.yakuba,STRUCTURE_SEGMENT,RNA_STRUCTURE,STRUCTURE,MULTILOOP,D.yakuba::MFE::MULTILOOP_0004,29A_2_01A_Structural_Mapping,A_nucleotide_structure_annotation.csv,,164,164,1,A,forward,216,216,216.0,VALID,MULTILOOP,True,FINAL,,,,,,,,,,164.0,164.0,FULLY_MAPPED,164.0,164.0,FULLY_MAPPED,205.0,205.0,FULLY_MAPPED,,,,,,,,,MFE,MULTILOOP_0004,1.0,,,,,,,,,,,,STRUCTURAL_CONTEXT_ONLY,
Ras85D_CTX_YAK_MFE_STEM_0020,Ras85D_HO_01443,D.yakuba,STRUCTURE_SEGMENT,RNA_STRUCTURE,STRUCTURE,STEM,D.yakuba::MFE::STEM_0020,29A_2_01A_Structural_Mapping,A_nucleotide_structure_annotation.csv,,165,169,5,TTGTC,forward,217,221,219.0,VALID,STEM,True,FINAL,,,,,,,,,,165.0,169.0,FULLY_MAPPED,165.0,169.0,FULLY_MAPPED,206.0,210.0,FULLY_MAPPED,,,,,,,,,MFE,STEM_0020,5.0,,,,,,,,,,,,STRUCTURAL_CONTEXT_ONLY,
Ras85D_CTX_YAK_MFE_HAIRPIN_LOOP_0004,Ras85D_HO_01341,D.yakuba,STRUCTURE_SEGMENT,RNA_STRUCTURE,STRUCTURE,HAIRPIN_LOOP,D.yakuba::MFE::HAIRPIN_LOOP_0004,29A_2_01A_Structural_Mapping,A_nucleotide_structure_annotation.csv,,170,177,8,AGATAAAA,forward,222,229,225.5,VALID,HAIRPIN_LOOP,True,FINAL,,,,,,,,,,170.0,177.0,FULLY_MAPPED,170.0,177.0,FULLY_MAPPED,211.0,218.0,FULLY_MAPPED,,,,,,,,,MFE,HAIRPIN_LOOP_0004,8.0,,,,,,,,,,,,STRUCTURAL_CONTEXT_ONLY,
Ras85D_CTX_YAK_MFE_STEM_0021,Ras85D_HO_01444,D.yakuba,STRUCTURE_SEGMENT,RNA_STRUCTURE,STRUCTURE,STEM,D.yakuba::MFE::STEM_0021,29A_2_01A_Structural_Mapping,A_nucleotide_structure_annotation.csv,,178,188,11,GATGAGAAATT,forward,230,240,235.0,VALID,STEM,True,FINAL,,,,,,,,,,178.0,188.0,FULLY_MAPPED,178.0,188.0,FULLY_MAPPED,219.0,228.0,PARTIALLY_GAPPED,,,,,,,,,MFE,STEM_0021,11.0,,,,,,,,,,,,STRUCTURAL_CONTEXT_ONLY,
Ras85D_CTX_YAK_MFE_INTERNAL_LOOP_0011,Ras85D_HO_01365,D.yakuba,STRUCTURE_SEGMENT,RNA_STRUCTURE,STRUCTURE,INTERNAL_LOOP,D.yakuba::MFE::INTERNAL_LOOP_0011,29A_2_01A_Structural_Mapping,A_nucleotide_structure_annotation.csv,,189,189,1,G,forward,241,241,241.0,VALID,INTERNAL_LOOP,True,FINAL,,,,,,,,,,189.0,189.0,FULLY_MAPPED,189.0,189.0,FULLY_MAPPED,229.0,229.0,FULLY_MAPPED,,,,,,,,,MFE,INTERNAL_LOOP_0011,1.0,,,,,,,,,,,,STRUCTURAL_CONTEXT_ONLY,
Ras85D_CTX_YAK_MFE_STEM_0022,Ras85D_HO_01445,D.yakuba,STRUCTURE_SEGMENT,RNA_STRUCTURE,STRUCTURE,STEM,D.yakuba::MFE::STEM_0022,29A_2_01A_Structural_Mapping,A_nucleotide_structure_annotation.csv,,190,191,2,TA,forward,242,243,242.5,VALID,STEM,True,FINAL,,,,,,,,,,190.0,191.0,FULLY_MAPPED,190.0,191.0,FULLY_MAPPED,230.0,231.0,FULLY_MAPPED,,,,,,,,,MFE,STEM_0022,2.0,,,,,,,,,,,,STRUCTURAL_CONTEXT_ONLY,
Ras85D_CTX_YAK_MFE_INTERNAL_LOOP_0012,Ras85D_HO_01366,D.yakuba,STRUCTURE_SEGMENT,RNA_STRUCTURE,STRUCTURE,INTERNAL_LOOP,D.yakuba::MFE::INTERNAL_LOOP_0012,29A_2_01A_Structural_Mapping,A_nucleotide_structure_annotation.csv,,192,192,1,A,forward,244,244,244.0,VALID,INTERNAL_LOOP,True,FINAL,,,,,,,,,,192.0,192.0,FULLY_MAPPED,192.0,192.0,FULLY_MAPPED,232.0,232.0,FULLY_MAPPED,,,,,,,,,MFE,INTERNAL_LOOP_0012,1.0,,,,,,,,,,,,STRUCTURAL_CONTEXT_ONLY,
Ras85D_CTX_YAK_MFE_STEM_0023,Ras85D_HO_01446,D.yakuba,STRUCTURE_SEGMENT,RNA_STRUCTURE,STRUCTURE,STEM,D.yakuba::MFE::STEM_0023,29A_2_01A_Structural_Mapping,A_nucleotide_structure_annotation.csv,,193,195,3,TTA,forward,245,247,246.0,VALID,STEM,True,FINAL,,,,,,,,,,193.0,195.0,FULLY_MAPPED,193.0,195.0,FULLY_MAPPED,233.0,235.0,FULLY_MAPPED,,,,,,,,,MFE,STEM_0023,3.0,,,,,,,,,,,,STRUCTURAL_CONTEXT_ONLY,
Ras85D_CTX_YAK_MFE_HAIRPIN_LOOP_0005,Ras85D_HO_01342,D.yakuba,STRUCTURE_SEGMENT,RNA_STRUCTURE,STRUCTURE,HAIRPIN_LOOP,D.yakuba::MFE::HAIRPIN_LOOP_0005,29A_2_01A_Structural_Mapping,A_nucleotide_structure_annotation.csv,,196,202,7,ATTTAAG,forward,248,254,251.0,VALID,HAIRPIN_LOOP,True,FINAL,,,,,,,,,,196.0,202.0,FULLY_MAPPED,196.0,202.0,FULLY_MAPPED,236.0,242.0,FULLY_MAPPED,,,,,,,,,MFE,HAIRPIN_LOOP_0005,7.0,,,,,,,,,,,,STRUCTURAL_CONTEXT_ONLY,
Ras85D_CTX_YAK_MFE_STEM_0024,Ras85D_HO_01447,D.yakuba,STRUCTURE_SEGMENT,RNA_STRUCTURE,STRUCTURE,STEM,D.yakuba::MFE::STEM_0024,29A_2_01A_Structural_Mapping,A_nucleotide_structure_annotation.csv,,203,205,3,TAA,forward,255,257,256.0,VALID,STEM,True,FINAL,,,,,,,,,,203.0,205.0,FULLY_MAPPED,203.0,205.0,FULLY_MAPPED,243.0,245.0,FULLY_MAPPED,,,,,,,,,MFE,STEM_0024,3.0,,,,,,,,,,,,STRUCTURAL_CONTEXT_ONLY,
Ras85D_CTX_YAK_MFE_INTERNAL_LOOP_0013,Ras85D_HO_01367,D.yakuba,STRUCTURE_SEGMENT,RNA_STRUCTURE,STRUCTURE,INTERNAL_LOOP,D.yakuba::MFE::INTERNAL_LOOP_0013,29A_2_01A_Structural_Mapping,A_nucleotide_structure_annotation.csv,,206,206,1,C,forward,258,258,258.0,VALID,INTERNAL_LOOP,True,FINAL,,,,,,,,,,206.0,206.0,FULLY_MAPPED,206.0,206.0,FULLY_MAPPED,246.0,246.0,FULLY_MAPPED,,,,,,,,,MFE,INTERNAL_LOOP_0013,1.0,,,,,,,,,,,,STRUCTURAL_CONTEXT_ONLY,
Ras85D_CTX_YAK_MFE_STEM_0025,Ras85D_HO_01448,D.yakuba,STRUCTURE_SEGMENT,RNA_STRUCTURE,STRUCTURE,STEM,D.yakuba::MFE::STEM_0025,29A_2_01A_Structural_Mapping,A_nucleotide_structure_annotation.csv,,207,208,2,TA,forward,259,260,259.5,VALID,STEM,True,FINAL,,,,,,,,,,207.0,208.0,FULLY_MAPPED,207.0,208.0,FULLY_MAPPED,247.0,248.0,FULLY_MAPPED,,,,,,,,,MFE,STEM_0025,2.0,,,,,,,,,,,,STRUCTURAL_CONTEXT_ONLY,
Ras85D_CTX_YAK_MFE_INTERNAL_LOOP_0014,Ras85D_HO_01368,D.yakuba,STRUCTURE_SEGMENT,RNA_STRUCTURE,STRUCTURE,INTERNAL_LOOP,D.yakuba::MFE::INTERNAL_LOOP_0014,29A_2_01A_Structural_Mapping,A_nucleotide_structure_annotation.csv,,209,209,1,G,forward,261,261,261.0,VALID,INTERNAL_LOOP,True,FINAL,,,,,,,,,,209.0,209.0,FULLY_MAPPED,209.0,209.0,FULLY_MAPPED,249.0,249.0,FULLY_MAPPED,,,,,,,,,MFE,INTERNAL_LOOP_0014,1.0,,,,,,,,,,,,STRUCTURAL_CONTEXT_ONLY,
Ras85D_CTX_YAK_MFE_STEM_0026,Ras85D_HO_01449,D.yakuba,STRUCTURE_SEGMENT,RNA_STRUCTURE,STRUCTURE,STEM,D.yakuba::MFE::STEM_0026,29A_2_01A_Structural_Mapping,A_nucleotide_structure_annotation.csv,,210,215,6,AGTTTT,forward,262,267,264.5,VALID,STEM,True,FINAL,,,,,,,,,,210.0,215.0,FULLY_MAPPED,210.0,215.0,FULLY_MAPPED,250.0,255.0,FULLY_MAPPED,,,,,,,,,MFE,STEM_0026,6.0,,,,,,,,,,,,STRUCTURAL_CONTEXT_ONLY,
Ras85D_CTX_YAK_MFE_MULTILOOP_0005,Ras85D_HO_01405,D.yakuba,STRUCTURE_SEGMENT,RNA_STRUCTURE,STRUCTURE,MULTILOOP,D.yakuba::MFE::MULTILOOP_0005,29A_2_01A_Structural_Mapping,A_nucleotide_structure_annotation.csv,,216,216,1,A,forward,268,268,268.0,VALID,MULTILOOP,True,FINAL,,,,,,,,,,216.0,216.0,FULLY_MAPPED,216.0,216.0,FULLY_MAPPED,256.0,256.0,FULLY_MAPPED,,,,,,,,,MFE,MULTILOOP_0005,1.0,,,,,,,,,,,,STRUCTURAL_CONTEXT_ONLY,
Ras85D_CTX_YAK_MFE_STEM_0027,Ras85D_HO_01450,D.yakuba,STRUCTURE_SEGMENT,RNA_STRUCTURE,STRUCTURE,STEM,D.yakuba::MFE::STEM_0027,29A_2_01A_Structural_Mapping,A_nucleotide_structure_annotation.csv,,217,226,10,TGTACGTCGA,forward,270,279,274.5,VALID,STEM,True,FINAL,,,,,,,,,,217.0,226.0,FULLY_MAPPED,217.0,226.0,FULLY_MAPPED,258.0,267.0,FULLY_MAPPED,,,,,,,,,MFE,STEM_0027,10.0,,,,,,,,,,,,STRUCTURAL_CONTEXT_ONLY,
Ras85D_CTX_YAK_MFE_INTERNAL_LOOP_0015,Ras85D_HO_01369,D.yakuba,STRUCTURE_SEGMENT,RNA_STRUCTURE,STRUCTURE,INTERNAL_LOOP,D.yakuba::MFE::INTERNAL_LOOP_0015,29A_2_01A_Structural_Mapping,A_nucleotide_structure_annotation.csv,,227,227,1,A,forward,280,280,280.0,VALID,INTERNAL_LOOP,True,FINAL,,,,,,,,,,227.0,227.0,FULLY_MAPPED,227.0,227.0,FULLY_MAPPED,,,ABSENT_IN_TARGET,,,,,,,,,MFE,INTERNAL_LOOP_0015,1.0,,,,,,,,,,,,STRUCTURAL_CONTEXT_ONLY,
Ras85D_CTX_YAK_MFE_STEM_0028,Ras85D_HO_01451,D.yakuba,STRUCTURE_SEGMENT,RNA_STRUCTURE,STRUCTURE,STEM,D.yakuba::MFE::STEM_0028,29A_2_01A_Structural_Mapping,A_nucleotide_structure_annotation.csv,,228,230,3,ATG,forward,281,283,282.0,VALID,STEM,True,FINAL,,,,,,,,,,228.0,230.0,FULLY_MAPPED,228.0,230.0,FULLY_MAPPED,268.0,270.0,FULLY_MAPPED,,,,,,,,,MFE,STEM_0028,3.0,,,,,,,,,,,,STRUCTURAL_CONTEXT_ONLY,
Ras85D_CTX_YAK_MFE_BULGE_0003,Ras85D_HO_01323,D.yakuba,STRUCTURE_SEGMENT,RNA_STRUCTURE,STRUCTURE,BULGE,D.yakuba::MFE::BULGE_0003,29A_2_01A_Structural_Mapping,A_nucleotide_structure_annotation.csv,,231,231,1,A,forward,284,284,284.0,VALID,BULGE,True,FINAL,,,,,,,,,,231.0,231.0,FULLY_MAPPED,231.0,231.0,FULLY_MAPPED,271.0,271.0,FULLY_MAPPED,,,,,,,,,MFE,BULGE_0003,1.0,,,,,,,,,,,,STRUCTURAL_CONTEXT_ONLY,
Ras85D_CTX_YAK_MFE_STEM_0029,Ras85D_HO_01452,D.yakuba,STRUCTURE_SEGMENT,RNA_STRUCTURE,STRUCTURE,STEM,D.yakuba::MFE::STEM_0029,29A_2_01A_Structural_Mapping,A_nucleotide_structure_annotation.csv,,232,235,4,TTTT,forward,285,288,286.5,VALID,STEM,True,FINAL,,,,,,,,,,232.0,235.0,FULLY_MAPPED,232.0,235.0,FULLY_MAPPED,272.0,274.0,PARTIALLY_GAPPED,,,,,,,,,MFE,STEM_0029,4.0,,,,,,,,,,,,STRUCTURAL_CONTEXT_ONLY,
Ras85D_CTX_YAK_MFE_INTERNAL_LOOP_0016,Ras85D_HO_01370,D.yakuba,STRUCTURE_SEGMENT,RNA_STRUCTURE,STRUCTURE,INTERNAL_LOOP,D.yakuba::MFE::INTERNAL_LOOP_0016,29A_2_01A_Structural_Mapping,A_nucleotide_structure_annotation.csv,,236,239,4,GTGA,forward,289,292,290.5,VALID,INTERNAL_LOOP,True,FINAL,,,,,,,,,,236.0,239.0,FULLY_MAPPED,236.0,239.0,FULLY_MAPPED,,,ABSENT_IN_TARGET,,,,,,,,,MFE,INTERNAL_LOOP_0016,4.0,,,,,,,,,,,,STRUCTURAL_CONTEXT_ONLY,
Ras85D_CTX_YAK_MFE_STEM_0030,Ras85D_HO_01453,D.yakuba,STRUCTURE_SEGMENT,RNA_STRUCTURE,STRUCTURE,STEM,D.yakuba::MFE::STEM_0030,29A_2_01A_Structural_Mapping,A_nucleotide_structure_annotation.csv,,240,252,13,ATGTGTGTGTTTT,forward,293,305,299.0,VALID,STEM,True,FINAL,,,,,,,,,,240.0,252.0,FULLY_MAPPED,240.0,252.0,FULLY_MAPPED,275.0,284.0,PARTIALLY_GAPPED,,,,,,,,,MFE,STEM_0030,13.0,,,,,,,,,,,,STRUCTURAL_CONTEXT_ONLY,
Ras85D_CTX_YAK_MFE_BULGE_0004,Ras85D_HO_01324,D.yakuba,STRUCTURE_SEGMENT,RNA_STRUCTURE,STRUCTURE,BULGE,D.yakuba::MFE::BULGE_0004,29A_2_01A_Structural_Mapping,A_nucleotide_structure_annotation.csv,,253,255,3,GTG,forward,306,308,307.0,VALID,BULGE,True,FINAL,,,,,,,,,,253.0,255.0,FULLY_MAPPED,253.0,255.0,FULLY_MAPPED,,,ABSENT_IN_TARGET,,,,,,,,,MFE,BULGE_0004,3.0,,,,,,,,,,,,STRUCTURAL_CONTEXT_ONLY,
Ras85D_CTX_YAK_MFE_STEM_0031,Ras85D_HO_01454,D.yakuba,STRUCTURE_SEGMENT,RNA_STRUCTURE,STRUCTURE,STEM,D.yakuba::MFE::STEM_0031,29A_2_01A_Structural_Mapping,A_nucleotide_structure_annotation.csv,,256,267,12,TCGTTTGAAAGG,forward,309,320,314.5,VALID,STEM,True,FINAL,,,,,,,,,,256.0,267.0,FULLY_MAPPED,256.0,267.0,FULLY_MAPPED,285.0,293.0,PARTIALLY_GAPPED,,,,,,,,,MFE,STEM_0031,12.0,,,,,,,,,,,,STRUCTURAL_CONTEXT_ONLY,
Ras85D_CTX_YAK_MFE_INTERNAL_LOOP_0017,Ras85D_HO_01371,D.yakuba,STRUCTURE_SEGMENT,RNA_STRUCTURE,STRUCTURE,INTERNAL_LOOP,D.yakuba::MFE::INTERNAL_LOOP_0017,29A_2_01A_Structural_Mapping,A_nucleotide_structure_annotation.csv,,268,268,1,C,forward,321,321,321.0,VALID,INTERNAL_LOOP,True,FINAL,,,,,,,,,,268.0,268.0,FULLY_MAPPED,268.0,268.0,FULLY_MAPPED,294.0,294.0,FULLY_MAPPED,,,,,,,,,MFE,INTERNAL_LOOP_0017,1.0,,,,,,,,,,,,STRUCTURAL_CONTEXT_ONLY,
Ras85D_CTX_YAK_MFE_STEM_0032,Ras85D_HO_01455,D.yakuba,STRUCTURE_SEGMENT,RNA_STRUCTURE,STRUCTURE,STEM,D.yakuba::MFE::STEM_0032,29A_2_01A_Structural_Mapping,A_nucleotide_structure_annotation.csv,,269,271,3,TGC,forward,322,324,323.0,VALID,STEM,True,FINAL,,,,,,,,,,269.0,271.0,FULLY_MAPPED,269.0,271.0,FULLY_MAPPED,295.0,297.0,FULLY_MAPPED,,,,,,,,,MFE,STEM_0032,3.0,,,,,,,,,,,,STRUCTURAL_CONTEXT_ONLY,
Ras85D_CTX_YAK_MFE_HAIRPIN_LOOP_0006,Ras85D_HO_01343,D.yakuba,STRUCTURE_SEGMENT,RNA_STRUCTURE,STRUCTURE,HAIRPIN_LOOP,D.yakuba::MFE::HAIRPIN_LOOP_0006,29A_2_01A_Structural_Mapping,A_nucleotide_structure_annotation.csv,,272,274,3,GAG,forward,325,327,326.0,VALID,HAIRPIN_LOOP,True,FINAL,,,,,,,,,,272.0,274.0,FULLY_MAPPED,272.0,274.0,FULLY_MAPPED,298.0,300.0,FULLY_MAPPED,,,,,,,,,MFE,HAIRPIN_LOOP_0006,3.0,,,,,,,,,,,,STRUCTURAL_CONTEXT_ONLY,
Ras85D_CTX_YAK_MFE_STEM_0033,Ras85D_HO_01456,D.yakuba,STRUCTURE_SEGMENT,RNA_STRUCTURE,STRUCTURE,STEM,D.yakuba::MFE::STEM_0033,29A_2_01A_Structural_Mapping,A_nucleotide_structure_annotation.csv,,275,277,3,GCG,forward,328,330,329.0,VALID,STEM,True,FINAL,,,,,,,,,,275.0,277.0,FULLY_MAPPED,275.0,277.0,FULLY_MAPPED,301.0,303.0,FULLY_MAPPED,,,,,,,,,MFE,STEM_0033,3.0,,,,,,,,,,,,STRUCTURAL_CONTEXT_ONLY,
Ras85D_CTX_YAK_MFE_INTERNAL_LOOP_0018,Ras85D_HO_01372,D.yakuba,STRUCTURE_SEGMENT,RNA_STRUCTURE,STRUCTURE,INTERNAL_LOOP,D.yakuba::MFE::INTERNAL_LOOP_0018,29A_2_01A_Structural_Mapping,A_nucleotide_structure_annotation.csv,,278,278,1,C,forward,331,331,331.0,VALID,INTERNAL_LOOP,True,FINAL,,,,,,,,,,278.0,278.0,FULLY_MAPPED,278.0,278.0,FULLY_MAPPED,304.0,304.0,FULLY_MAPPED,,,,,,,,,MFE,INTERNAL_LOOP_0018,1.0,,,,,,,,,,,,STRUCTURAL_CONTEXT_ONLY,
Ras85D_CTX_YAK_MFE_STEM_0034,Ras85D_HO_01457,D.yakuba,STRUCTURE_SEGMENT,RNA_STRUCTURE,STRUCTURE,STEM,D.yakuba::MFE::STEM_0034,29A_2_01A_Structural_Mapping,A_nucleotide_structure_annotation.csv,,279,286,8,CCTTTTAA,forward,332,339,335.5,VALID,STEM,True,FINAL,,,,,,,,,,279.0,286.0,FULLY_MAPPED,279.0,286.0,FULLY_MAPPED,305.0,312.0,FULLY_MAPPED,,,,,,,,,MFE,STEM_0034,8.0,,,,,,,,,,,,STRUCTURAL_CONTEXT_ONLY,
Ras85D_CTX_YAK_MFE_MULTILOOP_0006,Ras85D_HO_01406,D.yakuba,STRUCTURE_SEGMENT,RNA_STRUCTURE,STRUCTURE,MULTILOOP,D.yakuba::MFE::MULTILOOP_0006,29A_2_01A_Structural_Mapping,A_nucleotide_structure_annotation.csv,,287,294,8,GAGTATTA,forward,340,347,343.5,VALID,MULTILOOP,True,FINAL,,,,,,,,,,287.0,294.0,FULLY_MAPPED,287.0,294.0,FULLY_MAPPED,313.0,320.0,FULLY_MAPPED,,,,,,,,,MFE,MULTILOOP_0006,8.0,,,,,,,,,,,,STRUCTURAL_CONTEXT_ONLY,
Ras85D_CTX_YAK_MFE_STEM_0035,Ras85D_HO_01458,D.yakuba,STRUCTURE_SEGMENT,RNA_STRUCTURE,STRUCTURE,STEM,D.yakuba::MFE::STEM_0035,29A_2_01A_Structural_Mapping,A_nucleotide_structure_annotation.csv,,295,297,3,ACA,forward,348,350,349.0,VALID,STEM,True,FINAL,,,,,,,,,,295.0,297.0,FULLY_MAPPED,295.0,297.0,FULLY_MAPPED,321.0,323.0,FULLY_MAPPED,,,,,,,,,MFE,STEM_0035,3.0,,,,,,,,,,,,STRUCTURAL_CONTEXT_ONLY,
Ras85D_CTX_YAK_MFE_INTERNAL_LOOP_0019,Ras85D_HO_01373,D.yakuba,STRUCTURE_SEGMENT,RNA_STRUCTURE,STRUCTURE,INTERNAL_LOOP,D.yakuba::MFE::INTERNAL_LOOP_0019,29A_2_01A_Structural_Mapping,A_nucleotide_structure_annotation.csv,,298,300,3,ATA,forward,351,353,352.0,VALID,INTERNAL_LOOP,True,FINAL,,,,,,,,,,298.0,300.0,FULLY_MAPPED,298.0,300.0,FULLY_MAPPED,324.0,324.0,PARTIALLY_GAPPED,,,,,,,,,MFE,INTERNAL_LOOP_0019,3.0,,,,,,,,,,,,STRUCTURAL_CONTEXT_ONLY,
Ras85D_CTX_YAK_MFE_STEM_0036,Ras85D_HO_01459,D.yakuba,STRUCTURE_SEGMENT,RNA_STRUCTURE,STRUCTURE,STEM,D.yakuba::MFE::STEM_0036,29A_2_01A_Structural_Mapping,A_nucleotide_structure_annotation.csv,,301,303,3,ACA,forward,354,356,355.0,VALID,STEM,True,FINAL,,,,,,,,,,301.0,303.0,FULLY_MAPPED,301.0,303.0,FULLY_MAPPED,,,ABSENT_IN_TARGET,,,,,,,,,MFE,STEM_0036,3.0,,,,,,,,,,,,STRUCTURAL_CONTEXT_ONLY,
Ras85D_CTX_YAK_MFE_INTERNAL_LOOP_0020,Ras85D_HO_01374,D.yakuba,STRUCTURE_SEGMENT,RNA_STRUCTURE,STRUCTURE,INTERNAL_LOOP,D.yakuba::MFE::INTERNAL_LOOP_0020,29A_2_01A_Structural_Mapping,A_nucleotide_structure_annotation.csv,,304,304,1,A,forward,357,357,357.0,VALID,INTERNAL_LOOP,True,FINAL,,,,,,,,,,304.0,304.0,FULLY_MAPPED,304.0,304.0,FULLY_MAPPED,,,ABSENT_IN_TARGET,,,,,,,,,MFE,INTERNAL_LOOP_0020,1.0,,,,,,,,,,,,STRUCTURAL_CONTEXT_ONLY,
Ras85D_CTX_YAK_MFE_STEM_0037,Ras85D_HO_01460,D.yakuba,STRUCTURE_SEGMENT,RNA_STRUCTURE,STRUCTURE,STEM,D.yakuba::MFE::STEM_0037,29A_2_01A_Structural_Mapping,A_nucleotide_structure_annotation.csv,,305,311,7,GCAAACA,forward,358,364,361.0,VALID,STEM,True,FINAL,,,,,,,,,,305.0,311.0,FULLY_MAPPED,305.0,311.0,FULLY_MAPPED,,,ABSENT_IN_TARGET,,,,,,,,,MFE,STEM_0037,7.0,,,,,,,,,,,,STRUCTURAL_CONTEXT_ONLY,
Ras85D_CTX_YAK_MFE_INTERNAL_LOOP_0021,Ras85D_HO_01375,D.yakuba,STRUCTURE_SEGMENT,RNA_STRUCTURE,STRUCTURE,INTERNAL_LOOP,D.yakuba::MFE::INTERNAL_LOOP_0021,29A_2_01A_Structural_Mapping,A_nucleotide_structure_annotation.csv,,312,315,4,AAAA,forward,365,368,366.5,VALID,INTERNAL_LOOP,True,FINAL,,,,,,,,,,312.0,315.0,FULLY_MAPPED,312.0,315.0,FULLY_MAPPED,,,ABSENT_IN_TARGET,,,,,,,,,MFE,INTERNAL_LOOP_0021,4.0,,,,,,,,,,,,STRUCTURAL_CONTEXT_ONLY,
Ras85D_CTX_YAK_MFE_STEM_0038,Ras85D_HO_01461,D.yakuba,STRUCTURE_SEGMENT,RNA_STRUCTURE,STRUCTURE,STEM,D.yakuba::MFE::STEM_0038,29A_2_01A_Structural_Mapping,A_nucleotide_structure_annotation.csv,,316,318,3,CGA,forward,369,371,370.0,VALID,STEM,True,FINAL,,,,,,,,,,316.0,318.0,FULLY_MAPPED,316.0,318.0,FULLY_MAPPED,,,ABSENT_IN_TARGET,,,,,,,,,MFE,STEM_0038,3.0,,,,,,,,,,,,STRUCTURAL_CONTEXT_ONLY,
Ras85D_CTX_YAK_MFE_INTERNAL_LOOP_0022,Ras85D_HO_01376,D.yakuba,STRUCTURE_SEGMENT,RNA_STRUCTURE,STRUCTURE,INTERNAL_LOOP,D.yakuba::MFE::INTERNAL_LOOP_0022,29A_2_01A_Structural_Mapping,A_nucleotide_structure_annotation.csv,,319,320,2,AC,forward,372,373,372.5,VALID,INTERNAL_LOOP,True,FINAL,,,,,,,,,,319.0,320.0,FULLY_MAPPED,319.0,320.0,FULLY_MAPPED,,,ABSENT_IN_TARGET,,,,,,,,,MFE,INTERNAL_LOOP_0022,2.0,,,,,,,,,,,,STRUCTURAL_CONTEXT_ONLY,
Ras85D_CTX_YAK_MFE_STEM_0039,Ras85D_HO_01462,D.yakuba,STRUCTURE_SEGMENT,RNA_STRUCTURE,STRUCTURE,STEM,D.yakuba::MFE::STEM_0039,29A_2_01A_Structural_Mapping,A_nucleotide_structure_annotation.csv,,321,324,4,GAAG,forward,374,377,375.5,VALID,STEM,True,FINAL,,,,,,,,,,321.0,324.0,FULLY_MAPPED,321.0,324.0,FULLY_MAPPED,,,ABSENT_IN_TARGET,,,,,,,,,MFE,STEM_0039,4.0,,,,,,,,,,,,STRUCTURAL_CONTEXT_ONLY,
Ras85D_CTX_YAK_MFE_BULGE_0005,Ras85D_HO_01325,D.yakuba,STRUCTURE_SEGMENT,RNA_STRUCTURE,STRUCTURE,BULGE,D.yakuba::MFE::BULGE_0005,29A_2_01A_Structural_Mapping,A_nucleotide_structure_annotation.csv,,325,325,1,C,forward,378,378,378.0,VALID,BULGE,True,FINAL,,,,,,,,,,325.0,325.0,FULLY_MAPPED,325.0,325.0,FULLY_MAPPED,,,ABSENT_IN_TARGET,,,,,,,,,MFE,BULGE_0005,1.0,,,,,,,,,,,,STRUCTURAL_CONTEXT_ONLY,
Ras85D_CTX_YAK_MFE_STEM_0040,Ras85D_HO_01463,D.yakuba,STRUCTURE_SEGMENT,RNA_STRUCTURE,STRUCTURE,STEM,D.yakuba::MFE::STEM_0040,29A_2_01A_Structural_Mapping,A_nucleotide_structure_annotation.csv,,326,329,4,AAAT,forward,379,382,380.5,VALID,STEM,True,FINAL,,,,,,,,,,326.0,329.0,FULLY_MAPPED,326.0,329.0,FULLY_MAPPED,,,ABSENT_IN_TARGET,,,,,,,,,MFE,STEM_0040,4.0,,,,,,,,,,,,STRUCTURAL_CONTEXT_ONLY,
Ras85D_CTX_YAK_MFE_INTERNAL_LOOP_0023,Ras85D_HO_01377,D.yakuba,STRUCTURE_SEGMENT,RNA_STRUCTURE,STRUCTURE,INTERNAL_LOOP,D.yakuba::MFE::INTERNAL_LOOP_0023,29A_2_01A_Structural_Mapping,A_nucleotide_structure_annotation.csv,,330,330,1,C,forward,383,383,383.0,VALID,INTERNAL_LOOP,True,FINAL,,,,,,,,,,330.0,330.0,FULLY_MAPPED,330.0,330.0,FULLY_MAPPED,325.0,325.0,FULLY_MAPPED,,,,,,,,,MFE,INTERNAL_LOOP_0023,1.0,,,,,,,,,,,,STRUCTURAL_CONTEXT_ONLY,
Ras85D_CTX_YAK_MFE_STEM_0041,Ras85D_HO_01464,D.yakuba,STRUCTURE_SEGMENT,RNA_STRUCTURE,STRUCTURE,STEM,D.yakuba::MFE::STEM_0041,29A_2_01A_Structural_Mapping,A_nucleotide_structure_annotation.csv,,331,334,4,GAAA,forward,384,387,385.5,VALID,STEM,True,FINAL,,,,,,,,,,331.0,334.0,FULLY_MAPPED,331.0,334.0,FULLY_MAPPED,326.0,329.0,FULLY_MAPPED,,,,,,,,,MFE,STEM_0041,4.0,,,,,,,,,,,,STRUCTURAL_CONTEXT_ONLY,
Ras85D_CTX_YAK_MFE_INTERNAL_LOOP_0024,Ras85D_HO_01378,D.yakuba,STRUCTURE_SEGMENT,RNA_STRUCTURE,STRUCTURE,INTERNAL_LOOP,D.yakuba::MFE::INTERNAL_LOOP_0024,29A_2_01A_Structural_Mapping,A_nucleotide_structure_annotation.csv,,335,335,1,A,forward,388,388,388.0,VALID,INTERNAL_LOOP,True,FINAL,,,,,,,,,,335.0,335.0,FULLY_MAPPED,335.0,335.0,FULLY_MAPPED,330.0,330.0,FULLY_MAPPED,,,,,,,,,MFE,INTERNAL_LOOP_0024,1.0,,,,,,,,,,,,STRUCTURAL_CONTEXT_ONLY,
Ras85D_CTX_YAK_MFE_STEM_0042,Ras85D_HO_01465,D.yakuba,STRUCTURE_SEGMENT,RNA_STRUCTURE,STRUCTURE,STEM,D.yakuba::MFE::STEM_0042,29A_2_01A_Structural_Mapping,A_nucleotide_structure_annotation.csv,,336,344,9,TGAAAATGA,forward,389,397,393.0,VALID,STEM,True,FINAL,,,,,,,,,,336.0,344.0,FULLY_MAPPED,336.0,344.0,FULLY_MAPPED,331.0,338.0,PARTIALLY_GAPPED,,,,,,,,,MFE,STEM_0042,9.0,,,,,,,,,,,,STRUCTURAL_CONTEXT_ONLY,
Ras85D_CTX_YAK_MFE_MULTILOOP_0007,Ras85D_HO_01407,D.yakuba,STRUCTURE_SEGMENT,RNA_STRUCTURE,STRUCTURE,MULTILOOP,D.yakuba::MFE::MULTILOOP_0007,29A_2_01A_Structural_Mapping,A_nucleotide_structure_annotation.csv,,345,345,1,A,forward,398,398,398.0,VALID,MULTILOOP,True,FINAL,,,,,,,,,,345.0,345.0,FULLY_MAPPED,345.0,345.0,FULLY_MAPPED,339.0,339.0,FULLY_MAPPED,,,,,,,,,MFE,MULTILOOP_0007,1.0,,,,,,,,,,,,STRUCTURAL_CONTEXT_ONLY,
Ras85D_CTX_YAK_MFE_STEM_0043,Ras85D_HO_01466,D.yakuba,STRUCTURE_SEGMENT,RNA_STRUCTURE,STRUCTURE,STEM,D.yakuba::MFE::STEM_0043,29A_2_01A_Structural_Mapping,A_nucleotide_structure_annotation.csv,,346,351,6,TATGTA,forward,399,404,401.5,VALID,STEM,True,FINAL,,,,,,,,,,346.0,351.0,FULLY_MAPPED,346.0,351.0,FULLY_MAPPED,340.0,345.0,FULLY_MAPPED,,,,,,,,,MFE,STEM_0043,6.0,,,,,,,,,,,,STRUCTURAL_CONTEXT_ONLY,
Ras85D_CTX_YAK_MFE_HAIRPIN_LOOP_0007,Ras85D_HO_01344,D.yakuba,STRUCTURE_SEGMENT,RNA_STRUCTURE,STRUCTURE,HAIRPIN_LOOP,D.yakuba::MFE::HAIRPIN_LOOP_0007,29A_2_01A_Structural_Mapping,A_nucleotide_structure_annotation.csv,,352,355,4,CCTC,forward,405,408,406.5,VALID,HAIRPIN_LOOP,True,FINAL,,,,,,,,,,352.0,355.0,FULLY_MAPPED,352.0,355.0,FULLY_MAPPED,,,ABSENT_IN_TARGET,,,,,,,,,MFE,HAIRPIN_LOOP_0007,4.0,,,,,,,,,,,,STRUCTURAL_CONTEXT_ONLY,
Ras85D_CTX_YAK_MFE_STEM_0044,Ras85D_HO_01467,D.yakuba,STRUCTURE_SEGMENT,RNA_STRUCTURE,STRUCTURE,STEM,D.yakuba::MFE::STEM_0044,29A_2_01A_Structural_Mapping,A_nucleotide_structure_annotation.csv,,356,361,6,TACATA,forward,409,414,411.5,VALID,STEM,True,FINAL,,,,,,,,,,356.0,361.0,FULLY_MAPPED,356.0,361.0,FULLY_MAPPED,346.0,350.0,PARTIALLY_GAPPED,,,,,,,,,MFE,STEM_0044,6.0,,,,,,,,,,,,STRUCTURAL_CONTEXT_ONLY,
Ras85D_CTX_YAK_MFE_MULTILOOP_0008,Ras85D_HO_01408,D.yakuba,STRUCTURE_SEGMENT,RNA_STRUCTURE,STRUCTURE,MULTILOOP,D.yakuba::MFE::MULTILOOP_0008,29A_2_01A_Structural_Mapping,A_nucleotide_structure_annotation.csv,,362,362,1,A,forward,415,415,415.0,VALID,MULTILOOP,True,FINAL,,,,,,,,,,362.0,362.0,FULLY_MAPPED,362.0,362.0,FULLY_MAPPED,,,ABSENT_IN_TARGET,,,,,,,,,MFE,MULTILOOP_0008,1.0,,,,,,,,,,,,STRUCTURAL_CONTEXT_ONLY,
Ras85D_CTX_YAK_MFE_STEM_0045,Ras85D_HO_01468,D.yakuba,STRUCTURE_SEGMENT,RNA_STRUCTURE,STRUCTURE,STEM,D.yakuba::MFE::STEM_0045,29A_2_01A_Structural_Mapping,A_nucleotide_structure_annotation.csv,,363,370,8,AAACTATG,forward,416,423,419.5,VALID,STEM,True,FINAL,,,,,,,,,,363.0,370.0,FULLY_MAPPED,363.0,370.0,FULLY_MAPPED,351.0,357.0,PARTIALLY_GAPPED,,,,,,,,,MFE,STEM_0045,8.0,,,,,,,,,,,,STRUCTURAL_CONTEXT_ONLY,
Ras85D_CTX_YAK_MFE_BULGE_0006,Ras85D_HO_01326,D.yakuba,STRUCTURE_SEGMENT,RNA_STRUCTURE,STRUCTURE,BULGE,D.yakuba::MFE::BULGE_0006,29A_2_01A_Structural_Mapping,A_nucleotide_structure_annotation.csv,,371,375,5,AATAC,forward,424,428,426.0,VALID,BULGE,True,FINAL,,,,,,,,,,371.0,375.0,FULLY_MAPPED,371.0,375.0,FULLY_MAPPED,358.0,362.0,FULLY_MAPPED,,,,,,,,,MFE,BULGE_0006,5.0,,,,,,,,,,,,STRUCTURAL_CONTEXT_ONLY,
Ras85D_CTX_YAK_MFE_STEM_0046,Ras85D_HO_01469,D.yakuba,STRUCTURE_SEGMENT,RNA_STRUCTURE,STRUCTURE,STEM,D.yakuba::MFE::STEM_0046,29A_2_01A_Structural_Mapping,A_nucleotide_structure_annotation.csv,,376,377,2,TG,forward,429,430,429.5,VALID,STEM,True,FINAL,,,,,,,,,,376.0,377.0,FULLY_MAPPED,376.0,377.0,FULLY_MAPPED,363.0,364.0,FULLY_MAPPED,,,,,,,,,MFE,STEM_0046,2.0,,,,,,,,,,,,STRUCTURAL_CONTEXT_ONLY,
Ras85D_CTX_YAK_MFE_INTERNAL_LOOP_0025,Ras85D_HO_01379,D.yakuba,STRUCTURE_SEGMENT,RNA_STRUCTURE,STRUCTURE,INTERNAL_LOOP,D.yakuba::MFE::INTERNAL_LOOP_0025,29A_2_01A_Structural_Mapping,A_nucleotide_structure_annotation.csv,,378,378,1,T,forward,431,431,431.0,VALID,INTERNAL_LOOP,True,FINAL,,,,,,,,,,378.0,378.0,FULLY_MAPPED,378.0,378.0,FULLY_MAPPED,365.0,365.0,FULLY_MAPPED,,,,,,,,,MFE,INTERNAL_LOOP_0025,1.0,,,,,,,,,,,,STRUCTURAL_CONTEXT_ONLY,
Ras85D_CTX_YAK_MFE_STEM_0047,Ras85D_HO_01470,D.yakuba,STRUCTURE_SEGMENT,RNA_STRUCTURE,STRUCTURE,STEM,D.yakuba::MFE::STEM_0047,29A_2_01A_Structural_Mapping,A_nucleotide_structure_annotation.csv,,379,383,5,TGTAA,forward,432,436,434.0,VALID,STEM,True,FINAL,,,,,,,,,,379.0,383.0,FULLY_MAPPED,379.0,383.0,FULLY_MAPPED,366.0,370.0,FULLY_MAPPED,,,,,,,,,MFE,STEM_0047,5.0,,,,,,,,,,,,STRUCTURAL_CONTEXT_ONLY,
Ras85D_CTX_YAK_MFE_INTERNAL_LOOP_0026,Ras85D_HO_01380,D.yakuba,STRUCTURE_SEGMENT,RNA_STRUCTURE,STRUCTURE,INTERNAL_LOOP,D.yakuba::MFE::INTERNAL_LOOP_0026,29A_2_01A_Structural_Mapping,A_nucleotide_structure_annotation.csv,,384,388,5,CTGCC,forward,437,441,439.0,VALID,INTERNAL_LOOP,True,FINAL,,,,,,,,,,384.0,388.0,FULLY_MAPPED,384.0,388.0,FULLY_MAPPED,371.0,375.0,FULLY_MAPPED,,,,,,,,,MFE,INTERNAL_LOOP_0026,5.0,,,,,,,,,,,,STRUCTURAL_CONTEXT_ONLY,
Ras85D_CTX_YAK_MFE_STEM_0048,Ras85D_HO_01471,D.yakuba,STRUCTURE_SEGMENT,RNA_STRUCTURE,STRUCTURE,STEM,D.yakuba::MFE::STEM_0048,29A_2_01A_Structural_Mapping,A_nucleotide_structure_annotation.csv,,389,394,6,TTGGTT,forward,442,447,444.5,VALID,STEM,True,FINAL,,,,,,,,,,389.0,394.0,FULLY_MAPPED,389.0,394.0,FULLY_MAPPED,376.0,381.0,FULLY_MAPPED,,,,,,,,,MFE,STEM_0048,6.0,,,,,,,,,,,,STRUCTURAL_CONTEXT_ONLY,
Ras85D_CTX_YAK_MFE_BULGE_0007,Ras85D_HO_01327,D.yakuba,STRUCTURE_SEGMENT,RNA_STRUCTURE,STRUCTURE,BULGE,D.yakuba::MFE::BULGE_0007,29A_2_01A_Structural_Mapping,A_nucleotide_structure_annotation.csv,,395,408,14,CAGCTGCTATATCC,forward,448,478,463.0,VALID,BULGE,True,FINAL,,,,,,,,,,395.0,408.0,PARTIALLY_GAPPED,395.0,408.0,PARTIALLY_GAPPED,382.0,412.0,FULLY_MAPPED,,,,,,,,,MFE,BULGE_0007,14.0,,,,,,,,,,,,STRUCTURAL_CONTEXT_ONLY,
Ras85D_CTX_YAK_MFE_STEM_0049,Ras85D_HO_01472,D.yakuba,STRUCTURE_SEGMENT,RNA_STRUCTURE,STRUCTURE,STEM,D.yakuba::MFE::STEM_0049,29A_2_01A_Structural_Mapping,A_nucleotide_structure_annotation.csv,,409,418,10,GTTTGTTTTC,forward,479,488,483.5,VALID,STEM,True,FINAL,,,,,,,,,,409.0,418.0,FULLY_MAPPED,409.0,418.0,FULLY_MAPPED,413.0,422.0,FULLY_MAPPED,,,,,,,,,MFE,STEM_0049,10.0,,,,,,,,,,,,STRUCTURAL_CONTEXT_ONLY,
Ras85D_CTX_YAK_MFE_MULTILOOP_0009,Ras85D_HO_01409,D.yakuba,STRUCTURE_SEGMENT,RNA_STRUCTURE,STRUCTURE,MULTILOOP,D.yakuba::MFE::MULTILOOP_0009,29A_2_01A_Structural_Mapping,A_nucleotide_structure_annotation.csv,,419,422,4,AACC,forward,489,492,490.5,VALID,MULTILOOP,True,FINAL,,,,,,,,,,419.0,422.0,FULLY_MAPPED,419.0,422.0,FULLY_MAPPED,423.0,426.0,FULLY_MAPPED,,,,,,,,,MFE,MULTILOOP_0009,4.0,,,,,,,,,,,,STRUCTURAL_CONTEXT_ONLY,
Ras85D_CTX_YAK_MFE_STEM_0050,Ras85D_HO_01473,D.yakuba,STRUCTURE_SEGMENT,RNA_STRUCTURE,STRUCTURE,STEM,D.yakuba::MFE::STEM_0050,29A_2_01A_Structural_Mapping,A_nucleotide_structure_annotation.csv,,423,427,5,AGCAC,forward,493,497,495.0,VALID,STEM,True,FINAL,,,,,,,,,,423.0,427.0,FULLY_MAPPED,423.0,427.0,FULLY_MAPPED,427.0,431.0,FULLY_MAPPED,,,,,,,,,MFE,STEM_0050,5.0,,,,,,,,,,,,STRUCTURAL_CONTEXT_ONLY,
Ras85D_CTX_YAK_MFE_MULTILOOP_0010,Ras85D_HO_01410,D.yakuba,STRUCTURE_SEGMENT,RNA_STRUCTURE,STRUCTURE,MULTILOOP,D.yakuba::MFE::MULTILOOP_0010,29A_2_01A_Structural_Mapping,A_nucleotide_structure_annotation.csv,,428,441,14,TTAACTTGATTCTA,forward,498,511,504.5,VALID,MULTILOOP,True,FINAL,,,,,,,,,,428.0,441.0,FULLY_MAPPED,428.0,441.0,FULLY_MAPPED,432.0,445.0,FULLY_MAPPED,,,,,,,,,MFE,MULTILOOP_0010,14.0,,,,,,,,,,,,STRUCTURAL_CONTEXT_ONLY,
Ras85D_CTX_YAK_MFE_STEM_0051,Ras85D_HO_01474,D.yakuba,STRUCTURE_SEGMENT,RNA_STRUCTURE,STRUCTURE,STEM,D.yakuba::MFE::STEM_0051,29A_2_01A_Structural_Mapping,A_nucleotide_structure_annotation.csv,,442,451,10,TGTTGTTTGT,forward,512,521,516.5,VALID,STEM,True,FINAL,,,,,,,,,,442.0,451.0,FULLY_MAPPED,442.0,451.0,FULLY_MAPPED,446.0,455.0,FULLY_MAPPED,,,,,,,,,MFE,STEM_0051,10.0,,,,,,,,,,,,STRUCTURAL_CONTEXT_ONLY,
Ras85D_CTX_YAK_MFE_INTERNAL_LOOP_0027,Ras85D_HO_01381,D.yakuba,STRUCTURE_SEGMENT,RNA_STRUCTURE,STRUCTURE,INTERNAL_LOOP,D.yakuba::MFE::INTERNAL_LOOP_0027,29A_2_01A_Structural_Mapping,A_nucleotide_structure_annotation.csv,,452,452,1,A,forward,522,522,522.0,VALID,INTERNAL_LOOP,True,FINAL,,,,,,,,,,452.0,452.0,FULLY_MAPPED,452.0,452.0,FULLY_MAPPED,456.0,456.0,FULLY_MAPPED,,,,,,,,,MFE,INTERNAL_LOOP_0027,1.0,,,,,,,,,,,,STRUCTURAL_CONTEXT_ONLY,
Ras85D_CTX_YAK_MFE_STEM_0052,Ras85D_HO_01475,D.yakuba,STRUCTURE_SEGMENT,RNA_STRUCTURE,STRUCTURE,STEM,D.yakuba::MFE::STEM_0052,29A_2_01A_Structural_Mapping,A_nucleotide_structure_annotation.csv,,453,458,6,CTTTAA,forward,523,528,525.5,VALID,STEM,True,FINAL,,,,,,,,,,453.0,458.0,FULLY_MAPPED,453.0,458.0,FULLY_MAPPED,457.0,460.0,PARTIALLY_GAPPED,,,,,,,,,MFE,STEM_0052,6.0,,,,,,,,,,,,STRUCTURAL_CONTEXT_ONLY,
Ras85D_CTX_YAK_MFE_INTERNAL_LOOP_0028,Ras85D_HO_01382,D.yakuba,STRUCTURE_SEGMENT,RNA_STRUCTURE,STRUCTURE,INTERNAL_LOOP,D.yakuba::MFE::INTERNAL_LOOP_0028,29A_2_01A_Structural_Mapping,A_nucleotide_structure_annotation.csv,,459,460,2,CA,forward,529,530,529.5,VALID,INTERNAL_LOOP,True,FINAL,,,,,,,,,,459.0,460.0,FULLY_MAPPED,459.0,460.0,FULLY_MAPPED,,,ABSENT_IN_TARGET,,,,,,,,,MFE,INTERNAL_LOOP_0028,2.0,,,,,,,,,,,,STRUCTURAL_CONTEXT_ONLY,
Ras85D_CTX_YAK_MFE_STEM_0053,Ras85D_HO_01476,D.yakuba,STRUCTURE_SEGMENT,RNA_STRUCTURE,STRUCTURE,STEM,D.yakuba::MFE::STEM_0053,29A_2_01A_Structural_Mapping,A_nucleotide_structure_annotation.csv,,461,463,3,GAT,forward,531,533,532.0,VALID,STEM,True,FINAL,,,,,,,,,,461.0,463.0,FULLY_MAPPED,461.0,463.0,FULLY_MAPPED,461.0,463.0,FULLY_MAPPED,,,,,,,,,MFE,STEM_0053,3.0,,,,,,,,,,,,STRUCTURAL_CONTEXT_ONLY,
Ras85D_CTX_YAK_MFE_MULTILOOP_0011,Ras85D_HO_01411,D.yakuba,STRUCTURE_SEGMENT,RNA_STRUCTURE,STRUCTURE,MULTILOOP,D.yakuba::MFE::MULTILOOP_0011,29A_2_01A_Structural_Mapping,A_nucleotide_structure_annotation.csv,,464,464,1,A,forward,534,534,534.0,VALID,MULTILOOP,True,FINAL,,,,,,,,,,464.0,464.0,FULLY_MAPPED,464.0,464.0,FULLY_MAPPED,464.0,464.0,FULLY_MAPPED,,,,,,,,,MFE,MULTILOOP_0011,1.0,,,,,,,,,,,,STRUCTURAL_CONTEXT_ONLY,
Ras85D_CTX_YAK_MFE_STEM_0054,Ras85D_HO_01477,D.yakuba,STRUCTURE_SEGMENT,RNA_STRUCTURE,STRUCTURE,STEM,D.yakuba::MFE::STEM_0054,29A_2_01A_Structural_Mapping,A_nucleotide_structure_annotation.csv,,465,467,3,CTC,forward,536,538,537.0,VALID,STEM,True,FINAL,,,,,,,,,,465.0,467.0,FULLY_MAPPED,465.0,467.0,FULLY_MAPPED,466.0,468.0,FULLY_MAPPED,,,,,,,,,MFE,STEM_0054,3.0,,,,,,,,,,,,STRUCTURAL_CONTEXT_ONLY,
Ras85D_CTX_YAK_MFE_BULGE_0008,Ras85D_HO_01328,D.yakuba,STRUCTURE_SEGMENT,RNA_STRUCTURE,STRUCTURE,BULGE,D.yakuba::MFE::BULGE_0008,29A_2_01A_Structural_Mapping,A_nucleotide_structure_annotation.csv,,468,468,1,C,forward,539,539,539.0,VALID,BULGE,True,FINAL,,,,,,,,,,468.0,468.0,FULLY_MAPPED,468.0,468.0,FULLY_MAPPED,469.0,469.0,FULLY_MAPPED,,,,,,,,,MFE,BULGE_0008,1.0,,,,,,,,,,,,STRUCTURAL_CONTEXT_ONLY,
Ras85D_CTX_YAK_MFE_STEM_0055,Ras85D_HO_01478,D.yakuba,STRUCTURE_SEGMENT,RNA_STRUCTURE,STRUCTURE,STEM,D.yakuba::MFE::STEM_0055,29A_2_01A_Structural_Mapping,A_nucleotide_structure_annotation.csv,,469,482,14,GTGCTTAAAACCAA,forward,540,553,546.5,VALID,STEM,True,FINAL,,,,,,,,,,469.0,482.0,FULLY_MAPPED,469.0,482.0,FULLY_MAPPED,470.0,478.0,PARTIALLY_GAPPED,,,,,,,,,MFE,STEM_0055,14.0,,,,,,,,,,,,STRUCTURAL_CONTEXT_ONLY,
Ras85D_CTX_YAK_MFE_MULTILOOP_0012,Ras85D_HO_01412,D.yakuba,STRUCTURE_SEGMENT,RNA_STRUCTURE,STRUCTURE,MULTILOOP,D.yakuba::MFE::MULTILOOP_0012,29A_2_01A_Structural_Mapping,A_nucleotide_structure_annotation.csv,,483,484,2,AA,forward,554,555,554.5,VALID,MULTILOOP,True,FINAL,,,,,,,,,,483.0,484.0,FULLY_MAPPED,483.0,484.0,FULLY_MAPPED,,,ABSENT_IN_TARGET,,,,,,,,,MFE,MULTILOOP_0012,2.0,,,,,,,,,,,,STRUCTURAL_CONTEXT_ONLY,
Ras85D_CTX_YAK_MFE_STEM_0056,Ras85D_HO_01479,D.yakuba,STRUCTURE_SEGMENT,RNA_STRUCTURE,STRUCTURE,STEM,D.yakuba::MFE::STEM_0056,29A_2_01A_Structural_Mapping,A_nucleotide_structure_annotation.csv,,485,492,8,CGCGATGT,forward,556,563,559.5,VALID,STEM,True,FINAL,,,,,,,,,,485.0,492.0,FULLY_MAPPED,485.0,492.0,FULLY_MAPPED,479.0,484.0,PARTIALLY_GAPPED,,,,,,,,,MFE,STEM_0056,8.0,,,,,,,,,,,,STRUCTURAL_CONTEXT_ONLY,
Ras85D_CTX_YAK_MFE_HAIRPIN_LOOP_0008,Ras85D_HO_01345,D.yakuba,STRUCTURE_SEGMENT,RNA_STRUCTURE,STRUCTURE,HAIRPIN_LOOP,D.yakuba::MFE::HAIRPIN_LOOP_0008,29A_2_01A_Structural_Mapping,A_nucleotide_structure_annotation.csv,,493,498,6,AAACAA,forward,564,569,566.5,VALID,HAIRPIN_LOOP,True,FINAL,,,,,,,,,,493.0,498.0,FULLY_MAPPED,493.0,498.0,FULLY_MAPPED,,,ABSENT_IN_TARGET,,,,,,,,,MFE,HAIRPIN_LOOP_0008,6.0,,,,,,,,,,,,STRUCTURAL_CONTEXT_ONLY,
Ras85D_CTX_YAK_MFE_STEM_0057,Ras85D_HO_01480,D.yakuba,STRUCTURE_SEGMENT,RNA_STRUCTURE,STRUCTURE,STEM,D.yakuba::MFE::STEM_0057,29A_2_01A_Structural_Mapping,A_nucleotide_structure_annotation.csv,,499,506,8,ATATTGTG,forward,570,577,573.5,VALID,STEM,True,FINAL,,,,,,,,,,499.0,506.0,FULLY_MAPPED,499.0,506.0,FULLY_MAPPED,485.0,490.0,PARTIALLY_GAPPED,,,,,,,,,MFE,STEM_0057,8.0,,,,,,,,,,,,STRUCTURAL_CONTEXT_ONLY,
Ras85D_CTX_YAK_MFE_MULTILOOP_0013,Ras85D_HO_01413,D.yakuba,STRUCTURE_SEGMENT,RNA_STRUCTURE,STRUCTURE,MULTILOOP,D.yakuba::MFE::MULTILOOP_0013,29A_2_01A_Structural_Mapping,A_nucleotide_structure_annotation.csv,,507,512,6,AATTTT,forward,578,583,580.5,VALID,MULTILOOP,True,FINAL,,,,,,,,,,507.0,512.0,FULLY_MAPPED,507.0,512.0,FULLY_MAPPED,491.0,496.0,FULLY_MAPPED,,,,,,,,,MFE,MULTILOOP_0013,6.0,,,,,,,,,,,,STRUCTURAL_CONTEXT_ONLY,
Ras85D_CTX_YAK_MFE_STEM_0058,Ras85D_HO_01481,D.yakuba,STRUCTURE_SEGMENT,RNA_STRUCTURE,STRUCTURE,STEM,D.yakuba::MFE::STEM_0058,29A_2_01A_Structural_Mapping,A_nucleotide_structure_annotation.csv,,513,516,4,TAGA,forward,584,600,592.0,VALID,STEM,True,FINAL,,,,,,,,,,513.0,516.0,PARTIALLY_GAPPED,513.0,516.0,PARTIALLY_GAPPED,497.0,513.0,FULLY_MAPPED,,,,,,,,,MFE,STEM_0058,4.0,,,,,,,,,,,,STRUCTURAL_CONTEXT_ONLY,
Ras85D_CTX_YAK_MFE_HAIRPIN_LOOP_0009,Ras85D_HO_01346,D.yakuba,STRUCTURE_SEGMENT,RNA_STRUCTURE,STRUCTURE,HAIRPIN_LOOP,D.yakuba::MFE::HAIRPIN_LOOP_0009,29A_2_01A_Structural_Mapping,A_nucleotide_structure_annotation.csv,,517,525,9,GCCCTGTTA,forward,601,609,605.0,VALID,HAIRPIN_LOOP,True,FINAL,,,,,,,,,,517.0,525.0,FULLY_MAPPED,517.0,525.0,FULLY_MAPPED,514.0,521.0,PARTIALLY_GAPPED,,,,,,,,,MFE,HAIRPIN_LOOP_0009,9.0,,,,,,,,,,,,STRUCTURAL_CONTEXT_ONLY,
Ras85D_CTX_YAK_MFE_STEM_0059,Ras85D_HO_01482,D.yakuba,STRUCTURE_SEGMENT,RNA_STRUCTURE,STRUCTURE,STEM,D.yakuba::MFE::STEM_0059,29A_2_01A_Structural_Mapping,A_nucleotide_structure_annotation.csv,,526,539,14,TCTATTGGTTTTAA,forward,610,637,623.5,VALID,STEM,True,FINAL,,,,,,,,,,526.0,539.0,PARTIALLY_GAPPED,526.0,539.0,PARTIALLY_GAPPED,522.0,549.0,FULLY_MAPPED,,,,,,,,,MFE,STEM_0059,14.0,,,,,,,,,,,,STRUCTURAL_CONTEXT_ONLY,
Ras85D_CTX_YAK_MFE_MULTILOOP_0014,Ras85D_HO_01414,D.yakuba,STRUCTURE_SEGMENT,RNA_STRUCTURE,STRUCTURE,MULTILOOP,D.yakuba::MFE::MULTILOOP_0014,29A_2_01A_Structural_Mapping,A_nucleotide_structure_annotation.csv,,540,558,19,CCCGACAGTCATACATAAA,forward,638,659,648.5,VALID,MULTILOOP,True,FINAL,,,,,,,,,,540.0,558.0,PARTIALLY_GAPPED,540.0,558.0,PARTIALLY_GAPPED,550.0,568.0,PARTIALLY_GAPPED,,,,,,,,,MFE,MULTILOOP_0014,19.0,,,,,,,,,,,,STRUCTURAL_CONTEXT_ONLY,
Ras85D_CTX_YAK_MFE_STEM_0060,Ras85D_HO_01483,D.yakuba,STRUCTURE_SEGMENT,RNA_STRUCTURE,STRUCTURE,STEM,D.yakuba::MFE::STEM_0060,29A_2_01A_Structural_Mapping,A_nucleotide_structure_annotation.csv,,559,563,5,TGCAA,forward,660,664,662.0,VALID,STEM,True,FINAL,,,,,,,,,,559.0,563.0,FULLY_MAPPED,559.0,563.0,FULLY_MAPPED,,,ABSENT_IN_TARGET,,,,,,,,,MFE,STEM_0060,5.0,,,,,,,,,,,,STRUCTURAL_CONTEXT_ONLY,
Ras85D_CTX_YAK_MFE_HAIRPIN_LOOP_0010,Ras85D_HO_01347,D.yakuba,STRUCTURE_SEGMENT,RNA_STRUCTURE,STRUCTURE,HAIRPIN_LOOP,D.yakuba::MFE::HAIRPIN_LOOP_0010,29A_2_01A_Structural_Mapping,A_nucleotide_structure_annotation.csv,,564,569,6,TCTTTT,forward,665,670,667.5,VALID,HAIRPIN_LOOP,True,FINAL,,,,,,,,,,564.0,569.0,FULLY_MAPPED,564.0,569.0,FULLY_MAPPED,569.0,574.0,FULLY_MAPPED,,,,,,,,,MFE,HAIRPIN_LOOP_0010,6.0,,,,,,,,,,,,STRUCTURAL_CONTEXT_ONLY,
Ras85D_CTX_YAK_MFE_STEM_0061,Ras85D_HO_01484,D.yakuba,STRUCTURE_SEGMENT,RNA_STRUCTURE,STRUCTURE,STEM,D.yakuba::MFE::STEM_0061,29A_2_01A_Structural_Mapping,A_nucleotide_structure_annotation.csv,,570,571,2,TT,forward,671,672,671.5,VALID,STEM,True,FINAL,,,,,,,,,,570.0,571.0,FULLY_MAPPED,570.0,571.0,FULLY_MAPPED,575.0,576.0,FULLY_MAPPED,,,,,,,,,MFE,STEM_0061,2.0,,,,,,,,,,,,STRUCTURAL_CONTEXT_ONLY,
Ras85D_CTX_YAK_MFE_BULGE_0009,Ras85D_HO_01329,D.yakuba,STRUCTURE_SEGMENT,RNA_STRUCTURE,STRUCTURE,BULGE,D.yakuba::MFE::BULGE_0009,29A_2_01A_Structural_Mapping,A_nucleotide_structure_annotation.csv,,572,572,1,C,forward,735,735,735.0,VALID,BULGE,True,FINAL,,,,,,,,,,572.0,572.0,FULLY_MAPPED,572.0,572.0,FULLY_MAPPED,639.0,639.0,FULLY_MAPPED,,,,,,,,,MFE,BULGE_0009,1.0,,,,,,,,,,,,STRUCTURAL_CONTEXT_ONLY,
Ras85D_CTX_YAK_MFE_STEM_0062,Ras85D_HO_01485,D.yakuba,STRUCTURE_SEGMENT,RNA_STRUCTURE,STRUCTURE,STEM,D.yakuba::MFE::STEM_0062,29A_2_01A_Structural_Mapping,A_nucleotide_structure_annotation.csv,,573,575,3,GCA,forward,736,738,737.0,VALID,STEM,True,FINAL,,,,,,,,,,573.0,575.0,FULLY_MAPPED,573.0,575.0,FULLY_MAPPED,640.0,640.0,PARTIALLY_GAPPED,,,,,,,,,MFE,STEM_0062,3.0,,,,,,,,,,,,STRUCTURAL_CONTEXT_ONLY,
Ras85D_CTX_YAK_MFE_MULTILOOP_0015,Ras85D_HO_01415,D.yakuba,STRUCTURE_SEGMENT,RNA_STRUCTURE,STRUCTURE,MULTILOOP,D.yakuba::MFE::MULTILOOP_0015,29A_2_01A_Structural_Mapping,A_nucleotide_structure_annotation.csv,,576,580,5,CACAC,forward,739,743,741.0,VALID,MULTILOOP,True,FINAL,,,,,,,,,,576.0,580.0,FULLY_MAPPED,576.0,580.0,FULLY_MAPPED,641.0,645.0,FULLY_MAPPED,,,,,,,,,MFE,MULTILOOP_0015,5.0,,,,,,,,,,,,STRUCTURAL_CONTEXT_ONLY,
Ras85D_CTX_YAK_MFE_STEM_0063,Ras85D_HO_01486,D.yakuba,STRUCTURE_SEGMENT,RNA_STRUCTURE,STRUCTURE,STEM,D.yakuba::MFE::STEM_0063,29A_2_01A_Structural_Mapping,A_nucleotide_structure_annotation.csv,,581,587,7,GCACGAG,forward,744,750,747.0,VALID,STEM,True,FINAL,,,,,,,,,,581.0,587.0,FULLY_MAPPED,581.0,587.0,FULLY_MAPPED,646.0,652.0,FULLY_MAPPED,,,,,,,,,MFE,STEM_0063,7.0,,,,,,,,,,,,STRUCTURAL_CONTEXT_ONLY,
Ras85D_CTX_YAK_MFE_MULTILOOP_0016,Ras85D_HO_01416,D.yakuba,STRUCTURE_SEGMENT,RNA_STRUCTURE,STRUCTURE,MULTILOOP,D.yakuba::MFE::MULTILOOP_0016,29A_2_01A_Structural_Mapping,A_nucleotide_structure_annotation.csv,,588,589,2,CA,forward,751,752,751.5,VALID,MULTILOOP,True,FINAL,,,,,,,,,,588.0,589.0,FULLY_MAPPED,588.0,589.0,FULLY_MAPPED,653.0,654.0,FULLY_MAPPED,,,,,,,,,MFE,MULTILOOP_0016,2.0,,,,,,,,,,,,STRUCTURAL_CONTEXT_ONLY,
Ras85D_CTX_YAK_MFE_STEM_0064,Ras85D_HO_01487,D.yakuba,STRUCTURE_SEGMENT,RNA_STRUCTURE,STRUCTURE,STEM,D.yakuba::MFE::STEM_0064,29A_2_01A_Structural_Mapping,A_nucleotide_structure_annotation.csv,,590,593,4,GAAT,forward,753,756,754.5,VALID,STEM,True,FINAL,,,,,,,,,,590.0,593.0,FULLY_MAPPED,590.0,593.0,FULLY_MAPPED,655.0,658.0,FULLY_MAPPED,,,,,,,,,MFE,STEM_0064,4.0,,,,,,,,,,,,STRUCTURAL_CONTEXT_ONLY,
Ras85D_CTX_YAK_MFE_HAIRPIN_LOOP_0011,Ras85D_HO_01348,D.yakuba,STRUCTURE_SEGMENT,RNA_STRUCTURE,STRUCTURE,HAIRPIN_LOOP,D.yakuba::MFE::HAIRPIN_LOOP_0011,29A_2_01A_Structural_Mapping,A_nucleotide_structure_annotation.csv,,594,602,9,TCCATTAGT,forward,757,765,761.0,VALID,HAIRPIN_LOOP,True,FINAL,,,,,,,,,,594.0,602.0,FULLY_MAPPED,594.0,602.0,FULLY_MAPPED,659.0,667.0,FULLY_MAPPED,,,,,,,,,MFE,HAIRPIN_LOOP_0011,9.0,,,,,,,,,,,,STRUCTURAL_CONTEXT_ONLY,
Ras85D_CTX_YAK_MFE_STEM_0065,Ras85D_HO_01488,D.yakuba,STRUCTURE_SEGMENT,RNA_STRUCTURE,STRUCTURE,STEM,D.yakuba::MFE::STEM_0065,29A_2_01A_Structural_Mapping,A_nucleotide_structure_annotation.csv,,603,609,7,ATTCATC,forward,766,772,769.0,VALID,STEM,True,FINAL,,,,,,,,,,603.0,609.0,FULLY_MAPPED,603.0,609.0,FULLY_MAPPED,668.0,673.0,PARTIALLY_GAPPED,,,,,,,,,MFE,STEM_0065,7.0,,,,,,,,,,,,STRUCTURAL_CONTEXT_ONLY,
Ras85D_CTX_YAK_MFE_INTERNAL_LOOP_0029,Ras85D_HO_01383,D.yakuba,STRUCTURE_SEGMENT,RNA_STRUCTURE,STRUCTURE,INTERNAL_LOOP,D.yakuba::MFE::INTERNAL_LOOP_0029,29A_2_01A_Structural_Mapping,A_nucleotide_structure_annotation.csv,,610,610,1,A,forward,773,773,773.0,VALID,INTERNAL_LOOP,True,FINAL,,,,,,,,,,610.0,610.0,FULLY_MAPPED,610.0,610.0,FULLY_MAPPED,674.0,674.0,FULLY_MAPPED,,,,,,,,,MFE,INTERNAL_LOOP_0029,1.0,,,,,,,,,,,,STRUCTURAL_CONTEXT_ONLY,
Ras85D_CTX_YAK_MFE_STEM_0066,Ras85D_HO_01489,D.yakuba,STRUCTURE_SEGMENT,RNA_STRUCTURE,STRUCTURE,STEM,D.yakuba::MFE::STEM_0066,29A_2_01A_Structural_Mapping,A_nucleotide_structure_annotation.csv,,611,616,6,TTAGAG,forward,774,779,776.5,VALID,STEM,True,FINAL,,,,,,,,,,611.0,616.0,FULLY_MAPPED,611.0,616.0,FULLY_MAPPED,675.0,680.0,FULLY_MAPPED,,,,,,,,,MFE,STEM_0066,6.0,,,,,,,,,,,,STRUCTURAL_CONTEXT_ONLY,
Ras85D_CTX_YAK_MFE_INTERNAL_LOOP_0030,Ras85D_HO_01384,D.yakuba,STRUCTURE_SEGMENT,RNA_STRUCTURE,STRUCTURE,INTERNAL_LOOP,D.yakuba::MFE::INTERNAL_LOOP_0030,29A_2_01A_Structural_Mapping,A_nucleotide_structure_annotation.csv,,617,617,1,A,forward,780,780,780.0,VALID,INTERNAL_LOOP,True,FINAL,,,,,,,,,,617.0,617.0,FULLY_MAPPED,617.0,617.0,FULLY_MAPPED,681.0,681.0,FULLY_MAPPED,,,,,,,,,MFE,INTERNAL_LOOP_0030,1.0,,,,,,,,,,,,STRUCTURAL_CONTEXT_ONLY,
Ras85D_CTX_YAK_MFE_STEM_0067,Ras85D_HO_01490,D.yakuba,STRUCTURE_SEGMENT,RNA_STRUCTURE,STRUCTURE,STEM,D.yakuba::MFE::STEM_0067,29A_2_01A_Structural_Mapping,A_nucleotide_structure_annotation.csv,,618,623,6,ACAAAC,forward,781,788,784.5,VALID,STEM,True,FINAL,,,,,,,,,,618.0,623.0,PARTIALLY_GAPPED,618.0,623.0,PARTIALLY_GAPPED,682.0,689.0,FULLY_MAPPED,,,,,,,,,MFE,STEM_0067,6.0,,,,,,,,,,,,STRUCTURAL_CONTEXT_ONLY,
Ras85D_CTX_YAK_MFE_BULGE_0010,Ras85D_HO_01330,D.yakuba,STRUCTURE_SEGMENT,RNA_STRUCTURE,STRUCTURE,BULGE,D.yakuba::MFE::BULGE_0010,29A_2_01A_Structural_Mapping,A_nucleotide_structure_annotation.csv,,624,624,1,A,forward,791,791,791.0,VALID,BULGE,True,FINAL,,,,,,,,,,624.0,624.0,FULLY_MAPPED,624.0,624.0,FULLY_MAPPED,692.0,692.0,FULLY_MAPPED,,,,,,,,,MFE,BULGE_0010,1.0,,,,,,,,,,,,STRUCTURAL_CONTEXT_ONLY,
Ras85D_CTX_YAK_MFE_STEM_0068,Ras85D_HO_01491,D.yakuba,STRUCTURE_SEGMENT,RNA_STRUCTURE,STRUCTURE,STEM,D.yakuba::MFE::STEM_0068,29A_2_01A_Structural_Mapping,A_nucleotide_structure_annotation.csv,,625,628,4,AACA,forward,792,796,794.0,VALID,STEM,True,FINAL,,,,,,,,,,625.0,628.0,PARTIALLY_GAPPED,625.0,628.0,PARTIALLY_GAPPED,693.0,697.0,FULLY_MAPPED,,,,,,,,,MFE,STEM_0068,4.0,,,,,,,,,,,,STRUCTURAL_CONTEXT_ONLY,
Ras85D_CTX_YAK_MFE_MULTILOOP_0017,Ras85D_HO_01417,D.yakuba,STRUCTURE_SEGMENT,RNA_STRUCTURE,STRUCTURE,MULTILOOP,D.yakuba::MFE::MULTILOOP_0017,29A_2_01A_Structural_Mapping,A_nucleotide_structure_annotation.csv,,629,630,2,AA,forward,797,798,797.5,VALID,MULTILOOP,True,FINAL,,,,,,,,,,629.0,630.0,FULLY_MAPPED,629.0,630.0,FULLY_MAPPED,698.0,699.0,FULLY_MAPPED,,,,,,,,,MFE,MULTILOOP_0017,2.0,,,,,,,,,,,,STRUCTURAL_CONTEXT_ONLY,
Ras85D_CTX_YAK_MFE_STEM_0069,Ras85D_HO_01492,D.yakuba,STRUCTURE_SEGMENT,RNA_STRUCTURE,STRUCTURE,STEM,D.yakuba::MFE::STEM_0069,29A_2_01A_Structural_Mapping,A_nucleotide_structure_annotation.csv,,631,633,3,TGC,forward,799,801,800.0,VALID,STEM,True,FINAL,,,,,,,,,,631.0,633.0,FULLY_MAPPED,631.0,633.0,FULLY_MAPPED,700.0,701.0,PARTIALLY_GAPPED,,,,,,,,,MFE,STEM_0069,3.0,,,,,,,,,,,,STRUCTURAL_CONTEXT_ONLY,
Ras85D_CTX_YAK_MFE_BULGE_0011,Ras85D_HO_01331,D.yakuba,STRUCTURE_SEGMENT,RNA_STRUCTURE,STRUCTURE,BULGE,D.yakuba::MFE::BULGE_0011,29A_2_01A_Structural_Mapping,A_nucleotide_structure_annotation.csv,,634,634,1,C,forward,802,802,802.0,VALID,BULGE,True,FINAL,,,,,,,,,,634.0,634.0,FULLY_MAPPED,634.0,634.0,FULLY_MAPPED,,,ABSENT_IN_TARGET,,,,,,,,,MFE,BULGE_0011,1.0,,,,,,,,,,,,STRUCTURAL_CONTEXT_ONLY,
Ras85D_CTX_YAK_MFE_STEM_0070,Ras85D_HO_01493,D.yakuba,STRUCTURE_SEGMENT,RNA_STRUCTURE,STRUCTURE,STEM,D.yakuba::MFE::STEM_0070,29A_2_01A_Structural_Mapping,A_nucleotide_structure_annotation.csv,,635,636,2,GA,forward,803,804,803.5,VALID,STEM,True,FINAL,,,,,,,,,,635.0,636.0,FULLY_MAPPED,635.0,636.0,FULLY_MAPPED,702.0,702.0,PARTIALLY_GAPPED,,,,,,,,,MFE,STEM_0070,2.0,,,,,,,,,,,,STRUCTURAL_CONTEXT_ONLY,
Ras85D_CTX_YAK_MFE_INTERNAL_LOOP_0031,Ras85D_HO_01385,D.yakuba,STRUCTURE_SEGMENT,RNA_STRUCTURE,STRUCTURE,INTERNAL_LOOP,D.yakuba::MFE::INTERNAL_LOOP_0031,29A_2_01A_Structural_Mapping,A_nucleotide_structure_annotation.csv,,637,639,3,TAA,forward,805,807,806.0,VALID,INTERNAL_LOOP,True,FINAL,,,,,,,,,,637.0,639.0,FULLY_MAPPED,637.0,639.0,FULLY_MAPPED,703.0,705.0,FULLY_MAPPED,,,,,,,,,MFE,INTERNAL_LOOP_0031,3.0,,,,,,,,,,,,STRUCTURAL_CONTEXT_ONLY,
Ras85D_CTX_YAK_MFE_STEM_0071,Ras85D_HO_01494,D.yakuba,STRUCTURE_SEGMENT,RNA_STRUCTURE,STRUCTURE,STEM,D.yakuba::MFE::STEM_0071,29A_2_01A_Structural_Mapping,A_nucleotide_structure_annotation.csv,,640,642,3,GCT,forward,808,810,809.0,VALID,STEM,True,FINAL,,,,,,,,,,640.0,642.0,FULLY_MAPPED,640.0,642.0,FULLY_MAPPED,706.0,708.0,FULLY_MAPPED,,,,,,,,,MFE,STEM_0071,3.0,,,,,,,,,,,,STRUCTURAL_CONTEXT_ONLY,
Ras85D_CTX_YAK_MFE_HAIRPIN_LOOP_0012,Ras85D_HO_01349,D.yakuba,STRUCTURE_SEGMENT,RNA_STRUCTURE,STRUCTURE,HAIRPIN_LOOP,D.yakuba::MFE::HAIRPIN_LOOP_0012,29A_2_01A_Structural_Mapping,A_nucleotide_structure_annotation.csv,,643,645,3,CAC,forward,811,813,812.0,VALID,HAIRPIN_LOOP,True,FINAL,,,,,,,,,,643.0,645.0,FULLY_MAPPED,643.0,645.0,FULLY_MAPPED,709.0,711.0,FULLY_MAPPED,,,,,,,,,MFE,HAIRPIN_LOOP_0012,3.0,,,,,,,,,,,,STRUCTURAL_CONTEXT_ONLY,
Ras85D_CTX_YAK_MFE_STEM_0072,Ras85D_HO_01495,D.yakuba,STRUCTURE_SEGMENT,RNA_STRUCTURE,STRUCTURE,STEM,D.yakuba::MFE::STEM_0072,29A_2_01A_Structural_Mapping,A_nucleotide_structure_annotation.csv,,646,648,3,AGC,forward,814,816,815.0,VALID,STEM,True,FINAL,,,,,,,,,,646.0,648.0,FULLY_MAPPED,646.0,648.0,FULLY_MAPPED,712.0,713.0,PARTIALLY_GAPPED,,,,,,,,,MFE,STEM_0072,3.0,,,,,,,,,,,,STRUCTURAL_CONTEXT_ONLY,
Ras85D_CTX_YAK_MFE_INTERNAL_LOOP_0032,Ras85D_HO_01386,D.yakuba,STRUCTURE_SEGMENT,RNA_STRUCTURE,STRUCTURE,INTERNAL_LOOP,D.yakuba::MFE::INTERNAL_LOOP_0032,29A_2_01A_Structural_Mapping,A_nucleotide_structure_annotation.csv,,649,653,5,AATTT,forward,817,821,819.0,VALID,INTERNAL_LOOP,True,FINAL,,,,,,,,,,649.0,653.0,FULLY_MAPPED,649.0,653.0,FULLY_MAPPED,,,ABSENT_IN_TARGET,,,,,,,,,MFE,INTERNAL_LOOP_0032,5.0,,,,,,,,,,,,STRUCTURAL_CONTEXT_ONLY,
Ras85D_CTX_YAK_MFE_STEM_0073,Ras85D_HO_01496,D.yakuba,STRUCTURE_SEGMENT,RNA_STRUCTURE,STRUCTURE,STEM,D.yakuba::MFE::STEM_0073,29A_2_01A_Structural_Mapping,A_nucleotide_structure_annotation.csv,,654,658,5,TCGCA,forward,822,826,824.0,VALID,STEM,True,FINAL,,,,,,,,,,654.0,658.0,FULLY_MAPPED,654.0,658.0,FULLY_MAPPED,,,ABSENT_IN_TARGET,,,,,,,,,MFE,STEM_0073,5.0,,,,,,,,,,,,STRUCTURAL_CONTEXT_ONLY,
Ras85D_CTX_YAK_MFE_MULTILOOP_0018,Ras85D_HO_01418,D.yakuba,STRUCTURE_SEGMENT,RNA_STRUCTURE,STRUCTURE,MULTILOOP,D.yakuba::MFE::MULTILOOP_0018,29A_2_01A_Structural_Mapping,A_nucleotide_structure_annotation.csv,,659,660,2,CA,forward,827,828,827.5,VALID,MULTILOOP,True,FINAL,,,,,,,,,,659.0,660.0,FULLY_MAPPED,659.0,660.0,FULLY_MAPPED,,,ABSENT_IN_TARGET,,,,,,,,,MFE,MULTILOOP_0018,2.0,,,,,,,,,,,,STRUCTURAL_CONTEXT_ONLY,
Ras85D_CTX_YAK_MFE_STEM_0074,Ras85D_HO_01497,D.yakuba,STRUCTURE_SEGMENT,RNA_STRUCTURE,STRUCTURE,STEM,D.yakuba::MFE::STEM_0074,29A_2_01A_Structural_Mapping,A_nucleotide_structure_annotation.csv,,661,668,8,AACGAGCA,forward,829,836,832.5,VALID,STEM,True,FINAL,,,,,,,,,,661.0,668.0,FULLY_MAPPED,661.0,668.0,FULLY_MAPPED,,,ABSENT_IN_TARGET,,,,,,,,,MFE,STEM_0074,8.0,,,,,,,,,,,,STRUCTURAL_CONTEXT_ONLY,
Ras85D_CTX_YAK_MFE_INTERNAL_LOOP_0033,Ras85D_HO_01387,D.yakuba,STRUCTURE_SEGMENT,RNA_STRUCTURE,STRUCTURE,INTERNAL_LOOP,D.yakuba::MFE::INTERNAL_LOOP_0033,29A_2_01A_Structural_Mapping,A_nucleotide_structure_annotation.csv,,669,674,6,AATTCG,forward,837,842,839.5,VALID,INTERNAL_LOOP,True,FINAL,,,,,,,,,,669.0,674.0,FULLY_MAPPED,669.0,674.0,FULLY_MAPPED,,,ABSENT_IN_TARGET,,,,,,,,,MFE,INTERNAL_LOOP_0033,6.0,,,,,,,,,,,,STRUCTURAL_CONTEXT_ONLY,
Ras85D_CTX_YAK_MFE_STEM_0075,Ras85D_HO_01498,D.yakuba,STRUCTURE_SEGMENT,RNA_STRUCTURE,STRUCTURE,STEM,D.yakuba::MFE::STEM_0075,29A_2_01A_Structural_Mapping,A_nucleotide_structure_annotation.csv,,675,678,4,CTAG,forward,843,846,844.5,VALID,STEM,True,FINAL,,,,,,,,,,675.0,678.0,FULLY_MAPPED,675.0,678.0,FULLY_MAPPED,,,ABSENT_IN_TARGET,,,,,,,,,MFE,STEM_0075,4.0,,,,,,,,,,,,STRUCTURAL_CONTEXT_ONLY,
Ras85D_CTX_YAK_MFE_HAIRPIN_LOOP_0013,Ras85D_HO_01350,D.yakuba,STRUCTURE_SEGMENT,RNA_STRUCTURE,STRUCTURE,HAIRPIN_LOOP,D.yakuba::MFE::HAIRPIN_LOOP_0013,29A_2_01A_Structural_Mapping,A_nucleotide_structure_annotation.csv,,679,685,7,CCCCAAA,forward,847,853,850.0,VALID,HAIRPIN_LOOP,True,FINAL,,,,,,,,,,679.0,685.0,FULLY_MAPPED,679.0,685.0,FULLY_MAPPED,,,ABSENT_IN_TARGET,,,,,,,,,MFE,HAIRPIN_LOOP_0013,7.0,,,,,,,,,,,,STRUCTURAL_CONTEXT_ONLY,
Ras85D_CTX_YAK_MFE_STEM_0076,Ras85D_HO_01499,D.yakuba,STRUCTURE_SEGMENT,RNA_STRUCTURE,STRUCTURE,STEM,D.yakuba::MFE::STEM_0076,29A_2_01A_Structural_Mapping,A_nucleotide_structure_annotation.csv,,686,689,4,CTAG,forward,854,857,855.5,VALID,STEM,True,FINAL,,,,,,,,,,686.0,689.0,FULLY_MAPPED,686.0,689.0,FULLY_MAPPED,,,ABSENT_IN_TARGET,,,,,,,,,MFE,STEM_0076,4.0,,,,,,,,,,,,STRUCTURAL_CONTEXT_ONLY,
Ras85D_CTX_YAK_MFE_INTERNAL_LOOP_0034,Ras85D_HO_01388,D.yakuba,STRUCTURE_SEGMENT,RNA_STRUCTURE,STRUCTURE,INTERNAL_LOOP,D.yakuba::MFE::INTERNAL_LOOP_0034,29A_2_01A_Structural_Mapping,A_nucleotide_structure_annotation.csv,,690,694,5,ATTTA,forward,858,862,860.0,VALID,INTERNAL_LOOP,True,FINAL,,,,,,,,,,690.0,694.0,FULLY_MAPPED,690.0,694.0,FULLY_MAPPED,,,ABSENT_IN_TARGET,,,,,,,,,MFE,INTERNAL_LOOP_0034,5.0,,,,,,,,,,,,STRUCTURAL_CONTEXT_ONLY,
Ras85D_CTX_YAK_MFE_STEM_0077,Ras85D_HO_01500,D.yakuba,STRUCTURE_SEGMENT,RNA_STRUCTURE,STRUCTURE,STEM,D.yakuba::MFE::STEM_0077,29A_2_01A_Structural_Mapping,A_nucleotide_structure_annotation.csv,,695,699,5,TGTTC,forward,863,867,865.0,VALID,STEM,True,FINAL,,,,,,,,,,695.0,699.0,FULLY_MAPPED,695.0,699.0,FULLY_MAPPED,714.0,716.0,PARTIALLY_GAPPED,,,,,,,,,MFE,STEM_0077,5.0,,,,,,,,,,,,STRUCTURAL_CONTEXT_ONLY,
Ras85D_CTX_YAK_MFE_BULGE_0012,Ras85D_HO_01332,D.yakuba,STRUCTURE_SEGMENT,RNA_STRUCTURE,STRUCTURE,BULGE,D.yakuba::MFE::BULGE_0012,29A_2_01A_Structural_Mapping,A_nucleotide_structure_annotation.csv,,700,700,1,A,forward,868,868,868.0,VALID,BULGE,True,FINAL,,,,,,,,,,700.0,700.0,FULLY_MAPPED,700.0,700.0,FULLY_MAPPED,717.0,717.0,FULLY_MAPPED,,,,,,,,,MFE,BULGE_0012,1.0,,,,,,,,,,,,STRUCTURAL_CONTEXT_ONLY,
Ras85D_CTX_YAK_MFE_STEM_0078,Ras85D_HO_01501,D.yakuba,STRUCTURE_SEGMENT,RNA_STRUCTURE,STRUCTURE,STEM,D.yakuba::MFE::STEM_0078,29A_2_01A_Structural_Mapping,A_nucleotide_structure_annotation.csv,,701,703,3,GTT,forward,869,871,870.0,VALID,STEM,True,FINAL,,,,,,,,,,701.0,703.0,FULLY_MAPPED,701.0,703.0,FULLY_MAPPED,,,ABSENT_IN_TARGET,,,,,,,,,MFE,STEM_0078,3.0,,,,,,,,,,,,STRUCTURAL_CONTEXT_ONLY,
Ras85D_CTX_YAK_MFE_MULTILOOP_0019,Ras85D_HO_01419,D.yakuba,STRUCTURE_SEGMENT,RNA_STRUCTURE,STRUCTURE,MULTILOOP,D.yakuba::MFE::MULTILOOP_0019,29A_2_01A_Structural_Mapping,A_nucleotide_structure_annotation.csv,,704,706,3,AAA,forward,872,874,873.0,VALID,MULTILOOP,True,FINAL,,,,,,,,,,704.0,706.0,FULLY_MAPPED,704.0,706.0,FULLY_MAPPED,,,ABSENT_IN_TARGET,,,,,,,,,MFE,MULTILOOP_0019,3.0,,,,,,,,,,,,STRUCTURAL_CONTEXT_ONLY,
Ras85D_CTX_YAK_MFE_STEM_0079,Ras85D_HO_01502,D.yakuba,STRUCTURE_SEGMENT,RNA_STRUCTURE,STRUCTURE,STEM,D.yakuba::MFE::STEM_0079,29A_2_01A_Structural_Mapping,A_nucleotide_structure_annotation.csv,,707,710,4,CACA,forward,875,878,876.5,VALID,STEM,True,FINAL,,,,,,,,,,707.0,710.0,FULLY_MAPPED,707.0,710.0,FULLY_MAPPED,718.0,721.0,FULLY_MAPPED,,,,,,,,,MFE,STEM_0079,4.0,,,,,,,,,,,,STRUCTURAL_CONTEXT_ONLY,
Ras85D_CTX_YAK_MFE_HAIRPIN_LOOP_0014,Ras85D_HO_01351,D.yakuba,STRUCTURE_SEGMENT,RNA_STRUCTURE,STRUCTURE,HAIRPIN_LOOP,D.yakuba::MFE::HAIRPIN_LOOP_0014,29A_2_01A_Structural_Mapping,A_nucleotide_structure_annotation.csv,,711,714,4,TATT,forward,879,882,880.5,VALID,HAIRPIN_LOOP,True,FINAL,,,,,,,,,,711.0,714.0,FULLY_MAPPED,711.0,714.0,FULLY_MAPPED,722.0,725.0,FULLY_MAPPED,,,,,,,,,MFE,HAIRPIN_LOOP_0014,4.0,,,,,,,,,,,,STRUCTURAL_CONTEXT_ONLY,
Ras85D_CTX_YAK_MFE_STEM_0080,Ras85D_HO_01503,D.yakuba,STRUCTURE_SEGMENT,RNA_STRUCTURE,STRUCTURE,STEM,D.yakuba::MFE::STEM_0080,29A_2_01A_Structural_Mapping,A_nucleotide_structure_annotation.csv,,715,723,9,TGTGGTGCT,forward,883,891,887.0,VALID,STEM,True,FINAL,,,,,,,,,,715.0,723.0,FULLY_MAPPED,715.0,723.0,FULLY_MAPPED,726.0,734.0,FULLY_MAPPED,,,,,,,,,MFE,STEM_0080,9.0,,,,,,,,,,,,STRUCTURAL_CONTEXT_ONLY,
Ras85D_CTX_YAK_MFE_MULTILOOP_0020,Ras85D_HO_01420,D.yakuba,STRUCTURE_SEGMENT,RNA_STRUCTURE,STRUCTURE,MULTILOOP,D.yakuba::MFE::MULTILOOP_0020,29A_2_01A_Structural_Mapping,A_nucleotide_structure_annotation.csv,,724,724,1,A,forward,892,892,892.0,VALID,MULTILOOP,True,FINAL,,,,,,,,,,724.0,724.0,FULLY_MAPPED,724.0,724.0,FULLY_MAPPED,735.0,735.0,FULLY_MAPPED,,,,,,,,,MFE,MULTILOOP_0020,1.0,,,,,,,,,,,,STRUCTURAL_CONTEXT_ONLY,
Ras85D_CTX_YAK_MFE_STEM_0081,Ras85D_HO_01504,D.yakuba,STRUCTURE_SEGMENT,RNA_STRUCTURE,STRUCTURE,STEM,D.yakuba::MFE::STEM_0081,29A_2_01A_Structural_Mapping,A_nucleotide_structure_annotation.csv,,725,731,7,CGATGAT,forward,893,899,896.0,VALID,STEM,True,FINAL,,,,,,,,,,725.0,731.0,FULLY_MAPPED,725.0,731.0,FULLY_MAPPED,736.0,742.0,FULLY_MAPPED,,,,,,,,,MFE,STEM_0081,7.0,,,,,,,,,,,,STRUCTURAL_CONTEXT_ONLY,
Ras85D_CTX_YAK_MFE_INTERNAL_LOOP_0035,Ras85D_HO_01389,D.yakuba,STRUCTURE_SEGMENT,RNA_STRUCTURE,STRUCTURE,INTERNAL_LOOP,D.yakuba::MFE::INTERNAL_LOOP_0035,29A_2_01A_Structural_Mapping,A_nucleotide_structure_annotation.csv,,732,741,10,GAAATTATAA,forward,900,909,904.5,VALID,INTERNAL_LOOP,True,FINAL,,,,,,,,,,732.0,741.0,FULLY_MAPPED,732.0,741.0,FULLY_MAPPED,743.0,751.0,PARTIALLY_GAPPED,,,,,,,,,MFE,INTERNAL_LOOP_0035,10.0,,,,,,,,,,,,STRUCTURAL_CONTEXT_ONLY,
Ras85D_CTX_YAK_MFE_STEM_0082,Ras85D_HO_01505,D.yakuba,STRUCTURE_SEGMENT,RNA_STRUCTURE,STRUCTURE,STEM,D.yakuba::MFE::STEM_0082,29A_2_01A_Structural_Mapping,A_nucleotide_structure_annotation.csv,,742,743,2,TC,forward,910,931,920.5,VALID,STEM,True,FINAL,,,,,,,,,,742.0,743.0,PARTIALLY_GAPPED,742.0,743.0,PARTIALLY_GAPPED,752.0,773.0,FULLY_MAPPED,,,,,,,,,MFE,STEM_0082,2.0,,,,,,,,,,,,STRUCTURAL_CONTEXT_ONLY,
Ras85D_CTX_YAK_MFE_INTERNAL_LOOP_0036,Ras85D_HO_01390,D.yakuba,STRUCTURE_SEGMENT,RNA_STRUCTURE,STRUCTURE,INTERNAL_LOOP,D.yakuba::MFE::INTERNAL_LOOP_0036,29A_2_01A_Structural_Mapping,A_nucleotide_structure_annotation.csv,,744,744,1,C,forward,932,932,932.0,VALID,INTERNAL_LOOP,True,FINAL,,,,,,,,,,744.0,744.0,FULLY_MAPPED,744.0,744.0,FULLY_MAPPED,774.0,774.0,FULLY_MAPPED,,,,,,,,,MFE,INTERNAL_LOOP_0036,1.0,,,,,,,,,,,,STRUCTURAL_CONTEXT_ONLY,
Ras85D_CTX_YAK_MFE_STEM_0083,Ras85D_HO_01506,D.yakuba,STRUCTURE_SEGMENT,RNA_STRUCTURE,STRUCTURE,STEM,D.yakuba::MFE::STEM_0083,29A_2_01A_Structural_Mapping,A_nucleotide_structure_annotation.csv,,745,752,8,GTATGAGT,forward,933,940,936.5,VALID,STEM,True,FINAL,,,,,,,,,,745.0,752.0,FULLY_MAPPED,745.0,752.0,FULLY_MAPPED,775.0,782.0,FULLY_MAPPED,,,,,,,,,MFE,STEM_0083,8.0,,,,,,,,,,,,STRUCTURAL_CONTEXT_ONLY,
Ras85D_CTX_YAK_MFE_INTERNAL_LOOP_0037,Ras85D_HO_01391,D.yakuba,STRUCTURE_SEGMENT,RNA_STRUCTURE,STRUCTURE,INTERNAL_LOOP,D.yakuba::MFE::INTERNAL_LOOP_0037,29A_2_01A_Structural_Mapping,A_nucleotide_structure_annotation.csv,,753,756,4,TCTT,forward,941,944,942.5,VALID,INTERNAL_LOOP,True,FINAL,,,,,,,,,,753.0,756.0,FULLY_MAPPED,753.0,756.0,FULLY_MAPPED,783.0,786.0,FULLY_MAPPED,,,,,,,,,MFE,INTERNAL_LOOP_0037,4.0,,,,,,,,,,,,STRUCTURAL_CONTEXT_ONLY,
Ras85D_CTX_YAK_MFE_STEM_0084,Ras85D_HO_01507,D.yakuba,STRUCTURE_SEGMENT,RNA_STRUCTURE,STRUCTURE,STEM,D.yakuba::MFE::STEM_0084,29A_2_01A_Structural_Mapping,A_nucleotide_structure_annotation.csv,,757,760,4,GAGA,forward,945,948,946.5,VALID,STEM,True,FINAL,,,,,,,,,,757.0,760.0,FULLY_MAPPED,757.0,760.0,FULLY_MAPPED,787.0,790.0,FULLY_MAPPED,,,,,,,,,MFE,STEM_0084,4.0,,,,,,,,,,,,STRUCTURAL_CONTEXT_ONLY,
Ras85D_CTX_YAK_MFE_HAIRPIN_LOOP_0015,Ras85D_HO_01352,D.yakuba,STRUCTURE_SEGMENT,RNA_STRUCTURE,STRUCTURE,HAIRPIN_LOOP,D.yakuba::MFE::HAIRPIN_LOOP_0015,29A_2_01A_Structural_Mapping,A_nucleotide_structure_annotation.csv,,761,768,8,TATGCCTT,forward,949,964,956.5,VALID,HAIRPIN_LOOP,True,FINAL,,,,,,,,,,761.0,768.0,PARTIALLY_GAPPED,761.0,768.0,PARTIALLY_GAPPED,791.0,806.0,FULLY_MAPPED,,,,,,,,,MFE,HAIRPIN_LOOP_0015,8.0,,,,,,,,,,,,STRUCTURAL_CONTEXT_ONLY,
Ras85D_CTX_YAK_MFE_STEM_0085,Ras85D_HO_01508,D.yakuba,STRUCTURE_SEGMENT,RNA_STRUCTURE,STRUCTURE,STEM,D.yakuba::MFE::STEM_0085,29A_2_01A_Structural_Mapping,A_nucleotide_structure_annotation.csv,,769,772,4,TCTT,forward,965,968,966.5,VALID,STEM,True,FINAL,,,,,,,,,,769.0,772.0,FULLY_MAPPED,769.0,772.0,FULLY_MAPPED,807.0,810.0,FULLY_MAPPED,,,,,,,,,MFE,STEM_0085,4.0,,,,,,,,,,,,STRUCTURAL_CONTEXT_ONLY,
Ras85D_CTX_YAK_MFE_INTERNAL_LOOP_0038,Ras85D_HO_01392,D.yakuba,STRUCTURE_SEGMENT,RNA_STRUCTURE,STRUCTURE,INTERNAL_LOOP,D.yakuba::MFE::INTERNAL_LOOP_0038,29A_2_01A_Structural_Mapping,A_nucleotide_structure_annotation.csv,,773,775,3,TCT,forward,969,971,970.0,VALID,INTERNAL_LOOP,True,FINAL,,,,,,,,,,773.0,775.0,FULLY_MAPPED,773.0,775.0,FULLY_MAPPED,811.0,813.0,FULLY_MAPPED,,,,,,,,,MFE,INTERNAL_LOOP_0038,3.0,,,,,,,,,,,,STRUCTURAL_CONTEXT_ONLY,
Ras85D_CTX_YAK_MFE_STEM_0086,Ras85D_HO_01509,D.yakuba,STRUCTURE_SEGMENT,RNA_STRUCTURE,STRUCTURE,STEM,D.yakuba::MFE::STEM_0086,29A_2_01A_Structural_Mapping,A_nucleotide_structure_annotation.csv,,776,778,3,ACT,forward,972,974,973.0,VALID,STEM,True,FINAL,,,,,,,,,,776.0,778.0,FULLY_MAPPED,776.0,778.0,FULLY_MAPPED,814.0,816.0,FULLY_MAPPED,,,,,,,,,MFE,STEM_0086,3.0,,,,,,,,,,,,STRUCTURAL_CONTEXT_ONLY,
Ras85D_CTX_YAK_MFE_BULGE_0013,Ras85D_HO_01333,D.yakuba,STRUCTURE_SEGMENT,RNA_STRUCTURE,STRUCTURE,BULGE,D.yakuba::MFE::BULGE_0013,29A_2_01A_Structural_Mapping,A_nucleotide_structure_annotation.csv,,779,781,3,TAC,forward,975,977,976.0,VALID,BULGE,True,FINAL,,,,,,,,,,779.0,781.0,FULLY_MAPPED,779.0,781.0,FULLY_MAPPED,817.0,819.0,FULLY_MAPPED,,,,,,,,,MFE,BULGE_0013,3.0,,,,,,,,,,,,STRUCTURAL_CONTEXT_ONLY,
Ras85D_CTX_YAK_MFE_STEM_0087,Ras85D_HO_01510,D.yakuba,STRUCTURE_SEGMENT,RNA_STRUCTURE,STRUCTURE,STEM,D.yakuba::MFE::STEM_0087,29A_2_01A_Structural_Mapping,A_nucleotide_structure_annotation.csv,,782,786,5,CATAC,forward,978,982,980.0,VALID,STEM,True,FINAL,,,,,,,,,,782.0,786.0,FULLY_MAPPED,782.0,786.0,FULLY_MAPPED,820.0,824.0,FULLY_MAPPED,,,,,,,,,MFE,STEM_0087,5.0,,,,,,,,,,,,STRUCTURAL_CONTEXT_ONLY,
Ras85D_CTX_YAK_MFE_INTERNAL_LOOP_0039,Ras85D_HO_01393,D.yakuba,STRUCTURE_SEGMENT,RNA_STRUCTURE,STRUCTURE,INTERNAL_LOOP,D.yakuba::MFE::INTERNAL_LOOP_0039,29A_2_01A_Structural_Mapping,A_nucleotide_structure_annotation.csv,,787,787,1,T,forward,983,983,983.0,VALID,INTERNAL_LOOP,True,FINAL,,,,,,,,,,787.0,787.0,FULLY_MAPPED,787.0,787.0,FULLY_MAPPED,825.0,825.0,FULLY_MAPPED,,,,,,,,,MFE,INTERNAL_LOOP_0039,1.0,,,,,,,,,,,,STRUCTURAL_CONTEXT_ONLY,
Ras85D_CTX_YAK_MFE_STEM_0088,Ras85D_HO_01511,D.yakuba,STRUCTURE_SEGMENT,RNA_STRUCTURE,STRUCTURE,STEM,D.yakuba::MFE::STEM_0088,29A_2_01A_Structural_Mapping,A_nucleotide_structure_annotation.csv,,788,789,2,GA,forward,984,985,984.5,VALID,STEM,True,FINAL,,,,,,,,,,788.0,789.0,FULLY_MAPPED,788.0,789.0,FULLY_MAPPED,826.0,827.0,FULLY_MAPPED,,,,,,,,,MFE,STEM_0088,2.0,,,,,,,,,,,,STRUCTURAL_CONTEXT_ONLY,
Ras85D_CTX_YAK_MFE_INTERNAL_LOOP_0040,Ras85D_HO_01394,D.yakuba,STRUCTURE_SEGMENT,RNA_STRUCTURE,STRUCTURE,INTERNAL_LOOP,D.yakuba::MFE::INTERNAL_LOOP_0040,29A_2_01A_Structural_Mapping,A_nucleotide_structure_annotation.csv,,790,792,3,CAG,forward,986,1115,1050.5,VALID,INTERNAL_LOOP,True,FINAL,,,,,,,,,,790.0,792.0,PARTIALLY_GAPPED,790.0,792.0,PARTIALLY_GAPPED,828.0,957.0,FULLY_MAPPED,,,,,,,,,MFE,INTERNAL_LOOP_0040,3.0,,,,,,,,,,,,STRUCTURAL_CONTEXT_ONLY,
Ras85D_CTX_YAK_MFE_STEM_0089,Ras85D_HO_01512,D.yakuba,STRUCTURE_SEGMENT,RNA_STRUCTURE,STRUCTURE,STEM,D.yakuba::MFE::STEM_0089,29A_2_01A_Structural_Mapping,A_nucleotide_structure_annotation.csv,,793,795,3,ATC,forward,1116,1119,1117.5,VALID,STEM,True,FINAL,,,,,,,,,,793.0,795.0,PARTIALLY_GAPPED,793.0,795.0,PARTIALLY_GAPPED,958.0,961.0,FULLY_MAPPED,,,,,,,,,MFE,STEM_0089,3.0,,,,,,,,,,,,STRUCTURAL_CONTEXT_ONLY,
Ras85D_CTX_YAK_MFE_BULGE_0014,Ras85D_HO_01334,D.yakuba,STRUCTURE_SEGMENT,RNA_STRUCTURE,STRUCTURE,BULGE,D.yakuba::MFE::BULGE_0014,29A_2_01A_Structural_Mapping,A_nucleotide_structure_annotation.csv,,796,796,1,A,forward,1120,1120,1120.0,VALID,BULGE,True,FINAL,,,,,,,,,,796.0,796.0,FULLY_MAPPED,796.0,796.0,FULLY_MAPPED,962.0,962.0,FULLY_MAPPED,,,,,,,,,MFE,BULGE_0014,1.0,,,,,,,,,,,,STRUCTURAL_CONTEXT_ONLY,
Ras85D_CTX_YAK_MFE_STEM_0090,Ras85D_HO_01513,D.yakuba,STRUCTURE_SEGMENT,RNA_STRUCTURE,STRUCTURE,STEM,D.yakuba::MFE::STEM_0090,29A_2_01A_Structural_Mapping,A_nucleotide_structure_annotation.csv,,797,800,4,ATCG,forward,1121,1144,1132.5,VALID,STEM,True,FINAL,,,,,,,,,,797.0,800.0,PARTIALLY_GAPPED,797.0,800.0,PARTIALLY_GAPPED,963.0,986.0,FULLY_MAPPED,,,,,,,,,MFE,STEM_0090,4.0,,,,,,,,,,,,STRUCTURAL_CONTEXT_ONLY,
Ras85D_CTX_YAK_MFE_MULTILOOP_0021,Ras85D_HO_01421,D.yakuba,STRUCTURE_SEGMENT,RNA_STRUCTURE,STRUCTURE,MULTILOOP,D.yakuba::MFE::MULTILOOP_0021,29A_2_01A_Structural_Mapping,A_nucleotide_structure_annotation.csv,,801,804,4,GAGA,forward,1145,1150,1147.5,VALID,MULTILOOP,True,FINAL,,,,,,,,,,801.0,804.0,PARTIALLY_GAPPED,801.0,804.0,PARTIALLY_GAPPED,987.0,992.0,FULLY_MAPPED,,,,,,,,,MFE,MULTILOOP_0021,4.0,,,,,,,,,,,,STRUCTURAL_CONTEXT_ONLY,
Ras85D_CTX_YAK_MFE_STEM_0091,Ras85D_HO_01514,D.yakuba,STRUCTURE_SEGMENT,RNA_STRUCTURE,STRUCTURE,STEM,D.yakuba::MFE::STEM_0091,29A_2_01A_Structural_Mapping,A_nucleotide_structure_annotation.csv,,805,820,16,GAAAACAAACAGCCAA,forward,1151,1166,1158.5,VALID,STEM,True,FINAL,,,,,,,,,,805.0,820.0,FULLY_MAPPED,805.0,820.0,FULLY_MAPPED,993.0,1008.0,FULLY_MAPPED,,,,,,,,,MFE,STEM_0091,16.0,,,,,,,,,,,,STRUCTURAL_CONTEXT_ONLY,
Ras85D_CTX_YAK_MFE_INTERNAL_LOOP_0041,Ras85D_HO_01395,D.yakuba,STRUCTURE_SEGMENT,RNA_STRUCTURE,STRUCTURE,INTERNAL_LOOP,D.yakuba::MFE::INTERNAL_LOOP_0041,29A_2_01A_Structural_Mapping,A_nucleotide_structure_annotation.csv,,821,826,6,TTAAAA,forward,1167,1172,1169.5,VALID,INTERNAL_LOOP,True,FINAL,,,,,,,,,,821.0,826.0,FULLY_MAPPED,821.0,826.0,FULLY_MAPPED,1009.0,1014.0,FULLY_MAPPED,,,,,,,,,MFE,INTERNAL_LOOP_0041,6.0,,,,,,,,,,,,STRUCTURAL_CONTEXT_ONLY,
Ras85D_CTX_YAK_MFE_STEM_0092,Ras85D_HO_01515,D.yakuba,STRUCTURE_SEGMENT,RNA_STRUCTURE,STRUCTURE,STEM,D.yakuba::MFE::STEM_0092,29A_2_01A_Structural_Mapping,A_nucleotide_structure_annotation.csv,,827,831,5,TTACA,forward,1173,1177,1175.0,VALID,STEM,True,FINAL,,,,,,,,,,827.0,831.0,FULLY_MAPPED,827.0,831.0,FULLY_MAPPED,1015.0,1019.0,FULLY_MAPPED,,,,,,,,,MFE,STEM_0092,5.0,,,,,,,,,,,,STRUCTURAL_CONTEXT_ONLY,
Ras85D_CTX_YAK_MFE_INTERNAL_LOOP_0042,Ras85D_HO_01396,D.yakuba,STRUCTURE_SEGMENT,RNA_STRUCTURE,STRUCTURE,INTERNAL_LOOP,D.yakuba::MFE::INTERNAL_LOOP_0042,29A_2_01A_Structural_Mapping,A_nucleotide_structure_annotation.csv,,832,832,1,T,forward,1178,1178,1178.0,VALID,INTERNAL_LOOP,True,FINAL,,,,,,,,,,832.0,832.0,FULLY_MAPPED,832.0,832.0,FULLY_MAPPED,1020.0,1020.0,FULLY_MAPPED,,,,,,,,,MFE,INTERNAL_LOOP_0042,1.0,,,,,,,,,,,,STRUCTURAL_CONTEXT_ONLY,
Ras85D_CTX_YAK_MFE_STEM_0093,Ras85D_HO_01516,D.yakuba,STRUCTURE_SEGMENT,RNA_STRUCTURE,STRUCTURE,STEM,D.yakuba::MFE::STEM_0093,29A_2_01A_Structural_Mapping,A_nucleotide_structure_annotation.csv,,833,845,13,TATATAGTTTGCT,forward,1179,1191,1185.0,VALID,STEM,True,FINAL,,,,,,,,,,833.0,845.0,FULLY_MAPPED,833.0,845.0,FULLY_MAPPED,1021.0,1032.0,PARTIALLY_GAPPED,,,,,,,,,MFE,STEM_0093,13.0,,,,,,,,,,,,STRUCTURAL_CONTEXT_ONLY,
Ras85D_CTX_YAK_MFE_HAIRPIN_LOOP_0016,Ras85D_HO_01353,D.yakuba,STRUCTURE_SEGMENT,RNA_STRUCTURE,STRUCTURE,HAIRPIN_LOOP,D.yakuba::MFE::HAIRPIN_LOOP_0016,29A_2_01A_Structural_Mapping,A_nucleotide_structure_annotation.csv,,846,848,3,TTA,forward,1192,1194,1193.0,VALID,HAIRPIN_LOOP,True,FINAL,,,,,,,,,,846.0,848.0,FULLY_MAPPED,846.0,848.0,FULLY_MAPPED,1033.0,1035.0,FULLY_MAPPED,,,,,,,,,MFE,HAIRPIN_LOOP_0016,3.0,,,,,,,,,,,,STRUCTURAL_CONTEXT_ONLY,
Ras85D_CTX_YAK_MFE_STEM_0094,Ras85D_HO_01517,D.yakuba,STRUCTURE_SEGMENT,RNA_STRUCTURE,STRUCTURE,STEM,D.yakuba::MFE::STEM_0094,29A_2_01A_Structural_Mapping,A_nucleotide_structure_annotation.csv,,849,851,3,AGC,forward,1195,1197,1196.0,VALID,STEM,True,FINAL,,,,,,,,,,849.0,851.0,FULLY_MAPPED,849.0,851.0,FULLY_MAPPED,1036.0,1038.0,FULLY_MAPPED,,,,,,,,,MFE,STEM_0094,3.0,,,,,,,,,,,,STRUCTURAL_CONTEXT_ONLY,
Ras85D_CTX_YAK_MFE_MULTILOOP_0022,Ras85D_HO_01422,D.yakuba,STRUCTURE_SEGMENT,RNA_STRUCTURE,STRUCTURE,MULTILOOP,D.yakuba::MFE::MULTILOOP_0022,29A_2_01A_Structural_Mapping,A_nucleotide_structure_annotation.csv,,852,861,10,TTTTTATACA,forward,1198,1207,1202.5,VALID,MULTILOOP,True,FINAL,,,,,,,,,,852.0,861.0,FULLY_MAPPED,852.0,861.0,FULLY_MAPPED,1039.0,1048.0,FULLY_MAPPED,,,,,,,,,MFE,MULTILOOP_0022,10.0,,,,,,,,,,,,STRUCTURAL_CONTEXT_ONLY,
Ras85D_CTX_YAK_MFE_STEM_0095,Ras85D_HO_01518,D.yakuba,STRUCTURE_SEGMENT,RNA_STRUCTURE,STRUCTURE,STEM,D.yakuba::MFE::STEM_0095,29A_2_01A_Structural_Mapping,A_nucleotide_structure_annotation.csv,,862,869,8,TACATACA,forward,1208,1215,1211.5,VALID,STEM,True,FINAL,,,,,,,,,,862.0,869.0,FULLY_MAPPED,862.0,869.0,FULLY_MAPPED,1049.0,1056.0,FULLY_MAPPED,,,,,,,,,MFE,STEM_0095,8.0,,,,,,,,,,,,STRUCTURAL_CONTEXT_ONLY,
Ras85D_CTX_YAK_MFE_INTERNAL_LOOP_0043,Ras85D_HO_01397,D.yakuba,STRUCTURE_SEGMENT,RNA_STRUCTURE,STRUCTURE,INTERNAL_LOOP,D.yakuba::MFE::INTERNAL_LOOP_0043,29A_2_01A_Structural_Mapping,A_nucleotide_structure_annotation.csv,,870,872,3,TAC,forward,1216,1218,1217.0,VALID,INTERNAL_LOOP,True,FINAL,,,,,,,,,,870.0,872.0,FULLY_MAPPED,870.0,872.0,FULLY_MAPPED,1057.0,1057.0,PARTIALLY_GAPPED,,,,,,,,,MFE,INTERNAL_LOOP_0043,3.0,,,,,,,,,,,,STRUCTURAL_CONTEXT_ONLY,
Ras85D_CTX_YAK_MFE_STEM_0096,Ras85D_HO_01519,D.yakuba,STRUCTURE_SEGMENT,RNA_STRUCTURE,STRUCTURE,STEM,D.yakuba::MFE::STEM_0096,29A_2_01A_Structural_Mapping,A_nucleotide_structure_annotation.csv,,873,877,5,ATTTA,forward,1219,1223,1221.0,VALID,STEM,True,FINAL,,,,,,,,,,873.0,877.0,FULLY_MAPPED,873.0,877.0,FULLY_MAPPED,1058.0,1059.0,PARTIALLY_GAPPED,,,,,,,,,MFE,STEM_0096,5.0,,,,,,,,,,,,STRUCTURAL_CONTEXT_ONLY,
Ras85D_CTX_YAK_MFE_INTERNAL_LOOP_0044,Ras85D_HO_01398,D.yakuba,STRUCTURE_SEGMENT,RNA_STRUCTURE,STRUCTURE,INTERNAL_LOOP,D.yakuba::MFE::INTERNAL_LOOP_0044,29A_2_01A_Structural_Mapping,A_nucleotide_structure_annotation.csv,,878,885,8,ATATTTAA,forward,1224,1231,1227.5,VALID,INTERNAL_LOOP,True,FINAL,,,,,,,,,,878.0,885.0,FULLY_MAPPED,878.0,885.0,FULLY_MAPPED,1060.0,1067.0,FULLY_MAPPED,,,,,,,,,MFE,INTERNAL_LOOP_0044,8.0,,,,,,,,,,,,STRUCTURAL_CONTEXT_ONLY,
Ras85D_CTX_YAK_MFE_STEM_0097,Ras85D_HO_01520,D.yakuba,STRUCTURE_SEGMENT,RNA_STRUCTURE,STRUCTURE,STEM,D.yakuba::MFE::STEM_0097,29A_2_01A_Structural_Mapping,A_nucleotide_structure_annotation.csv,,886,895,10,TTTTTTGTAT,forward,1233,1242,1237.5,VALID,STEM,True,FINAL,,,,,,,,,,886.0,895.0,FULLY_MAPPED,886.0,895.0,FULLY_MAPPED,1069.0,1078.0,FULLY_MAPPED,,,,,,,,,MFE,STEM_0097,10.0,,,,,,,,,,,,STRUCTURAL_CONTEXT_ONLY,
Ras85D_CTX_YAK_MFE_HAIRPIN_LOOP_0017,Ras85D_HO_01354,D.yakuba,STRUCTURE_SEGMENT,RNA_STRUCTURE,STRUCTURE,HAIRPIN_LOOP,D.yakuba::MFE::HAIRPIN_LOOP_0017,29A_2_01A_Structural_Mapping,A_nucleotide_structure_annotation.csv,,896,906,11,TAATTTTTGCC,forward,1243,1253,1248.0,VALID,HAIRPIN_LOOP,True,FINAL,,,,,,,,,,896.0,906.0,FULLY_MAPPED,896.0,906.0,FULLY_MAPPED,1079.0,1089.0,FULLY_MAPPED,,,,,,,,,MFE,HAIRPIN_LOOP_0017,11.0,,,,,,,,,,,,STRUCTURAL_CONTEXT_ONLY,
Ras85D_CTX_YAK_MFE_STEM_0098,Ras85D_HO_01521,D.yakuba,STRUCTURE_SEGMENT,RNA_STRUCTURE,STRUCTURE,STEM,D.yakuba::MFE::STEM_0098,29A_2_01A_Structural_Mapping,A_nucleotide_structure_annotation.csv,,907,916,10,ATACAAAAAG,forward,1254,1263,1258.5,VALID,STEM,True,FINAL,,,,,,,,,,907.0,916.0,FULLY_MAPPED,907.0,916.0,FULLY_MAPPED,1090.0,1099.0,FULLY_MAPPED,,,,,,,,,MFE,STEM_0098,10.0,,,,,,,,,,,,STRUCTURAL_CONTEXT_ONLY,
Ras85D_CTX_YAK_MFE_INTERNAL_LOOP_0045,Ras85D_HO_01399,D.yakuba,STRUCTURE_SEGMENT,RNA_STRUCTURE,STRUCTURE,INTERNAL_LOOP,D.yakuba::MFE::INTERNAL_LOOP_0045,29A_2_01A_Structural_Mapping,A_nucleotide_structure_annotation.csv,,917,924,8,AAACGAAA,forward,1264,1271,1267.5,VALID,INTERNAL_LOOP,True,FINAL,,,,,,,,,,917.0,924.0,FULLY_MAPPED,917.0,924.0,FULLY_MAPPED,1100.0,1107.0,FULLY_MAPPED,,,,,,,,,MFE,INTERNAL_LOOP_0045,8.0,,,,,,,,,,,,STRUCTURAL_CONTEXT_ONLY,
Ras85D_CTX_YAK_MFE_STEM_0099,Ras85D_HO_01522,D.yakuba,STRUCTURE_SEGMENT,RNA_STRUCTURE,STRUCTURE,STEM,D.yakuba::MFE::STEM_0099,29A_2_01A_Structural_Mapping,A_nucleotide_structure_annotation.csv,,925,929,5,TAAAT,forward,1272,1276,1274.0,VALID,STEM,True,FINAL,,,,,,,,,,925.0,929.0,FULLY_MAPPED,925.0,929.0,FULLY_MAPPED,1108.0,1112.0,FULLY_MAPPED,,,,,,,,,MFE,STEM_0099,5.0,,,,,,,,,,,,STRUCTURAL_CONTEXT_ONLY,
Ras85D_CTX_YAK_MFE_INTERNAL_LOOP_0046,Ras85D_HO_01400,D.yakuba,STRUCTURE_SEGMENT,RNA_STRUCTURE,STRUCTURE,INTERNAL_LOOP,D.yakuba::MFE::INTERNAL_LOOP_0046,29A_2_01A_Structural_Mapping,A_nucleotide_structure_annotation.csv,,930,933,4,CGAT,forward,1277,1280,1278.5,VALID,INTERNAL_LOOP,True,FINAL,,,,,,,,,,930.0,933.0,FULLY_MAPPED,930.0,933.0,FULLY_MAPPED,1113.0,1116.0,FULLY_MAPPED,,,,,,,,,MFE,INTERNAL_LOOP_0046,4.0,,,,,,,,,,,,STRUCTURAL_CONTEXT_ONLY,
Ras85D_CTX_YAK_MFE_STEM_0100,Ras85D_HO_01523,D.yakuba,STRUCTURE_SEGMENT,RNA_STRUCTURE,STRUCTURE,STEM,D.yakuba::MFE::STEM_0100,29A_2_01A_Structural_Mapping,A_nucleotide_structure_annotation.csv,,934,941,8,TGTGTGTA,forward,1281,1288,1284.5,VALID,STEM,True,FINAL,,,,,,,,,,934.0,941.0,FULLY_MAPPED,934.0,941.0,FULLY_MAPPED,1117.0,1124.0,FULLY_MAPPED,,,,,,,,,MFE,STEM_0100,8.0,,,,,,,,,,,,STRUCTURAL_CONTEXT_ONLY,
Ras85D_CTX_YAK_MFE_MULTILOOP_0023,Ras85D_HO_01423,D.yakuba,STRUCTURE_SEGMENT,RNA_STRUCTURE,STRUCTURE,MULTILOOP,D.yakuba::MFE::MULTILOOP_0023,29A_2_01A_Structural_Mapping,A_nucleotide_structure_annotation.csv,,942,950,9,CTATTTATG,forward,1289,1297,1293.0,VALID,MULTILOOP,True,FINAL,,,,,,,,,,942.0,950.0,FULLY_MAPPED,942.0,950.0,FULLY_MAPPED,1125.0,1132.0,PARTIALLY_GAPPED,,,,,,,,,MFE,MULTILOOP_0023,9.0,,,,,,,,,,,,STRUCTURAL_CONTEXT_ONLY,
Ras85D_CTX_YAK_MFE_STEM_0101,Ras85D_HO_01524,D.yakuba,STRUCTURE_SEGMENT,RNA_STRUCTURE,STRUCTURE,STEM,D.yakuba::MFE::STEM_0101,29A_2_01A_Structural_Mapping,A_nucleotide_structure_annotation.csv,,951,957,7,CAATGTG,forward,1298,1304,1301.0,VALID,STEM,True,FINAL,,,,,,,,,,951.0,957.0,FULLY_MAPPED,951.0,957.0,FULLY_MAPPED,1133.0,1139.0,FULLY_MAPPED,,,,,,,,,MFE,STEM_0101,7.0,,,,,,,,,,,,STRUCTURAL_CONTEXT_ONLY,
Ras85D_CTX_YAK_MFE_BULGE_0015,Ras85D_HO_01335,D.yakuba,STRUCTURE_SEGMENT,RNA_STRUCTURE,STRUCTURE,BULGE,D.yakuba::MFE::BULGE_0015,29A_2_01A_Structural_Mapping,A_nucleotide_structure_annotation.csv,,958,962,5,GTTTC,forward,1305,1309,1307.0,VALID,BULGE,True,FINAL,,,,,,,,,,958.0,962.0,FULLY_MAPPED,958.0,962.0,FULLY_MAPPED,1140.0,1144.0,FULLY_MAPPED,,,,,,,,,MFE,BULGE_0015,5.0,,,,,,,,,,,,STRUCTURAL_CONTEXT_ONLY,
Ras85D_CTX_YAK_MFE_STEM_0102,Ras85D_HO_01525,D.yakuba,STRUCTURE_SEGMENT,RNA_STRUCTURE,STRUCTURE,STEM,D.yakuba::MFE::STEM_0102,29A_2_01A_Structural_Mapping,A_nucleotide_structure_annotation.csv,,963,967,5,AGGTT,forward,1310,1314,1312.0,VALID,STEM,True,FINAL,,,,,,,,,,963.0,964.0,PARTIALLY_GAPPED,963.0,967.0,FULLY_MAPPED,1145.0,1149.0,FULLY_MAPPED,,,,,,,,,MFE,STEM_0102,5.0,,,,,,,,,,,,STRUCTURAL_CONTEXT_ONLY,
Ras85D_CTX_YAK_MFE_EXTERIOR_0002,Ras85D_HO_01337,D.yakuba,STRUCTURE_SEGMENT,RNA_STRUCTURE,STRUCTURE,EXTERIOR,D.yakuba::MFE::EXTERIOR_0002,29A_2_01A_Structural_Mapping,A_nucleotide_structure_annotation.csv,,968,968,1,A,forward,1315,1315,1315.0,VALID,EXTERIOR,True,FINAL,,,,,,,,,,,,ABSENT_IN_TARGET,968.0,968.0,FULLY_MAPPED,1150.0,1150.0,FULLY_MAPPED,,,,,,,,,MFE,EXTERIOR_0002,1.0,,,,,,,,,,,,STRUCTURAL_CONTEXT_ONLY,
Ras85D_CTX_VIR_CENTROID_EXTERIOR_0001,Ras85D_HO_00758,D.virilis,STRUCTURE_SEGMENT,RNA_STRUCTURE,STRUCTURE,EXTERIOR,D.virilis::Centroid::EXTERIOR_0001,29A_2_01A_Structural_Mapping,A_nucleotide_structure_annotation.csv,,1,20,20,ATGGCCACGCTTAAGATTTA,forward,2,26,14.0,VALID,EXTERIOR,True,FINAL,,,,,,,,,,1.0,25.0,FULLY_MAPPED,1.0,25.0,FULLY_MAPPED,1.0,20.0,PARTIALLY_GAPPED,,,,,,,,,Centroid,EXTERIOR_0001,20.0,,,,,,,,,,,,STRUCTURAL_CONTEXT_ONLY,
Ras85D_CTX_VIR_CENTROID_STEM_0001,Ras85D_HO_00848,D.virilis,STRUCTURE_SEGMENT,RNA_STRUCTURE,STRUCTURE,STEM,D.virilis::Centroid::STEM_0001,29A_2_01A_Structural_Mapping,A_nucleotide_structure_annotation.csv,,21,28,8,TTTTTTCA,forward,27,34,30.5,VALID,STEM,True,FINAL,,,,,,,,,,26.0,33.0,FULLY_MAPPED,26.0,33.0,FULLY_MAPPED,21.0,28.0,FULLY_MAPPED,,,,,,,,,Centroid,STEM_0001,8.0,,,,,,,,,,,,STRUCTURAL_CONTEXT_ONLY,
Ras85D_CTX_VIR_CENTROID_MULTILOOP_0001,Ras85D_HO_00830,D.virilis,STRUCTURE_SEGMENT,RNA_STRUCTURE,STRUCTURE,MULTILOOP,D.virilis::Centroid::MULTILOOP_0001,29A_2_01A_Structural_Mapping,A_nucleotide_structure_annotation.csv,,29,35,7,TTAACGC,forward,35,42,38.5,VALID,MULTILOOP,True,FINAL,,,,,,,,,,34.0,41.0,FULLY_MAPPED,34.0,41.0,FULLY_MAPPED,29.0,35.0,PARTIALLY_GAPPED,,,,,,,,,Centroid,MULTILOOP_0001,7.0,,,,,,,,,,,,STRUCTURAL_CONTEXT_ONLY,
Ras85D_CTX_VIR_CENTROID_STEM_0002,Ras85D_HO_00849,D.virilis,STRUCTURE_SEGMENT,RNA_STRUCTURE,STRUCTURE,STEM,D.virilis::Centroid::STEM_0002,29A_2_01A_Structural_Mapping,A_nucleotide_structure_annotation.csv,,36,39,4,CTGT,forward,43,46,44.5,VALID,STEM,True,FINAL,,,,,,,,,,42.0,45.0,FULLY_MAPPED,42.0,45.0,FULLY_MAPPED,36.0,39.0,FULLY_MAPPED,,,,,,,,,Centroid,STEM_0002,4.0,,,,,,,,,,,,STRUCTURAL_CONTEXT_ONLY,
Ras85D_CTX_VIR_CENTROID_INTERNAL_LOOP_0001,Ras85D_HO_00780,D.virilis,STRUCTURE_SEGMENT,RNA_STRUCTURE,STRUCTURE,INTERNAL_LOOP,D.virilis::Centroid::INTERNAL_LOOP_0001,29A_2_01A_Structural_Mapping,A_nucleotide_structure_annotation.csv,,40,53,14,CCGGTTTGTGTGTA,forward,49,62,55.5,VALID,INTERNAL_LOOP,True,FINAL,,,,,,,,,,48.0,61.0,FULLY_MAPPED,48.0,61.0,FULLY_MAPPED,40.0,53.0,FULLY_MAPPED,,,,,,,,,Centroid,INTERNAL_LOOP_0001,14.0,,,,,,,,,,,,STRUCTURAL_CONTEXT_ONLY,
Ras85D_CTX_VIR_CENTROID_STEM_0003,Ras85D_HO_00850,D.virilis,STRUCTURE_SEGMENT,RNA_STRUCTURE,STRUCTURE,STEM,D.virilis::Centroid::STEM_0003,29A_2_01A_Structural_Mapping,A_nucleotide_structure_annotation.csv,,54,57,4,TGTG,forward,63,66,64.5,VALID,STEM,True,FINAL,,,,,,,,,,62.0,65.0,FULLY_MAPPED,62.0,65.0,FULLY_MAPPED,54.0,57.0,FULLY_MAPPED,,,,,,,,,Centroid,STEM_0003,4.0,,,,,,,,,,,,STRUCTURAL_CONTEXT_ONLY,
Ras85D_CTX_VIR_CENTROID_INTERNAL_LOOP_0002,Ras85D_HO_00781,D.virilis,STRUCTURE_SEGMENT,RNA_STRUCTURE,STRUCTURE,INTERNAL_LOOP,D.virilis::Centroid::INTERNAL_LOOP_0002,29A_2_01A_Structural_Mapping,A_nucleotide_structure_annotation.csv,,58,59,2,AG,forward,67,68,67.5,VALID,INTERNAL_LOOP,True,FINAL,,,,,,,,,,66.0,67.0,FULLY_MAPPED,66.0,67.0,FULLY_MAPPED,58.0,59.0,FULLY_MAPPED,,,,,,,,,Centroid,INTERNAL_LOOP_0002,2.0,,,,,,,,,,,,STRUCTURAL_CONTEXT_ONLY,
Ras85D_CTX_VIR_CENTROID_STEM_0004,Ras85D_HO_00851,D.virilis,STRUCTURE_SEGMENT,RNA_STRUCTURE,STRUCTURE,STEM,D.virilis::Centroid::STEM_0004,29A_2_01A_Structural_Mapping,A_nucleotide_structure_annotation.csv,,60,69,10,TGTGTGTTTG,forward,69,78,73.5,VALID,STEM,True,FINAL,,,,,,,,,,68.0,77.0,FULLY_MAPPED,68.0,77.0,FULLY_MAPPED,60.0,69.0,FULLY_MAPPED,,,,,,,,,Centroid,STEM_0004,10.0,,,,,,,,,,,,STRUCTURAL_CONTEXT_ONLY,
Ras85D_CTX_VIR_CENTROID_INTERNAL_LOOP_0003,Ras85D_HO_00782,D.virilis,STRUCTURE_SEGMENT,RNA_STRUCTURE,STRUCTURE,INTERNAL_LOOP,D.virilis::Centroid::INTERNAL_LOOP_0003,29A_2_01A_Structural_Mapping,A_nucleotide_structure_annotation.csv,,70,71,2,TT,forward,79,81,80.0,VALID,INTERNAL_LOOP,True,FINAL,,,,,,,,,,78.0,80.0,FULLY_MAPPED,78.0,80.0,FULLY_MAPPED,70.0,71.0,PARTIALLY_GAPPED,,,,,,,,,Centroid,INTERNAL_LOOP_0003,2.0,,,,,,,,,,,,STRUCTURAL_CONTEXT_ONLY,
Ras85D_CTX_VIR_CENTROID_STEM_0005,Ras85D_HO_00852,D.virilis,STRUCTURE_SEGMENT,RNA_STRUCTURE,STRUCTURE,STEM,D.virilis::Centroid::STEM_0005,29A_2_01A_Structural_Mapping,A_nucleotide_structure_annotation.csv,,72,75,4,GTGT,forward,82,85,83.5,VALID,STEM,True,FINAL,,,,,,,,,,81.0,84.0,FULLY_MAPPED,81.0,84.0,FULLY_MAPPED,72.0,75.0,FULLY_MAPPED,,,,,,,,,Centroid,STEM_0005,4.0,,,,,,,,,,,,STRUCTURAL_CONTEXT_ONLY,
Ras85D_CTX_VIR_CENTROID_MULTILOOP_0002,Ras85D_HO_00831,D.virilis,STRUCTURE_SEGMENT,RNA_STRUCTURE,STRUCTURE,MULTILOOP,D.virilis::Centroid::MULTILOOP_0002,29A_2_01A_Structural_Mapping,A_nucleotide_structure_annotation.csv,,76,76,1,G,forward,86,86,86.0,VALID,MULTILOOP,True,FINAL,,,,,,,,,,85.0,85.0,FULLY_MAPPED,85.0,85.0,FULLY_MAPPED,76.0,76.0,FULLY_MAPPED,,,,,,,,,Centroid,MULTILOOP_0002,1.0,,,,,,,,,,,,STRUCTURAL_CONTEXT_ONLY,
Ras85D_CTX_VIR_CENTROID_STEM_0006,Ras85D_HO_00853,D.virilis,STRUCTURE_SEGMENT,RNA_STRUCTURE,STRUCTURE,STEM,D.virilis::Centroid::STEM_0006,29A_2_01A_Structural_Mapping,A_nucleotide_structure_annotation.csv,,77,87,11,TGCCATAAAAA,forward,87,97,92.0,VALID,STEM,True,FINAL,,,,,,,,,,86.0,93.0,PARTIALLY_GAPPED,86.0,93.0,PARTIALLY_GAPPED,77.0,87.0,FULLY_MAPPED,,,,,,,,,Centroid,STEM_0006,11.0,,,,,,,,,,,,STRUCTURAL_CONTEXT_ONLY,
Ras85D_CTX_VIR_CENTROID_HAIRPIN_LOOP_0001,Ras85D_HO_00764,D.virilis,STRUCTURE_SEGMENT,RNA_STRUCTURE,STRUCTURE,HAIRPIN_LOOP,D.virilis::Centroid::HAIRPIN_LOOP_0001,29A_2_01A_Structural_Mapping,A_nucleotide_structure_annotation.csv,,88,104,17,TGCTGTAGCTTATATAT,forward,98,114,106.0,VALID,HAIRPIN_LOOP,True,FINAL,,,,,,,,,,,,ABSENT_IN_TARGET,,,ABSENT_IN_TARGET,88.0,104.0,FULLY_MAPPED,,,,,,,,,Centroid,HAIRPIN_LOOP_0001,17.0,,,,,,,,,,,,STRUCTURAL_CONTEXT_ONLY,
Ras85D_CTX_VIR_CENTROID_STEM_0007,Ras85D_HO_00854,D.virilis,STRUCTURE_SEGMENT,RNA_STRUCTURE,STRUCTURE,STEM,D.virilis::Centroid::STEM_0007,29A_2_01A_Structural_Mapping,A_nucleotide_structure_annotation.csv,,105,115,11,TTTTTGTGGTA,forward,115,125,120.0,VALID,STEM,True,FINAL,,,,,,,,,,94.0,102.0,PARTIALLY_GAPPED,94.0,102.0,PARTIALLY_GAPPED,105.0,115.0,FULLY_MAPPED,,,,,,,,,Centroid,STEM_0007,11.0,,,,,,,,,,,,STRUCTURAL_CONTEXT_ONLY,
Ras85D_CTX_VIR_CENTROID_MULTILOOP_0003,Ras85D_HO_00832,D.virilis,STRUCTURE_SEGMENT,RNA_STRUCTURE,STRUCTURE,MULTILOOP,D.virilis::Centroid::MULTILOOP_0003,29A_2_01A_Structural_Mapping,A_nucleotide_structure_annotation.csv,,116,118,3,TTT,forward,126,128,127.0,VALID,MULTILOOP,True,FINAL,,,,,,,,,,103.0,103.0,PARTIALLY_GAPPED,103.0,103.0,PARTIALLY_GAPPED,116.0,118.0,FULLY_MAPPED,,,,,,,,,Centroid,MULTILOOP_0003,3.0,,,,,,,,,,,,STRUCTURAL_CONTEXT_ONLY,
Ras85D_CTX_VIR_CENTROID_STEM_0008,Ras85D_HO_00855,D.virilis,STRUCTURE_SEGMENT,RNA_STRUCTURE,STRUCTURE,STEM,D.virilis::Centroid::STEM_0008,29A_2_01A_Structural_Mapping,A_nucleotide_structure_annotation.csv,,119,122,4,GTCA,forward,129,132,130.5,VALID,STEM,True,FINAL,,,,,,,,,,,,ABSENT_IN_TARGET,,,ABSENT_IN_TARGET,119.0,122.0,FULLY_MAPPED,,,,,,,,,Centroid,STEM_0008,4.0,,,,,,,,,,,,STRUCTURAL_CONTEXT_ONLY,
Ras85D_CTX_VIR_CENTROID_HAIRPIN_LOOP_0002,Ras85D_HO_00765,D.virilis,STRUCTURE_SEGMENT,RNA_STRUCTURE,STRUCTURE,HAIRPIN_LOOP,D.virilis::Centroid::HAIRPIN_LOOP_0002,29A_2_01A_Structural_Mapping,A_nucleotide_structure_annotation.csv,,123,126,4,TTGC,forward,133,136,134.5,VALID,HAIRPIN_LOOP,True,FINAL,,,,,,,,,,104.0,104.0,PARTIALLY_GAPPED,104.0,104.0,PARTIALLY_GAPPED,123.0,126.0,FULLY_MAPPED,,,,,,,,,Centroid,HAIRPIN_LOOP_0002,4.0,,,,,,,,,,,,STRUCTURAL_CONTEXT_ONLY,
Ras85D_CTX_VIR_CENTROID_STEM_0009,Ras85D_HO_00856,D.virilis,STRUCTURE_SEGMENT,RNA_STRUCTURE,STRUCTURE,STEM,D.virilis::Centroid::STEM_0009,29A_2_01A_Structural_Mapping,A_nucleotide_structure_annotation.csv,,127,130,4,TGAT,forward,137,140,138.5,VALID,STEM,True,FINAL,,,,,,,,,,105.0,108.0,FULLY_MAPPED,105.0,108.0,FULLY_MAPPED,127.0,130.0,FULLY_MAPPED,,,,,,,,,Centroid,STEM_0009,4.0,,,,,,,,,,,,STRUCTURAL_CONTEXT_ONLY,
Ras85D_CTX_VIR_CENTROID_MULTILOOP_0004,Ras85D_HO_00833,D.virilis,STRUCTURE_SEGMENT,RNA_STRUCTURE,STRUCTURE,MULTILOOP,D.virilis::Centroid::MULTILOOP_0004,29A_2_01A_Structural_Mapping,A_nucleotide_structure_annotation.csv,,131,138,8,TTTCGTTT,forward,141,148,144.5,VALID,MULTILOOP,True,FINAL,,,,,,,,,,109.0,113.0,PARTIALLY_GAPPED,109.0,113.0,PARTIALLY_GAPPED,131.0,138.0,FULLY_MAPPED,,,,,,,,,Centroid,MULTILOOP_0004,8.0,,,,,,,,,,,,STRUCTURAL_CONTEXT_ONLY,
Ras85D_CTX_VIR_CENTROID_STEM_0010,Ras85D_HO_00857,D.virilis,STRUCTURE_SEGMENT,RNA_STRUCTURE,STRUCTURE,STEM,D.virilis::Centroid::STEM_0010,29A_2_01A_Structural_Mapping,A_nucleotide_structure_annotation.csv,,139,142,4,ACGC,forward,149,152,150.5,VALID,STEM,True,FINAL,,,,,,,,,,,,ABSENT_IN_TARGET,,,ABSENT_IN_TARGET,139.0,142.0,FULLY_MAPPED,,,,,,,,,Centroid,STEM_0010,4.0,,,,,,,,,,,,STRUCTURAL_CONTEXT_ONLY,
Ras85D_CTX_VIR_CENTROID_INTERNAL_LOOP_0004,Ras85D_HO_00783,D.virilis,STRUCTURE_SEGMENT,RNA_STRUCTURE,STRUCTURE,INTERNAL_LOOP,D.virilis::Centroid::INTERNAL_LOOP_0004,29A_2_01A_Structural_Mapping,A_nucleotide_structure_annotation.csv,,143,143,1,A,forward,153,153,153.0,VALID,INTERNAL_LOOP,True,FINAL,,,,,,,,,,,,ABSENT_IN_TARGET,,,ABSENT_IN_TARGET,143.0,143.0,FULLY_MAPPED,,,,,,,,,Centroid,INTERNAL_LOOP_0004,1.0,,,,,,,,,,,,STRUCTURAL_CONTEXT_ONLY,
Ras85D_CTX_VIR_CENTROID_STEM_0011,Ras85D_HO_00858,D.virilis,STRUCTURE_SEGMENT,RNA_STRUCTURE,STRUCTURE,STEM,D.virilis::Centroid::STEM_0011,29A_2_01A_Structural_Mapping,A_nucleotide_structure_annotation.csv,,144,153,10,CAAATACACA,forward,154,163,158.5,VALID,STEM,True,FINAL,,,,,,,,,,114.0,122.0,PARTIALLY_GAPPED,114.0,122.0,PARTIALLY_GAPPED,144.0,153.0,FULLY_MAPPED,,,,,,,,,Centroid,STEM_0011,10.0,,,,,,,,,,,,STRUCTURAL_CONTEXT_ONLY,
Ras85D_CTX_VIR_CENTROID_INTERNAL_LOOP_0005,Ras85D_HO_00784,D.virilis,STRUCTURE_SEGMENT,RNA_STRUCTURE,STRUCTURE,INTERNAL_LOOP,D.virilis::Centroid::INTERNAL_LOOP_0005,29A_2_01A_Structural_Mapping,A_nucleotide_structure_annotation.csv,,154,155,2,TG,forward,164,165,164.5,VALID,INTERNAL_LOOP,True,FINAL,,,,,,,,,,123.0,124.0,FULLY_MAPPED,123.0,124.0,FULLY_MAPPED,154.0,155.0,FULLY_MAPPED,,,,,,,,,Centroid,INTERNAL_LOOP_0005,2.0,,,,,,,,,,,,STRUCTURAL_CONTEXT_ONLY,
Ras85D_CTX_VIR_CENTROID_STEM_0012,Ras85D_HO_00859,D.virilis,STRUCTURE_SEGMENT,RNA_STRUCTURE,STRUCTURE,STEM,D.virilis::Centroid::STEM_0012,29A_2_01A_Structural_Mapping,A_nucleotide_structure_annotation.csv,,156,159,4,CGCA,forward,166,170,168.0,VALID,STEM,True,FINAL,,,,,,,,,,125.0,129.0,FULLY_MAPPED,125.0,129.0,FULLY_MAPPED,156.0,159.0,PARTIALLY_GAPPED,,,,,,,,,Centroid,STEM_0012,4.0,,,,,,,,,,,,STRUCTURAL_CONTEXT_ONLY,
Ras85D_CTX_VIR_CENTROID_INTERNAL_LOOP_0006,Ras85D_HO_00785,D.virilis,STRUCTURE_SEGMENT,RNA_STRUCTURE,STRUCTURE,INTERNAL_LOOP,D.virilis::Centroid::INTERNAL_LOOP_0006,29A_2_01A_Structural_Mapping,A_nucleotide_structure_annotation.csv,,160,172,13,CACACACACCCAC,forward,171,183,177.0,VALID,INTERNAL_LOOP,True,FINAL,,,,,,,,,,130.0,142.0,FULLY_MAPPED,130.0,142.0,FULLY_MAPPED,160.0,172.0,FULLY_MAPPED,,,,,,,,,Centroid,INTERNAL_LOOP_0006,13.0,,,,,,,,,,,,STRUCTURAL_CONTEXT_ONLY,
Ras85D_CTX_VIR_CENTROID_STEM_0013,Ras85D_HO_00860,D.virilis,STRUCTURE_SEGMENT,RNA_STRUCTURE,STRUCTURE,STEM,D.virilis::Centroid::STEM_0013,29A_2_01A_Structural_Mapping,A_nucleotide_structure_annotation.csv,,173,176,4,ACAG,forward,184,187,185.5,VALID,STEM,True,FINAL,,,,,,,,,,,,ABSENT_IN_TARGET,,,ABSENT_IN_TARGET,173.0,176.0,FULLY_MAPPED,,,,,,,,,Centroid,STEM_0013,4.0,,,,,,,,,,,,STRUCTURAL_CONTEXT_ONLY,
Ras85D_CTX_VIR_CENTROID_MULTILOOP_0005,Ras85D_HO_00834,D.virilis,STRUCTURE_SEGMENT,RNA_STRUCTURE,STRUCTURE,MULTILOOP,D.virilis::Centroid::MULTILOOP_0005,29A_2_01A_Structural_Mapping,A_nucleotide_structure_annotation.csv,,177,186,10,ACACAAGTGC,forward,188,197,192.5,VALID,MULTILOOP,True,FINAL,,,,,,,,,,143.0,146.0,PARTIALLY_GAPPED,143.0,146.0,PARTIALLY_GAPPED,177.0,186.0,FULLY_MAPPED,,,,,,,,,Centroid,MULTILOOP_0005,10.0,,,,,,,,,,,,STRUCTURAL_CONTEXT_ONLY,
Ras85D_CTX_VIR_CENTROID_STEM_0014,Ras85D_HO_00861,D.virilis,STRUCTURE_SEGMENT,RNA_STRUCTURE,STRUCTURE,STEM,D.virilis::Centroid::STEM_0014,29A_2_01A_Structural_Mapping,A_nucleotide_structure_annotation.csv,,187,191,5,GCGTG,forward,198,202,200.0,VALID,STEM,True,FINAL,,,,,,,,,,147.0,151.0,FULLY_MAPPED,147.0,151.0,FULLY_MAPPED,187.0,191.0,FULLY_MAPPED,,,,,,,,,Centroid,STEM_0014,5.0,,,,,,,,,,,,STRUCTURAL_CONTEXT_ONLY,
Ras85D_CTX_VIR_CENTROID_INTERNAL_LOOP_0007,Ras85D_HO_00786,D.virilis,STRUCTURE_SEGMENT,RNA_STRUCTURE,STRUCTURE,INTERNAL_LOOP,D.virilis::Centroid::INTERNAL_LOOP_0007,29A_2_01A_Structural_Mapping,A_nucleotide_structure_annotation.csv,,192,193,2,TT,forward,203,204,203.5,VALID,INTERNAL_LOOP,True,FINAL,,,,,,,,,,152.0,153.0,FULLY_MAPPED,152.0,153.0,FULLY_MAPPED,192.0,193.0,FULLY_MAPPED,,,,,,,,,Centroid,INTERNAL_LOOP_0007,2.0,,,,,,,,,,,,STRUCTURAL_CONTEXT_ONLY,
Ras85D_CTX_VIR_CENTROID_STEM_0015,Ras85D_HO_00862,D.virilis,STRUCTURE_SEGMENT,RNA_STRUCTURE,STRUCTURE,STEM,D.virilis::Centroid::STEM_0015,29A_2_01A_Structural_Mapping,A_nucleotide_structure_annotation.csv,,194,195,2,AG,forward,205,206,205.5,VALID,STEM,True,FINAL,,,,,,,,,,154.0,154.0,PARTIALLY_GAPPED,154.0,154.0,PARTIALLY_GAPPED,194.0,195.0,FULLY_MAPPED,,,,,,,,,Centroid,STEM_0015,2.0,,,,,,,,,,,,STRUCTURAL_CONTEXT_ONLY,
Ras85D_CTX_VIR_CENTROID_INTERNAL_LOOP_0008,Ras85D_HO_00787,D.virilis,STRUCTURE_SEGMENT,RNA_STRUCTURE,STRUCTURE,INTERNAL_LOOP,D.virilis::Centroid::INTERNAL_LOOP_0008,29A_2_01A_Structural_Mapping,A_nucleotide_structure_annotation.csv,,196,197,2,GT,forward,207,208,207.5,VALID,INTERNAL_LOOP,True,FINAL,,,,,,,,,,155.0,156.0,FULLY_MAPPED,155.0,156.0,FULLY_MAPPED,196.0,197.0,FULLY_MAPPED,,,,,,,,,Centroid,INTERNAL_LOOP_0008,2.0,,,,,,,,,,,,STRUCTURAL_CONTEXT_ONLY,
Ras85D_CTX_VIR_CENTROID_STEM_0016,Ras85D_HO_00863,D.virilis,STRUCTURE_SEGMENT,RNA_STRUCTURE,STRUCTURE,STEM,D.virilis::Centroid::STEM_0016,29A_2_01A_Structural_Mapping,A_nucleotide_structure_annotation.csv,,198,199,2,TG,forward,209,210,209.5,VALID,STEM,True,FINAL,,,,,,,,,,157.0,158.0,FULLY_MAPPED,157.0,158.0,FULLY_MAPPED,198.0,199.0,FULLY_MAPPED,,,,,,,,,Centroid,STEM_0016,2.0,,,,,,,,,,,,STRUCTURAL_CONTEXT_ONLY,
Ras85D_CTX_VIR_CENTROID_INTERNAL_LOOP_0009,Ras85D_HO_00788,D.virilis,STRUCTURE_SEGMENT,RNA_STRUCTURE,STRUCTURE,INTERNAL_LOOP,D.virilis::Centroid::INTERNAL_LOOP_0009,29A_2_01A_Structural_Mapping,A_nucleotide_structure_annotation.csv,,200,200,1,G,forward,211,211,211.0,VALID,INTERNAL_LOOP,True,FINAL,,,,,,,,,,159.0,159.0,FULLY_MAPPED,159.0,159.0,FULLY_MAPPED,200.0,200.0,FULLY_MAPPED,,,,,,,,,Centroid,INTERNAL_LOOP_0009,1.0,,,,,,,,,,,,STRUCTURAL_CONTEXT_ONLY,
Ras85D_CTX_VIR_CENTROID_STEM_0017,Ras85D_HO_00864,D.virilis,STRUCTURE_SEGMENT,RNA_STRUCTURE,STRUCTURE,STEM,D.virilis::Centroid::STEM_0017,29A_2_01A_Structural_Mapping,A_nucleotide_structure_annotation.csv,,201,205,5,TGCAA,forward,212,216,214.0,VALID,STEM,True,FINAL,,,,,,,,,,160.0,164.0,FULLY_MAPPED,160.0,164.0,FULLY_MAPPED,201.0,205.0,FULLY_MAPPED,,,,,,,,,Centroid,STEM_0017,5.0,,,,,,,,,,,,STRUCTURAL_CONTEXT_ONLY,
Ras85D_CTX_VIR_CENTROID_INTERNAL_LOOP_0010,Ras85D_HO_00789,D.virilis,STRUCTURE_SEGMENT,RNA_STRUCTURE,STRUCTURE,INTERNAL_LOOP,D.virilis::Centroid::INTERNAL_LOOP_0010,29A_2_01A_Structural_Mapping,A_nucleotide_structure_annotation.csv,,206,207,2,TT,forward,217,218,217.5,VALID,INTERNAL_LOOP,True,FINAL,,,,,,,,,,165.0,166.0,FULLY_MAPPED,165.0,166.0,FULLY_MAPPED,206.0,207.0,FULLY_MAPPED,,,,,,,,,Centroid,INTERNAL_LOOP_0010,2.0,,,,,,,,,,,,STRUCTURAL_CONTEXT_ONLY,
Ras85D_CTX_VIR_CENTROID_STEM_0018,Ras85D_HO_00865,D.virilis,STRUCTURE_SEGMENT,RNA_STRUCTURE,STRUCTURE,STEM,D.virilis::Centroid::STEM_0018,29A_2_01A_Structural_Mapping,A_nucleotide_structure_annotation.csv,,208,209,2,GA,forward,219,220,219.5,VALID,STEM,True,FINAL,,,,,,,,,,167.0,168.0,FULLY_MAPPED,167.0,168.0,FULLY_MAPPED,208.0,209.0,FULLY_MAPPED,,,,,,,,,Centroid,STEM_0018,2.0,,,,,,,,,,,,STRUCTURAL_CONTEXT_ONLY,
Ras85D_CTX_VIR_CENTROID_BULGE_0001,Ras85D_HO_00755,D.virilis,STRUCTURE_SEGMENT,RNA_STRUCTURE,STRUCTURE,BULGE,D.virilis::Centroid::BULGE_0001,29A_2_01A_Structural_Mapping,A_nucleotide_structure_annotation.csv,,210,210,1,T,forward,221,221,221.0,VALID,BULGE,True,FINAL,,,,,,,,,,169.0,169.0,FULLY_MAPPED,169.0,169.0,FULLY_MAPPED,210.0,210.0,FULLY_MAPPED,,,,,,,,,Centroid,BULGE_0001,1.0,,,,,,,,,,,,STRUCTURAL_CONTEXT_ONLY,
Ras85D_CTX_VIR_CENTROID_STEM_0019,Ras85D_HO_00866,D.virilis,STRUCTURE_SEGMENT,RNA_STRUCTURE,STRUCTURE,STEM,D.virilis::Centroid::STEM_0019,29A_2_01A_Structural_Mapping,A_nucleotide_structure_annotation.csv,,211,212,2,GG,forward,222,223,222.5,VALID,STEM,True,FINAL,,,,,,,,,,170.0,171.0,FULLY_MAPPED,170.0,171.0,FULLY_MAPPED,211.0,212.0,FULLY_MAPPED,,,,,,,,,Centroid,STEM_0019,2.0,,,,,,,,,,,,STRUCTURAL_CONTEXT_ONLY,
Ras85D_CTX_VIR_CENTROID_INTERNAL_LOOP_0011,Ras85D_HO_00790,D.virilis,STRUCTURE_SEGMENT,RNA_STRUCTURE,STRUCTURE,INTERNAL_LOOP,D.virilis::Centroid::INTERNAL_LOOP_0011,29A_2_01A_Structural_Mapping,A_nucleotide_structure_annotation.csv,,213,216,4,GAGG,forward,224,227,225.5,VALID,INTERNAL_LOOP,True,FINAL,,,,,,,,,,172.0,175.0,FULLY_MAPPED,172.0,175.0,FULLY_MAPPED,213.0,216.0,FULLY_MAPPED,,,,,,,,,Centroid,INTERNAL_LOOP_0011,4.0,,,,,,,,,,,,STRUCTURAL_CONTEXT_ONLY,
Ras85D_CTX_VIR_CENTROID_STEM_0020,Ras85D_HO_00867,D.virilis,STRUCTURE_SEGMENT,RNA_STRUCTURE,STRUCTURE,STEM,D.virilis::Centroid::STEM_0020,29A_2_01A_Structural_Mapping,A_nucleotide_structure_annotation.csv,,217,220,4,ATGA,forward,228,231,229.5,VALID,STEM,True,FINAL,,,,,,,,,,176.0,179.0,FULLY_MAPPED,176.0,179.0,FULLY_MAPPED,217.0,220.0,FULLY_MAPPED,,,,,,,,,Centroid,STEM_0020,4.0,,,,,,,,,,,,STRUCTURAL_CONTEXT_ONLY,
Ras85D_CTX_VIR_CENTROID_INTERNAL_LOOP_0012,Ras85D_HO_00791,D.virilis,STRUCTURE_SEGMENT,RNA_STRUCTURE,STRUCTURE,INTERNAL_LOOP,D.virilis::Centroid::INTERNAL_LOOP_0012,29A_2_01A_Structural_Mapping,A_nucleotide_structure_annotation.csv,,221,221,1,A,forward,232,232,232.0,VALID,INTERNAL_LOOP,True,FINAL,,,,,,,,,,180.0,180.0,FULLY_MAPPED,180.0,180.0,FULLY_MAPPED,221.0,221.0,FULLY_MAPPED,,,,,,,,,Centroid,INTERNAL_LOOP_0012,1.0,,,,,,,,,,,,STRUCTURAL_CONTEXT_ONLY,
Ras85D_CTX_VIR_CENTROID_STEM_0021,Ras85D_HO_00868,D.virilis,STRUCTURE_SEGMENT,RNA_STRUCTURE,STRUCTURE,STEM,D.virilis::Centroid::STEM_0021,29A_2_01A_Structural_Mapping,A_nucleotide_structure_annotation.csv,,222,226,5,CAAAA,forward,233,238,235.5,VALID,STEM,True,FINAL,,,,,,,,,,181.0,186.0,FULLY_MAPPED,181.0,186.0,FULLY_MAPPED,222.0,226.0,PARTIALLY_GAPPED,,,,,,,,,Centroid,STEM_0021,5.0,,,,,,,,,,,,STRUCTURAL_CONTEXT_ONLY,
Ras85D_CTX_VIR_CENTROID_INTERNAL_LOOP_0013,Ras85D_HO_00792,D.virilis,STRUCTURE_SEGMENT,RNA_STRUCTURE,STRUCTURE,INTERNAL_LOOP,D.virilis::Centroid::INTERNAL_LOOP_0013,29A_2_01A_Structural_Mapping,A_nucleotide_structure_annotation.csv,,227,227,1,T,forward,239,239,239.0,VALID,INTERNAL_LOOP,True,FINAL,,,,,,,,,,187.0,187.0,FULLY_MAPPED,187.0,187.0,FULLY_MAPPED,227.0,227.0,FULLY_MAPPED,,,,,,,,,Centroid,INTERNAL_LOOP_0013,1.0,,,,,,,,,,,,STRUCTURAL_CONTEXT_ONLY,
Ras85D_CTX_VIR_CENTROID_STEM_0022,Ras85D_HO_00869,D.virilis,STRUCTURE_SEGMENT,RNA_STRUCTURE,STRUCTURE,STEM,D.virilis::Centroid::STEM_0022,29A_2_01A_Structural_Mapping,A_nucleotide_structure_annotation.csv,,228,230,3,TGT,forward,240,242,241.0,VALID,STEM,True,FINAL,,,,,,,,,,188.0,190.0,FULLY_MAPPED,188.0,190.0,FULLY_MAPPED,228.0,230.0,FULLY_MAPPED,,,,,,,,,Centroid,STEM_0022,3.0,,,,,,,,,,,,STRUCTURAL_CONTEXT_ONLY,
Ras85D_CTX_VIR_CENTROID_INTERNAL_LOOP_0014,Ras85D_HO_00793,D.virilis,STRUCTURE_SEGMENT,RNA_STRUCTURE,STRUCTURE,INTERNAL_LOOP,D.virilis::Centroid::INTERNAL_LOOP_0014,29A_2_01A_Structural_Mapping,A_nucleotide_structure_annotation.csv,,231,231,1,A,forward,243,243,243.0,VALID,INTERNAL_LOOP,True,FINAL,,,,,,,,,,191.0,191.0,FULLY_MAPPED,191.0,191.0,FULLY_MAPPED,231.0,231.0,FULLY_MAPPED,,,,,,,,,Centroid,INTERNAL_LOOP_0014,1.0,,,,,,,,,,,,STRUCTURAL_CONTEXT_ONLY,
Ras85D_CTX_VIR_CENTROID_STEM_0023,Ras85D_HO_00870,D.virilis,STRUCTURE_SEGMENT,RNA_STRUCTURE,STRUCTURE,STEM,D.virilis::Centroid::STEM_0023,29A_2_01A_Structural_Mapping,A_nucleotide_structure_annotation.csv,,232,243,12,ATTAATTTAAGC,forward,244,255,249.5,VALID,STEM,True,FINAL,,,,,,,,,,192.0,203.0,FULLY_MAPPED,192.0,203.0,FULLY_MAPPED,232.0,243.0,FULLY_MAPPED,,,,,,,,,Centroid,STEM_0023,12.0,,,,,,,,,,,,STRUCTURAL_CONTEXT_ONLY,
Ras85D_CTX_VIR_CENTROID_MULTILOOP_0006,Ras85D_HO_00835,D.virilis,STRUCTURE_SEGMENT,RNA_STRUCTURE,STRUCTURE,MULTILOOP,D.virilis::Centroid::MULTILOOP_0006,29A_2_01A_Structural_Mapping,A_nucleotide_structure_annotation.csv,,244,247,4,AACT,forward,256,259,257.5,VALID,MULTILOOP,True,FINAL,,,,,,,,,,204.0,207.0,FULLY_MAPPED,204.0,207.0,FULLY_MAPPED,244.0,247.0,FULLY_MAPPED,,,,,,,,,Centroid,MULTILOOP_0006,4.0,,,,,,,,,,,,STRUCTURAL_CONTEXT_ONLY,
Ras85D_CTX_VIR_CENTROID_STEM_0024,Ras85D_HO_00871,D.virilis,STRUCTURE_SEGMENT,RNA_STRUCTURE,STRUCTURE,STEM,D.virilis::Centroid::STEM_0024,29A_2_01A_Structural_Mapping,A_nucleotide_structure_annotation.csv,,248,252,5,AAAGT,forward,260,264,262.0,VALID,STEM,True,FINAL,,,,,,,,,,208.0,212.0,FULLY_MAPPED,208.0,212.0,FULLY_MAPPED,248.0,252.0,FULLY_MAPPED,,,,,,,,,Centroid,STEM_0024,5.0,,,,,,,,,,,,STRUCTURAL_CONTEXT_ONLY,
Ras85D_CTX_VIR_CENTROID_INTERNAL_LOOP_0015,Ras85D_HO_00794,D.virilis,STRUCTURE_SEGMENT,RNA_STRUCTURE,STRUCTURE,INTERNAL_LOOP,D.virilis::Centroid::INTERNAL_LOOP_0015,29A_2_01A_Structural_Mapping,A_nucleotide_structure_annotation.csv,,253,262,10,TTTATTGTAT,forward,265,274,269.5,VALID,INTERNAL_LOOP,True,FINAL,,,,,,,,,,213.0,221.0,PARTIALLY_GAPPED,213.0,221.0,PARTIALLY_GAPPED,253.0,262.0,FULLY_MAPPED,,,,,,,,,Centroid,INTERNAL_LOOP_0015,10.0,,,,,,,,,,,,STRUCTURAL_CONTEXT_ONLY,
Ras85D_CTX_VIR_CENTROID_STEM_0025,Ras85D_HO_00872,D.virilis,STRUCTURE_SEGMENT,RNA_STRUCTURE,STRUCTURE,STEM,D.virilis::Centroid::STEM_0025,29A_2_01A_Structural_Mapping,A_nucleotide_structure_annotation.csv,,263,265,3,GTT,forward,275,277,276.0,VALID,STEM,True,FINAL,,,,,,,,,,222.0,224.0,FULLY_MAPPED,222.0,224.0,FULLY_MAPPED,263.0,265.0,FULLY_MAPPED,,,,,,,,,Centroid,STEM_0025,3.0,,,,,,,,,,,,STRUCTURAL_CONTEXT_ONLY,
Ras85D_CTX_VIR_CENTROID_INTERNAL_LOOP_0016,Ras85D_HO_00795,D.virilis,STRUCTURE_SEGMENT,RNA_STRUCTURE,STRUCTURE,INTERNAL_LOOP,D.virilis::Centroid::INTERNAL_LOOP_0016,29A_2_01A_Structural_Mapping,A_nucleotide_structure_annotation.csv,,266,268,3,AAA,forward,278,281,279.5,VALID,INTERNAL_LOOP,True,FINAL,,,,,,,,,,225.0,228.0,FULLY_MAPPED,225.0,228.0,FULLY_MAPPED,266.0,268.0,PARTIALLY_GAPPED,,,,,,,,,Centroid,INTERNAL_LOOP_0016,3.0,,,,,,,,,,,,STRUCTURAL_CONTEXT_ONLY,
Ras85D_CTX_VIR_CENTROID_STEM_0026,Ras85D_HO_00873,D.virilis,STRUCTURE_SEGMENT,RNA_STRUCTURE,STRUCTURE,STEM,D.virilis::Centroid::STEM_0026,29A_2_01A_Structural_Mapping,A_nucleotide_structure_annotation.csv,,269,271,3,TCA,forward,282,284,283.0,VALID,STEM,True,FINAL,,,,,,,,,,229.0,231.0,FULLY_MAPPED,229.0,231.0,FULLY_MAPPED,269.0,271.0,FULLY_MAPPED,,,,,,,,,Centroid,STEM_0026,3.0,,,,,,,,,,,,STRUCTURAL_CONTEXT_ONLY,
Ras85D_CTX_VIR_CENTROID_INTERNAL_LOOP_0017,Ras85D_HO_00796,D.virilis,STRUCTURE_SEGMENT,RNA_STRUCTURE,STRUCTURE,INTERNAL_LOOP,D.virilis::Centroid::INTERNAL_LOOP_0017,29A_2_01A_Structural_Mapping,A_nucleotide_structure_annotation.csv,,272,274,3,TTT,forward,285,287,286.0,VALID,INTERNAL_LOOP,True,FINAL,,,,,,,,,,232.0,234.0,FULLY_MAPPED,232.0,234.0,FULLY_MAPPED,272.0,274.0,FULLY_MAPPED,,,,,,,,,Centroid,INTERNAL_LOOP_0017,3.0,,,,,,,,,,,,STRUCTURAL_CONTEXT_ONLY,
Ras85D_CTX_VIR_CENTROID_STEM_0027,Ras85D_HO_00874,D.virilis,STRUCTURE_SEGMENT,RNA_STRUCTURE,STRUCTURE,STEM,D.virilis::Centroid::STEM_0027,29A_2_01A_Structural_Mapping,A_nucleotide_structure_annotation.csv,,275,284,10,TGTGTGTCGT,forward,294,303,298.5,VALID,STEM,True,FINAL,,,,,,,,,,241.0,250.0,FULLY_MAPPED,241.0,250.0,FULLY_MAPPED,275.0,284.0,FULLY_MAPPED,,,,,,,,,Centroid,STEM_0027,10.0,,,,,,,,,,,,STRUCTURAL_CONTEXT_ONLY,
Ras85D_CTX_VIR_CENTROID_INTERNAL_LOOP_0018,Ras85D_HO_00797,D.virilis,STRUCTURE_SEGMENT,RNA_STRUCTURE,STRUCTURE,INTERNAL_LOOP,D.virilis::Centroid::INTERNAL_LOOP_0018,29A_2_01A_Structural_Mapping,A_nucleotide_structure_annotation.csv,,285,291,7,TTTGAAA,forward,312,318,315.0,VALID,INTERNAL_LOOP,True,FINAL,,,,,,,,,,259.0,265.0,FULLY_MAPPED,259.0,265.0,FULLY_MAPPED,285.0,291.0,FULLY_MAPPED,,,,,,,,,Centroid,INTERNAL_LOOP_0018,7.0,,,,,,,,,,,,STRUCTURAL_CONTEXT_ONLY,
Ras85D_CTX_VIR_CENTROID_STEM_0028,Ras85D_HO_00875,D.virilis,STRUCTURE_SEGMENT,RNA_STRUCTURE,STRUCTURE,STEM,D.virilis::Centroid::STEM_0028,29A_2_01A_Structural_Mapping,A_nucleotide_structure_annotation.csv,,292,296,5,AGCTT,forward,319,323,321.0,VALID,STEM,True,FINAL,,,,,,,,,,266.0,270.0,FULLY_MAPPED,266.0,270.0,FULLY_MAPPED,292.0,296.0,FULLY_MAPPED,,,,,,,,,Centroid,STEM_0028,5.0,,,,,,,,,,,,STRUCTURAL_CONTEXT_ONLY,
Ras85D_CTX_VIR_CENTROID_INTERNAL_LOOP_0019,Ras85D_HO_00798,D.virilis,STRUCTURE_SEGMENT,RNA_STRUCTURE,STRUCTURE,INTERNAL_LOOP,D.virilis::Centroid::INTERNAL_LOOP_0019,29A_2_01A_Structural_Mapping,A_nucleotide_structure_annotation.csv,,297,299,3,TGT,forward,324,326,325.0,VALID,INTERNAL_LOOP,True,FINAL,,,,,,,,,,271.0,273.0,FULLY_MAPPED,271.0,273.0,FULLY_MAPPED,297.0,299.0,FULLY_MAPPED,,,,,,,,,Centroid,INTERNAL_LOOP_0019,3.0,,,,,,,,,,,,STRUCTURAL_CONTEXT_ONLY,
Ras85D_CTX_VIR_CENTROID_STEM_0029,Ras85D_HO_00876,D.virilis,STRUCTURE_SEGMENT,RNA_STRUCTURE,STRUCTURE,STEM,D.virilis::Centroid::STEM_0029,29A_2_01A_Structural_Mapping,A_nucleotide_structure_annotation.csv,,300,302,3,GGC,forward,327,329,328.0,VALID,STEM,True,FINAL,,,,,,,,,,274.0,276.0,FULLY_MAPPED,274.0,276.0,FULLY_MAPPED,300.0,302.0,FULLY_MAPPED,,,,,,,,,Centroid,STEM_0029,3.0,,,,,,,,,,,,STRUCTURAL_CONTEXT_ONLY,
Ras85D_CTX_VIR_CENTROID_MULTILOOP_0007,Ras85D_HO_00836,D.virilis,STRUCTURE_SEGMENT,RNA_STRUCTURE,STRUCTURE,MULTILOOP,D.virilis::Centroid::MULTILOOP_0007,29A_2_01A_Structural_Mapping,A_nucleotide_structure_annotation.csv,,303,321,19,GCCCTTTTAAGATTATTAA,forward,330,348,339.0,VALID,MULTILOOP,True,FINAL,,,,,,,,,,277.0,295.0,FULLY_MAPPED,277.0,295.0,FULLY_MAPPED,303.0,321.0,FULLY_MAPPED,,,,,,,,,Centroid,MULTILOOP_0007,19.0,,,,,,,,,,,,STRUCTURAL_CONTEXT_ONLY,
Ras85D_CTX_VIR_CENTROID_STEM_0030,Ras85D_HO_00877,D.virilis,STRUCTURE_SEGMENT,RNA_STRUCTURE,STRUCTURE,STEM,D.virilis::Centroid::STEM_0030,29A_2_01A_Structural_Mapping,A_nucleotide_structure_annotation.csv,,322,332,11,TTATGCGTGTG,forward,349,390,369.5,VALID,STEM,True,FINAL,,,,,,,,,,296.0,337.0,FULLY_MAPPED,296.0,337.0,FULLY_MAPPED,322.0,332.0,PARTIALLY_GAPPED,,,,,,,,,Centroid,STEM_0030,11.0,,,,,,,,,,,,STRUCTURAL_CONTEXT_ONLY,
Ras85D_CTX_VIR_CENTROID_HAIRPIN_LOOP_0003,Ras85D_HO_00766,D.virilis,STRUCTURE_SEGMENT,RNA_STRUCTURE,STRUCTURE,HAIRPIN_LOOP,D.virilis::Centroid::HAIRPIN_LOOP_0003,29A_2_01A_Structural_Mapping,A_nucleotide_structure_annotation.csv,,333,337,5,TGCCG,forward,392,396,394.0,VALID,HAIRPIN_LOOP,True,FINAL,,,,,,,,,,339.0,343.0,FULLY_MAPPED,339.0,343.0,FULLY_MAPPED,333.0,337.0,FULLY_MAPPED,,,,,,,,,Centroid,HAIRPIN_LOOP_0003,5.0,,,,,,,,,,,,STRUCTURAL_CONTEXT_ONLY,
Ras85D_CTX_VIR_CENTROID_STEM_0031,Ras85D_HO_00878,D.virilis,STRUCTURE_SEGMENT,RNA_STRUCTURE,STRUCTURE,STEM,D.virilis::Centroid::STEM_0031,29A_2_01A_Structural_Mapping,A_nucleotide_structure_annotation.csv,,338,348,11,TACATGTATAA,forward,397,411,404.0,VALID,STEM,True,FINAL,,,,,,,,,,344.0,358.0,FULLY_MAPPED,344.0,358.0,FULLY_MAPPED,338.0,348.0,PARTIALLY_GAPPED,,,,,,,,,Centroid,STEM_0031,11.0,,,,,,,,,,,,STRUCTURAL_CONTEXT_ONLY,
Ras85D_CTX_VIR_CENTROID_MULTILOOP_0008,Ras85D_HO_00837,D.virilis,STRUCTURE_SEGMENT,RNA_STRUCTURE,STRUCTURE,MULTILOOP,D.virilis::Centroid::MULTILOOP_0008,29A_2_01A_Structural_Mapping,A_nucleotide_structure_annotation.csv,,349,359,11,ATAACTATGAA,forward,412,425,418.5,VALID,MULTILOOP,True,FINAL,,,,,,,,,,359.0,372.0,FULLY_MAPPED,359.0,372.0,FULLY_MAPPED,349.0,359.0,PARTIALLY_GAPPED,,,,,,,,,Centroid,MULTILOOP_0008,11.0,,,,,,,,,,,,STRUCTURAL_CONTEXT_ONLY,
Ras85D_CTX_VIR_CENTROID_STEM_0032,Ras85D_HO_00879,D.virilis,STRUCTURE_SEGMENT,RNA_STRUCTURE,STRUCTURE,STEM,D.virilis::Centroid::STEM_0032,29A_2_01A_Structural_Mapping,A_nucleotide_structure_annotation.csv,,360,362,3,TAC,forward,426,428,427.0,VALID,STEM,True,FINAL,,,,,,,,,,373.0,375.0,FULLY_MAPPED,373.0,375.0,FULLY_MAPPED,360.0,362.0,FULLY_MAPPED,,,,,,,,,Centroid,STEM_0032,3.0,,,,,,,,,,,,STRUCTURAL_CONTEXT_ONLY,
Ras85D_CTX_VIR_CENTROID_HAIRPIN_LOOP_0004,Ras85D_HO_00767,D.virilis,STRUCTURE_SEGMENT,RNA_STRUCTURE,STRUCTURE,HAIRPIN_LOOP,D.virilis::Centroid::HAIRPIN_LOOP_0004,29A_2_01A_Structural_Mapping,A_nucleotide_structure_annotation.csv,,363,366,4,TATT,forward,429,432,430.5,VALID,HAIRPIN_LOOP,True,FINAL,,,,,,,,,,376.0,379.0,FULLY_MAPPED,376.0,379.0,FULLY_MAPPED,363.0,366.0,FULLY_MAPPED,,,,,,,,,Centroid,HAIRPIN_LOOP_0004,4.0,,,,,,,,,,,,STRUCTURAL_CONTEXT_ONLY,
Ras85D_CTX_VIR_CENTROID_STEM_0033,Ras85D_HO_00880,D.virilis,STRUCTURE_SEGMENT,RNA_STRUCTURE,STRUCTURE,STEM,D.virilis::Centroid::STEM_0033,29A_2_01A_Structural_Mapping,A_nucleotide_structure_annotation.csv,,367,369,3,GTA,forward,433,435,434.0,VALID,STEM,True,FINAL,,,,,,,,,,380.0,382.0,FULLY_MAPPED,380.0,382.0,FULLY_MAPPED,367.0,369.0,FULLY_MAPPED,,,,,,,,,Centroid,STEM_0033,3.0,,,,,,,,,,,,STRUCTURAL_CONTEXT_ONLY,
Ras85D_CTX_VIR_CENTROID_MULTILOOP_0009,Ras85D_HO_00838,D.virilis,STRUCTURE_SEGMENT,RNA_STRUCTURE,STRUCTURE,MULTILOOP,D.virilis::Centroid::MULTILOOP_0009,29A_2_01A_Structural_Mapping,A_nucleotide_structure_annotation.csv,,370,372,3,ACT,forward,436,438,437.0,VALID,MULTILOOP,True,FINAL,,,,,,,,,,383.0,385.0,FULLY_MAPPED,383.0,385.0,FULLY_MAPPED,370.0,372.0,FULLY_MAPPED,,,,,,,,,Centroid,MULTILOOP_0009,3.0,,,,,,,,,,,,STRUCTURAL_CONTEXT_ONLY,
Ras85D_CTX_VIR_CENTROID_STEM_0034,Ras85D_HO_00881,D.virilis,STRUCTURE_SEGMENT,RNA_STRUCTURE,STRUCTURE,STEM,D.virilis::Centroid::STEM_0034,29A_2_01A_Structural_Mapping,A_nucleotide_structure_annotation.csv,,373,375,3,GCC,forward,439,441,440.0,VALID,STEM,True,FINAL,,,,,,,,,,386.0,388.0,FULLY_MAPPED,386.0,388.0,FULLY_MAPPED,373.0,375.0,FULLY_MAPPED,,,,,,,,,Centroid,STEM_0034,3.0,,,,,,,,,,,,STRUCTURAL_CONTEXT_ONLY,
Ras85D_CTX_VIR_CENTROID_INTERNAL_LOOP_0020,Ras85D_HO_00799,D.virilis,STRUCTURE_SEGMENT,RNA_STRUCTURE,STRUCTURE,INTERNAL_LOOP,D.virilis::Centroid::INTERNAL_LOOP_0020,29A_2_01A_Structural_Mapping,A_nucleotide_structure_annotation.csv,,376,381,6,TTGGTT,forward,442,447,444.5,VALID,INTERNAL_LOOP,True,FINAL,,,,,,,,,,389.0,394.0,FULLY_MAPPED,389.0,394.0,FULLY_MAPPED,376.0,381.0,FULLY_MAPPED,,,,,,,,,Centroid,INTERNAL_LOOP_0020,6.0,,,,,,,,,,,,STRUCTURAL_CONTEXT_ONLY,
Ras85D_CTX_VIR_CENTROID_STEM_0035,Ras85D_HO_00882,D.virilis,STRUCTURE_SEGMENT,RNA_STRUCTURE,STRUCTURE,STEM,D.virilis::Centroid::STEM_0035,29A_2_01A_Structural_Mapping,A_nucleotide_structure_annotation.csv,,382,386,5,AAGCT,forward,448,452,450.0,VALID,STEM,True,FINAL,,,,,,,,,,395.0,399.0,FULLY_MAPPED,395.0,399.0,FULLY_MAPPED,382.0,386.0,FULLY_MAPPED,,,,,,,,,Centroid,STEM_0035,5.0,,,,,,,,,,,,STRUCTURAL_CONTEXT_ONLY,
Ras85D_CTX_VIR_CENTROID_INTERNAL_LOOP_0021,Ras85D_HO_00800,D.virilis,STRUCTURE_SEGMENT,RNA_STRUCTURE,STRUCTURE,INTERNAL_LOOP,D.virilis::Centroid::INTERNAL_LOOP_0021,29A_2_01A_Structural_Mapping,A_nucleotide_structure_annotation.csv,,387,389,3,GCT,forward,453,455,454.0,VALID,INTERNAL_LOOP,True,FINAL,,,,,,,,,,400.0,402.0,FULLY_MAPPED,400.0,402.0,FULLY_MAPPED,387.0,389.0,FULLY_MAPPED,,,,,,,,,Centroid,INTERNAL_LOOP_0021,3.0,,,,,,,,,,,,STRUCTURAL_CONTEXT_ONLY,
Ras85D_CTX_VIR_CENTROID_STEM_0036,Ras85D_HO_00883,D.virilis,STRUCTURE_SEGMENT,RNA_STRUCTURE,STRUCTURE,STEM,D.virilis::Centroid::STEM_0036,29A_2_01A_Structural_Mapping,A_nucleotide_structure_annotation.csv,,390,395,6,GCGACA,forward,456,461,458.5,VALID,STEM,True,FINAL,,,,,,,,,,,,ABSENT_IN_TARGET,,,ABSENT_IN_TARGET,390.0,395.0,FULLY_MAPPED,,,,,,,,,Centroid,STEM_0036,6.0,,,,,,,,,,,,STRUCTURAL_CONTEXT_ONLY,
Ras85D_CTX_VIR_CENTROID_BULGE_0002,Ras85D_HO_00756,D.virilis,STRUCTURE_SEGMENT,RNA_STRUCTURE,STRUCTURE,BULGE,D.virilis::Centroid::BULGE_0002,29A_2_01A_Structural_Mapping,A_nucleotide_structure_annotation.csv,,396,396,1,G,forward,462,462,462.0,VALID,BULGE,True,FINAL,,,,,,,,,,,,ABSENT_IN_TARGET,,,ABSENT_IN_TARGET,396.0,396.0,FULLY_MAPPED,,,,,,,,,Centroid,BULGE_0002,1.0,,,,,,,,,,,,STRUCTURAL_CONTEXT_ONLY,
Ras85D_CTX_VIR_CENTROID_STEM_0037,Ras85D_HO_00884,D.virilis,STRUCTURE_SEGMENT,RNA_STRUCTURE,STRUCTURE,STEM,D.virilis::Centroid::STEM_0037,29A_2_01A_Structural_Mapping,A_nucleotide_structure_annotation.csv,,397,400,4,CGCA,forward,463,466,464.5,VALID,STEM,True,FINAL,,,,,,,,,,,,ABSENT_IN_TARGET,,,ABSENT_IN_TARGET,397.0,400.0,FULLY_MAPPED,,,,,,,,,Centroid,STEM_0037,4.0,,,,,,,,,,,,STRUCTURAL_CONTEXT_ONLY,
Ras85D_CTX_VIR_CENTROID_INTERNAL_LOOP_0022,Ras85D_HO_00801,D.virilis,STRUCTURE_SEGMENT,RNA_STRUCTURE,STRUCTURE,INTERNAL_LOOP,D.virilis::Centroid::INTERNAL_LOOP_0022,29A_2_01A_Structural_Mapping,A_nucleotide_structure_annotation.csv,,401,404,4,TTTT,forward,467,470,468.5,VALID,INTERNAL_LOOP,True,FINAL,,,,,,,,,,,,ABSENT_IN_TARGET,,,ABSENT_IN_TARGET,401.0,404.0,FULLY_MAPPED,,,,,,,,,Centroid,INTERNAL_LOOP_0022,4.0,,,,,,,,,,,,STRUCTURAL_CONTEXT_ONLY,
Ras85D_CTX_VIR_CENTROID_STEM_0038,Ras85D_HO_00885,D.virilis,STRUCTURE_SEGMENT,RNA_STRUCTURE,STRUCTURE,STEM,D.virilis::Centroid::STEM_0038,29A_2_01A_Structural_Mapping,A_nucleotide_structure_annotation.csv,,405,407,3,TGA,forward,471,473,472.0,VALID,STEM,True,FINAL,,,,,,,,,,403.0,403.0,PARTIALLY_GAPPED,403.0,403.0,PARTIALLY_GAPPED,405.0,407.0,FULLY_MAPPED,,,,,,,,,Centroid,STEM_0038,3.0,,,,,,,,,,,,STRUCTURAL_CONTEXT_ONLY,
Ras85D_CTX_VIR_CENTROID_INTERNAL_LOOP_0023,Ras85D_HO_00802,D.virilis,STRUCTURE_SEGMENT,RNA_STRUCTURE,STRUCTURE,INTERNAL_LOOP,D.virilis::Centroid::INTERNAL_LOOP_0023,29A_2_01A_Structural_Mapping,A_nucleotide_structure_annotation.csv,,408,408,1,T,forward,474,474,474.0,VALID,INTERNAL_LOOP,True,FINAL,,,,,,,,,,404.0,404.0,FULLY_MAPPED,404.0,404.0,FULLY_MAPPED,408.0,408.0,FULLY_MAPPED,,,,,,,,,Centroid,INTERNAL_LOOP_0023,1.0,,,,,,,,,,,,STRUCTURAL_CONTEXT_ONLY,
Ras85D_CTX_VIR_CENTROID_STEM_0039,Ras85D_HO_00886,D.virilis,STRUCTURE_SEGMENT,RNA_STRUCTURE,STRUCTURE,STEM,D.virilis::Centroid::STEM_0039,29A_2_01A_Structural_Mapping,A_nucleotide_structure_annotation.csv,,409,411,3,GAC,forward,475,477,476.0,VALID,STEM,True,FINAL,,,,,,,,,,405.0,407.0,FULLY_MAPPED,405.0,407.0,FULLY_MAPPED,409.0,411.0,FULLY_MAPPED,,,,,,,,,Centroid,STEM_0039,3.0,,,,,,,,,,,,STRUCTURAL_CONTEXT_ONLY,
Ras85D_CTX_VIR_CENTROID_INTERNAL_LOOP_0024,Ras85D_HO_00803,D.virilis,STRUCTURE_SEGMENT,RNA_STRUCTURE,STRUCTURE,INTERNAL_LOOP,D.virilis::Centroid::INTERNAL_LOOP_0024,29A_2_01A_Structural_Mapping,A_nucleotide_structure_annotation.csv,,412,416,5,TATTT,forward,478,482,480.0,VALID,INTERNAL_LOOP,True,FINAL,,,,,,,,,,408.0,412.0,FULLY_MAPPED,408.0,412.0,FULLY_MAPPED,412.0,416.0,FULLY_MAPPED,,,,,,,,,Centroid,INTERNAL_LOOP_0024,5.0,,,,,,,,,,,,STRUCTURAL_CONTEXT_ONLY,
Ras85D_CTX_VIR_CENTROID_STEM_0040,Ras85D_HO_00887,D.virilis,STRUCTURE_SEGMENT,RNA_STRUCTURE,STRUCTURE,STEM,D.virilis::Centroid::STEM_0040,29A_2_01A_Structural_Mapping,A_nucleotide_structure_annotation.csv,,417,421,5,GCTTT,forward,483,487,485.0,VALID,STEM,True,FINAL,,,,,,,,,,413.0,417.0,FULLY_MAPPED,413.0,417.0,FULLY_MAPPED,417.0,421.0,FULLY_MAPPED,,,,,,,,,Centroid,STEM_0040,5.0,,,,,,,,,,,,STRUCTURAL_CONTEXT_ONLY,
Ras85D_CTX_VIR_CENTROID_MULTILOOP_0010,Ras85D_HO_00839,D.virilis,STRUCTURE_SEGMENT,RNA_STRUCTURE,STRUCTURE,MULTILOOP,D.virilis::Centroid::MULTILOOP_0010,29A_2_01A_Structural_Mapping,A_nucleotide_structure_annotation.csv,,422,425,4,CAGT,forward,488,491,489.5,VALID,MULTILOOP,True,FINAL,,,,,,,,,,418.0,421.0,FULLY_MAPPED,418.0,421.0,FULLY_MAPPED,422.0,425.0,FULLY_MAPPED,,,,,,,,,Centroid,MULTILOOP_0010,4.0,,,,,,,,,,,,STRUCTURAL_CONTEXT_ONLY,
Ras85D_CTX_VIR_CENTROID_STEM_0041,Ras85D_HO_00888,D.virilis,STRUCTURE_SEGMENT,RNA_STRUCTURE,STRUCTURE,STEM,D.virilis::Centroid::STEM_0041,29A_2_01A_Structural_Mapping,A_nucleotide_structure_annotation.csv,,426,432,7,AAGCACG,forward,492,498,495.0,VALID,STEM,True,FINAL,,,,,,,,,,422.0,428.0,FULLY_MAPPED,422.0,428.0,FULLY_MAPPED,426.0,432.0,FULLY_MAPPED,,,,,,,,,Centroid,STEM_0041,7.0,,,,,,,,,,,,STRUCTURAL_CONTEXT_ONLY,
Ras85D_CTX_VIR_CENTROID_INTERNAL_LOOP_0025,Ras85D_HO_00804,D.virilis,STRUCTURE_SEGMENT,RNA_STRUCTURE,STRUCTURE,INTERNAL_LOOP,D.virilis::Centroid::INTERNAL_LOOP_0025,29A_2_01A_Structural_Mapping,A_nucleotide_structure_annotation.csv,,433,435,3,AAA,forward,499,501,500.0,VALID,INTERNAL_LOOP,True,FINAL,,,,,,,,,,429.0,431.0,FULLY_MAPPED,429.0,431.0,FULLY_MAPPED,433.0,435.0,FULLY_MAPPED,,,,,,,,,Centroid,INTERNAL_LOOP_0025,3.0,,,,,,,,,,,,STRUCTURAL_CONTEXT_ONLY,
Ras85D_CTX_VIR_CENTROID_STEM_0042,Ras85D_HO_00889,D.virilis,STRUCTURE_SEGMENT,RNA_STRUCTURE,STRUCTURE,STEM,D.virilis::Centroid::STEM_0042,29A_2_01A_Structural_Mapping,A_nucleotide_structure_annotation.csv,,436,436,1,C,forward,502,502,502.0,VALID,STEM,True,FINAL,,,,,,,,,,432.0,432.0,FULLY_MAPPED,432.0,432.0,FULLY_MAPPED,436.0,436.0,FULLY_MAPPED,,,,,,,,,Centroid,STEM_0042,1.0,,,,,,,,,,,,STRUCTURAL_CONTEXT_ONLY,
Ras85D_CTX_VIR_CENTROID_INTERNAL_LOOP_0026,Ras85D_HO_00805,D.virilis,STRUCTURE_SEGMENT,RNA_STRUCTURE,STRUCTURE,INTERNAL_LOOP,D.virilis::Centroid::INTERNAL_LOOP_0026,29A_2_01A_Structural_Mapping,A_nucleotide_structure_annotation.csv,,437,438,2,TA,forward,503,504,503.5,VALID,INTERNAL_LOOP,True,FINAL,,,,,,,,,,433.0,434.0,FULLY_MAPPED,433.0,434.0,FULLY_MAPPED,437.0,438.0,FULLY_MAPPED,,,,,,,,,Centroid,INTERNAL_LOOP_0026,2.0,,,,,,,,,,,,STRUCTURAL_CONTEXT_ONLY,
Ras85D_CTX_VIR_CENTROID_STEM_0043,Ras85D_HO_00890,D.virilis,STRUCTURE_SEGMENT,RNA_STRUCTURE,STRUCTURE,STEM,D.virilis::Centroid::STEM_0043,29A_2_01A_Structural_Mapping,A_nucleotide_structure_annotation.csv,,439,440,2,AA,forward,505,506,505.5,VALID,STEM,True,FINAL,,,,,,,,,,435.0,436.0,FULLY_MAPPED,435.0,436.0,FULLY_MAPPED,439.0,440.0,FULLY_MAPPED,,,,,,,,,Centroid,STEM_0043,2.0,,,,,,,,,,,,STRUCTURAL_CONTEXT_ONLY,
Ras85D_CTX_VIR_CENTROID_INTERNAL_LOOP_0027,Ras85D_HO_00806,D.virilis,STRUCTURE_SEGMENT,RNA_STRUCTURE,STRUCTURE,INTERNAL_LOOP,D.virilis::Centroid::INTERNAL_LOOP_0027,29A_2_01A_Structural_Mapping,A_nucleotide_structure_annotation.csv,,441,442,2,AC,forward,507,508,507.5,VALID,INTERNAL_LOOP,True,FINAL,,,,,,,,,,437.0,438.0,FULLY_MAPPED,437.0,438.0,FULLY_MAPPED,441.0,442.0,FULLY_MAPPED,,,,,,,,,Centroid,INTERNAL_LOOP_0027,2.0,,,,,,,,,,,,STRUCTURAL_CONTEXT_ONLY,
Ras85D_CTX_VIR_CENTROID_STEM_0044,Ras85D_HO_00891,D.virilis,STRUCTURE_SEGMENT,RNA_STRUCTURE,STRUCTURE,STEM,D.virilis::Centroid::STEM_0044,29A_2_01A_Structural_Mapping,A_nucleotide_structure_annotation.csv,,443,446,4,TAAC,forward,509,512,510.5,VALID,STEM,True,FINAL,,,,,,,,,,439.0,442.0,FULLY_MAPPED,439.0,442.0,FULLY_MAPPED,443.0,446.0,FULLY_MAPPED,,,,,,,,,Centroid,STEM_0044,4.0,,,,,,,,,,,,STRUCTURAL_CONTEXT_ONLY,
Ras85D_CTX_VIR_CENTROID_HAIRPIN_LOOP_0005,Ras85D_HO_00768,D.virilis,STRUCTURE_SEGMENT,RNA_STRUCTURE,STRUCTURE,HAIRPIN_LOOP,D.virilis::Centroid::HAIRPIN_LOOP_0005,29A_2_01A_Structural_Mapping,A_nucleotide_structure_annotation.csv,,447,453,7,TCTGTAT,forward,513,519,516.0,VALID,HAIRPIN_LOOP,True,FINAL,,,,,,,,,,443.0,449.0,FULLY_MAPPED,443.0,449.0,FULLY_MAPPED,447.0,453.0,FULLY_MAPPED,,,,,,,,,Centroid,HAIRPIN_LOOP_0005,7.0,,,,,,,,,,,,STRUCTURAL_CONTEXT_ONLY,
Ras85D_CTX_VIR_CENTROID_STEM_0045,Ras85D_HO_00892,D.virilis,STRUCTURE_SEGMENT,RNA_STRUCTURE,STRUCTURE,STEM,D.virilis::Centroid::STEM_0045,29A_2_01A_Structural_Mapping,A_nucleotide_structure_annotation.csv,,454,457,4,GTTA,forward,520,523,521.5,VALID,STEM,True,FINAL,,,,,,,,,,450.0,453.0,FULLY_MAPPED,450.0,453.0,FULLY_MAPPED,454.0,457.0,FULLY_MAPPED,,,,,,,,,Centroid,STEM_0045,4.0,,,,,,,,,,,,STRUCTURAL_CONTEXT_ONLY,
Ras85D_CTX_VIR_CENTROID_INTERNAL_LOOP_0028,Ras85D_HO_00807,D.virilis,STRUCTURE_SEGMENT,RNA_STRUCTURE,STRUCTURE,INTERNAL_LOOP,D.virilis::Centroid::INTERNAL_LOOP_0028,29A_2_01A_Structural_Mapping,A_nucleotide_structure_annotation.csv,,458,458,1,T,forward,524,524,524.0,VALID,INTERNAL_LOOP,True,FINAL,,,,,,,,,,454.0,454.0,FULLY_MAPPED,454.0,454.0,FULLY_MAPPED,458.0,458.0,FULLY_MAPPED,,,,,,,,,Centroid,INTERNAL_LOOP_0028,1.0,,,,,,,,,,,,STRUCTURAL_CONTEXT_ONLY,
Ras85D_CTX_VIR_CENTROID_STEM_0046,Ras85D_HO_00893,D.virilis,STRUCTURE_SEGMENT,RNA_STRUCTURE,STRUCTURE,STEM,D.virilis::Centroid::STEM_0046,29A_2_01A_Structural_Mapping,A_nucleotide_structure_annotation.csv,,459,460,2,TT,forward,525,526,525.5,VALID,STEM,True,FINAL,,,,,,,,,,455.0,456.0,FULLY_MAPPED,455.0,456.0,FULLY_MAPPED,459.0,460.0,FULLY_MAPPED,,,,,,,,,Centroid,STEM_0046,2.0,,,,,,,,,,,,STRUCTURAL_CONTEXT_ONLY,
Ras85D_CTX_VIR_CENTROID_INTERNAL_LOOP_0029,Ras85D_HO_00808,D.virilis,STRUCTURE_SEGMENT,RNA_STRUCTURE,STRUCTURE,INTERNAL_LOOP,D.virilis::Centroid::INTERNAL_LOOP_0029,29A_2_01A_Structural_Mapping,A_nucleotide_structure_annotation.csv,,461,462,2,GT,forward,531,532,531.5,VALID,INTERNAL_LOOP,True,FINAL,,,,,,,,,,461.0,462.0,FULLY_MAPPED,461.0,462.0,FULLY_MAPPED,461.0,462.0,FULLY_MAPPED,,,,,,,,,Centroid,INTERNAL_LOOP_0029,2.0,,,,,,,,,,,,STRUCTURAL_CONTEXT_ONLY,
Ras85D_CTX_VIR_CENTROID_STEM_0047,Ras85D_HO_00894,D.virilis,STRUCTURE_SEGMENT,RNA_STRUCTURE,STRUCTURE,STEM,D.virilis::Centroid::STEM_0047,29A_2_01A_Structural_Mapping,A_nucleotide_structure_annotation.csv,,463,463,1,G,forward,533,533,533.0,VALID,STEM,True,FINAL,,,,,,,,,,463.0,463.0,FULLY_MAPPED,463.0,463.0,FULLY_MAPPED,463.0,463.0,FULLY_MAPPED,,,,,,,,,Centroid,STEM_0047,1.0,,,,,,,,,,,,STRUCTURAL_CONTEXT_ONLY,
Ras85D_CTX_VIR_CENTROID_INTERNAL_LOOP_0030,Ras85D_HO_00809,D.virilis,STRUCTURE_SEGMENT,RNA_STRUCTURE,STRUCTURE,INTERNAL_LOOP,D.virilis::Centroid::INTERNAL_LOOP_0030,29A_2_01A_Structural_Mapping,A_nucleotide_structure_annotation.csv,,464,468,5,TGTAC,forward,534,538,536.0,VALID,INTERNAL_LOOP,True,FINAL,,,,,,,,,,464.0,467.0,PARTIALLY_GAPPED,464.0,467.0,PARTIALLY_GAPPED,464.0,468.0,FULLY_MAPPED,,,,,,,,,Centroid,INTERNAL_LOOP_0030,5.0,,,,,,,,,,,,STRUCTURAL_CONTEXT_ONLY,
Ras85D_CTX_VIR_CENTROID_STEM_0048,Ras85D_HO_00895,D.virilis,STRUCTURE_SEGMENT,RNA_STRUCTURE,STRUCTURE,STEM,D.virilis::Centroid::STEM_0048,29A_2_01A_Structural_Mapping,A_nucleotide_structure_annotation.csv,,469,482,14,CGTGCTTAAAACGA,forward,539,560,549.5,VALID,STEM,True,FINAL,,,,,,,,,,468.0,489.0,FULLY_MAPPED,468.0,489.0,FULLY_MAPPED,469.0,482.0,PARTIALLY_GAPPED,,,,,,,,,Centroid,STEM_0048,14.0,,,,,,,,,,,,STRUCTURAL_CONTEXT_ONLY,
Ras85D_CTX_VIR_CENTROID_HAIRPIN_LOOP_0006,Ras85D_HO_00769,D.virilis,STRUCTURE_SEGMENT,RNA_STRUCTURE,STRUCTURE,HAIRPIN_LOOP,D.virilis::Centroid::HAIRPIN_LOOP_0006,29A_2_01A_Structural_Mapping,A_nucleotide_structure_annotation.csv,,483,504,22,TATTTGTATTTGATTAATTAAT,forward,561,591,576.0,VALID,HAIRPIN_LOOP,True,FINAL,,,,,,,,,,490.0,514.0,PARTIALLY_GAPPED,490.0,514.0,PARTIALLY_GAPPED,483.0,504.0,PARTIALLY_GAPPED,,,,,,,,,Centroid,HAIRPIN_LOOP_0006,22.0,,,,,,,,,,,,STRUCTURAL_CONTEXT_ONLY,
Ras85D_CTX_VIR_CENTROID_STEM_0049,Ras85D_HO_00896,D.virilis,STRUCTURE_SEGMENT,RNA_STRUCTURE,STRUCTURE,STEM,D.virilis::Centroid::STEM_0049,29A_2_01A_Structural_Mapping,A_nucleotide_structure_annotation.csv,,505,511,7,TCGTTTT,forward,592,598,595.0,VALID,STEM,True,FINAL,,,,,,,,,,,,ABSENT_IN_TARGET,,,ABSENT_IN_TARGET,505.0,511.0,FULLY_MAPPED,,,,,,,,,Centroid,STEM_0049,7.0,,,,,,,,,,,,STRUCTURAL_CONTEXT_ONLY,
Ras85D_CTX_VIR_CENTROID_MULTILOOP_0011,Ras85D_HO_00840,D.virilis,STRUCTURE_SEGMENT,RNA_STRUCTURE,STRUCTURE,MULTILOOP,D.virilis::Centroid::MULTILOOP_0011,29A_2_01A_Structural_Mapping,A_nucleotide_structure_annotation.csv,,512,513,2,CG,forward,599,600,599.5,VALID,MULTILOOP,True,FINAL,,,,,,,,,,515.0,516.0,FULLY_MAPPED,515.0,516.0,FULLY_MAPPED,512.0,513.0,FULLY_MAPPED,,,,,,,,,Centroid,MULTILOOP_0011,2.0,,,,,,,,,,,,STRUCTURAL_CONTEXT_ONLY,
Ras85D_CTX_VIR_CENTROID_STEM_0050,Ras85D_HO_00897,D.virilis,STRUCTURE_SEGMENT,RNA_STRUCTURE,STRUCTURE,STEM,D.virilis::Centroid::STEM_0050,29A_2_01A_Structural_Mapping,A_nucleotide_structure_annotation.csv,,514,517,4,GACC,forward,601,604,602.5,VALID,STEM,True,FINAL,,,,,,,,,,517.0,520.0,FULLY_MAPPED,517.0,520.0,FULLY_MAPPED,514.0,517.0,FULLY_MAPPED,,,,,,,,,Centroid,STEM_0050,4.0,,,,,,,,,,,,STRUCTURAL_CONTEXT_ONLY,
Ras85D_CTX_VIR_CENTROID_HAIRPIN_LOOP_0007,Ras85D_HO_00770,D.virilis,STRUCTURE_SEGMENT,RNA_STRUCTURE,STRUCTURE,HAIRPIN_LOOP,D.virilis::Centroid::HAIRPIN_LOOP_0007,29A_2_01A_Structural_Mapping,A_nucleotide_structure_annotation.csv,,518,527,10,TGTTTCTTTT,forward,605,615,610.0,VALID,HAIRPIN_LOOP,True,FINAL,,,,,,,,,,521.0,531.0,FULLY_MAPPED,521.0,531.0,FULLY_MAPPED,518.0,527.0,PARTIALLY_GAPPED,,,,,,,,,Centroid,HAIRPIN_LOOP_0007,10.0,,,,,,,,,,,,STRUCTURAL_CONTEXT_ONLY,
Ras85D_CTX_VIR_CENTROID_STEM_0051,Ras85D_HO_00898,D.virilis,STRUCTURE_SEGMENT,RNA_STRUCTURE,STRUCTURE,STEM,D.virilis::Centroid::STEM_0051,29A_2_01A_Structural_Mapping,A_nucleotide_structure_annotation.csv,,528,531,4,GGTT,forward,616,619,617.5,VALID,STEM,True,FINAL,,,,,,,,,,532.0,535.0,FULLY_MAPPED,532.0,535.0,FULLY_MAPPED,528.0,531.0,FULLY_MAPPED,,,,,,,,,Centroid,STEM_0051,4.0,,,,,,,,,,,,STRUCTURAL_CONTEXT_ONLY,
Ras85D_CTX_VIR_CENTROID_MULTILOOP_0012,Ras85D_HO_00841,D.virilis,STRUCTURE_SEGMENT,RNA_STRUCTURE,STRUCTURE,MULTILOOP,D.virilis::Centroid::MULTILOOP_0012,29A_2_01A_Structural_Mapping,A_nucleotide_structure_annotation.csv,,532,537,6,TACTGA,forward,620,625,622.5,VALID,MULTILOOP,True,FINAL,,,,,,,,,,536.0,537.0,PARTIALLY_GAPPED,536.0,537.0,PARTIALLY_GAPPED,532.0,537.0,FULLY_MAPPED,,,,,,,,,Centroid,MULTILOOP_0012,6.0,,,,,,,,,,,,STRUCTURAL_CONTEXT_ONLY,
Ras85D_CTX_VIR_CENTROID_STEM_0052,Ras85D_HO_00899,D.virilis,STRUCTURE_SEGMENT,RNA_STRUCTURE,STRUCTURE,STEM,D.virilis::Centroid::STEM_0052,29A_2_01A_Structural_Mapping,A_nucleotide_structure_annotation.csv,,538,542,5,TTGGC,forward,626,630,628.0,VALID,STEM,True,FINAL,,,,,,,,,,,,ABSENT_IN_TARGET,,,ABSENT_IN_TARGET,538.0,542.0,FULLY_MAPPED,,,,,,,,,Centroid,STEM_0052,5.0,,,,,,,,,,,,STRUCTURAL_CONTEXT_ONLY,
Ras85D_CTX_VIR_CENTROID_HAIRPIN_LOOP_0008,Ras85D_HO_00771,D.virilis,STRUCTURE_SEGMENT,RNA_STRUCTURE,STRUCTURE,HAIRPIN_LOOP,D.virilis::Centroid::HAIRPIN_LOOP_0008,29A_2_01A_Structural_Mapping,A_nucleotide_structure_annotation.csv,,543,548,6,CTAACA,forward,631,636,633.5,VALID,HAIRPIN_LOOP,True,FINAL,,,,,,,,,,538.0,538.0,PARTIALLY_GAPPED,538.0,538.0,PARTIALLY_GAPPED,543.0,548.0,FULLY_MAPPED,,,,,,,,,Centroid,HAIRPIN_LOOP_0008,6.0,,,,,,,,,,,,STRUCTURAL_CONTEXT_ONLY,
Ras85D_CTX_VIR_CENTROID_STEM_0053,Ras85D_HO_00900,D.virilis,STRUCTURE_SEGMENT,RNA_STRUCTURE,STRUCTURE,STEM,D.virilis::Centroid::STEM_0053,29A_2_01A_Structural_Mapping,A_nucleotide_structure_annotation.csv,,549,553,5,GCCAG,forward,637,641,639.0,VALID,STEM,True,FINAL,,,,,,,,,,539.0,543.0,FULLY_MAPPED,539.0,543.0,FULLY_MAPPED,549.0,553.0,FULLY_MAPPED,,,,,,,,,Centroid,STEM_0053,5.0,,,,,,,,,,,,STRUCTURAL_CONTEXT_ONLY,
Ras85D_CTX_VIR_CENTROID_MULTILOOP_0013,Ras85D_HO_00842,D.virilis,STRUCTURE_SEGMENT,RNA_STRUCTURE,STRUCTURE,MULTILOOP,D.virilis::Centroid::MULTILOOP_0013,29A_2_01A_Structural_Mapping,A_nucleotide_structure_annotation.csv,,554,554,1,T,forward,642,642,642.0,VALID,MULTILOOP,True,FINAL,,,,,,,,,,544.0,544.0,FULLY_MAPPED,544.0,544.0,FULLY_MAPPED,554.0,554.0,FULLY_MAPPED,,,,,,,,,Centroid,MULTILOOP_0013,1.0,,,,,,,,,,,,STRUCTURAL_CONTEXT_ONLY,
Ras85D_CTX_VIR_CENTROID_STEM_0054,Ras85D_HO_00901,D.virilis,STRUCTURE_SEGMENT,RNA_STRUCTURE,STRUCTURE,STEM,D.virilis::Centroid::STEM_0054,29A_2_01A_Structural_Mapping,A_nucleotide_structure_annotation.csv,,555,559,5,GTTTA,forward,643,647,645.0,VALID,STEM,True,FINAL,,,,,,,,,,545.0,546.0,PARTIALLY_GAPPED,545.0,546.0,PARTIALLY_GAPPED,555.0,559.0,FULLY_MAPPED,,,,,,,,,Centroid,STEM_0054,5.0,,,,,,,,,,,,STRUCTURAL_CONTEXT_ONLY,
Ras85D_CTX_VIR_CENTROID_BULGE_0003,Ras85D_HO_00757,D.virilis,STRUCTURE_SEGMENT,RNA_STRUCTURE,STRUCTURE,BULGE,D.virilis::Centroid::BULGE_0003,29A_2_01A_Structural_Mapping,A_nucleotide_structure_annotation.csv,,560,560,1,C,forward,648,648,648.0,VALID,BULGE,True,FINAL,,,,,,,,,,547.0,547.0,FULLY_MAPPED,547.0,547.0,FULLY_MAPPED,560.0,560.0,FULLY_MAPPED,,,,,,,,,Centroid,BULGE_0003,1.0,,,,,,,,,,,,STRUCTURAL_CONTEXT_ONLY,
Ras85D_CTX_VIR_CENTROID_STEM_0055,Ras85D_HO_00902,D.virilis,STRUCTURE_SEGMENT,RNA_STRUCTURE,STRUCTURE,STEM,D.virilis::Centroid::STEM_0055,29A_2_01A_Structural_Mapping,A_nucleotide_structure_annotation.csv,,561,567,7,AATTAAT,forward,649,656,652.5,VALID,STEM,True,FINAL,,,,,,,,,,548.0,555.0,FULLY_MAPPED,548.0,555.0,FULLY_MAPPED,561.0,567.0,PARTIALLY_GAPPED,,,,,,,,,Centroid,STEM_0055,7.0,,,,,,,,,,,,STRUCTURAL_CONTEXT_ONLY,
Ras85D_CTX_VIR_CENTROID_INTERNAL_LOOP_0031,Ras85D_HO_00810,D.virilis,STRUCTURE_SEGMENT,RNA_STRUCTURE,STRUCTURE,INTERNAL_LOOP,D.virilis::Centroid::INTERNAL_LOOP_0031,29A_2_01A_Structural_Mapping,A_nucleotide_structure_annotation.csv,,568,568,1,A,forward,657,657,657.0,VALID,INTERNAL_LOOP,True,FINAL,,,,,,,,,,556.0,556.0,FULLY_MAPPED,556.0,556.0,FULLY_MAPPED,568.0,568.0,FULLY_MAPPED,,,,,,,,,Centroid,INTERNAL_LOOP_0031,1.0,,,,,,,,,,,,STRUCTURAL_CONTEXT_ONLY,
Ras85D_CTX_VIR_CENTROID_STEM_0056,Ras85D_HO_00903,D.virilis,STRUCTURE_SEGMENT,RNA_STRUCTURE,STRUCTURE,STEM,D.virilis::Centroid::STEM_0056,29A_2_01A_Structural_Mapping,A_nucleotide_structure_annotation.csv,,569,571,3,GCA,forward,665,667,666.0,VALID,STEM,True,FINAL,,,,,,,,,,564.0,566.0,FULLY_MAPPED,564.0,566.0,FULLY_MAPPED,569.0,571.0,FULLY_MAPPED,,,,,,,,,Centroid,STEM_0056,3.0,,,,,,,,,,,,STRUCTURAL_CONTEXT_ONLY,
Ras85D_CTX_VIR_CENTROID_INTERNAL_LOOP_0032,Ras85D_HO_00811,D.virilis,STRUCTURE_SEGMENT,RNA_STRUCTURE,STRUCTURE,INTERNAL_LOOP,D.virilis::Centroid::INTERNAL_LOOP_0032,29A_2_01A_Structural_Mapping,A_nucleotide_structure_annotation.csv,,572,572,1,T,forward,668,668,668.0,VALID,INTERNAL_LOOP,True,FINAL,,,,,,,,,,567.0,567.0,FULLY_MAPPED,567.0,567.0,FULLY_MAPPED,572.0,572.0,FULLY_MAPPED,,,,,,,,,Centroid,INTERNAL_LOOP_0032,1.0,,,,,,,,,,,,STRUCTURAL_CONTEXT_ONLY,
Ras85D_CTX_VIR_CENTROID_STEM_0057,Ras85D_HO_00904,D.virilis,STRUCTURE_SEGMENT,RNA_STRUCTURE,STRUCTURE,STEM,D.virilis::Centroid::STEM_0057,29A_2_01A_Structural_Mapping,A_nucleotide_structure_annotation.csv,,573,577,5,TTTTG,forward,669,673,671.0,VALID,STEM,True,FINAL,,,,,,,,,,568.0,571.0,PARTIALLY_GAPPED,568.0,571.0,PARTIALLY_GAPPED,573.0,577.0,FULLY_MAPPED,,,,,,,,,Centroid,STEM_0057,5.0,,,,,,,,,,,,STRUCTURAL_CONTEXT_ONLY,
Ras85D_CTX_VIR_CENTROID_INTERNAL_LOOP_0033,Ras85D_HO_00812,D.virilis,STRUCTURE_SEGMENT,RNA_STRUCTURE,STRUCTURE,INTERNAL_LOOP,D.virilis::Centroid::INTERNAL_LOOP_0033,29A_2_01A_Structural_Mapping,A_nucleotide_structure_annotation.csv,,578,615,38,GGAGCTGCATATATATCTTTTACCAGTCACGCTTGATT,forward,674,711,692.5,VALID,INTERNAL_LOOP,True,FINAL,,,,,,,,,,,,ABSENT_IN_TARGET,,,ABSENT_IN_TARGET,578.0,615.0,FULLY_MAPPED,,,,,,,,,Centroid,INTERNAL_LOOP_0033,38.0,,,,,,,,,,,,STRUCTURAL_CONTEXT_ONLY,
Ras85D_CTX_VIR_CENTROID_STEM_0058,Ras85D_HO_00905,D.virilis,STRUCTURE_SEGMENT,RNA_STRUCTURE,STRUCTURE,STEM,D.virilis::Centroid::STEM_0058,29A_2_01A_Structural_Mapping,A_nucleotide_structure_annotation.csv,,616,619,4,TCGT,forward,712,715,713.5,VALID,STEM,True,FINAL,,,,,,,,,,,,ABSENT_IN_TARGET,,,ABSENT_IN_TARGET,616.0,619.0,FULLY_MAPPED,,,,,,,,,Centroid,STEM_0058,4.0,,,,,,,,,,,,STRUCTURAL_CONTEXT_ONLY,
Ras85D_CTX_VIR_CENTROID_INTERNAL_LOOP_0034,Ras85D_HO_00813,D.virilis,STRUCTURE_SEGMENT,RNA_STRUCTURE,STRUCTURE,INTERNAL_LOOP,D.virilis::Centroid::INTERNAL_LOOP_0034,29A_2_01A_Structural_Mapping,A_nucleotide_structure_annotation.csv,,620,621,2,TC,forward,716,717,716.5,VALID,INTERNAL_LOOP,True,FINAL,,,,,,,,,,,,ABSENT_IN_TARGET,,,ABSENT_IN_TARGET,620.0,621.0,FULLY_MAPPED,,,,,,,,,Centroid,INTERNAL_LOOP_0034,2.0,,,,,,,,,,,,STRUCTURAL_CONTEXT_ONLY,
Ras85D_CTX_VIR_CENTROID_STEM_0059,Ras85D_HO_00906,D.virilis,STRUCTURE_SEGMENT,RNA_STRUCTURE,STRUCTURE,STEM,D.virilis::Centroid::STEM_0059,29A_2_01A_Structural_Mapping,A_nucleotide_structure_annotation.csv,,622,625,4,CCTC,forward,718,721,719.5,VALID,STEM,True,FINAL,,,,,,,,,,,,ABSENT_IN_TARGET,,,ABSENT_IN_TARGET,622.0,625.0,FULLY_MAPPED,,,,,,,,,Centroid,STEM_0059,4.0,,,,,,,,,,,,STRUCTURAL_CONTEXT_ONLY,
Ras85D_CTX_VIR_CENTROID_INTERNAL_LOOP_0035,Ras85D_HO_00814,D.virilis,STRUCTURE_SEGMENT,RNA_STRUCTURE,STRUCTURE,INTERNAL_LOOP,D.virilis::Centroid::INTERNAL_LOOP_0035,29A_2_01A_Structural_Mapping,A_nucleotide_structure_annotation.csv,,626,627,2,TC,forward,722,723,722.5,VALID,INTERNAL_LOOP,True,FINAL,,,,,,,,,,,,ABSENT_IN_TARGET,,,ABSENT_IN_TARGET,626.0,627.0,FULLY_MAPPED,,,,,,,,,Centroid,INTERNAL_LOOP_0035,2.0,,,,,,,,,,,,STRUCTURAL_CONTEXT_ONLY,
Ras85D_CTX_VIR_CENTROID_STEM_0060,Ras85D_HO_00907,D.virilis,STRUCTURE_SEGMENT,RNA_STRUCTURE,STRUCTURE,STEM,D.virilis::Centroid::STEM_0060,29A_2_01A_Structural_Mapping,A_nucleotide_structure_annotation.csv,,628,632,5,TTGCA,forward,724,728,726.0,VALID,STEM,True,FINAL,,,,,,,,,,,,ABSENT_IN_TARGET,,,ABSENT_IN_TARGET,628.0,632.0,FULLY_MAPPED,,,,,,,,,Centroid,STEM_0060,5.0,,,,,,,,,,,,STRUCTURAL_CONTEXT_ONLY,
Ras85D_CTX_VIR_CENTROID_INTERNAL_LOOP_0036,Ras85D_HO_00815,D.virilis,STRUCTURE_SEGMENT,RNA_STRUCTURE,STRUCTURE,INTERNAL_LOOP,D.virilis::Centroid::INTERNAL_LOOP_0036,29A_2_01A_Structural_Mapping,A_nucleotide_structure_annotation.csv,,633,634,2,AA,forward,729,730,729.5,VALID,INTERNAL_LOOP,True,FINAL,,,,,,,,,,,,ABSENT_IN_TARGET,,,ABSENT_IN_TARGET,633.0,634.0,FULLY_MAPPED,,,,,,,,,Centroid,INTERNAL_LOOP_0036,2.0,,,,,,,,,,,,STRUCTURAL_CONTEXT_ONLY,
Ras85D_CTX_VIR_CENTROID_STEM_0061,Ras85D_HO_00908,D.virilis,STRUCTURE_SEGMENT,RNA_STRUCTURE,STRUCTURE,STEM,D.virilis::Centroid::STEM_0061,29A_2_01A_Structural_Mapping,A_nucleotide_structure_annotation.csv,,635,636,2,CA,forward,731,732,731.5,VALID,STEM,True,FINAL,,,,,,,,,,,,ABSENT_IN_TARGET,,,ABSENT_IN_TARGET,635.0,636.0,FULLY_MAPPED,,,,,,,,,Centroid,STEM_0061,2.0,,,,,,,,,,,,STRUCTURAL_CONTEXT_ONLY,
Ras85D_CTX_VIR_CENTROID_INTERNAL_LOOP_0037,Ras85D_HO_00816,D.virilis,STRUCTURE_SEGMENT,RNA_STRUCTURE,STRUCTURE,INTERNAL_LOOP,D.virilis::Centroid::INTERNAL_LOOP_0037,29A_2_01A_Structural_Mapping,A_nucleotide_structure_annotation.csv,,637,638,2,CA,forward,733,734,733.5,VALID,INTERNAL_LOOP,True,FINAL,,,,,,,,,,,,ABSENT_IN_TARGET,,,ABSENT_IN_TARGET,637.0,638.0,FULLY_MAPPED,,,,,,,,,Centroid,INTERNAL_LOOP_0037,2.0,,,,,,,,,,,,STRUCTURAL_CONTEXT_ONLY,
Ras85D_CTX_VIR_CENTROID_STEM_0062,Ras85D_HO_00909,D.virilis,STRUCTURE_SEGMENT,RNA_STRUCTURE,STRUCTURE,STEM,D.virilis::Centroid::STEM_0062,29A_2_01A_Structural_Mapping,A_nucleotide_structure_annotation.csv,,639,640,2,CT,forward,735,736,735.5,VALID,STEM,True,FINAL,,,,,,,,,,572.0,573.0,FULLY_MAPPED,572.0,573.0,FULLY_MAPPED,639.0,640.0,FULLY_MAPPED,,,,,,,,,Centroid,STEM_0062,2.0,,,,,,,,,,,,STRUCTURAL_CONTEXT_ONLY,
Ras85D_CTX_VIR_CENTROID_INTERNAL_LOOP_0038,Ras85D_HO_00817,D.virilis,STRUCTURE_SEGMENT,RNA_STRUCTURE,STRUCTURE,INTERNAL_LOOP,D.virilis::Centroid::INTERNAL_LOOP_0038,29A_2_01A_Structural_Mapping,A_nucleotide_structure_annotation.csv,,641,642,2,CA,forward,739,740,739.5,VALID,INTERNAL_LOOP,True,FINAL,,,,,,,,,,576.0,577.0,FULLY_MAPPED,576.0,577.0,FULLY_MAPPED,641.0,642.0,FULLY_MAPPED,,,,,,,,,Centroid,INTERNAL_LOOP_0038,2.0,,,,,,,,,,,,STRUCTURAL_CONTEXT_ONLY,
Ras85D_CTX_VIR_CENTROID_STEM_0063,Ras85D_HO_00910,D.virilis,STRUCTURE_SEGMENT,RNA_STRUCTURE,STRUCTURE,STEM,D.virilis::Centroid::STEM_0063,29A_2_01A_Structural_Mapping,A_nucleotide_structure_annotation.csv,,643,647,5,CACGC,forward,741,745,743.0,VALID,STEM,True,FINAL,,,,,,,,,,578.0,582.0,FULLY_MAPPED,578.0,582.0,FULLY_MAPPED,643.0,647.0,FULLY_MAPPED,,,,,,,,,Centroid,STEM_0063,5.0,,,,,,,,,,,,STRUCTURAL_CONTEXT_ONLY,
Ras85D_CTX_VIR_CENTROID_MULTILOOP_0014,Ras85D_HO_00843,D.virilis,STRUCTURE_SEGMENT,RNA_STRUCTURE,STRUCTURE,MULTILOOP,D.virilis::Centroid::MULTILOOP_0014,29A_2_01A_Structural_Mapping,A_nucleotide_structure_annotation.csv,,648,654,7,ACAAACA,forward,746,752,749.0,VALID,MULTILOOP,True,FINAL,,,,,,,,,,583.0,589.0,FULLY_MAPPED,583.0,589.0,FULLY_MAPPED,648.0,654.0,FULLY_MAPPED,,,,,,,,,Centroid,MULTILOOP_0014,7.0,,,,,,,,,,,,STRUCTURAL_CONTEXT_ONLY,
Ras85D_CTX_VIR_CENTROID_STEM_0064,Ras85D_HO_00911,D.virilis,STRUCTURE_SEGMENT,RNA_STRUCTURE,STRUCTURE,STEM,D.virilis::Centroid::STEM_0064,29A_2_01A_Structural_Mapping,A_nucleotide_structure_annotation.csv,,655,660,6,GAATTC,forward,753,758,755.5,VALID,STEM,True,FINAL,,,,,,,,,,590.0,595.0,FULLY_MAPPED,590.0,595.0,FULLY_MAPPED,655.0,660.0,FULLY_MAPPED,,,,,,,,,Centroid,STEM_0064,6.0,,,,,,,,,,,,STRUCTURAL_CONTEXT_ONLY,
Ras85D_CTX_VIR_CENTROID_HAIRPIN_LOOP_0009,Ras85D_HO_00772,D.virilis,STRUCTURE_SEGMENT,RNA_STRUCTURE,STRUCTURE,HAIRPIN_LOOP,D.virilis::Centroid::HAIRPIN_LOOP_0009,29A_2_01A_Structural_Mapping,A_nucleotide_structure_annotation.csv,,661,665,5,CATTA,forward,759,763,761.0,VALID,HAIRPIN_LOOP,True,FINAL,,,,,,,,,,596.0,600.0,FULLY_MAPPED,596.0,600.0,FULLY_MAPPED,661.0,665.0,FULLY_MAPPED,,,,,,,,,Centroid,HAIRPIN_LOOP_0009,5.0,,,,,,,,,,,,STRUCTURAL_CONTEXT_ONLY,
Ras85D_CTX_VIR_CENTROID_STEM_0065,Ras85D_HO_00912,D.virilis,STRUCTURE_SEGMENT,RNA_STRUCTURE,STRUCTURE,STEM,D.virilis::Centroid::STEM_0065,29A_2_01A_Structural_Mapping,A_nucleotide_structure_annotation.csv,,666,679,14,GAATTTCCACAAGA,forward,764,778,771.0,VALID,STEM,True,FINAL,,,,,,,,,,601.0,615.0,FULLY_MAPPED,601.0,615.0,FULLY_MAPPED,666.0,679.0,PARTIALLY_GAPPED,,,,,,,,,Centroid,STEM_0065,14.0,,,,,,,,,,,,STRUCTURAL_CONTEXT_ONLY,
Ras85D_CTX_VIR_CENTROID_HAIRPIN_LOOP_0010,Ras85D_HO_00773,D.virilis,STRUCTURE_SEGMENT,RNA_STRUCTURE,STRUCTURE,HAIRPIN_LOOP,D.virilis::Centroid::HAIRPIN_LOOP_0010,29A_2_01A_Structural_Mapping,A_nucleotide_structure_annotation.csv,,680,722,43,AAATTGAAATGAAAATTTAACGAAAAGATCACTGTTCTTATAT,forward,779,879,829.0,VALID,HAIRPIN_LOOP,True,FINAL,,,,,,,,,,616.0,711.0,PARTIALLY_GAPPED,616.0,711.0,PARTIALLY_GAPPED,680.0,722.0,PARTIALLY_GAPPED,,,,,,,,,Centroid,HAIRPIN_LOOP_0010,43.0,,,,,,,,,,,,STRUCTURAL_CONTEXT_ONLY,
Ras85D_CTX_VIR_CENTROID_STEM_0066,Ras85D_HO_00913,D.virilis,STRUCTURE_SEGMENT,RNA_STRUCTURE,STRUCTURE,STEM,D.virilis::Centroid::STEM_0066,29A_2_01A_Structural_Mapping,A_nucleotide_structure_annotation.csv,,723,730,8,TTTTGTGG,forward,880,887,883.5,VALID,STEM,True,FINAL,,,,,,,,,,712.0,719.0,FULLY_MAPPED,712.0,719.0,FULLY_MAPPED,723.0,730.0,FULLY_MAPPED,,,,,,,,,Centroid,STEM_0066,8.0,,,,,,,,,,,,STRUCTURAL_CONTEXT_ONLY,
Ras85D_CTX_VIR_CENTROID_MULTILOOP_0015,Ras85D_HO_00844,D.virilis,STRUCTURE_SEGMENT,RNA_STRUCTURE,STRUCTURE,MULTILOOP,D.virilis::Centroid::MULTILOOP_0015,29A_2_01A_Structural_Mapping,A_nucleotide_structure_annotation.csv,,731,738,8,TGCTAACT,forward,888,895,891.5,VALID,MULTILOOP,True,FINAL,,,,,,,,,,720.0,727.0,FULLY_MAPPED,720.0,727.0,FULLY_MAPPED,731.0,738.0,FULLY_MAPPED,,,,,,,,,Centroid,MULTILOOP_0015,8.0,,,,,,,,,,,,STRUCTURAL_CONTEXT_ONLY,
Ras85D_CTX_VIR_CENTROID_STEM_0067,Ras85D_HO_00914,D.virilis,STRUCTURE_SEGMENT,RNA_STRUCTURE,STRUCTURE,STEM,D.virilis::Centroid::STEM_0067,29A_2_01A_Structural_Mapping,A_nucleotide_structure_annotation.csv,,739,746,8,TGAAAAAA,forward,896,903,899.5,VALID,STEM,True,FINAL,,,,,,,,,,728.0,735.0,FULLY_MAPPED,728.0,735.0,FULLY_MAPPED,739.0,746.0,FULLY_MAPPED,,,,,,,,,Centroid,STEM_0067,8.0,,,,,,,,,,,,STRUCTURAL_CONTEXT_ONLY,
Ras85D_CTX_VIR_CENTROID_EXTERIOR_0002,Ras85D_HO_00759,D.virilis,STRUCTURE_SEGMENT,RNA_STRUCTURE,STRUCTURE,EXTERIOR,D.virilis::Centroid::EXTERIOR_0002,29A_2_01A_Structural_Mapping,A_nucleotide_structure_annotation.csv,,747,781,35,TCAACTGCAAACAACAGCACAAAATCTTGTATCAG,forward,904,939,921.5,VALID,EXTERIOR,True,FINAL,,,,,,,,,,736.0,751.0,PARTIALLY_GAPPED,736.0,751.0,PARTIALLY_GAPPED,747.0,781.0,PARTIALLY_GAPPED,,,,,,,,,Centroid,EXTERIOR_0002,35.0,,,,,,,,,,,,STRUCTURAL_CONTEXT_ONLY,
Ras85D_CTX_VIR_CENTROID_STEM_0068,Ras85D_HO_00915,D.virilis,STRUCTURE_SEGMENT,RNA_STRUCTURE,STRUCTURE,STEM,D.virilis::Centroid::STEM_0068,29A_2_01A_Structural_Mapping,A_nucleotide_structure_annotation.csv,,782,785,4,TTAT,forward,940,943,941.5,VALID,STEM,True,FINAL,,,,,,,,,,752.0,755.0,FULLY_MAPPED,752.0,755.0,FULLY_MAPPED,782.0,785.0,FULLY_MAPPED,,,,,,,,,Centroid,STEM_0068,4.0,,,,,,,,,,,,STRUCTURAL_CONTEXT_ONLY,
Ras85D_CTX_VIR_CENTROID_HAIRPIN_LOOP_0011,Ras85D_HO_00774,D.virilis,STRUCTURE_SEGMENT,RNA_STRUCTURE,STRUCTURE,HAIRPIN_LOOP,D.virilis::Centroid::HAIRPIN_LOOP_0011,29A_2_01A_Structural_Mapping,A_nucleotide_structure_annotation.csv,,786,791,6,TTTAAA,forward,944,949,946.5,VALID,HAIRPIN_LOOP,True,FINAL,,,,,,,,,,756.0,761.0,FULLY_MAPPED,756.0,761.0,FULLY_MAPPED,786.0,791.0,FULLY_MAPPED,,,,,,,,,Centroid,HAIRPIN_LOOP_0011,6.0,,,,,,,,,,,,STRUCTURAL_CONTEXT_ONLY,
Ras85D_CTX_VIR_CENTROID_STEM_0069,Ras85D_HO_00916,D.virilis,STRUCTURE_SEGMENT,RNA_STRUCTURE,STRUCTURE,STEM,D.virilis::Centroid::STEM_0069,29A_2_01A_Structural_Mapping,A_nucleotide_structure_annotation.csv,,792,795,4,GTAA,forward,950,953,951.5,VALID,STEM,True,FINAL,,,,,,,,,,,,ABSENT_IN_TARGET,,,ABSENT_IN_TARGET,792.0,795.0,FULLY_MAPPED,,,,,,,,,Centroid,STEM_0069,4.0,,,,,,,,,,,,STRUCTURAL_CONTEXT_ONLY,
Ras85D_CTX_VIR_CENTROID_EXTERIOR_0003,Ras85D_HO_00760,D.virilis,STRUCTURE_SEGMENT,RNA_STRUCTURE,STRUCTURE,EXTERIOR,D.virilis::Centroid::EXTERIOR_0003,29A_2_01A_Structural_Mapping,A_nucleotide_structure_annotation.csv,,796,811,16,TCGATTATATTTTTTT,forward,954,969,961.5,VALID,EXTERIOR,True,FINAL,,,,,,,,,,762.0,773.0,PARTIALLY_GAPPED,762.0,773.0,PARTIALLY_GAPPED,796.0,811.0,FULLY_MAPPED,,,,,,,,,Centroid,EXTERIOR_0003,16.0,,,,,,,,,,,,STRUCTURAL_CONTEXT_ONLY,
Ras85D_CTX_VIR_CENTROID_STEM_0070,Ras85D_HO_00917,D.virilis,STRUCTURE_SEGMENT,RNA_STRUCTURE,STRUCTURE,STEM,D.virilis::Centroid::STEM_0070,29A_2_01A_Structural_Mapping,A_nucleotide_structure_annotation.csv,,812,817,6,CTACTT,forward,970,975,972.5,VALID,STEM,True,FINAL,,,,,,,,,,774.0,779.0,FULLY_MAPPED,774.0,779.0,FULLY_MAPPED,812.0,817.0,FULLY_MAPPED,,,,,,,,,Centroid,STEM_0070,6.0,,,,,,,,,,,,STRUCTURAL_CONTEXT_ONLY,
Ras85D_CTX_VIR_CENTROID_MULTILOOP_0016,Ras85D_HO_00845,D.virilis,STRUCTURE_SEGMENT,RNA_STRUCTURE,STRUCTURE,MULTILOOP,D.virilis::Centroid::MULTILOOP_0016,29A_2_01A_Structural_Mapping,A_nucleotide_structure_annotation.csv,,818,822,5,ATCTT,forward,976,980,978.0,VALID,MULTILOOP,True,FINAL,,,,,,,,,,780.0,784.0,FULLY_MAPPED,780.0,784.0,FULLY_MAPPED,818.0,822.0,FULLY_MAPPED,,,,,,,,,Centroid,MULTILOOP_0016,5.0,,,,,,,,,,,,STRUCTURAL_CONTEXT_ONLY,
Ras85D_CTX_VIR_CENTROID_STEM_0071,Ras85D_HO_00918,D.virilis,STRUCTURE_SEGMENT,RNA_STRUCTURE,STRUCTURE,STEM,D.virilis::Centroid::STEM_0071,29A_2_01A_Structural_Mapping,A_nucleotide_structure_annotation.csv,,823,827,5,ACTGA,forward,981,985,983.0,VALID,STEM,True,FINAL,,,,,,,,,,785.0,789.0,FULLY_MAPPED,785.0,789.0,FULLY_MAPPED,823.0,827.0,FULLY_MAPPED,,,,,,,,,Centroid,STEM_0071,5.0,,,,,,,,,,,,STRUCTURAL_CONTEXT_ONLY,
Ras85D_CTX_VIR_CENTROID_HAIRPIN_LOOP_0012,Ras85D_HO_00775,D.virilis,STRUCTURE_SEGMENT,RNA_STRUCTURE,STRUCTURE,HAIRPIN_LOOP,D.virilis::Centroid::HAIRPIN_LOOP_0012,29A_2_01A_Structural_Mapping,A_nucleotide_structure_annotation.csv,,828,835,8,CCGAACGA,forward,986,993,989.5,VALID,HAIRPIN_LOOP,True,FINAL,,,,,,,,,,790.0,791.0,PARTIALLY_GAPPED,790.0,791.0,PARTIALLY_GAPPED,828.0,835.0,FULLY_MAPPED,,,,,,,,,Centroid,HAIRPIN_LOOP_0012,8.0,,,,,,,,,,,,STRUCTURAL_CONTEXT_ONLY,
Ras85D_CTX_VIR_CENTROID_STEM_0072,Ras85D_HO_00919,D.virilis,STRUCTURE_SEGMENT,RNA_STRUCTURE,STRUCTURE,STEM,D.virilis::Centroid::STEM_0072,29A_2_01A_Structural_Mapping,A_nucleotide_structure_annotation.csv,,836,840,5,TCAGT,forward,994,998,996.0,VALID,STEM,True,FINAL,,,,,,,,,,,,ABSENT_IN_TARGET,,,ABSENT_IN_TARGET,836.0,840.0,FULLY_MAPPED,,,,,,,,,Centroid,STEM_0072,5.0,,,,,,,,,,,,STRUCTURAL_CONTEXT_ONLY,
Ras85D_CTX_VIR_CENTROID_MULTILOOP_0017,Ras85D_HO_00846,D.virilis,STRUCTURE_SEGMENT,RNA_STRUCTURE,STRUCTURE,MULTILOOP,D.virilis::Centroid::MULTILOOP_0017,29A_2_01A_Structural_Mapping,A_nucleotide_structure_annotation.csv,,841,843,3,TAA,forward,999,1001,1000.0,VALID,MULTILOOP,True,FINAL,,,,,,,,,,,,ABSENT_IN_TARGET,,,ABSENT_IN_TARGET,841.0,843.0,FULLY_MAPPED,,,,,,,,,Centroid,MULTILOOP_0017,3.0,,,,,,,,,,,,STRUCTURAL_CONTEXT_ONLY,
Ras85D_CTX_VIR_CENTROID_STEM_0073,Ras85D_HO_00920,D.virilis,STRUCTURE_SEGMENT,RNA_STRUCTURE,STRUCTURE,STEM,D.virilis::Centroid::STEM_0073,29A_2_01A_Structural_Mapping,A_nucleotide_structure_annotation.csv,,844,862,19,CTAGCTTATGCAAAGCTTT,forward,1002,1020,1011.0,VALID,STEM,True,FINAL,,,,,,,,,,,,ABSENT_IN_TARGET,,,ABSENT_IN_TARGET,844.0,862.0,FULLY_MAPPED,,,,,,,,,Centroid,STEM_0073,19.0,,,,,,,,,,,,STRUCTURAL_CONTEXT_ONLY,
Ras85D_CTX_VIR_CENTROID_INTERNAL_LOOP_0039,Ras85D_HO_00818,D.virilis,STRUCTURE_SEGMENT,RNA_STRUCTURE,STRUCTURE,INTERNAL_LOOP,D.virilis::Centroid::INTERNAL_LOOP_0039,29A_2_01A_Structural_Mapping,A_nucleotide_structure_annotation.csv,,863,869,7,TGCCTGA,forward,1021,1027,1024.0,VALID,INTERNAL_LOOP,True,FINAL,,,,,,,,,,,,ABSENT_IN_TARGET,,,ABSENT_IN_TARGET,863.0,869.0,FULLY_MAPPED,,,,,,,,,Centroid,INTERNAL_LOOP_0039,7.0,,,,,,,,,,,,STRUCTURAL_CONTEXT_ONLY,
Ras85D_CTX_VIR_CENTROID_STEM_0074,Ras85D_HO_00921,D.virilis,STRUCTURE_SEGMENT,RNA_STRUCTURE,STRUCTURE,STEM,D.virilis::Centroid::STEM_0074,29A_2_01A_Structural_Mapping,A_nucleotide_structure_annotation.csv,,870,873,4,AAAG,forward,1028,1031,1029.5,VALID,STEM,True,FINAL,,,,,,,,,,,,ABSENT_IN_TARGET,,,ABSENT_IN_TARGET,870.0,873.0,FULLY_MAPPED,,,,,,,,,Centroid,STEM_0074,4.0,,,,,,,,,,,,STRUCTURAL_CONTEXT_ONLY,
Ras85D_CTX_VIR_CENTROID_INTERNAL_LOOP_0040,Ras85D_HO_00819,D.virilis,STRUCTURE_SEGMENT,RNA_STRUCTURE,STRUCTURE,INTERNAL_LOOP,D.virilis::Centroid::INTERNAL_LOOP_0040,29A_2_01A_Structural_Mapping,A_nucleotide_structure_annotation.csv,,874,877,4,AAAA,forward,1032,1035,1033.5,VALID,INTERNAL_LOOP,True,FINAL,,,,,,,,,,,,ABSENT_IN_TARGET,,,ABSENT_IN_TARGET,874.0,877.0,FULLY_MAPPED,,,,,,,,,Centroid,INTERNAL_LOOP_0040,4.0,,,,,,,,,,,,STRUCTURAL_CONTEXT_ONLY,
Ras85D_CTX_VIR_CENTROID_STEM_0075,Ras85D_HO_00922,D.virilis,STRUCTURE_SEGMENT,RNA_STRUCTURE,STRUCTURE,STEM,D.virilis::Centroid::STEM_0075,29A_2_01A_Structural_Mapping,A_nucleotide_structure_annotation.csv,,878,880,3,TCG,forward,1036,1038,1037.0,VALID,STEM,True,FINAL,,,,,,,,,,,,ABSENT_IN_TARGET,,,ABSENT_IN_TARGET,878.0,880.0,FULLY_MAPPED,,,,,,,,,Centroid,STEM_0075,3.0,,,,,,,,,,,,STRUCTURAL_CONTEXT_ONLY,
Ras85D_CTX_VIR_CENTROID_INTERNAL_LOOP_0041,Ras85D_HO_00820,D.virilis,STRUCTURE_SEGMENT,RNA_STRUCTURE,STRUCTURE,INTERNAL_LOOP,D.virilis::Centroid::INTERNAL_LOOP_0041,29A_2_01A_Structural_Mapping,A_nucleotide_structure_annotation.csv,,881,881,1,T,forward,1039,1039,1039.0,VALID,INTERNAL_LOOP,True,FINAL,,,,,,,,,,,,ABSENT_IN_TARGET,,,ABSENT_IN_TARGET,881.0,881.0,FULLY_MAPPED,,,,,,,,,Centroid,INTERNAL_LOOP_0041,1.0,,,,,,,,,,,,STRUCTURAL_CONTEXT_ONLY,
Ras85D_CTX_VIR_CENTROID_STEM_0076,Ras85D_HO_00923,D.virilis,STRUCTURE_SEGMENT,RNA_STRUCTURE,STRUCTURE,STEM,D.virilis::Centroid::STEM_0076,29A_2_01A_Structural_Mapping,A_nucleotide_structure_annotation.csv,,882,884,3,GTC,forward,1040,1042,1041.0,VALID,STEM,True,FINAL,,,,,,,,,,,,ABSENT_IN_TARGET,,,ABSENT_IN_TARGET,882.0,884.0,FULLY_MAPPED,,,,,,,,,Centroid,STEM_0076,3.0,,,,,,,,,,,,STRUCTURAL_CONTEXT_ONLY,
Ras85D_CTX_VIR_CENTROID_HAIRPIN_LOOP_0013,Ras85D_HO_00776,D.virilis,STRUCTURE_SEGMENT,RNA_STRUCTURE,STRUCTURE,HAIRPIN_LOOP,D.virilis::Centroid::HAIRPIN_LOOP_0013,29A_2_01A_Structural_Mapping,A_nucleotide_structure_annotation.csv,,885,896,12,TATTATATCTTT,forward,1043,1054,1048.5,VALID,HAIRPIN_LOOP,True,FINAL,,,,,,,,,,,,ABSENT_IN_TARGET,,,ABSENT_IN_TARGET,885.0,896.0,FULLY_MAPPED,,,,,,,,,Centroid,HAIRPIN_LOOP_0013,12.0,,,,,,,,,,,,STRUCTURAL_CONTEXT_ONLY,
Ras85D_CTX_VIR_CENTROID_STEM_0077,Ras85D_HO_00924,D.virilis,STRUCTURE_SEGMENT,RNA_STRUCTURE,STRUCTURE,STEM,D.virilis::Centroid::STEM_0077,29A_2_01A_Structural_Mapping,A_nucleotide_structure_annotation.csv,,897,899,3,GAT,forward,1055,1057,1056.0,VALID,STEM,True,FINAL,,,,,,,,,,,,ABSENT_IN_TARGET,,,ABSENT_IN_TARGET,897.0,899.0,FULLY_MAPPED,,,,,,,,,Centroid,STEM_0077,3.0,,,,,,,,,,,,STRUCTURAL_CONTEXT_ONLY,
Ras85D_CTX_VIR_CENTROID_INTERNAL_LOOP_0042,Ras85D_HO_00821,D.virilis,STRUCTURE_SEGMENT,RNA_STRUCTURE,STRUCTURE,INTERNAL_LOOP,D.virilis::Centroid::INTERNAL_LOOP_0042,29A_2_01A_Structural_Mapping,A_nucleotide_structure_annotation.csv,,900,900,1,T,forward,1058,1058,1058.0,VALID,INTERNAL_LOOP,True,FINAL,,,,,,,,,,,,ABSENT_IN_TARGET,,,ABSENT_IN_TARGET,900.0,900.0,FULLY_MAPPED,,,,,,,,,Centroid,INTERNAL_LOOP_0042,1.0,,,,,,,,,,,,STRUCTURAL_CONTEXT_ONLY,
Ras85D_CTX_VIR_CENTROID_STEM_0078,Ras85D_HO_00925,D.virilis,STRUCTURE_SEGMENT,RNA_STRUCTURE,STRUCTURE,STEM,D.virilis::Centroid::STEM_0078,29A_2_01A_Structural_Mapping,A_nucleotide_structure_annotation.csv,,901,903,3,CGA,forward,1059,1061,1060.0,VALID,STEM,True,FINAL,,,,,,,,,,,,ABSENT_IN_TARGET,,,ABSENT_IN_TARGET,901.0,903.0,FULLY_MAPPED,,,,,,,,,Centroid,STEM_0078,3.0,,,,,,,,,,,,STRUCTURAL_CONTEXT_ONLY,
Ras85D_CTX_VIR_CENTROID_INTERNAL_LOOP_0043,Ras85D_HO_00822,D.virilis,STRUCTURE_SEGMENT,RNA_STRUCTURE,STRUCTURE,INTERNAL_LOOP,D.virilis::Centroid::INTERNAL_LOOP_0043,29A_2_01A_Structural_Mapping,A_nucleotide_structure_annotation.csv,,904,907,4,ATTA,forward,1062,1065,1063.5,VALID,INTERNAL_LOOP,True,FINAL,,,,,,,,,,,,ABSENT_IN_TARGET,,,ABSENT_IN_TARGET,904.0,907.0,FULLY_MAPPED,,,,,,,,,Centroid,INTERNAL_LOOP_0043,4.0,,,,,,,,,,,,STRUCTURAL_CONTEXT_ONLY,
Ras85D_CTX_VIR_CENTROID_STEM_0079,Ras85D_HO_00926,D.virilis,STRUCTURE_SEGMENT,RNA_STRUCTURE,STRUCTURE,STEM,D.virilis::Centroid::STEM_0079,29A_2_01A_Structural_Mapping,A_nucleotide_structure_annotation.csv,,908,911,4,CTTT,forward,1066,1069,1067.5,VALID,STEM,True,FINAL,,,,,,,,,,,,ABSENT_IN_TARGET,,,ABSENT_IN_TARGET,908.0,911.0,FULLY_MAPPED,,,,,,,,,Centroid,STEM_0079,4.0,,,,,,,,,,,,STRUCTURAL_CONTEXT_ONLY,
Ras85D_CTX_VIR_CENTROID_INTERNAL_LOOP_0044,Ras85D_HO_00823,D.virilis,STRUCTURE_SEGMENT,RNA_STRUCTURE,STRUCTURE,INTERNAL_LOOP,D.virilis::Centroid::INTERNAL_LOOP_0044,29A_2_01A_Structural_Mapping,A_nucleotide_structure_annotation.csv,,912,938,27,ACTGCATCGAAATCAGTTTATTATTAT,forward,1070,1096,1083.0,VALID,INTERNAL_LOOP,True,FINAL,,,,,,,,,,,,ABSENT_IN_TARGET,,,ABSENT_IN_TARGET,912.0,938.0,FULLY_MAPPED,,,,,,,,,Centroid,INTERNAL_LOOP_0044,27.0,,,,,,,,,,,,STRUCTURAL_CONTEXT_ONLY,
Ras85D_CTX_VIR_CENTROID_STEM_0080,Ras85D_HO_00927,D.virilis,STRUCTURE_SEGMENT,RNA_STRUCTURE,STRUCTURE,STEM,D.virilis::Centroid::STEM_0080,29A_2_01A_Structural_Mapping,A_nucleotide_structure_annotation.csv,,939,961,23,AGAGCTTTGCATAAGCTAGATAC,forward,1097,1119,1108.0,VALID,STEM,True,FINAL,,,,,,,,,,792.0,795.0,PARTIALLY_GAPPED,792.0,795.0,PARTIALLY_GAPPED,939.0,961.0,FULLY_MAPPED,,,,,,,,,Centroid,STEM_0080,23.0,,,,,,,,,,,,STRUCTURAL_CONTEXT_ONLY,
Ras85D_CTX_VIR_CENTROID_HAIRPIN_LOOP_0014,Ras85D_HO_00777,D.virilis,STRUCTURE_SEGMENT,RNA_STRUCTURE,STRUCTURE,HAIRPIN_LOOP,D.virilis::Centroid::HAIRPIN_LOOP_0014,29A_2_01A_Structural_Mapping,A_nucleotide_structure_annotation.csv,,962,966,5,AATAC,forward,1120,1124,1122.0,VALID,HAIRPIN_LOOP,True,FINAL,,,,,,,,,,796.0,798.0,PARTIALLY_GAPPED,796.0,798.0,PARTIALLY_GAPPED,962.0,966.0,FULLY_MAPPED,,,,,,,,,Centroid,HAIRPIN_LOOP_0014,5.0,,,,,,,,,,,,STRUCTURAL_CONTEXT_ONLY,
Ras85D_CTX_VIR_CENTROID_STEM_0081,Ras85D_HO_00928,D.virilis,STRUCTURE_SEGMENT,RNA_STRUCTURE,STRUCTURE,STEM,D.virilis::Centroid::STEM_0081,29A_2_01A_Structural_Mapping,A_nucleotide_structure_annotation.csv,,967,970,4,GTAT,forward,1125,1128,1126.5,VALID,STEM,True,FINAL,,,,,,,,,,,,ABSENT_IN_TARGET,,,ABSENT_IN_TARGET,967.0,970.0,FULLY_MAPPED,,,,,,,,,Centroid,STEM_0081,4.0,,,,,,,,,,,,STRUCTURAL_CONTEXT_ONLY,
Ras85D_CTX_VIR_CENTROID_MULTILOOP_0018,Ras85D_HO_00847,D.virilis,STRUCTURE_SEGMENT,RNA_STRUCTURE,STRUCTURE,MULTILOOP,D.virilis::Centroid::MULTILOOP_0018,29A_2_01A_Structural_Mapping,A_nucleotide_structure_annotation.csv,,971,971,1,G,forward,1129,1129,1129.0,VALID,MULTILOOP,True,FINAL,,,,,,,,,,,,ABSENT_IN_TARGET,,,ABSENT_IN_TARGET,971.0,971.0,FULLY_MAPPED,,,,,,,,,Centroid,MULTILOOP_0018,1.0,,,,,,,,,,,,STRUCTURAL_CONTEXT_ONLY,
Ras85D_CTX_VIR_CENTROID_STEM_0082,Ras85D_HO_00929,D.virilis,STRUCTURE_SEGMENT,RNA_STRUCTURE,STRUCTURE,STEM,D.virilis::Centroid::STEM_0082,29A_2_01A_Structural_Mapping,A_nucleotide_structure_annotation.csv,,972,977,6,GAGTAG,forward,1130,1135,1132.5,VALID,STEM,True,FINAL,,,,,,,,,,,,ABSENT_IN_TARGET,,,ABSENT_IN_TARGET,972.0,977.0,FULLY_MAPPED,,,,,,,,,Centroid,STEM_0082,6.0,,,,,,,,,,,,STRUCTURAL_CONTEXT_ONLY,
Ras85D_CTX_VIR_CENTROID_EXTERIOR_0004,Ras85D_HO_00761,D.virilis,STRUCTURE_SEGMENT,RNA_STRUCTURE,STRUCTURE,EXTERIOR,D.virilis::Centroid::EXTERIOR_0004,29A_2_01A_Structural_Mapping,A_nucleotide_structure_annotation.csv,,978,980,3,ATT,forward,1136,1138,1137.0,VALID,EXTERIOR,True,FINAL,,,,,,,,,,,,ABSENT_IN_TARGET,,,ABSENT_IN_TARGET,978.0,980.0,FULLY_MAPPED,,,,,,,,,Centroid,EXTERIOR_0004,3.0,,,,,,,,,,,,STRUCTURAL_CONTEXT_ONLY,
Ras85D_CTX_VIR_CENTROID_STEM_0083,Ras85D_HO_00930,D.virilis,STRUCTURE_SEGMENT,RNA_STRUCTURE,STRUCTURE,STEM,D.virilis::Centroid::STEM_0083,29A_2_01A_Structural_Mapping,A_nucleotide_structure_annotation.csv,,981,986,6,GATGCT,forward,1139,1144,1141.5,VALID,STEM,True,FINAL,,,,,,,,,,799.0,800.0,PARTIALLY_GAPPED,799.0,800.0,PARTIALLY_GAPPED,981.0,986.0,FULLY_MAPPED,,,,,,,,,Centroid,STEM_0083,6.0,,,,,,,,,,,,STRUCTURAL_CONTEXT_ONLY,
Ras85D_CTX_VIR_CENTROID_HAIRPIN_LOOP_0015,Ras85D_HO_00778,D.virilis,STRUCTURE_SEGMENT,RNA_STRUCTURE,STRUCTURE,HAIRPIN_LOOP,D.virilis::Centroid::HAIRPIN_LOOP_0015,29A_2_01A_Structural_Mapping,A_nucleotide_structure_annotation.csv,,987,999,13,GCATTAAACAATA,forward,1145,1157,1151.0,VALID,HAIRPIN_LOOP,True,FINAL,,,,,,,,,,801.0,811.0,PARTIALLY_GAPPED,801.0,811.0,PARTIALLY_GAPPED,987.0,999.0,FULLY_MAPPED,,,,,,,,,Centroid,HAIRPIN_LOOP_0015,13.0,,,,,,,,,,,,STRUCTURAL_CONTEXT_ONLY,
Ras85D_CTX_VIR_CENTROID_STEM_0084,Ras85D_HO_00931,D.virilis,STRUCTURE_SEGMENT,RNA_STRUCTURE,STRUCTURE,STEM,D.virilis::Centroid::STEM_0084,29A_2_01A_Structural_Mapping,A_nucleotide_structure_annotation.csv,,1000,1005,6,AGCATC,forward,1158,1163,1160.5,VALID,STEM,True,FINAL,,,,,,,,,,812.0,817.0,FULLY_MAPPED,812.0,817.0,FULLY_MAPPED,1000.0,1005.0,FULLY_MAPPED,,,,,,,,,Centroid,STEM_0084,6.0,,,,,,,,,,,,STRUCTURAL_CONTEXT_ONLY,
Ras85D_CTX_VIR_CENTROID_EXTERIOR_0005,Ras85D_HO_00762,D.virilis,STRUCTURE_SEGMENT,RNA_STRUCTURE,STRUCTURE,EXTERIOR,D.virilis::Centroid::EXTERIOR_0005,29A_2_01A_Structural_Mapping,A_nucleotide_structure_annotation.csv,,1006,1027,22,CAATTACATATACATATTTAGT,forward,1164,1186,1175.0,VALID,EXTERIOR,True,FINAL,,,,,,,,,,818.0,840.0,FULLY_MAPPED,818.0,840.0,FULLY_MAPPED,1006.0,1027.0,PARTIALLY_GAPPED,,,,,,,,,Centroid,EXTERIOR_0005,22.0,,,,,,,,,,,,STRUCTURAL_CONTEXT_ONLY,
Ras85D_CTX_VIR_CENTROID_STEM_0085,Ras85D_HO_00932,D.virilis,STRUCTURE_SEGMENT,RNA_STRUCTURE,STRUCTURE,STEM,D.virilis::Centroid::STEM_0085,29A_2_01A_Structural_Mapping,A_nucleotide_structure_annotation.csv,,1028,1034,7,TTGCTTT,forward,1187,1193,1190.0,VALID,STEM,True,FINAL,,,,,,,,,,841.0,847.0,FULLY_MAPPED,841.0,847.0,FULLY_MAPPED,1028.0,1034.0,FULLY_MAPPED,,,,,,,,,Centroid,STEM_0085,7.0,,,,,,,,,,,,STRUCTURAL_CONTEXT_ONLY,
Ras85D_CTX_VIR_CENTROID_INTERNAL_LOOP_0045,Ras85D_HO_00824,D.virilis,STRUCTURE_SEGMENT,RNA_STRUCTURE,STRUCTURE,INTERNAL_LOOP,D.virilis::Centroid::INTERNAL_LOOP_0045,29A_2_01A_Structural_Mapping,A_nucleotide_structure_annotation.csv,,1035,1037,3,AAG,forward,1194,1196,1195.0,VALID,INTERNAL_LOOP,True,FINAL,,,,,,,,,,848.0,850.0,FULLY_MAPPED,848.0,850.0,FULLY_MAPPED,1035.0,1037.0,FULLY_MAPPED,,,,,,,,,Centroid,INTERNAL_LOOP_0045,3.0,,,,,,,,,,,,STRUCTURAL_CONTEXT_ONLY,
Ras85D_CTX_VIR_CENTROID_STEM_0086,Ras85D_HO_00933,D.virilis,STRUCTURE_SEGMENT,RNA_STRUCTURE,STRUCTURE,STEM,D.virilis::Centroid::STEM_0086,29A_2_01A_Structural_Mapping,A_nucleotide_structure_annotation.csv,,1038,1042,5,CTTTT,forward,1197,1201,1199.0,VALID,STEM,True,FINAL,,,,,,,,,,851.0,855.0,FULLY_MAPPED,851.0,855.0,FULLY_MAPPED,1038.0,1042.0,FULLY_MAPPED,,,,,,,,,Centroid,STEM_0086,5.0,,,,,,,,,,,,STRUCTURAL_CONTEXT_ONLY,
Ras85D_CTX_VIR_CENTROID_INTERNAL_LOOP_0046,Ras85D_HO_00825,D.virilis,STRUCTURE_SEGMENT,RNA_STRUCTURE,STRUCTURE,INTERNAL_LOOP,D.virilis::Centroid::INTERNAL_LOOP_0046,29A_2_01A_Structural_Mapping,A_nucleotide_structure_annotation.csv,,1043,1050,8,TATACATA,forward,1202,1209,1205.5,VALID,INTERNAL_LOOP,True,FINAL,,,,,,,,,,856.0,863.0,FULLY_MAPPED,856.0,863.0,FULLY_MAPPED,1043.0,1050.0,FULLY_MAPPED,,,,,,,,,Centroid,INTERNAL_LOOP_0046,8.0,,,,,,,,,,,,STRUCTURAL_CONTEXT_ONLY,
Ras85D_CTX_VIR_CENTROID_STEM_0087,Ras85D_HO_00934,D.virilis,STRUCTURE_SEGMENT,RNA_STRUCTURE,STRUCTURE,STEM,D.virilis::Centroid::STEM_0087,29A_2_01A_Structural_Mapping,A_nucleotide_structure_annotation.csv,,1051,1052,2,CA,forward,1210,1211,1210.5,VALID,STEM,True,FINAL,,,,,,,,,,864.0,865.0,FULLY_MAPPED,864.0,865.0,FULLY_MAPPED,1051.0,1052.0,FULLY_MAPPED,,,,,,,,,Centroid,STEM_0087,2.0,,,,,,,,,,,,STRUCTURAL_CONTEXT_ONLY,
Ras85D_CTX_VIR_CENTROID_INTERNAL_LOOP_0047,Ras85D_HO_00826,D.virilis,STRUCTURE_SEGMENT,RNA_STRUCTURE,STRUCTURE,INTERNAL_LOOP,D.virilis::Centroid::INTERNAL_LOOP_0047,29A_2_01A_Structural_Mapping,A_nucleotide_structure_annotation.csv,,1053,1053,1,T,forward,1212,1212,1212.0,VALID,INTERNAL_LOOP,True,FINAL,,,,,,,,,,866.0,866.0,FULLY_MAPPED,866.0,866.0,FULLY_MAPPED,1053.0,1053.0,FULLY_MAPPED,,,,,,,,,Centroid,INTERNAL_LOOP_0047,1.0,,,,,,,,,,,,STRUCTURAL_CONTEXT_ONLY,
Ras85D_CTX_VIR_CENTROID_STEM_0088,Ras85D_HO_00935,D.virilis,STRUCTURE_SEGMENT,RNA_STRUCTURE,STRUCTURE,STEM,D.virilis::Centroid::STEM_0088,29A_2_01A_Structural_Mapping,A_nucleotide_structure_annotation.csv,,1054,1063,10,AAATTAATAT,forward,1213,1227,1220.0,VALID,STEM,True,FINAL,,,,,,,,,,867.0,881.0,FULLY_MAPPED,867.0,881.0,FULLY_MAPPED,1054.0,1063.0,PARTIALLY_GAPPED,,,,,,,,,Centroid,STEM_0088,10.0,,,,,,,,,,,,STRUCTURAL_CONTEXT_ONLY,
Ras85D_CTX_VIR_CENTROID_HAIRPIN_LOOP_0016,Ras85D_HO_00779,D.virilis,STRUCTURE_SEGMENT,RNA_STRUCTURE,STRUCTURE,HAIRPIN_LOOP,D.virilis::Centroid::HAIRPIN_LOOP_0016,29A_2_01A_Structural_Mapping,A_nucleotide_structure_annotation.csv,,1064,1074,11,TTAATTTTTTT,forward,1228,1238,1233.0,VALID,HAIRPIN_LOOP,True,FINAL,,,,,,,,,,882.0,891.0,PARTIALLY_GAPPED,882.0,891.0,PARTIALLY_GAPPED,1064.0,1074.0,FULLY_MAPPED,,,,,,,,,Centroid,HAIRPIN_LOOP_0016,11.0,,,,,,,,,,,,STRUCTURAL_CONTEXT_ONLY,
Ras85D_CTX_VIR_CENTROID_STEM_0089,Ras85D_HO_00936,D.virilis,STRUCTURE_SEGMENT,RNA_STRUCTURE,STRUCTURE,STEM,D.virilis::Centroid::STEM_0089,29A_2_01A_Structural_Mapping,A_nucleotide_structure_annotation.csv,,1075,1084,10,GTATTAATTT,forward,1239,1248,1243.5,VALID,STEM,True,FINAL,,,,,,,,,,892.0,901.0,FULLY_MAPPED,892.0,901.0,FULLY_MAPPED,1075.0,1084.0,FULLY_MAPPED,,,,,,,,,Centroid,STEM_0089,10.0,,,,,,,,,,,,STRUCTURAL_CONTEXT_ONLY,
Ras85D_CTX_VIR_CENTROID_INTERNAL_LOOP_0048,Ras85D_HO_00827,D.virilis,STRUCTURE_SEGMENT,RNA_STRUCTURE,STRUCTURE,INTERNAL_LOOP,D.virilis::Centroid::INTERNAL_LOOP_0048,29A_2_01A_Structural_Mapping,A_nucleotide_structure_annotation.csv,,1085,1085,1,T,forward,1249,1249,1249.0,VALID,INTERNAL_LOOP,True,FINAL,,,,,,,,,,902.0,902.0,FULLY_MAPPED,902.0,902.0,FULLY_MAPPED,1085.0,1085.0,FULLY_MAPPED,,,,,,,,,Centroid,INTERNAL_LOOP_0048,1.0,,,,,,,,,,,,STRUCTURAL_CONTEXT_ONLY,
Ras85D_CTX_VIR_CENTROID_STEM_0090,Ras85D_HO_00937,D.virilis,STRUCTURE_SEGMENT,RNA_STRUCTURE,STRUCTURE,STEM,D.virilis::Centroid::STEM_0090,29A_2_01A_Structural_Mapping,A_nucleotide_structure_annotation.csv,,1086,1087,2,TG,forward,1250,1251,1250.5,VALID,STEM,True,FINAL,,,,,,,,,,903.0,904.0,FULLY_MAPPED,903.0,904.0,FULLY_MAPPED,1086.0,1087.0,FULLY_MAPPED,,,,,,,,,Centroid,STEM_0090,2.0,,,,,,,,,,,,STRUCTURAL_CONTEXT_ONLY,
Ras85D_CTX_VIR_CENTROID_INTERNAL_LOOP_0049,Ras85D_HO_00828,D.virilis,STRUCTURE_SEGMENT,RNA_STRUCTURE,STRUCTURE,INTERNAL_LOOP,D.virilis::Centroid::INTERNAL_LOOP_0049,29A_2_01A_Structural_Mapping,A_nucleotide_structure_annotation.csv,,1088,1094,7,CCATACA,forward,1252,1258,1255.0,VALID,INTERNAL_LOOP,True,FINAL,,,,,,,,,,905.0,911.0,FULLY_MAPPED,905.0,911.0,FULLY_MAPPED,1088.0,1094.0,FULLY_MAPPED,,,,,,,,,Centroid,INTERNAL_LOOP_0049,7.0,,,,,,,,,,,,STRUCTURAL_CONTEXT_ONLY,
Ras85D_CTX_VIR_CENTROID_STEM_0091,Ras85D_HO_00938,D.virilis,STRUCTURE_SEGMENT,RNA_STRUCTURE,STRUCTURE,STEM,D.virilis::Centroid::STEM_0091,29A_2_01A_Structural_Mapping,A_nucleotide_structure_annotation.csv,,1095,1099,5,AAAAG,forward,1259,1263,1261.0,VALID,STEM,True,FINAL,,,,,,,,,,912.0,916.0,FULLY_MAPPED,912.0,916.0,FULLY_MAPPED,1095.0,1099.0,FULLY_MAPPED,,,,,,,,,Centroid,STEM_0091,5.0,,,,,,,,,,,,STRUCTURAL_CONTEXT_ONLY,
Ras85D_CTX_VIR_CENTROID_INTERNAL_LOOP_0050,Ras85D_HO_00829,D.virilis,STRUCTURE_SEGMENT,RNA_STRUCTURE,STRUCTURE,INTERNAL_LOOP,D.virilis::Centroid::INTERNAL_LOOP_0050,29A_2_01A_Structural_Mapping,A_nucleotide_structure_annotation.csv,,1100,1100,1,G,forward,1264,1264,1264.0,VALID,INTERNAL_LOOP,True,FINAL,,,,,,,,,,917.0,917.0,FULLY_MAPPED,917.0,917.0,FULLY_MAPPED,1100.0,1100.0,FULLY_MAPPED,,,,,,,,,Centroid,INTERNAL_LOOP_0050,1.0,,,,,,,,,,,,STRUCTURAL_CONTEXT_ONLY,
Ras85D_CTX_VIR_CENTROID_STEM_0092,Ras85D_HO_00939,D.virilis,STRUCTURE_SEGMENT,RNA_STRUCTURE,STRUCTURE,STEM,D.virilis::Centroid::STEM_0092,29A_2_01A_Structural_Mapping,A_nucleotide_structure_annotation.csv,,1101,1107,7,GAAGTAA,forward,1265,1271,1268.0,VALID,STEM,True,FINAL,,,,,,,,,,918.0,924.0,FULLY_MAPPED,918.0,924.0,FULLY_MAPPED,1101.0,1107.0,FULLY_MAPPED,,,,,,,,,Centroid,STEM_0092,7.0,,,,,,,,,,,,STRUCTURAL_CONTEXT_ONLY,
Ras85D_CTX_VIR_CENTROID_EXTERIOR_0006,Ras85D_HO_00763,D.virilis,STRUCTURE_SEGMENT,RNA_STRUCTURE,STRUCTURE,EXTERIOR,D.virilis::Centroid::EXTERIOR_0006,29A_2_01A_Structural_Mapping,A_nucleotide_structure_annotation.csv,,1108,1150,43,TAAATAAATTGTGTGTACTATTACATAGTTCGTTACAATTTTT,forward,1272,1315,1293.5,VALID,EXTERIOR,True,FINAL,,,,,,,,,,925.0,964.0,PARTIALLY_GAPPED,925.0,968.0,FULLY_MAPPED,1108.0,1150.0,PARTIALLY_GAPPED,,,,,,,,,Centroid,EXTERIOR_0006,43.0,,,,,,,,,,,,STRUCTURAL_CONTEXT_ONLY,
Ras85D_CTX_VIR_MFE_STEM_0001,Ras85D_HO_01066,D.virilis,STRUCTURE_SEGMENT,RNA_STRUCTURE,STRUCTURE,STEM,D.virilis::MFE::STEM_0001,29A_2_01A_Structural_Mapping,A_nucleotide_structure_annotation.csv,,1,5,5,ATGGC,forward,2,6,4.0,VALID,STEM,True,FINAL,,,,,,,,,,1.0,5.0,FULLY_MAPPED,1.0,5.0,FULLY_MAPPED,1.0,5.0,FULLY_MAPPED,,,,,,,,,MFE,STEM_0001,5.0,,,,,,,,,,,,STRUCTURAL_CONTEXT_ONLY,
Ras85D_CTX_VIR_MFE_INTERNAL_LOOP_0001,Ras85D_HO_00972,D.virilis,STRUCTURE_SEGMENT,RNA_STRUCTURE,STRUCTURE,INTERNAL_LOOP,D.virilis::MFE::INTERNAL_LOOP_0001,29A_2_01A_Structural_Mapping,A_nucleotide_structure_annotation.csv,,6,11,6,CACGCT,forward,7,17,12.0,VALID,INTERNAL_LOOP,True,FINAL,,,,,,,,,,6.0,16.0,FULLY_MAPPED,6.0,16.0,FULLY_MAPPED,6.0,11.0,PARTIALLY_GAPPED,,,,,,,,,MFE,INTERNAL_LOOP_0001,6.0,,,,,,,,,,,,STRUCTURAL_CONTEXT_ONLY,
Ras85D_CTX_VIR_MFE_STEM_0002,Ras85D_HO_01067,D.virilis,STRUCTURE_SEGMENT,RNA_STRUCTURE,STRUCTURE,STEM,D.virilis::MFE::STEM_0002,29A_2_01A_Structural_Mapping,A_nucleotide_structure_annotation.csv,,12,28,17,TAAGATTTATTTTTTCA,forward,18,34,26.0,VALID,STEM,True,FINAL,,,,,,,,,,17.0,33.0,FULLY_MAPPED,17.0,33.0,FULLY_MAPPED,12.0,28.0,FULLY_MAPPED,,,,,,,,,MFE,STEM_0002,17.0,,,,,,,,,,,,STRUCTURAL_CONTEXT_ONLY,
Ras85D_CTX_VIR_MFE_INTERNAL_LOOP_0002,Ras85D_HO_00973,D.virilis,STRUCTURE_SEGMENT,RNA_STRUCTURE,STRUCTURE,INTERNAL_LOOP,D.virilis::MFE::INTERNAL_LOOP_0002,29A_2_01A_Structural_Mapping,A_nucleotide_structure_annotation.csv,,29,33,5,TTAAC,forward,35,40,37.5,VALID,INTERNAL_LOOP,True,FINAL,,,,,,,,,,34.0,39.0,FULLY_MAPPED,34.0,39.0,FULLY_MAPPED,29.0,33.0,PARTIALLY_GAPPED,,,,,,,,,MFE,INTERNAL_LOOP_0002,5.0,,,,,,,,,,,,STRUCTURAL_CONTEXT_ONLY,
Ras85D_CTX_VIR_MFE_STEM_0003,Ras85D_HO_01068,D.virilis,STRUCTURE_SEGMENT,RNA_STRUCTURE,STRUCTURE,STEM,D.virilis::MFE::STEM_0003,29A_2_01A_Structural_Mapping,A_nucleotide_structure_annotation.csv,,34,39,6,GCCTGT,forward,41,46,43.5,VALID,STEM,True,FINAL,,,,,,,,,,40.0,45.0,FULLY_MAPPED,40.0,45.0,FULLY_MAPPED,34.0,39.0,FULLY_MAPPED,,,,,,,,,MFE,STEM_0003,6.0,,,,,,,,,,,,STRUCTURAL_CONTEXT_ONLY,
Ras85D_CTX_VIR_MFE_INTERNAL_LOOP_0003,Ras85D_HO_00974,D.virilis,STRUCTURE_SEGMENT,RNA_STRUCTURE,STRUCTURE,INTERNAL_LOOP,D.virilis::MFE::INTERNAL_LOOP_0003,29A_2_01A_Structural_Mapping,A_nucleotide_structure_annotation.csv,,40,41,2,CC,forward,49,50,49.5,VALID,INTERNAL_LOOP,True,FINAL,,,,,,,,,,48.0,49.0,FULLY_MAPPED,48.0,49.0,FULLY_MAPPED,40.0,41.0,FULLY_MAPPED,,,,,,,,,MFE,INTERNAL_LOOP_0003,2.0,,,,,,,,,,,,STRUCTURAL_CONTEXT_ONLY,
Ras85D_CTX_VIR_MFE_STEM_0004,Ras85D_HO_01069,D.virilis,STRUCTURE_SEGMENT,RNA_STRUCTURE,STRUCTURE,STEM,D.virilis::MFE::STEM_0004,29A_2_01A_Structural_Mapping,A_nucleotide_structure_annotation.csv,,42,43,2,GG,forward,51,52,51.5,VALID,STEM,True,FINAL,,,,,,,,,,50.0,51.0,FULLY_MAPPED,50.0,51.0,FULLY_MAPPED,42.0,43.0,FULLY_MAPPED,,,,,,,,,MFE,STEM_0004,2.0,,,,,,,,,,,,STRUCTURAL_CONTEXT_ONLY,
Ras85D_CTX_VIR_MFE_INTERNAL_LOOP_0004,Ras85D_HO_00975,D.virilis,STRUCTURE_SEGMENT,RNA_STRUCTURE,STRUCTURE,INTERNAL_LOOP,D.virilis::MFE::INTERNAL_LOOP_0004,29A_2_01A_Structural_Mapping,A_nucleotide_structure_annotation.csv,,44,45,2,TT,forward,53,54,53.5,VALID,INTERNAL_LOOP,True,FINAL,,,,,,,,,,52.0,53.0,FULLY_MAPPED,52.0,53.0,FULLY_MAPPED,44.0,45.0,FULLY_MAPPED,,,,,,,,,MFE,INTERNAL_LOOP_0004,2.0,,,,,,,,,,,,STRUCTURAL_CONTEXT_ONLY,
Ras85D_CTX_VIR_MFE_STEM_0005,Ras85D_HO_01070,D.virilis,STRUCTURE_SEGMENT,RNA_STRUCTURE,STRUCTURE,STEM,D.virilis::MFE::STEM_0005,29A_2_01A_Structural_Mapping,A_nucleotide_structure_annotation.csv,,46,52,7,TGTGTGT,forward,55,61,58.0,VALID,STEM,True,FINAL,,,,,,,,,,54.0,60.0,FULLY_MAPPED,54.0,60.0,FULLY_MAPPED,46.0,52.0,FULLY_MAPPED,,,,,,,,,MFE,STEM_0005,7.0,,,,,,,,,,,,STRUCTURAL_CONTEXT_ONLY,
Ras85D_CTX_VIR_MFE_INTERNAL_LOOP_0005,Ras85D_HO_00976,D.virilis,STRUCTURE_SEGMENT,RNA_STRUCTURE,STRUCTURE,INTERNAL_LOOP,D.virilis::MFE::INTERNAL_LOOP_0005,29A_2_01A_Structural_Mapping,A_nucleotide_structure_annotation.csv,,53,53,1,A,forward,62,62,62.0,VALID,INTERNAL_LOOP,True,FINAL,,,,,,,,,,61.0,61.0,FULLY_MAPPED,61.0,61.0,FULLY_MAPPED,53.0,53.0,FULLY_MAPPED,,,,,,,,,MFE,INTERNAL_LOOP_0005,1.0,,,,,,,,,,,,STRUCTURAL_CONTEXT_ONLY,
Ras85D_CTX_VIR_MFE_STEM_0006,Ras85D_HO_01071,D.virilis,STRUCTURE_SEGMENT,RNA_STRUCTURE,STRUCTURE,STEM,D.virilis::MFE::STEM_0006,29A_2_01A_Structural_Mapping,A_nucleotide_structure_annotation.csv,,54,57,4,TGTG,forward,63,66,64.5,VALID,STEM,True,FINAL,,,,,,,,,,62.0,65.0,FULLY_MAPPED,62.0,65.0,FULLY_MAPPED,54.0,57.0,FULLY_MAPPED,,,,,,,,,MFE,STEM_0006,4.0,,,,,,,,,,,,STRUCTURAL_CONTEXT_ONLY,
Ras85D_CTX_VIR_MFE_INTERNAL_LOOP_0006,Ras85D_HO_00977,D.virilis,STRUCTURE_SEGMENT,RNA_STRUCTURE,STRUCTURE,INTERNAL_LOOP,D.virilis::MFE::INTERNAL_LOOP_0006,29A_2_01A_Structural_Mapping,A_nucleotide_structure_annotation.csv,,58,58,1,A,forward,67,67,67.0,VALID,INTERNAL_LOOP,True,FINAL,,,,,,,,,,66.0,66.0,FULLY_MAPPED,66.0,66.0,FULLY_MAPPED,58.0,58.0,FULLY_MAPPED,,,,,,,,,MFE,INTERNAL_LOOP_0006,1.0,,,,,,,,,,,,STRUCTURAL_CONTEXT_ONLY,
Ras85D_CTX_VIR_MFE_STEM_0007,Ras85D_HO_01072,D.virilis,STRUCTURE_SEGMENT,RNA_STRUCTURE,STRUCTURE,STEM,D.virilis::MFE::STEM_0007,29A_2_01A_Structural_Mapping,A_nucleotide_structure_annotation.csv,,59,70,12,GTGTGTGTTTGT,forward,68,79,73.5,VALID,STEM,True,FINAL,,,,,,,,,,67.0,78.0,FULLY_MAPPED,67.0,78.0,FULLY_MAPPED,59.0,70.0,FULLY_MAPPED,,,,,,,,,MFE,STEM_0007,12.0,,,,,,,,,,,,STRUCTURAL_CONTEXT_ONLY,
Ras85D_CTX_VIR_MFE_BULGE_0001,Ras85D_HO_00940,D.virilis,STRUCTURE_SEGMENT,RNA_STRUCTURE,STRUCTURE,BULGE,D.virilis::MFE::BULGE_0001,29A_2_01A_Structural_Mapping,A_nucleotide_structure_annotation.csv,,71,71,1,T,forward,81,81,81.0,VALID,BULGE,True,FINAL,,,,,,,,,,80.0,80.0,FULLY_MAPPED,80.0,80.0,FULLY_MAPPED,71.0,71.0,FULLY_MAPPED,,,,,,,,,MFE,BULGE_0001,1.0,,,,,,,,,,,,STRUCTURAL_CONTEXT_ONLY,
Ras85D_CTX_VIR_MFE_STEM_0008,Ras85D_HO_01073,D.virilis,STRUCTURE_SEGMENT,RNA_STRUCTURE,STRUCTURE,STEM,D.virilis::MFE::STEM_0008,29A_2_01A_Structural_Mapping,A_nucleotide_structure_annotation.csv,,72,87,16,GTGTGTGCCATAAAAA,forward,82,97,89.5,VALID,STEM,True,FINAL,,,,,,,,,,81.0,93.0,PARTIALLY_GAPPED,81.0,93.0,PARTIALLY_GAPPED,72.0,87.0,FULLY_MAPPED,,,,,,,,,MFE,STEM_0008,16.0,,,,,,,,,,,,STRUCTURAL_CONTEXT_ONLY,
Ras85D_CTX_VIR_MFE_INTERNAL_LOOP_0007,Ras85D_HO_00978,D.virilis,STRUCTURE_SEGMENT,RNA_STRUCTURE,STRUCTURE,INTERNAL_LOOP,D.virilis::MFE::INTERNAL_LOOP_0007,29A_2_01A_Structural_Mapping,A_nucleotide_structure_annotation.csv,,88,90,3,TGC,forward,98,100,99.0,VALID,INTERNAL_LOOP,True,FINAL,,,,,,,,,,,,ABSENT_IN_TARGET,,,ABSENT_IN_TARGET,88.0,90.0,FULLY_MAPPED,,,,,,,,,MFE,INTERNAL_LOOP_0007,3.0,,,,,,,,,,,,STRUCTURAL_CONTEXT_ONLY,
Ras85D_CTX_VIR_MFE_STEM_0009,Ras85D_HO_01074,D.virilis,STRUCTURE_SEGMENT,RNA_STRUCTURE,STRUCTURE,STEM,D.virilis::MFE::STEM_0009,29A_2_01A_Structural_Mapping,A_nucleotide_structure_annotation.csv,,91,94,4,TGTA,forward,101,104,102.5,VALID,STEM,True,FINAL,,,,,,,,,,,,ABSENT_IN_TARGET,,,ABSENT_IN_TARGET,91.0,94.0,FULLY_MAPPED,,,,,,,,,MFE,STEM_0009,4.0,,,,,,,,,,,,STRUCTURAL_CONTEXT_ONLY,
Ras85D_CTX_VIR_MFE_HAIRPIN_LOOP_0001,Ras85D_HO_00955,D.virilis,STRUCTURE_SEGMENT,RNA_STRUCTURE,STRUCTURE,HAIRPIN_LOOP,D.virilis::MFE::HAIRPIN_LOOP_0001,29A_2_01A_Structural_Mapping,A_nucleotide_structure_annotation.csv,,95,99,5,GCTTA,forward,105,109,107.0,VALID,HAIRPIN_LOOP,True,FINAL,,,,,,,,,,,,ABSENT_IN_TARGET,,,ABSENT_IN_TARGET,95.0,99.0,FULLY_MAPPED,,,,,,,,,MFE,HAIRPIN_LOOP_0001,5.0,,,,,,,,,,,,STRUCTURAL_CONTEXT_ONLY,
Ras85D_CTX_VIR_MFE_STEM_0010,Ras85D_HO_01075,D.virilis,STRUCTURE_SEGMENT,RNA_STRUCTURE,STRUCTURE,STEM,D.virilis::MFE::STEM_0010,29A_2_01A_Structural_Mapping,A_nucleotide_structure_annotation.csv,,100,103,4,TATA,forward,110,113,111.5,VALID,STEM,True,FINAL,,,,,,,,,,,,ABSENT_IN_TARGET,,,ABSENT_IN_TARGET,100.0,103.0,FULLY_MAPPED,,,,,,,,,MFE,STEM_0010,4.0,,,,,,,,,,,,STRUCTURAL_CONTEXT_ONLY,
Ras85D_CTX_VIR_MFE_INTERNAL_LOOP_0008,Ras85D_HO_00979,D.virilis,STRUCTURE_SEGMENT,RNA_STRUCTURE,STRUCTURE,INTERNAL_LOOP,D.virilis::MFE::INTERNAL_LOOP_0008,29A_2_01A_Structural_Mapping,A_nucleotide_structure_annotation.csv,,104,104,1,T,forward,114,114,114.0,VALID,INTERNAL_LOOP,True,FINAL,,,,,,,,,,,,ABSENT_IN_TARGET,,,ABSENT_IN_TARGET,104.0,104.0,FULLY_MAPPED,,,,,,,,,MFE,INTERNAL_LOOP_0008,1.0,,,,,,,,,,,,STRUCTURAL_CONTEXT_ONLY,
Ras85D_CTX_VIR_MFE_STEM_0011,Ras85D_HO_01076,D.virilis,STRUCTURE_SEGMENT,RNA_STRUCTURE,STRUCTURE,STEM,D.virilis::MFE::STEM_0011,29A_2_01A_Structural_Mapping,A_nucleotide_structure_annotation.csv,,105,116,12,TTTTTGTGGTAT,forward,115,126,120.5,VALID,STEM,True,FINAL,,,,,,,,,,94.0,103.0,PARTIALLY_GAPPED,94.0,103.0,PARTIALLY_GAPPED,105.0,116.0,FULLY_MAPPED,,,,,,,,,MFE,STEM_0011,12.0,,,,,,,,,,,,STRUCTURAL_CONTEXT_ONLY,
Ras85D_CTX_VIR_MFE_MULTILOOP_0001,Ras85D_HO_01044,D.virilis,STRUCTURE_SEGMENT,RNA_STRUCTURE,STRUCTURE,MULTILOOP,D.virilis::MFE::MULTILOOP_0001,29A_2_01A_Structural_Mapping,A_nucleotide_structure_annotation.csv,,117,118,2,TT,forward,127,128,127.5,VALID,MULTILOOP,True,FINAL,,,,,,,,,,,,ABSENT_IN_TARGET,,,ABSENT_IN_TARGET,117.0,118.0,FULLY_MAPPED,,,,,,,,,MFE,MULTILOOP_0001,2.0,,,,,,,,,,,,STRUCTURAL_CONTEXT_ONLY,
Ras85D_CTX_VIR_MFE_STEM_0012,Ras85D_HO_01077,D.virilis,STRUCTURE_SEGMENT,RNA_STRUCTURE,STRUCTURE,STEM,D.virilis::MFE::STEM_0012,29A_2_01A_Structural_Mapping,A_nucleotide_structure_annotation.csv,,119,122,4,GTCA,forward,129,132,130.5,VALID,STEM,True,FINAL,,,,,,,,,,,,ABSENT_IN_TARGET,,,ABSENT_IN_TARGET,119.0,122.0,FULLY_MAPPED,,,,,,,,,MFE,STEM_0012,4.0,,,,,,,,,,,,STRUCTURAL_CONTEXT_ONLY,
Ras85D_CTX_VIR_MFE_HAIRPIN_LOOP_0002,Ras85D_HO_00956,D.virilis,STRUCTURE_SEGMENT,RNA_STRUCTURE,STRUCTURE,HAIRPIN_LOOP,D.virilis::MFE::HAIRPIN_LOOP_0002,29A_2_01A_Structural_Mapping,A_nucleotide_structure_annotation.csv,,123,126,4,TTGC,forward,133,136,134.5,VALID,HAIRPIN_LOOP,True,FINAL,,,,,,,,,,104.0,104.0,PARTIALLY_GAPPED,104.0,104.0,PARTIALLY_GAPPED,123.0,126.0,FULLY_MAPPED,,,,,,,,,MFE,HAIRPIN_LOOP_0002,4.0,,,,,,,,,,,,STRUCTURAL_CONTEXT_ONLY,
Ras85D_CTX_VIR_MFE_STEM_0013,Ras85D_HO_01078,D.virilis,STRUCTURE_SEGMENT,RNA_STRUCTURE,STRUCTURE,STEM,D.virilis::MFE::STEM_0013,29A_2_01A_Structural_Mapping,A_nucleotide_structure_annotation.csv,,127,130,4,TGAT,forward,137,140,138.5,VALID,STEM,True,FINAL,,,,,,,,,,105.0,108.0,FULLY_MAPPED,105.0,108.0,FULLY_MAPPED,127.0,130.0,FULLY_MAPPED,,,,,,,,,MFE,STEM_0013,4.0,,,,,,,,,,,,STRUCTURAL_CONTEXT_ONLY,
Ras85D_CTX_VIR_MFE_MULTILOOP_0002,Ras85D_HO_01045,D.virilis,STRUCTURE_SEGMENT,RNA_STRUCTURE,STRUCTURE,MULTILOOP,D.virilis::MFE::MULTILOOP_0002,29A_2_01A_Structural_Mapping,A_nucleotide_structure_annotation.csv,,131,138,8,TTTCGTTT,forward,141,148,144.5,VALID,MULTILOOP,True,FINAL,,,,,,,,,,109.0,113.0,PARTIALLY_GAPPED,109.0,113.0,PARTIALLY_GAPPED,131.0,138.0,FULLY_MAPPED,,,,,,,,,MFE,MULTILOOP_0002,8.0,,,,,,,,,,,,STRUCTURAL_CONTEXT_ONLY,
Ras85D_CTX_VIR_MFE_STEM_0014,Ras85D_HO_01079,D.virilis,STRUCTURE_SEGMENT,RNA_STRUCTURE,STRUCTURE,STEM,D.virilis::MFE::STEM_0014,29A_2_01A_Structural_Mapping,A_nucleotide_structure_annotation.csv,,139,154,16,ACGCACAAATACACAT,forward,149,164,156.5,VALID,STEM,True,FINAL,,,,,,,,,,114.0,123.0,PARTIALLY_GAPPED,114.0,123.0,PARTIALLY_GAPPED,139.0,154.0,FULLY_MAPPED,,,,,,,,,MFE,STEM_0014,16.0,,,,,,,,,,,,STRUCTURAL_CONTEXT_ONLY,
Ras85D_CTX_VIR_MFE_INTERNAL_LOOP_0009,Ras85D_HO_00980,D.virilis,STRUCTURE_SEGMENT,RNA_STRUCTURE,STRUCTURE,INTERNAL_LOOP,D.virilis::MFE::INTERNAL_LOOP_0009,29A_2_01A_Structural_Mapping,A_nucleotide_structure_annotation.csv,,155,155,1,G,forward,165,165,165.0,VALID,INTERNAL_LOOP,True,FINAL,,,,,,,,,,124.0,124.0,FULLY_MAPPED,124.0,124.0,FULLY_MAPPED,155.0,155.0,FULLY_MAPPED,,,,,,,,,MFE,INTERNAL_LOOP_0009,1.0,,,,,,,,,,,,STRUCTURAL_CONTEXT_ONLY,
Ras85D_CTX_VIR_MFE_STEM_0015,Ras85D_HO_01080,D.virilis,STRUCTURE_SEGMENT,RNA_STRUCTURE,STRUCTURE,STEM,D.virilis::MFE::STEM_0015,29A_2_01A_Structural_Mapping,A_nucleotide_structure_annotation.csv,,156,159,4,CGCA,forward,166,170,168.0,VALID,STEM,True,FINAL,,,,,,,,,,125.0,129.0,FULLY_MAPPED,125.0,129.0,FULLY_MAPPED,156.0,159.0,PARTIALLY_GAPPED,,,,,,,,,MFE,STEM_0015,4.0,,,,,,,,,,,,STRUCTURAL_CONTEXT_ONLY,
Ras85D_CTX_VIR_MFE_INTERNAL_LOOP_0010,Ras85D_HO_00981,D.virilis,STRUCTURE_SEGMENT,RNA_STRUCTURE,STRUCTURE,INTERNAL_LOOP,D.virilis::MFE::INTERNAL_LOOP_0010,29A_2_01A_Structural_Mapping,A_nucleotide_structure_annotation.csv,,160,160,1,C,forward,171,171,171.0,VALID,INTERNAL_LOOP,True,FINAL,,,,,,,,,,130.0,130.0,FULLY_MAPPED,130.0,130.0,FULLY_MAPPED,160.0,160.0,FULLY_MAPPED,,,,,,,,,MFE,INTERNAL_LOOP_0010,1.0,,,,,,,,,,,,STRUCTURAL_CONTEXT_ONLY,
Ras85D_CTX_VIR_MFE_STEM_0016,Ras85D_HO_01081,D.virilis,STRUCTURE_SEGMENT,RNA_STRUCTURE,STRUCTURE,STEM,D.virilis::MFE::STEM_0016,29A_2_01A_Structural_Mapping,A_nucleotide_structure_annotation.csv,,161,167,7,ACACACA,forward,172,178,175.0,VALID,STEM,True,FINAL,,,,,,,,,,131.0,137.0,FULLY_MAPPED,131.0,137.0,FULLY_MAPPED,161.0,167.0,FULLY_MAPPED,,,,,,,,,MFE,STEM_0016,7.0,,,,,,,,,,,,STRUCTURAL_CONTEXT_ONLY,
Ras85D_CTX_VIR_MFE_INTERNAL_LOOP_0011,Ras85D_HO_00982,D.virilis,STRUCTURE_SEGMENT,RNA_STRUCTURE,STRUCTURE,INTERNAL_LOOP,D.virilis::MFE::INTERNAL_LOOP_0011,29A_2_01A_Structural_Mapping,A_nucleotide_structure_annotation.csv,,168,168,1,C,forward,179,179,179.0,VALID,INTERNAL_LOOP,True,FINAL,,,,,,,,,,138.0,138.0,FULLY_MAPPED,138.0,138.0,FULLY_MAPPED,168.0,168.0,FULLY_MAPPED,,,,,,,,,MFE,INTERNAL_LOOP_0011,1.0,,,,,,,,,,,,STRUCTURAL_CONTEXT_ONLY,
Ras85D_CTX_VIR_MFE_STEM_0017,Ras85D_HO_01082,D.virilis,STRUCTURE_SEGMENT,RNA_STRUCTURE,STRUCTURE,STEM,D.virilis::MFE::STEM_0017,29A_2_01A_Structural_Mapping,A_nucleotide_structure_annotation.csv,,169,170,2,CC,forward,180,181,180.5,VALID,STEM,True,FINAL,,,,,,,,,,139.0,140.0,FULLY_MAPPED,139.0,140.0,FULLY_MAPPED,169.0,170.0,FULLY_MAPPED,,,,,,,,,MFE,STEM_0017,2.0,,,,,,,,,,,,STRUCTURAL_CONTEXT_ONLY,
Ras85D_CTX_VIR_MFE_INTERNAL_LOOP_0012,Ras85D_HO_00983,D.virilis,STRUCTURE_SEGMENT,RNA_STRUCTURE,STRUCTURE,INTERNAL_LOOP,D.virilis::MFE::INTERNAL_LOOP_0012,29A_2_01A_Structural_Mapping,A_nucleotide_structure_annotation.csv,,171,172,2,AC,forward,182,183,182.5,VALID,INTERNAL_LOOP,True,FINAL,,,,,,,,,,141.0,142.0,FULLY_MAPPED,141.0,142.0,FULLY_MAPPED,171.0,172.0,FULLY_MAPPED,,,,,,,,,MFE,INTERNAL_LOOP_0012,2.0,,,,,,,,,,,,STRUCTURAL_CONTEXT_ONLY,
Ras85D_CTX_VIR_MFE_STEM_0018,Ras85D_HO_01083,D.virilis,STRUCTURE_SEGMENT,RNA_STRUCTURE,STRUCTURE,STEM,D.virilis::MFE::STEM_0018,29A_2_01A_Structural_Mapping,A_nucleotide_structure_annotation.csv,,173,176,4,ACAG,forward,184,187,185.5,VALID,STEM,True,FINAL,,,,,,,,,,,,ABSENT_IN_TARGET,,,ABSENT_IN_TARGET,173.0,176.0,FULLY_MAPPED,,,,,,,,,MFE,STEM_0018,4.0,,,,,,,,,,,,STRUCTURAL_CONTEXT_ONLY,
Ras85D_CTX_VIR_MFE_MULTILOOP_0003,Ras85D_HO_01046,D.virilis,STRUCTURE_SEGMENT,RNA_STRUCTURE,STRUCTURE,MULTILOOP,D.virilis::MFE::MULTILOOP_0003,29A_2_01A_Structural_Mapping,A_nucleotide_structure_annotation.csv,,177,183,7,ACACAAG,forward,188,194,191.0,VALID,MULTILOOP,True,FINAL,,,,,,,,,,143.0,143.0,PARTIALLY_GAPPED,143.0,143.0,PARTIALLY_GAPPED,177.0,183.0,FULLY_MAPPED,,,,,,,,,MFE,MULTILOOP_0003,7.0,,,,,,,,,,,,STRUCTURAL_CONTEXT_ONLY,
Ras85D_CTX_VIR_MFE_STEM_0019,Ras85D_HO_01084,D.virilis,STRUCTURE_SEGMENT,RNA_STRUCTURE,STRUCTURE,STEM,D.virilis::MFE::STEM_0019,29A_2_01A_Structural_Mapping,A_nucleotide_structure_annotation.csv,,184,185,2,TG,forward,195,196,195.5,VALID,STEM,True,FINAL,,,,,,,,,,144.0,145.0,FULLY_MAPPED,144.0,145.0,FULLY_MAPPED,184.0,185.0,FULLY_MAPPED,,,,,,,,,MFE,STEM_0019,2.0,,,,,,,,,,,,STRUCTURAL_CONTEXT_ONLY,
Ras85D_CTX_VIR_MFE_INTERNAL_LOOP_0013,Ras85D_HO_00984,D.virilis,STRUCTURE_SEGMENT,RNA_STRUCTURE,STRUCTURE,INTERNAL_LOOP,D.virilis::MFE::INTERNAL_LOOP_0013,29A_2_01A_Structural_Mapping,A_nucleotide_structure_annotation.csv,,186,186,1,C,forward,197,197,197.0,VALID,INTERNAL_LOOP,True,FINAL,,,,,,,,,,146.0,146.0,FULLY_MAPPED,146.0,146.0,FULLY_MAPPED,186.0,186.0,FULLY_MAPPED,,,,,,,,,MFE,INTERNAL_LOOP_0013,1.0,,,,,,,,,,,,STRUCTURAL_CONTEXT_ONLY,
Ras85D_CTX_VIR_MFE_STEM_0020,Ras85D_HO_01085,D.virilis,STRUCTURE_SEGMENT,RNA_STRUCTURE,STRUCTURE,STEM,D.virilis::MFE::STEM_0020,29A_2_01A_Structural_Mapping,A_nucleotide_structure_annotation.csv,,187,192,6,GCGTGT,forward,198,203,200.5,VALID,STEM,True,FINAL,,,,,,,,,,147.0,152.0,FULLY_MAPPED,147.0,152.0,FULLY_MAPPED,187.0,192.0,FULLY_MAPPED,,,,,,,,,MFE,STEM_0020,6.0,,,,,,,,,,,,STRUCTURAL_CONTEXT_ONLY,
Ras85D_CTX_VIR_MFE_INTERNAL_LOOP_0014,Ras85D_HO_00985,D.virilis,STRUCTURE_SEGMENT,RNA_STRUCTURE,STRUCTURE,INTERNAL_LOOP,D.virilis::MFE::INTERNAL_LOOP_0014,29A_2_01A_Structural_Mapping,A_nucleotide_structure_annotation.csv,,193,193,1,T,forward,204,204,204.0,VALID,INTERNAL_LOOP,True,FINAL,,,,,,,,,,153.0,153.0,FULLY_MAPPED,153.0,153.0,FULLY_MAPPED,193.0,193.0,FULLY_MAPPED,,,,,,,,,MFE,INTERNAL_LOOP_0014,1.0,,,,,,,,,,,,STRUCTURAL_CONTEXT_ONLY,
Ras85D_CTX_VIR_MFE_STEM_0021,Ras85D_HO_01086,D.virilis,STRUCTURE_SEGMENT,RNA_STRUCTURE,STRUCTURE,STEM,D.virilis::MFE::STEM_0021,29A_2_01A_Structural_Mapping,A_nucleotide_structure_annotation.csv,,194,195,2,AG,forward,205,206,205.5,VALID,STEM,True,FINAL,,,,,,,,,,154.0,154.0,PARTIALLY_GAPPED,154.0,154.0,PARTIALLY_GAPPED,194.0,195.0,FULLY_MAPPED,,,,,,,,,MFE,STEM_0021,2.0,,,,,,,,,,,,STRUCTURAL_CONTEXT_ONLY,
Ras85D_CTX_VIR_MFE_INTERNAL_LOOP_0015,Ras85D_HO_00986,D.virilis,STRUCTURE_SEGMENT,RNA_STRUCTURE,STRUCTURE,INTERNAL_LOOP,D.virilis::MFE::INTERNAL_LOOP_0015,29A_2_01A_Structural_Mapping,A_nucleotide_structure_annotation.csv,,196,197,2,GT,forward,207,208,207.5,VALID,INTERNAL_LOOP,True,FINAL,,,,,,,,,,155.0,156.0,FULLY_MAPPED,155.0,156.0,FULLY_MAPPED,196.0,197.0,FULLY_MAPPED,,,,,,,,,MFE,INTERNAL_LOOP_0015,2.0,,,,,,,,,,,,STRUCTURAL_CONTEXT_ONLY,
Ras85D_CTX_VIR_MFE_STEM_0022,Ras85D_HO_01087,D.virilis,STRUCTURE_SEGMENT,RNA_STRUCTURE,STRUCTURE,STEM,D.virilis::MFE::STEM_0022,29A_2_01A_Structural_Mapping,A_nucleotide_structure_annotation.csv,,198,199,2,TG,forward,209,210,209.5,VALID,STEM,True,FINAL,,,,,,,,,,157.0,158.0,FULLY_MAPPED,157.0,158.0,FULLY_MAPPED,198.0,199.0,FULLY_MAPPED,,,,,,,,,MFE,STEM_0022,2.0,,,,,,,,,,,,STRUCTURAL_CONTEXT_ONLY,
Ras85D_CTX_VIR_MFE_INTERNAL_LOOP_0016,Ras85D_HO_00987,D.virilis,STRUCTURE_SEGMENT,RNA_STRUCTURE,STRUCTURE,INTERNAL_LOOP,D.virilis::MFE::INTERNAL_LOOP_0016,29A_2_01A_Structural_Mapping,A_nucleotide_structure_annotation.csv,,200,200,1,G,forward,211,211,211.0,VALID,INTERNAL_LOOP,True,FINAL,,,,,,,,,,159.0,159.0,FULLY_MAPPED,159.0,159.0,FULLY_MAPPED,200.0,200.0,FULLY_MAPPED,,,,,,,,,MFE,INTERNAL_LOOP_0016,1.0,,,,,,,,,,,,STRUCTURAL_CONTEXT_ONLY,
Ras85D_CTX_VIR_MFE_STEM_0023,Ras85D_HO_01088,D.virilis,STRUCTURE_SEGMENT,RNA_STRUCTURE,STRUCTURE,STEM,D.virilis::MFE::STEM_0023,29A_2_01A_Structural_Mapping,A_nucleotide_structure_annotation.csv,,201,205,5,TGCAA,forward,212,216,214.0,VALID,STEM,True,FINAL,,,,,,,,,,160.0,164.0,FULLY_MAPPED,160.0,164.0,FULLY_MAPPED,201.0,205.0,FULLY_MAPPED,,,,,,,,,MFE,STEM_0023,5.0,,,,,,,,,,,,STRUCTURAL_CONTEXT_ONLY,
Ras85D_CTX_VIR_MFE_BULGE_0002,Ras85D_HO_00941,D.virilis,STRUCTURE_SEGMENT,RNA_STRUCTURE,STRUCTURE,BULGE,D.virilis::MFE::BULGE_0002,29A_2_01A_Structural_Mapping,A_nucleotide_structure_annotation.csv,,206,207,2,TT,forward,217,218,217.5,VALID,BULGE,True,FINAL,,,,,,,,,,165.0,166.0,FULLY_MAPPED,165.0,166.0,FULLY_MAPPED,206.0,207.0,FULLY_MAPPED,,,,,,,,,MFE,BULGE_0002,2.0,,,,,,,,,,,,STRUCTURAL_CONTEXT_ONLY,
Ras85D_CTX_VIR_MFE_STEM_0024,Ras85D_HO_01089,D.virilis,STRUCTURE_SEGMENT,RNA_STRUCTURE,STRUCTURE,STEM,D.virilis::MFE::STEM_0024,29A_2_01A_Structural_Mapping,A_nucleotide_structure_annotation.csv,,208,209,2,GA,forward,219,220,219.5,VALID,STEM,True,FINAL,,,,,,,,,,167.0,168.0,FULLY_MAPPED,167.0,168.0,FULLY_MAPPED,208.0,209.0,FULLY_MAPPED,,,,,,,,,MFE,STEM_0024,2.0,,,,,,,,,,,,STRUCTURAL_CONTEXT_ONLY,
Ras85D_CTX_VIR_MFE_INTERNAL_LOOP_0017,Ras85D_HO_00988,D.virilis,STRUCTURE_SEGMENT,RNA_STRUCTURE,STRUCTURE,INTERNAL_LOOP,D.virilis::MFE::INTERNAL_LOOP_0017,29A_2_01A_Structural_Mapping,A_nucleotide_structure_annotation.csv,,210,210,1,T,forward,221,221,221.0,VALID,INTERNAL_LOOP,True,FINAL,,,,,,,,,,169.0,169.0,FULLY_MAPPED,169.0,169.0,FULLY_MAPPED,210.0,210.0,FULLY_MAPPED,,,,,,,,,MFE,INTERNAL_LOOP_0017,1.0,,,,,,,,,,,,STRUCTURAL_CONTEXT_ONLY,
Ras85D_CTX_VIR_MFE_STEM_0025,Ras85D_HO_01090,D.virilis,STRUCTURE_SEGMENT,RNA_STRUCTURE,STRUCTURE,STEM,D.virilis::MFE::STEM_0025,29A_2_01A_Structural_Mapping,A_nucleotide_structure_annotation.csv,,211,213,3,GGG,forward,222,224,223.0,VALID,STEM,True,FINAL,,,,,,,,,,170.0,172.0,FULLY_MAPPED,170.0,172.0,FULLY_MAPPED,211.0,213.0,FULLY_MAPPED,,,,,,,,,MFE,STEM_0025,3.0,,,,,,,,,,,,STRUCTURAL_CONTEXT_ONLY,
Ras85D_CTX_VIR_MFE_BULGE_0003,Ras85D_HO_00942,D.virilis,STRUCTURE_SEGMENT,RNA_STRUCTURE,STRUCTURE,BULGE,D.virilis::MFE::BULGE_0003,29A_2_01A_Structural_Mapping,A_nucleotide_structure_annotation.csv,,214,214,1,A,forward,225,225,225.0,VALID,BULGE,True,FINAL,,,,,,,,,,173.0,173.0,FULLY_MAPPED,173.0,173.0,FULLY_MAPPED,214.0,214.0,FULLY_MAPPED,,,,,,,,,MFE,BULGE_0003,1.0,,,,,,,,,,,,STRUCTURAL_CONTEXT_ONLY,
Ras85D_CTX_VIR_MFE_STEM_0026,Ras85D_HO_01091,D.virilis,STRUCTURE_SEGMENT,RNA_STRUCTURE,STRUCTURE,STEM,D.virilis::MFE::STEM_0026,29A_2_01A_Structural_Mapping,A_nucleotide_structure_annotation.csv,,215,226,12,GGATGAACAAAA,forward,226,238,232.0,VALID,STEM,True,FINAL,,,,,,,,,,174.0,186.0,FULLY_MAPPED,174.0,186.0,FULLY_MAPPED,215.0,226.0,PARTIALLY_GAPPED,,,,,,,,,MFE,STEM_0026,12.0,,,,,,,,,,,,STRUCTURAL_CONTEXT_ONLY,
Ras85D_CTX_VIR_MFE_INTERNAL_LOOP_0018,Ras85D_HO_00989,D.virilis,STRUCTURE_SEGMENT,RNA_STRUCTURE,STRUCTURE,INTERNAL_LOOP,D.virilis::MFE::INTERNAL_LOOP_0018,29A_2_01A_Structural_Mapping,A_nucleotide_structure_annotation.csv,,227,227,1,T,forward,239,239,239.0,VALID,INTERNAL_LOOP,True,FINAL,,,,,,,,,,187.0,187.0,FULLY_MAPPED,187.0,187.0,FULLY_MAPPED,227.0,227.0,FULLY_MAPPED,,,,,,,,,MFE,INTERNAL_LOOP_0018,1.0,,,,,,,,,,,,STRUCTURAL_CONTEXT_ONLY,
Ras85D_CTX_VIR_MFE_STEM_0027,Ras85D_HO_01092,D.virilis,STRUCTURE_SEGMENT,RNA_STRUCTURE,STRUCTURE,STEM,D.virilis::MFE::STEM_0027,29A_2_01A_Structural_Mapping,A_nucleotide_structure_annotation.csv,,228,230,3,TGT,forward,240,242,241.0,VALID,STEM,True,FINAL,,,,,,,,,,188.0,190.0,FULLY_MAPPED,188.0,190.0,FULLY_MAPPED,228.0,230.0,FULLY_MAPPED,,,,,,,,,MFE,STEM_0027,3.0,,,,,,,,,,,,STRUCTURAL_CONTEXT_ONLY,
Ras85D_CTX_VIR_MFE_INTERNAL_LOOP_0019,Ras85D_HO_00990,D.virilis,STRUCTURE_SEGMENT,RNA_STRUCTURE,STRUCTURE,INTERNAL_LOOP,D.virilis::MFE::INTERNAL_LOOP_0019,29A_2_01A_Structural_Mapping,A_nucleotide_structure_annotation.csv,,231,231,1,A,forward,243,243,243.0,VALID,INTERNAL_LOOP,True,FINAL,,,,,,,,,,191.0,191.0,FULLY_MAPPED,191.0,191.0,FULLY_MAPPED,231.0,231.0,FULLY_MAPPED,,,,,,,,,MFE,INTERNAL_LOOP_0019,1.0,,,,,,,,,,,,STRUCTURAL_CONTEXT_ONLY,
Ras85D_CTX_VIR_MFE_STEM_0028,Ras85D_HO_01093,D.virilis,STRUCTURE_SEGMENT,RNA_STRUCTURE,STRUCTURE,STEM,D.virilis::MFE::STEM_0028,29A_2_01A_Structural_Mapping,A_nucleotide_structure_annotation.csv,,232,243,12,ATTAATTTAAGC,forward,244,255,249.5,VALID,STEM,True,FINAL,,,,,,,,,,192.0,203.0,FULLY_MAPPED,192.0,203.0,FULLY_MAPPED,232.0,243.0,FULLY_MAPPED,,,,,,,,,MFE,STEM_0028,12.0,,,,,,,,,,,,STRUCTURAL_CONTEXT_ONLY,
Ras85D_CTX_VIR_MFE_MULTILOOP_0004,Ras85D_HO_01047,D.virilis,STRUCTURE_SEGMENT,RNA_STRUCTURE,STRUCTURE,MULTILOOP,D.virilis::MFE::MULTILOOP_0004,29A_2_01A_Structural_Mapping,A_nucleotide_structure_annotation.csv,,244,244,1,A,forward,256,256,256.0,VALID,MULTILOOP,True,FINAL,,,,,,,,,,204.0,204.0,FULLY_MAPPED,204.0,204.0,FULLY_MAPPED,244.0,244.0,FULLY_MAPPED,,,,,,,,,MFE,MULTILOOP_0004,1.0,,,,,,,,,,,,STRUCTURAL_CONTEXT_ONLY,
Ras85D_CTX_VIR_MFE_STEM_0029,Ras85D_HO_01094,D.virilis,STRUCTURE_SEGMENT,RNA_STRUCTURE,STRUCTURE,STEM,D.virilis::MFE::STEM_0029,29A_2_01A_Structural_Mapping,A_nucleotide_structure_annotation.csv,,245,252,8,ACTAAAGT,forward,257,264,260.5,VALID,STEM,True,FINAL,,,,,,,,,,205.0,212.0,FULLY_MAPPED,205.0,212.0,FULLY_MAPPED,245.0,252.0,FULLY_MAPPED,,,,,,,,,MFE,STEM_0029,8.0,,,,,,,,,,,,STRUCTURAL_CONTEXT_ONLY,
Ras85D_CTX_VIR_MFE_INTERNAL_LOOP_0020,Ras85D_HO_00991,D.virilis,STRUCTURE_SEGMENT,RNA_STRUCTURE,STRUCTURE,INTERNAL_LOOP,D.virilis::MFE::INTERNAL_LOOP_0020,29A_2_01A_Structural_Mapping,A_nucleotide_structure_annotation.csv,,253,258,6,TTTATT,forward,265,270,267.5,VALID,INTERNAL_LOOP,True,FINAL,,,,,,,,,,213.0,217.0,PARTIALLY_GAPPED,213.0,217.0,PARTIALLY_GAPPED,253.0,258.0,FULLY_MAPPED,,,,,,,,,MFE,INTERNAL_LOOP_0020,6.0,,,,,,,,,,,,STRUCTURAL_CONTEXT_ONLY,
Ras85D_CTX_VIR_MFE_STEM_0030,Ras85D_HO_01095,D.virilis,STRUCTURE_SEGMENT,RNA_STRUCTURE,STRUCTURE,STEM,D.virilis::MFE::STEM_0030,29A_2_01A_Structural_Mapping,A_nucleotide_structure_annotation.csv,,259,261,3,GTA,forward,271,273,272.0,VALID,STEM,True,FINAL,,,,,,,,,,218.0,220.0,FULLY_MAPPED,218.0,220.0,FULLY_MAPPED,259.0,261.0,FULLY_MAPPED,,,,,,,,,MFE,STEM_0030,3.0,,,,,,,,,,,,STRUCTURAL_CONTEXT_ONLY,
Ras85D_CTX_VIR_MFE_BULGE_0004,Ras85D_HO_00943,D.virilis,STRUCTURE_SEGMENT,RNA_STRUCTURE,STRUCTURE,BULGE,D.virilis::MFE::BULGE_0004,29A_2_01A_Structural_Mapping,A_nucleotide_structure_annotation.csv,,262,262,1,T,forward,274,274,274.0,VALID,BULGE,True,FINAL,,,,,,,,,,221.0,221.0,FULLY_MAPPED,221.0,221.0,FULLY_MAPPED,262.0,262.0,FULLY_MAPPED,,,,,,,,,MFE,BULGE_0004,1.0,,,,,,,,,,,,STRUCTURAL_CONTEXT_ONLY,
Ras85D_CTX_VIR_MFE_STEM_0031,Ras85D_HO_01096,D.virilis,STRUCTURE_SEGMENT,RNA_STRUCTURE,STRUCTURE,STEM,D.virilis::MFE::STEM_0031,29A_2_01A_Structural_Mapping,A_nucleotide_structure_annotation.csv,,263,265,3,GTT,forward,275,277,276.0,VALID,STEM,True,FINAL,,,,,,,,,,222.0,224.0,FULLY_MAPPED,222.0,224.0,FULLY_MAPPED,263.0,265.0,FULLY_MAPPED,,,,,,,,,MFE,STEM_0031,3.0,,,,,,,,,,,,STRUCTURAL_CONTEXT_ONLY,
Ras85D_CTX_VIR_MFE_BULGE_0005,Ras85D_HO_00944,D.virilis,STRUCTURE_SEGMENT,RNA_STRUCTURE,STRUCTURE,BULGE,D.virilis::MFE::BULGE_0005,29A_2_01A_Structural_Mapping,A_nucleotide_structure_annotation.csv,,266,267,2,AA,forward,278,279,278.5,VALID,BULGE,True,FINAL,,,,,,,,,,225.0,226.0,FULLY_MAPPED,225.0,226.0,FULLY_MAPPED,266.0,267.0,FULLY_MAPPED,,,,,,,,,MFE,BULGE_0005,2.0,,,,,,,,,,,,STRUCTURAL_CONTEXT_ONLY,
Ras85D_CTX_VIR_MFE_STEM_0032,Ras85D_HO_01097,D.virilis,STRUCTURE_SEGMENT,RNA_STRUCTURE,STRUCTURE,STEM,D.virilis::MFE::STEM_0032,29A_2_01A_Structural_Mapping,A_nucleotide_structure_annotation.csv,,268,271,4,ATCA,forward,281,284,282.5,VALID,STEM,True,FINAL,,,,,,,,,,228.0,231.0,FULLY_MAPPED,228.0,231.0,FULLY_MAPPED,268.0,271.0,FULLY_MAPPED,,,,,,,,,MFE,STEM_0032,4.0,,,,,,,,,,,,STRUCTURAL_CONTEXT_ONLY,
Ras85D_CTX_VIR_MFE_INTERNAL_LOOP_0021,Ras85D_HO_00992,D.virilis,STRUCTURE_SEGMENT,RNA_STRUCTURE,STRUCTURE,INTERNAL_LOOP,D.virilis::MFE::INTERNAL_LOOP_0021,29A_2_01A_Structural_Mapping,A_nucleotide_structure_annotation.csv,,272,274,3,TTT,forward,285,287,286.0,VALID,INTERNAL_LOOP,True,FINAL,,,,,,,,,,232.0,234.0,FULLY_MAPPED,232.0,234.0,FULLY_MAPPED,272.0,274.0,FULLY_MAPPED,,,,,,,,,MFE,INTERNAL_LOOP_0021,3.0,,,,,,,,,,,,STRUCTURAL_CONTEXT_ONLY,
Ras85D_CTX_VIR_MFE_STEM_0033,Ras85D_HO_01098,D.virilis,STRUCTURE_SEGMENT,RNA_STRUCTURE,STRUCTURE,STEM,D.virilis::MFE::STEM_0033,29A_2_01A_Structural_Mapping,A_nucleotide_structure_annotation.csv,,275,284,10,TGTGTGTCGT,forward,294,303,298.5,VALID,STEM,True,FINAL,,,,,,,,,,241.0,250.0,FULLY_MAPPED,241.0,250.0,FULLY_MAPPED,275.0,284.0,FULLY_MAPPED,,,,,,,,,MFE,STEM_0033,10.0,,,,,,,,,,,,STRUCTURAL_CONTEXT_ONLY,
Ras85D_CTX_VIR_MFE_INTERNAL_LOOP_0022,Ras85D_HO_00993,D.virilis,STRUCTURE_SEGMENT,RNA_STRUCTURE,STRUCTURE,INTERNAL_LOOP,D.virilis::MFE::INTERNAL_LOOP_0022,29A_2_01A_Structural_Mapping,A_nucleotide_structure_annotation.csv,,285,291,7,TTTGAAA,forward,312,318,315.0,VALID,INTERNAL_LOOP,True,FINAL,,,,,,,,,,259.0,265.0,FULLY_MAPPED,259.0,265.0,FULLY_MAPPED,285.0,291.0,FULLY_MAPPED,,,,,,,,,MFE,INTERNAL_LOOP_0022,7.0,,,,,,,,,,,,STRUCTURAL_CONTEXT_ONLY,
Ras85D_CTX_VIR_MFE_STEM_0034,Ras85D_HO_01099,D.virilis,STRUCTURE_SEGMENT,RNA_STRUCTURE,STRUCTURE,STEM,D.virilis::MFE::STEM_0034,29A_2_01A_Structural_Mapping,A_nucleotide_structure_annotation.csv,,292,296,5,AGCTT,forward,319,323,321.0,VALID,STEM,True,FINAL,,,,,,,,,,266.0,270.0,FULLY_MAPPED,266.0,270.0,FULLY_MAPPED,292.0,296.0,FULLY_MAPPED,,,,,,,,,MFE,STEM_0034,5.0,,,,,,,,,,,,STRUCTURAL_CONTEXT_ONLY,
Ras85D_CTX_VIR_MFE_INTERNAL_LOOP_0023,Ras85D_HO_00994,D.virilis,STRUCTURE_SEGMENT,RNA_STRUCTURE,STRUCTURE,INTERNAL_LOOP,D.virilis::MFE::INTERNAL_LOOP_0023,29A_2_01A_Structural_Mapping,A_nucleotide_structure_annotation.csv,,297,299,3,TGT,forward,324,326,325.0,VALID,INTERNAL_LOOP,True,FINAL,,,,,,,,,,271.0,273.0,FULLY_MAPPED,271.0,273.0,FULLY_MAPPED,297.0,299.0,FULLY_MAPPED,,,,,,,,,MFE,INTERNAL_LOOP_0023,3.0,,,,,,,,,,,,STRUCTURAL_CONTEXT_ONLY,
Ras85D_CTX_VIR_MFE_STEM_0035,Ras85D_HO_01100,D.virilis,STRUCTURE_SEGMENT,RNA_STRUCTURE,STRUCTURE,STEM,D.virilis::MFE::STEM_0035,29A_2_01A_Structural_Mapping,A_nucleotide_structure_annotation.csv,,300,303,4,GGCG,forward,327,330,328.5,VALID,STEM,True,FINAL,,,,,,,,,,274.0,277.0,FULLY_MAPPED,274.0,277.0,FULLY_MAPPED,300.0,303.0,FULLY_MAPPED,,,,,,,,,MFE,STEM_0035,4.0,,,,,,,,,,,,STRUCTURAL_CONTEXT_ONLY,
Ras85D_CTX_VIR_MFE_MULTILOOP_0005,Ras85D_HO_01048,D.virilis,STRUCTURE_SEGMENT,RNA_STRUCTURE,STRUCTURE,MULTILOOP,D.virilis::MFE::MULTILOOP_0005,29A_2_01A_Structural_Mapping,A_nucleotide_structure_annotation.csv,,304,317,14,CCCTTTTAAGATTA,forward,331,344,337.5,VALID,MULTILOOP,True,FINAL,,,,,,,,,,278.0,291.0,FULLY_MAPPED,278.0,291.0,FULLY_MAPPED,304.0,317.0,FULLY_MAPPED,,,,,,,,,MFE,MULTILOOP_0005,14.0,,,,,,,,,,,,STRUCTURAL_CONTEXT_ONLY,
Ras85D_CTX_VIR_MFE_STEM_0036,Ras85D_HO_01101,D.virilis,STRUCTURE_SEGMENT,RNA_STRUCTURE,STRUCTURE,STEM,D.virilis::MFE::STEM_0036,29A_2_01A_Structural_Mapping,A_nucleotide_structure_annotation.csv,,318,320,3,TTA,forward,345,347,346.0,VALID,STEM,True,FINAL,,,,,,,,,,292.0,294.0,FULLY_MAPPED,292.0,294.0,FULLY_MAPPED,318.0,320.0,FULLY_MAPPED,,,,,,,,,MFE,STEM_0036,3.0,,,,,,,,,,,,STRUCTURAL_CONTEXT_ONLY,
Ras85D_CTX_VIR_MFE_INTERNAL_LOOP_0024,Ras85D_HO_00995,D.virilis,STRUCTURE_SEGMENT,RNA_STRUCTURE,STRUCTURE,INTERNAL_LOOP,D.virilis::MFE::INTERNAL_LOOP_0024,29A_2_01A_Structural_Mapping,A_nucleotide_structure_annotation.csv,,321,321,1,A,forward,348,348,348.0,VALID,INTERNAL_LOOP,True,FINAL,,,,,,,,,,295.0,295.0,FULLY_MAPPED,295.0,295.0,FULLY_MAPPED,321.0,321.0,FULLY_MAPPED,,,,,,,,,MFE,INTERNAL_LOOP_0024,1.0,,,,,,,,,,,,STRUCTURAL_CONTEXT_ONLY,
Ras85D_CTX_VIR_MFE_STEM_0037,Ras85D_HO_01102,D.virilis,STRUCTURE_SEGMENT,RNA_STRUCTURE,STRUCTURE,STEM,D.virilis::MFE::STEM_0037,29A_2_01A_Structural_Mapping,A_nucleotide_structure_annotation.csv,,322,332,11,TTATGCGTGTG,forward,349,390,369.5,VALID,STEM,True,FINAL,,,,,,,,,,296.0,337.0,FULLY_MAPPED,296.0,337.0,FULLY_MAPPED,322.0,332.0,PARTIALLY_GAPPED,,,,,,,,,MFE,STEM_0037,11.0,,,,,,,,,,,,STRUCTURAL_CONTEXT_ONLY,
Ras85D_CTX_VIR_MFE_HAIRPIN_LOOP_0003,Ras85D_HO_00957,D.virilis,STRUCTURE_SEGMENT,RNA_STRUCTURE,STRUCTURE,HAIRPIN_LOOP,D.virilis::MFE::HAIRPIN_LOOP_0003,29A_2_01A_Structural_Mapping,A_nucleotide_structure_annotation.csv,,333,337,5,TGCCG,forward,392,396,394.0,VALID,HAIRPIN_LOOP,True,FINAL,,,,,,,,,,339.0,343.0,FULLY_MAPPED,339.0,343.0,FULLY_MAPPED,333.0,337.0,FULLY_MAPPED,,,,,,,,,MFE,HAIRPIN_LOOP_0003,5.0,,,,,,,,,,,,STRUCTURAL_CONTEXT_ONLY,
Ras85D_CTX_VIR_MFE_STEM_0038,Ras85D_HO_01103,D.virilis,STRUCTURE_SEGMENT,RNA_STRUCTURE,STRUCTURE,STEM,D.virilis::MFE::STEM_0038,29A_2_01A_Structural_Mapping,A_nucleotide_structure_annotation.csv,,338,348,11,TACATGTATAA,forward,397,411,404.0,VALID,STEM,True,FINAL,,,,,,,,,,344.0,358.0,FULLY_MAPPED,344.0,358.0,FULLY_MAPPED,338.0,348.0,PARTIALLY_GAPPED,,,,,,,,,MFE,STEM_0038,11.0,,,,,,,,,,,,STRUCTURAL_CONTEXT_ONLY,
Ras85D_CTX_VIR_MFE_INTERNAL_LOOP_0025,Ras85D_HO_00996,D.virilis,STRUCTURE_SEGMENT,RNA_STRUCTURE,STRUCTURE,INTERNAL_LOOP,D.virilis::MFE::INTERNAL_LOOP_0025,29A_2_01A_Structural_Mapping,A_nucleotide_structure_annotation.csv,,349,349,1,A,forward,412,412,412.0,VALID,INTERNAL_LOOP,True,FINAL,,,,,,,,,,359.0,359.0,FULLY_MAPPED,359.0,359.0,FULLY_MAPPED,349.0,349.0,FULLY_MAPPED,,,,,,,,,MFE,INTERNAL_LOOP_0025,1.0,,,,,,,,,,,,STRUCTURAL_CONTEXT_ONLY,
Ras85D_CTX_VIR_MFE_STEM_0039,Ras85D_HO_01104,D.virilis,STRUCTURE_SEGMENT,RNA_STRUCTURE,STRUCTURE,STEM,D.virilis::MFE::STEM_0039,29A_2_01A_Structural_Mapping,A_nucleotide_structure_annotation.csv,,350,352,3,TAA,forward,413,418,415.5,VALID,STEM,True,FINAL,,,,,,,,,,360.0,365.0,FULLY_MAPPED,360.0,365.0,FULLY_MAPPED,350.0,352.0,PARTIALLY_GAPPED,,,,,,,,,MFE,STEM_0039,3.0,,,,,,,,,,,,STRUCTURAL_CONTEXT_ONLY,
Ras85D_CTX_VIR_MFE_MULTILOOP_0006,Ras85D_HO_01049,D.virilis,STRUCTURE_SEGMENT,RNA_STRUCTURE,STRUCTURE,MULTILOOP,D.virilis::MFE::MULTILOOP_0006,29A_2_01A_Structural_Mapping,A_nucleotide_structure_annotation.csv,,353,359,7,CTATGAA,forward,419,425,422.0,VALID,MULTILOOP,True,FINAL,,,,,,,,,,366.0,372.0,FULLY_MAPPED,366.0,372.0,FULLY_MAPPED,353.0,359.0,FULLY_MAPPED,,,,,,,,,MFE,MULTILOOP_0006,7.0,,,,,,,,,,,,STRUCTURAL_CONTEXT_ONLY,
Ras85D_CTX_VIR_MFE_STEM_0040,Ras85D_HO_01105,D.virilis,STRUCTURE_SEGMENT,RNA_STRUCTURE,STRUCTURE,STEM,D.virilis::MFE::STEM_0040,29A_2_01A_Structural_Mapping,A_nucleotide_structure_annotation.csv,,360,362,3,TAC,forward,426,428,427.0,VALID,STEM,True,FINAL,,,,,,,,,,373.0,375.0,FULLY_MAPPED,373.0,375.0,FULLY_MAPPED,360.0,362.0,FULLY_MAPPED,,,,,,,,,MFE,STEM_0040,3.0,,,,,,,,,,,,STRUCTURAL_CONTEXT_ONLY,
Ras85D_CTX_VIR_MFE_HAIRPIN_LOOP_0004,Ras85D_HO_00958,D.virilis,STRUCTURE_SEGMENT,RNA_STRUCTURE,STRUCTURE,HAIRPIN_LOOP,D.virilis::MFE::HAIRPIN_LOOP_0004,29A_2_01A_Structural_Mapping,A_nucleotide_structure_annotation.csv,,363,366,4,TATT,forward,429,432,430.5,VALID,HAIRPIN_LOOP,True,FINAL,,,,,,,,,,376.0,379.0,FULLY_MAPPED,376.0,379.0,FULLY_MAPPED,363.0,366.0,FULLY_MAPPED,,,,,,,,,MFE,HAIRPIN_LOOP_0004,4.0,,,,,,,,,,,,STRUCTURAL_CONTEXT_ONLY,
Ras85D_CTX_VIR_MFE_STEM_0041,Ras85D_HO_01106,D.virilis,STRUCTURE_SEGMENT,RNA_STRUCTURE,STRUCTURE,STEM,D.virilis::MFE::STEM_0041,29A_2_01A_Structural_Mapping,A_nucleotide_structure_annotation.csv,,367,369,3,GTA,forward,433,435,434.0,VALID,STEM,True,FINAL,,,,,,,,,,380.0,382.0,FULLY_MAPPED,380.0,382.0,FULLY_MAPPED,367.0,369.0,FULLY_MAPPED,,,,,,,,,MFE,STEM_0041,3.0,,,,,,,,,,,,STRUCTURAL_CONTEXT_ONLY,
Ras85D_CTX_VIR_MFE_MULTILOOP_0007,Ras85D_HO_01050,D.virilis,STRUCTURE_SEGMENT,RNA_STRUCTURE,STRUCTURE,MULTILOOP,D.virilis::MFE::MULTILOOP_0007,29A_2_01A_Structural_Mapping,A_nucleotide_structure_annotation.csv,,370,371,2,AC,forward,436,437,436.5,VALID,MULTILOOP,True,FINAL,,,,,,,,,,383.0,384.0,FULLY_MAPPED,383.0,384.0,FULLY_MAPPED,370.0,371.0,FULLY_MAPPED,,,,,,,,,MFE,MULTILOOP_0007,2.0,,,,,,,,,,,,STRUCTURAL_CONTEXT_ONLY,
Ras85D_CTX_VIR_MFE_STEM_0042,Ras85D_HO_01107,D.virilis,STRUCTURE_SEGMENT,RNA_STRUCTURE,STRUCTURE,STEM,D.virilis::MFE::STEM_0042,29A_2_01A_Structural_Mapping,A_nucleotide_structure_annotation.csv,,372,375,4,TGCC,forward,438,441,439.5,VALID,STEM,True,FINAL,,,,,,,,,,385.0,388.0,FULLY_MAPPED,385.0,388.0,FULLY_MAPPED,372.0,375.0,FULLY_MAPPED,,,,,,,,,MFE,STEM_0042,4.0,,,,,,,,,,,,STRUCTURAL_CONTEXT_ONLY,
Ras85D_CTX_VIR_MFE_INTERNAL_LOOP_0026,Ras85D_HO_00997,D.virilis,STRUCTURE_SEGMENT,RNA_STRUCTURE,STRUCTURE,INTERNAL_LOOP,D.virilis::MFE::INTERNAL_LOOP_0026,29A_2_01A_Structural_Mapping,A_nucleotide_structure_annotation.csv,,376,381,6,TTGGTT,forward,442,447,444.5,VALID,INTERNAL_LOOP,True,FINAL,,,,,,,,,,389.0,394.0,FULLY_MAPPED,389.0,394.0,FULLY_MAPPED,376.0,381.0,FULLY_MAPPED,,,,,,,,,MFE,INTERNAL_LOOP_0026,6.0,,,,,,,,,,,,STRUCTURAL_CONTEXT_ONLY,
Ras85D_CTX_VIR_MFE_STEM_0043,Ras85D_HO_01108,D.virilis,STRUCTURE_SEGMENT,RNA_STRUCTURE,STRUCTURE,STEM,D.virilis::MFE::STEM_0043,29A_2_01A_Structural_Mapping,A_nucleotide_structure_annotation.csv,,382,386,5,AAGCT,forward,448,452,450.0,VALID,STEM,True,FINAL,,,,,,,,,,395.0,399.0,FULLY_MAPPED,395.0,399.0,FULLY_MAPPED,382.0,386.0,FULLY_MAPPED,,,,,,,,,MFE,STEM_0043,5.0,,,,,,,,,,,,STRUCTURAL_CONTEXT_ONLY,
Ras85D_CTX_VIR_MFE_INTERNAL_LOOP_0027,Ras85D_HO_00998,D.virilis,STRUCTURE_SEGMENT,RNA_STRUCTURE,STRUCTURE,INTERNAL_LOOP,D.virilis::MFE::INTERNAL_LOOP_0027,29A_2_01A_Structural_Mapping,A_nucleotide_structure_annotation.csv,,387,389,3,GCT,forward,453,455,454.0,VALID,INTERNAL_LOOP,True,FINAL,,,,,,,,,,400.0,402.0,FULLY_MAPPED,400.0,402.0,FULLY_MAPPED,387.0,389.0,FULLY_MAPPED,,,,,,,,,MFE,INTERNAL_LOOP_0027,3.0,,,,,,,,,,,,STRUCTURAL_CONTEXT_ONLY,
Ras85D_CTX_VIR_MFE_STEM_0044,Ras85D_HO_01109,D.virilis,STRUCTURE_SEGMENT,RNA_STRUCTURE,STRUCTURE,STEM,D.virilis::MFE::STEM_0044,29A_2_01A_Structural_Mapping,A_nucleotide_structure_annotation.csv,,390,395,6,GCGACA,forward,456,461,458.5,VALID,STEM,True,FINAL,,,,,,,,,,,,ABSENT_IN_TARGET,,,ABSENT_IN_TARGET,390.0,395.0,FULLY_MAPPED,,,,,,,,,MFE,STEM_0044,6.0,,,,,,,,,,,,STRUCTURAL_CONTEXT_ONLY,
Ras85D_CTX_VIR_MFE_BULGE_0006,Ras85D_HO_00945,D.virilis,STRUCTURE_SEGMENT,RNA_STRUCTURE,STRUCTURE,BULGE,D.virilis::MFE::BULGE_0006,29A_2_01A_Structural_Mapping,A_nucleotide_structure_annotation.csv,,396,396,1,G,forward,462,462,462.0,VALID,BULGE,True,FINAL,,,,,,,,,,,,ABSENT_IN_TARGET,,,ABSENT_IN_TARGET,396.0,396.0,FULLY_MAPPED,,,,,,,,,MFE,BULGE_0006,1.0,,,,,,,,,,,,STRUCTURAL_CONTEXT_ONLY,
Ras85D_CTX_VIR_MFE_STEM_0045,Ras85D_HO_01110,D.virilis,STRUCTURE_SEGMENT,RNA_STRUCTURE,STRUCTURE,STEM,D.virilis::MFE::STEM_0045,29A_2_01A_Structural_Mapping,A_nucleotide_structure_annotation.csv,,397,400,4,CGCA,forward,463,466,464.5,VALID,STEM,True,FINAL,,,,,,,,,,,,ABSENT_IN_TARGET,,,ABSENT_IN_TARGET,397.0,400.0,FULLY_MAPPED,,,,,,,,,MFE,STEM_0045,4.0,,,,,,,,,,,,STRUCTURAL_CONTEXT_ONLY,
Ras85D_CTX_VIR_MFE_INTERNAL_LOOP_0028,Ras85D_HO_00999,D.virilis,STRUCTURE_SEGMENT,RNA_STRUCTURE,STRUCTURE,INTERNAL_LOOP,D.virilis::MFE::INTERNAL_LOOP_0028,29A_2_01A_Structural_Mapping,A_nucleotide_structure_annotation.csv,,401,404,4,TTTT,forward,467,470,468.5,VALID,INTERNAL_LOOP,True,FINAL,,,,,,,,,,,,ABSENT_IN_TARGET,,,ABSENT_IN_TARGET,401.0,404.0,FULLY_MAPPED,,,,,,,,,MFE,INTERNAL_LOOP_0028,4.0,,,,,,,,,,,,STRUCTURAL_CONTEXT_ONLY,
Ras85D_CTX_VIR_MFE_STEM_0046,Ras85D_HO_01111,D.virilis,STRUCTURE_SEGMENT,RNA_STRUCTURE,STRUCTURE,STEM,D.virilis::MFE::STEM_0046,29A_2_01A_Structural_Mapping,A_nucleotide_structure_annotation.csv,,405,414,10,TGATGACTAT,forward,471,480,475.5,VALID,STEM,True,FINAL,,,,,,,,,,403.0,410.0,PARTIALLY_GAPPED,403.0,410.0,PARTIALLY_GAPPED,405.0,414.0,FULLY_MAPPED,,,,,,,,,MFE,STEM_0046,10.0,,,,,,,,,,,,STRUCTURAL_CONTEXT_ONLY,
Ras85D_CTX_VIR_MFE_INTERNAL_LOOP_0029,Ras85D_HO_01000,D.virilis,STRUCTURE_SEGMENT,RNA_STRUCTURE,STRUCTURE,INTERNAL_LOOP,D.virilis::MFE::INTERNAL_LOOP_0029,29A_2_01A_Structural_Mapping,A_nucleotide_structure_annotation.csv,,415,416,2,TT,forward,481,482,481.5,VALID,INTERNAL_LOOP,True,FINAL,,,,,,,,,,411.0,412.0,FULLY_MAPPED,411.0,412.0,FULLY_MAPPED,415.0,416.0,FULLY_MAPPED,,,,,,,,,MFE,INTERNAL_LOOP_0029,2.0,,,,,,,,,,,,STRUCTURAL_CONTEXT_ONLY,
Ras85D_CTX_VIR_MFE_STEM_0047,Ras85D_HO_01112,D.virilis,STRUCTURE_SEGMENT,RNA_STRUCTURE,STRUCTURE,STEM,D.virilis::MFE::STEM_0047,29A_2_01A_Structural_Mapping,A_nucleotide_structure_annotation.csv,,417,421,5,GCTTT,forward,483,487,485.0,VALID,STEM,True,FINAL,,,,,,,,,,413.0,417.0,FULLY_MAPPED,413.0,417.0,FULLY_MAPPED,417.0,421.0,FULLY_MAPPED,,,,,,,,,MFE,STEM_0047,5.0,,,,,,,,,,,,STRUCTURAL_CONTEXT_ONLY,
Ras85D_CTX_VIR_MFE_BULGE_0007,Ras85D_HO_00946,D.virilis,STRUCTURE_SEGMENT,RNA_STRUCTURE,STRUCTURE,BULGE,D.virilis::MFE::BULGE_0007,29A_2_01A_Structural_Mapping,A_nucleotide_structure_annotation.csv,,422,422,1,C,forward,488,488,488.0,VALID,BULGE,True,FINAL,,,,,,,,,,418.0,418.0,FULLY_MAPPED,418.0,418.0,FULLY_MAPPED,422.0,422.0,FULLY_MAPPED,,,,,,,,,MFE,BULGE_0007,1.0,,,,,,,,,,,,STRUCTURAL_CONTEXT_ONLY,
Ras85D_CTX_VIR_MFE_STEM_0048,Ras85D_HO_01113,D.virilis,STRUCTURE_SEGMENT,RNA_STRUCTURE,STRUCTURE,STEM,D.virilis::MFE::STEM_0048,29A_2_01A_Structural_Mapping,A_nucleotide_structure_annotation.csv,,423,432,10,AGTAAGCACG,forward,489,498,493.5,VALID,STEM,True,FINAL,,,,,,,,,,419.0,428.0,FULLY_MAPPED,419.0,428.0,FULLY_MAPPED,423.0,432.0,FULLY_MAPPED,,,,,,,,,MFE,STEM_0048,10.0,,,,,,,,,,,,STRUCTURAL_CONTEXT_ONLY,
Ras85D_CTX_VIR_MFE_INTERNAL_LOOP_0030,Ras85D_HO_01001,D.virilis,STRUCTURE_SEGMENT,RNA_STRUCTURE,STRUCTURE,INTERNAL_LOOP,D.virilis::MFE::INTERNAL_LOOP_0030,29A_2_01A_Structural_Mapping,A_nucleotide_structure_annotation.csv,,433,434,2,AA,forward,499,500,499.5,VALID,INTERNAL_LOOP,True,FINAL,,,,,,,,,,429.0,430.0,FULLY_MAPPED,429.0,430.0,FULLY_MAPPED,433.0,434.0,FULLY_MAPPED,,,,,,,,,MFE,INTERNAL_LOOP_0030,2.0,,,,,,,,,,,,STRUCTURAL_CONTEXT_ONLY,
Ras85D_CTX_VIR_MFE_STEM_0049,Ras85D_HO_01114,D.virilis,STRUCTURE_SEGMENT,RNA_STRUCTURE,STRUCTURE,STEM,D.virilis::MFE::STEM_0049,29A_2_01A_Structural_Mapping,A_nucleotide_structure_annotation.csv,,435,436,2,AC,forward,501,502,501.5,VALID,STEM,True,FINAL,,,,,,,,,,431.0,432.0,FULLY_MAPPED,431.0,432.0,FULLY_MAPPED,435.0,436.0,FULLY_MAPPED,,,,,,,,,MFE,STEM_0049,2.0,,,,,,,,,,,,STRUCTURAL_CONTEXT_ONLY,
Ras85D_CTX_VIR_MFE_INTERNAL_LOOP_0031,Ras85D_HO_01002,D.virilis,STRUCTURE_SEGMENT,RNA_STRUCTURE,STRUCTURE,INTERNAL_LOOP,D.virilis::MFE::INTERNAL_LOOP_0031,29A_2_01A_Structural_Mapping,A_nucleotide_structure_annotation.csv,,437,438,2,TA,forward,503,504,503.5,VALID,INTERNAL_LOOP,True,FINAL,,,,,,,,,,433.0,434.0,FULLY_MAPPED,433.0,434.0,FULLY_MAPPED,437.0,438.0,FULLY_MAPPED,,,,,,,,,MFE,INTERNAL_LOOP_0031,2.0,,,,,,,,,,,,STRUCTURAL_CONTEXT_ONLY,
Ras85D_CTX_VIR_MFE_STEM_0050,Ras85D_HO_01115,D.virilis,STRUCTURE_SEGMENT,RNA_STRUCTURE,STRUCTURE,STEM,D.virilis::MFE::STEM_0050,29A_2_01A_Structural_Mapping,A_nucleotide_structure_annotation.csv,,439,441,3,AAA,forward,505,507,506.0,VALID,STEM,True,FINAL,,,,,,,,,,435.0,437.0,FULLY_MAPPED,435.0,437.0,FULLY_MAPPED,439.0,441.0,FULLY_MAPPED,,,,,,,,,MFE,STEM_0050,3.0,,,,,,,,,,,,STRUCTURAL_CONTEXT_ONLY,
Ras85D_CTX_VIR_MFE_BULGE_0008,Ras85D_HO_00947,D.virilis,STRUCTURE_SEGMENT,RNA_STRUCTURE,STRUCTURE,BULGE,D.virilis::MFE::BULGE_0008,29A_2_01A_Structural_Mapping,A_nucleotide_structure_annotation.csv,,442,442,1,C,forward,508,508,508.0,VALID,BULGE,True,FINAL,,,,,,,,,,438.0,438.0,FULLY_MAPPED,438.0,438.0,FULLY_MAPPED,442.0,442.0,FULLY_MAPPED,,,,,,,,,MFE,BULGE_0008,1.0,,,,,,,,,,,,STRUCTURAL_CONTEXT_ONLY,
Ras85D_CTX_VIR_MFE_STEM_0051,Ras85D_HO_01116,D.virilis,STRUCTURE_SEGMENT,RNA_STRUCTURE,STRUCTURE,STEM,D.virilis::MFE::STEM_0051,29A_2_01A_Structural_Mapping,A_nucleotide_structure_annotation.csv,,443,446,4,TAAC,forward,509,512,510.5,VALID,STEM,True,FINAL,,,,,,,,,,439.0,442.0,FULLY_MAPPED,439.0,442.0,FULLY_MAPPED,443.0,446.0,FULLY_MAPPED,,,,,,,,,MFE,STEM_0051,4.0,,,,,,,,,,,,STRUCTURAL_CONTEXT_ONLY,
Ras85D_CTX_VIR_MFE_HAIRPIN_LOOP_0005,Ras85D_HO_00959,D.virilis,STRUCTURE_SEGMENT,RNA_STRUCTURE,STRUCTURE,HAIRPIN_LOOP,D.virilis::MFE::HAIRPIN_LOOP_0005,29A_2_01A_Structural_Mapping,A_nucleotide_structure_annotation.csv,,447,453,7,TCTGTAT,forward,513,519,516.0,VALID,HAIRPIN_LOOP,True,FINAL,,,,,,,,,,443.0,449.0,FULLY_MAPPED,443.0,449.0,FULLY_MAPPED,447.0,453.0,FULLY_MAPPED,,,,,,,,,MFE,HAIRPIN_LOOP_0005,7.0,,,,,,,,,,,,STRUCTURAL_CONTEXT_ONLY,
Ras85D_CTX_VIR_MFE_STEM_0052,Ras85D_HO_01117,D.virilis,STRUCTURE_SEGMENT,RNA_STRUCTURE,STRUCTURE,STEM,D.virilis::MFE::STEM_0052,29A_2_01A_Structural_Mapping,A_nucleotide_structure_annotation.csv,,454,460,7,GTTATTT,forward,520,526,523.0,VALID,STEM,True,FINAL,,,,,,,,,,450.0,456.0,FULLY_MAPPED,450.0,456.0,FULLY_MAPPED,454.0,460.0,FULLY_MAPPED,,,,,,,,,MFE,STEM_0052,7.0,,,,,,,,,,,,STRUCTURAL_CONTEXT_ONLY,
Ras85D_CTX_VIR_MFE_INTERNAL_LOOP_0032,Ras85D_HO_01003,D.virilis,STRUCTURE_SEGMENT,RNA_STRUCTURE,STRUCTURE,INTERNAL_LOOP,D.virilis::MFE::INTERNAL_LOOP_0032,29A_2_01A_Structural_Mapping,A_nucleotide_structure_annotation.csv,,461,462,2,GT,forward,531,532,531.5,VALID,INTERNAL_LOOP,True,FINAL,,,,,,,,,,461.0,462.0,FULLY_MAPPED,461.0,462.0,FULLY_MAPPED,461.0,462.0,FULLY_MAPPED,,,,,,,,,MFE,INTERNAL_LOOP_0032,2.0,,,,,,,,,,,,STRUCTURAL_CONTEXT_ONLY,
Ras85D_CTX_VIR_MFE_STEM_0053,Ras85D_HO_01118,D.virilis,STRUCTURE_SEGMENT,RNA_STRUCTURE,STRUCTURE,STEM,D.virilis::MFE::STEM_0053,29A_2_01A_Structural_Mapping,A_nucleotide_structure_annotation.csv,,463,464,2,GT,forward,533,534,533.5,VALID,STEM,True,FINAL,,,,,,,,,,463.0,464.0,FULLY_MAPPED,463.0,464.0,FULLY_MAPPED,463.0,464.0,FULLY_MAPPED,,,,,,,,,MFE,STEM_0053,2.0,,,,,,,,,,,,STRUCTURAL_CONTEXT_ONLY,
Ras85D_CTX_VIR_MFE_INTERNAL_LOOP_0033,Ras85D_HO_01004,D.virilis,STRUCTURE_SEGMENT,RNA_STRUCTURE,STRUCTURE,INTERNAL_LOOP,D.virilis::MFE::INTERNAL_LOOP_0033,29A_2_01A_Structural_Mapping,A_nucleotide_structure_annotation.csv,,465,468,4,GTAC,forward,535,538,536.5,VALID,INTERNAL_LOOP,True,FINAL,,,,,,,,,,465.0,467.0,PARTIALLY_GAPPED,465.0,467.0,PARTIALLY_GAPPED,465.0,468.0,FULLY_MAPPED,,,,,,,,,MFE,INTERNAL_LOOP_0033,4.0,,,,,,,,,,,,STRUCTURAL_CONTEXT_ONLY,
Ras85D_CTX_VIR_MFE_STEM_0054,Ras85D_HO_01119,D.virilis,STRUCTURE_SEGMENT,RNA_STRUCTURE,STRUCTURE,STEM,D.virilis::MFE::STEM_0054,29A_2_01A_Structural_Mapping,A_nucleotide_structure_annotation.csv,,469,482,14,CGTGCTTAAAACGA,forward,539,560,549.5,VALID,STEM,True,FINAL,,,,,,,,,,468.0,489.0,FULLY_MAPPED,468.0,489.0,FULLY_MAPPED,469.0,482.0,PARTIALLY_GAPPED,,,,,,,,,MFE,STEM_0054,14.0,,,,,,,,,,,,STRUCTURAL_CONTEXT_ONLY,
Ras85D_CTX_VIR_MFE_INTERNAL_LOOP_0034,Ras85D_HO_01005,D.virilis,STRUCTURE_SEGMENT,RNA_STRUCTURE,STRUCTURE,INTERNAL_LOOP,D.virilis::MFE::INTERNAL_LOOP_0034,29A_2_01A_Structural_Mapping,A_nucleotide_structure_annotation.csv,,483,488,6,TATTTG,forward,561,575,568.0,VALID,INTERNAL_LOOP,True,FINAL,,,,,,,,,,490.0,504.0,FULLY_MAPPED,490.0,504.0,FULLY_MAPPED,483.0,488.0,PARTIALLY_GAPPED,,,,,,,,,MFE,INTERNAL_LOOP_0034,6.0,,,,,,,,,,,,STRUCTURAL_CONTEXT_ONLY,
Ras85D_CTX_VIR_MFE_STEM_0055,Ras85D_HO_01120,D.virilis,STRUCTURE_SEGMENT,RNA_STRUCTURE,STRUCTURE,STEM,D.virilis::MFE::STEM_0055,29A_2_01A_Structural_Mapping,A_nucleotide_structure_annotation.csv,,489,490,2,TA,forward,576,577,576.5,VALID,STEM,True,FINAL,,,,,,,,,,505.0,506.0,FULLY_MAPPED,505.0,506.0,FULLY_MAPPED,489.0,490.0,FULLY_MAPPED,,,,,,,,,MFE,STEM_0055,2.0,,,,,,,,,,,,STRUCTURAL_CONTEXT_ONLY,
Ras85D_CTX_VIR_MFE_HAIRPIN_LOOP_0006,Ras85D_HO_00960,D.virilis,STRUCTURE_SEGMENT,RNA_STRUCTURE,STRUCTURE,HAIRPIN_LOOP,D.virilis::MFE::HAIRPIN_LOOP_0006,29A_2_01A_Structural_Mapping,A_nucleotide_structure_annotation.csv,,491,496,6,TTTGAT,forward,578,583,580.5,VALID,HAIRPIN_LOOP,True,FINAL,,,,,,,,,,507.0,512.0,FULLY_MAPPED,507.0,512.0,FULLY_MAPPED,491.0,496.0,FULLY_MAPPED,,,,,,,,,MFE,HAIRPIN_LOOP_0006,6.0,,,,,,,,,,,,STRUCTURAL_CONTEXT_ONLY,
Ras85D_CTX_VIR_MFE_STEM_0056,Ras85D_HO_01121,D.virilis,STRUCTURE_SEGMENT,RNA_STRUCTURE,STRUCTURE,STEM,D.virilis::MFE::STEM_0056,29A_2_01A_Structural_Mapping,A_nucleotide_structure_annotation.csv,,497,498,2,TA,forward,584,585,584.5,VALID,STEM,True,FINAL,,,,,,,,,,513.0,514.0,FULLY_MAPPED,513.0,514.0,FULLY_MAPPED,497.0,498.0,FULLY_MAPPED,,,,,,,,,MFE,STEM_0056,2.0,,,,,,,,,,,,STRUCTURAL_CONTEXT_ONLY,
Ras85D_CTX_VIR_MFE_INTERNAL_LOOP_0035,Ras85D_HO_01006,D.virilis,STRUCTURE_SEGMENT,RNA_STRUCTURE,STRUCTURE,INTERNAL_LOOP,D.virilis::MFE::INTERNAL_LOOP_0035,29A_2_01A_Structural_Mapping,A_nucleotide_structure_annotation.csv,,499,504,6,ATTAAT,forward,586,591,588.5,VALID,INTERNAL_LOOP,True,FINAL,,,,,,,,,,,,ABSENT_IN_TARGET,,,ABSENT_IN_TARGET,499.0,504.0,FULLY_MAPPED,,,,,,,,,MFE,INTERNAL_LOOP_0035,6.0,,,,,,,,,,,,STRUCTURAL_CONTEXT_ONLY,
Ras85D_CTX_VIR_MFE_STEM_0057,Ras85D_HO_01122,D.virilis,STRUCTURE_SEGMENT,RNA_STRUCTURE,STRUCTURE,STEM,D.virilis::MFE::STEM_0057,29A_2_01A_Structural_Mapping,A_nucleotide_structure_annotation.csv,,505,511,7,TCGTTTT,forward,592,598,595.0,VALID,STEM,True,FINAL,,,,,,,,,,,,ABSENT_IN_TARGET,,,ABSENT_IN_TARGET,505.0,511.0,FULLY_MAPPED,,,,,,,,,MFE,STEM_0057,7.0,,,,,,,,,,,,STRUCTURAL_CONTEXT_ONLY,
Ras85D_CTX_VIR_MFE_MULTILOOP_0008,Ras85D_HO_01051,D.virilis,STRUCTURE_SEGMENT,RNA_STRUCTURE,STRUCTURE,MULTILOOP,D.virilis::MFE::MULTILOOP_0008,29A_2_01A_Structural_Mapping,A_nucleotide_structure_annotation.csv,,512,512,1,C,forward,599,599,599.0,VALID,MULTILOOP,True,FINAL,,,,,,,,,,515.0,515.0,FULLY_MAPPED,515.0,515.0,FULLY_MAPPED,512.0,512.0,FULLY_MAPPED,,,,,,,,,MFE,MULTILOOP_0008,1.0,,,,,,,,,,,,STRUCTURAL_CONTEXT_ONLY,
Ras85D_CTX_VIR_MFE_STEM_0058,Ras85D_HO_01123,D.virilis,STRUCTURE_SEGMENT,RNA_STRUCTURE,STRUCTURE,STEM,D.virilis::MFE::STEM_0058,29A_2_01A_Structural_Mapping,A_nucleotide_structure_annotation.csv,,513,517,5,GGACC,forward,600,604,602.0,VALID,STEM,True,FINAL,,,,,,,,,,516.0,520.0,FULLY_MAPPED,516.0,520.0,FULLY_MAPPED,513.0,517.0,FULLY_MAPPED,,,,,,,,,MFE,STEM_0058,5.0,,,,,,,,,,,,STRUCTURAL_CONTEXT_ONLY,
Ras85D_CTX_VIR_MFE_HAIRPIN_LOOP_0007,Ras85D_HO_00961,D.virilis,STRUCTURE_SEGMENT,RNA_STRUCTURE,STRUCTURE,HAIRPIN_LOOP,D.virilis::MFE::HAIRPIN_LOOP_0007,29A_2_01A_Structural_Mapping,A_nucleotide_structure_annotation.csv,,518,527,10,TGTTTCTTTT,forward,605,615,610.0,VALID,HAIRPIN_LOOP,True,FINAL,,,,,,,,,,521.0,531.0,FULLY_MAPPED,521.0,531.0,FULLY_MAPPED,518.0,527.0,PARTIALLY_GAPPED,,,,,,,,,MFE,HAIRPIN_LOOP_0007,10.0,,,,,,,,,,,,STRUCTURAL_CONTEXT_ONLY,
Ras85D_CTX_VIR_MFE_STEM_0059,Ras85D_HO_01124,D.virilis,STRUCTURE_SEGMENT,RNA_STRUCTURE,STRUCTURE,STEM,D.virilis::MFE::STEM_0059,29A_2_01A_Structural_Mapping,A_nucleotide_structure_annotation.csv,,528,532,5,GGTTT,forward,616,620,618.0,VALID,STEM,True,FINAL,,,,,,,,,,532.0,536.0,FULLY_MAPPED,532.0,536.0,FULLY_MAPPED,528.0,532.0,FULLY_MAPPED,,,,,,,,,MFE,STEM_0059,5.0,,,,,,,,,,,,STRUCTURAL_CONTEXT_ONLY,
Ras85D_CTX_VIR_MFE_MULTILOOP_0009,Ras85D_HO_01052,D.virilis,STRUCTURE_SEGMENT,RNA_STRUCTURE,STRUCTURE,MULTILOOP,D.virilis::MFE::MULTILOOP_0009,29A_2_01A_Structural_Mapping,A_nucleotide_structure_annotation.csv,,533,536,4,ACTG,forward,621,624,622.5,VALID,MULTILOOP,True,FINAL,,,,,,,,,,537.0,537.0,PARTIALLY_GAPPED,537.0,537.0,PARTIALLY_GAPPED,533.0,536.0,FULLY_MAPPED,,,,,,,,,MFE,MULTILOOP_0009,4.0,,,,,,,,,,,,STRUCTURAL_CONTEXT_ONLY,
Ras85D_CTX_VIR_MFE_STEM_0060,Ras85D_HO_01125,D.virilis,STRUCTURE_SEGMENT,RNA_STRUCTURE,STRUCTURE,STEM,D.virilis::MFE::STEM_0060,29A_2_01A_Structural_Mapping,A_nucleotide_structure_annotation.csv,,537,542,6,ATTGGC,forward,625,630,627.5,VALID,STEM,True,FINAL,,,,,,,,,,,,ABSENT_IN_TARGET,,,ABSENT_IN_TARGET,537.0,542.0,FULLY_MAPPED,,,,,,,,,MFE,STEM_0060,6.0,,,,,,,,,,,,STRUCTURAL_CONTEXT_ONLY,
Ras85D_CTX_VIR_MFE_HAIRPIN_LOOP_0008,Ras85D_HO_00962,D.virilis,STRUCTURE_SEGMENT,RNA_STRUCTURE,STRUCTURE,HAIRPIN_LOOP,D.virilis::MFE::HAIRPIN_LOOP_0008,29A_2_01A_Structural_Mapping,A_nucleotide_structure_annotation.csv,,543,548,6,CTAACA,forward,631,636,633.5,VALID,HAIRPIN_LOOP,True,FINAL,,,,,,,,,,538.0,538.0,PARTIALLY_GAPPED,538.0,538.0,PARTIALLY_GAPPED,543.0,548.0,FULLY_MAPPED,,,,,,,,,MFE,HAIRPIN_LOOP_0008,6.0,,,,,,,,,,,,STRUCTURAL_CONTEXT_ONLY,
Ras85D_CTX_VIR_MFE_STEM_0061,Ras85D_HO_01126,D.virilis,STRUCTURE_SEGMENT,RNA_STRUCTURE,STRUCTURE,STEM,D.virilis::MFE::STEM_0061,29A_2_01A_Structural_Mapping,A_nucleotide_structure_annotation.csv,,549,559,11,GCCAGTGTTTA,forward,637,647,642.0,VALID,STEM,True,FINAL,,,,,,,,,,539.0,546.0,PARTIALLY_GAPPED,539.0,546.0,PARTIALLY_GAPPED,549.0,559.0,FULLY_MAPPED,,,,,,,,,MFE,STEM_0061,11.0,,,,,,,,,,,,STRUCTURAL_CONTEXT_ONLY,
Ras85D_CTX_VIR_MFE_BULGE_0009,Ras85D_HO_00948,D.virilis,STRUCTURE_SEGMENT,RNA_STRUCTURE,STRUCTURE,BULGE,D.virilis::MFE::BULGE_0009,29A_2_01A_Structural_Mapping,A_nucleotide_structure_annotation.csv,,560,560,1,C,forward,648,648,648.0,VALID,BULGE,True,FINAL,,,,,,,,,,547.0,547.0,FULLY_MAPPED,547.0,547.0,FULLY_MAPPED,560.0,560.0,FULLY_MAPPED,,,,,,,,,MFE,BULGE_0009,1.0,,,,,,,,,,,,STRUCTURAL_CONTEXT_ONLY,
Ras85D_CTX_VIR_MFE_STEM_0062,Ras85D_HO_01127,D.virilis,STRUCTURE_SEGMENT,RNA_STRUCTURE,STRUCTURE,STEM,D.virilis::MFE::STEM_0062,29A_2_01A_Structural_Mapping,A_nucleotide_structure_annotation.csv,,561,567,7,AATTAAT,forward,649,656,652.5,VALID,STEM,True,FINAL,,,,,,,,,,548.0,555.0,FULLY_MAPPED,548.0,555.0,FULLY_MAPPED,561.0,567.0,PARTIALLY_GAPPED,,,,,,,,,MFE,STEM_0062,7.0,,,,,,,,,,,,STRUCTURAL_CONTEXT_ONLY,
Ras85D_CTX_VIR_MFE_INTERNAL_LOOP_0036,Ras85D_HO_01007,D.virilis,STRUCTURE_SEGMENT,RNA_STRUCTURE,STRUCTURE,INTERNAL_LOOP,D.virilis::MFE::INTERNAL_LOOP_0036,29A_2_01A_Structural_Mapping,A_nucleotide_structure_annotation.csv,,568,568,1,A,forward,657,657,657.0,VALID,INTERNAL_LOOP,True,FINAL,,,,,,,,,,556.0,556.0,FULLY_MAPPED,556.0,556.0,FULLY_MAPPED,568.0,568.0,FULLY_MAPPED,,,,,,,,,MFE,INTERNAL_LOOP_0036,1.0,,,,,,,,,,,,STRUCTURAL_CONTEXT_ONLY,
Ras85D_CTX_VIR_MFE_STEM_0063,Ras85D_HO_01128,D.virilis,STRUCTURE_SEGMENT,RNA_STRUCTURE,STRUCTURE,STEM,D.virilis::MFE::STEM_0063,29A_2_01A_Structural_Mapping,A_nucleotide_structure_annotation.csv,,569,571,3,GCA,forward,665,667,666.0,VALID,STEM,True,FINAL,,,,,,,,,,564.0,566.0,FULLY_MAPPED,564.0,566.0,FULLY_MAPPED,569.0,571.0,FULLY_MAPPED,,,,,,,,,MFE,STEM_0063,3.0,,,,,,,,,,,,STRUCTURAL_CONTEXT_ONLY,
Ras85D_CTX_VIR_MFE_INTERNAL_LOOP_0037,Ras85D_HO_01008,D.virilis,STRUCTURE_SEGMENT,RNA_STRUCTURE,STRUCTURE,INTERNAL_LOOP,D.virilis::MFE::INTERNAL_LOOP_0037,29A_2_01A_Structural_Mapping,A_nucleotide_structure_annotation.csv,,572,572,1,T,forward,668,668,668.0,VALID,INTERNAL_LOOP,True,FINAL,,,,,,,,,,567.0,567.0,FULLY_MAPPED,567.0,567.0,FULLY_MAPPED,572.0,572.0,FULLY_MAPPED,,,,,,,,,MFE,INTERNAL_LOOP_0037,1.0,,,,,,,,,,,,STRUCTURAL_CONTEXT_ONLY,
Ras85D_CTX_VIR_MFE_STEM_0064,Ras85D_HO_01129,D.virilis,STRUCTURE_SEGMENT,RNA_STRUCTURE,STRUCTURE,STEM,D.virilis::MFE::STEM_0064,29A_2_01A_Structural_Mapping,A_nucleotide_structure_annotation.csv,,573,577,5,TTTTG,forward,669,673,671.0,VALID,STEM,True,FINAL,,,,,,,,,,568.0,571.0,PARTIALLY_GAPPED,568.0,571.0,PARTIALLY_GAPPED,573.0,577.0,FULLY_MAPPED,,,,,,,,,MFE,STEM_0064,5.0,,,,,,,,,,,,STRUCTURAL_CONTEXT_ONLY,
Ras85D_CTX_VIR_MFE_MULTILOOP_0010,Ras85D_HO_01053,D.virilis,STRUCTURE_SEGMENT,RNA_STRUCTURE,STRUCTURE,MULTILOOP,D.virilis::MFE::MULTILOOP_0010,29A_2_01A_Structural_Mapping,A_nucleotide_structure_annotation.csv,,578,578,1,G,forward,674,674,674.0,VALID,MULTILOOP,True,FINAL,,,,,,,,,,,,ABSENT_IN_TARGET,,,ABSENT_IN_TARGET,578.0,578.0,FULLY_MAPPED,,,,,,,,,MFE,MULTILOOP_0010,1.0,,,,,,,,,,,,STRUCTURAL_CONTEXT_ONLY,
Ras85D_CTX_VIR_MFE_STEM_0065,Ras85D_HO_01130,D.virilis,STRUCTURE_SEGMENT,RNA_STRUCTURE,STRUCTURE,STEM,D.virilis::MFE::STEM_0065,29A_2_01A_Structural_Mapping,A_nucleotide_structure_annotation.csv,,579,584,6,GAGCTG,forward,675,680,677.5,VALID,STEM,True,FINAL,,,,,,,,,,,,ABSENT_IN_TARGET,,,ABSENT_IN_TARGET,579.0,584.0,FULLY_MAPPED,,,,,,,,,MFE,STEM_0065,6.0,,,,,,,,,,,,STRUCTURAL_CONTEXT_ONLY,
Ras85D_CTX_VIR_MFE_BULGE_0010,Ras85D_HO_00949,D.virilis,STRUCTURE_SEGMENT,RNA_STRUCTURE,STRUCTURE,BULGE,D.virilis::MFE::BULGE_0010,29A_2_01A_Structural_Mapping,A_nucleotide_structure_annotation.csv,,585,585,1,C,forward,681,681,681.0,VALID,BULGE,True,FINAL,,,,,,,,,,,,ABSENT_IN_TARGET,,,ABSENT_IN_TARGET,585.0,585.0,FULLY_MAPPED,,,,,,,,,MFE,BULGE_0010,1.0,,,,,,,,,,,,STRUCTURAL_CONTEXT_ONLY,
Ras85D_CTX_VIR_MFE_STEM_0066,Ras85D_HO_01131,D.virilis,STRUCTURE_SEGMENT,RNA_STRUCTURE,STRUCTURE,STEM,D.virilis::MFE::STEM_0066,29A_2_01A_Structural_Mapping,A_nucleotide_structure_annotation.csv,,586,587,2,AT,forward,682,683,682.5,VALID,STEM,True,FINAL,,,,,,,,,,,,ABSENT_IN_TARGET,,,ABSENT_IN_TARGET,586.0,587.0,FULLY_MAPPED,,,,,,,,,MFE,STEM_0066,2.0,,,,,,,,,,,,STRUCTURAL_CONTEXT_ONLY,
Ras85D_CTX_VIR_MFE_HAIRPIN_LOOP_0009,Ras85D_HO_00963,D.virilis,STRUCTURE_SEGMENT,RNA_STRUCTURE,STRUCTURE,HAIRPIN_LOOP,D.virilis::MFE::HAIRPIN_LOOP_0009,29A_2_01A_Structural_Mapping,A_nucleotide_structure_annotation.csv,,588,602,15,ATATATCTTTTACCA,forward,684,698,691.0,VALID,HAIRPIN_LOOP,True,FINAL,,,,,,,,,,,,ABSENT_IN_TARGET,,,ABSENT_IN_TARGET,588.0,602.0,FULLY_MAPPED,,,,,,,,,MFE,HAIRPIN_LOOP_0009,15.0,,,,,,,,,,,,STRUCTURAL_CONTEXT_ONLY,
Ras85D_CTX_VIR_MFE_STEM_0067,Ras85D_HO_01132,D.virilis,STRUCTURE_SEGMENT,RNA_STRUCTURE,STRUCTURE,STEM,D.virilis::MFE::STEM_0067,29A_2_01A_Structural_Mapping,A_nucleotide_structure_annotation.csv,,603,606,4,GTCA,forward,699,702,700.5,VALID,STEM,True,FINAL,,,,,,,,,,,,ABSENT_IN_TARGET,,,ABSENT_IN_TARGET,603.0,606.0,FULLY_MAPPED,,,,,,,,,MFE,STEM_0067,4.0,,,,,,,,,,,,STRUCTURAL_CONTEXT_ONLY,
Ras85D_CTX_VIR_MFE_BULGE_0011,Ras85D_HO_00950,D.virilis,STRUCTURE_SEGMENT,RNA_STRUCTURE,STRUCTURE,BULGE,D.virilis::MFE::BULGE_0011,29A_2_01A_Structural_Mapping,A_nucleotide_structure_annotation.csv,,607,607,1,C,forward,703,703,703.0,VALID,BULGE,True,FINAL,,,,,,,,,,,,ABSENT_IN_TARGET,,,ABSENT_IN_TARGET,607.0,607.0,FULLY_MAPPED,,,,,,,,,MFE,BULGE_0011,1.0,,,,,,,,,,,,STRUCTURAL_CONTEXT_ONLY,
Ras85D_CTX_VIR_MFE_STEM_0068,Ras85D_HO_01133,D.virilis,STRUCTURE_SEGMENT,RNA_STRUCTURE,STRUCTURE,STEM,D.virilis::MFE::STEM_0068,29A_2_01A_Structural_Mapping,A_nucleotide_structure_annotation.csv,,608,611,4,GCTT,forward,704,707,705.5,VALID,STEM,True,FINAL,,,,,,,,,,,,ABSENT_IN_TARGET,,,ABSENT_IN_TARGET,608.0,611.0,FULLY_MAPPED,,,,,,,,,MFE,STEM_0068,4.0,,,,,,,,,,,,STRUCTURAL_CONTEXT_ONLY,
Ras85D_CTX_VIR_MFE_MULTILOOP_0011,Ras85D_HO_01054,D.virilis,STRUCTURE_SEGMENT,RNA_STRUCTURE,STRUCTURE,MULTILOOP,D.virilis::MFE::MULTILOOP_0011,29A_2_01A_Structural_Mapping,A_nucleotide_structure_annotation.csv,,612,614,3,GAT,forward,708,710,709.0,VALID,MULTILOOP,True,FINAL,,,,,,,,,,,,ABSENT_IN_TARGET,,,ABSENT_IN_TARGET,612.0,614.0,FULLY_MAPPED,,,,,,,,,MFE,MULTILOOP_0011,3.0,,,,,,,,,,,,STRUCTURAL_CONTEXT_ONLY,
Ras85D_CTX_VIR_MFE_STEM_0069,Ras85D_HO_01134,D.virilis,STRUCTURE_SEGMENT,RNA_STRUCTURE,STRUCTURE,STEM,D.virilis::MFE::STEM_0069,29A_2_01A_Structural_Mapping,A_nucleotide_structure_annotation.csv,,615,624,10,TTCGTTCCCT,forward,711,720,715.5,VALID,STEM,True,FINAL,,,,,,,,,,,,ABSENT_IN_TARGET,,,ABSENT_IN_TARGET,615.0,624.0,FULLY_MAPPED,,,,,,,,,MFE,STEM_0069,10.0,,,,,,,,,,,,STRUCTURAL_CONTEXT_ONLY,
Ras85D_CTX_VIR_MFE_INTERNAL_LOOP_0038,Ras85D_HO_01009,D.virilis,STRUCTURE_SEGMENT,RNA_STRUCTURE,STRUCTURE,INTERNAL_LOOP,D.virilis::MFE::INTERNAL_LOOP_0038,29A_2_01A_Structural_Mapping,A_nucleotide_structure_annotation.csv,,625,625,1,C,forward,721,721,721.0,VALID,INTERNAL_LOOP,True,FINAL,,,,,,,,,,,,ABSENT_IN_TARGET,,,ABSENT_IN_TARGET,625.0,625.0,FULLY_MAPPED,,,,,,,,,MFE,INTERNAL_LOOP_0038,1.0,,,,,,,,,,,,STRUCTURAL_CONTEXT_ONLY,
Ras85D_CTX_VIR_MFE_STEM_0070,Ras85D_HO_01135,D.virilis,STRUCTURE_SEGMENT,RNA_STRUCTURE,STRUCTURE,STEM,D.virilis::MFE::STEM_0070,29A_2_01A_Structural_Mapping,A_nucleotide_structure_annotation.csv,,626,632,7,TCTTGCA,forward,722,728,725.0,VALID,STEM,True,FINAL,,,,,,,,,,,,ABSENT_IN_TARGET,,,ABSENT_IN_TARGET,626.0,632.0,FULLY_MAPPED,,,,,,,,,MFE,STEM_0070,7.0,,,,,,,,,,,,STRUCTURAL_CONTEXT_ONLY,
Ras85D_CTX_VIR_MFE_INTERNAL_LOOP_0039,Ras85D_HO_01010,D.virilis,STRUCTURE_SEGMENT,RNA_STRUCTURE,STRUCTURE,INTERNAL_LOOP,D.virilis::MFE::INTERNAL_LOOP_0039,29A_2_01A_Structural_Mapping,A_nucleotide_structure_annotation.csv,,633,634,2,AA,forward,729,730,729.5,VALID,INTERNAL_LOOP,True,FINAL,,,,,,,,,,,,ABSENT_IN_TARGET,,,ABSENT_IN_TARGET,633.0,634.0,FULLY_MAPPED,,,,,,,,,MFE,INTERNAL_LOOP_0039,2.0,,,,,,,,,,,,STRUCTURAL_CONTEXT_ONLY,
Ras85D_CTX_VIR_MFE_STEM_0071,Ras85D_HO_01136,D.virilis,STRUCTURE_SEGMENT,RNA_STRUCTURE,STRUCTURE,STEM,D.virilis::MFE::STEM_0071,29A_2_01A_Structural_Mapping,A_nucleotide_structure_annotation.csv,,635,636,2,CA,forward,731,732,731.5,VALID,STEM,True,FINAL,,,,,,,,,,,,ABSENT_IN_TARGET,,,ABSENT_IN_TARGET,635.0,636.0,FULLY_MAPPED,,,,,,,,,MFE,STEM_0071,2.0,,,,,,,,,,,,STRUCTURAL_CONTEXT_ONLY,
Ras85D_CTX_VIR_MFE_INTERNAL_LOOP_0040,Ras85D_HO_01011,D.virilis,STRUCTURE_SEGMENT,RNA_STRUCTURE,STRUCTURE,INTERNAL_LOOP,D.virilis::MFE::INTERNAL_LOOP_0040,29A_2_01A_Structural_Mapping,A_nucleotide_structure_annotation.csv,,637,638,2,CA,forward,733,734,733.5,VALID,INTERNAL_LOOP,True,FINAL,,,,,,,,,,,,ABSENT_IN_TARGET,,,ABSENT_IN_TARGET,637.0,638.0,FULLY_MAPPED,,,,,,,,,MFE,INTERNAL_LOOP_0040,2.0,,,,,,,,,,,,STRUCTURAL_CONTEXT_ONLY,
Ras85D_CTX_VIR_MFE_STEM_0072,Ras85D_HO_01137,D.virilis,STRUCTURE_SEGMENT,RNA_STRUCTURE,STRUCTURE,STEM,D.virilis::MFE::STEM_0072,29A_2_01A_Structural_Mapping,A_nucleotide_structure_annotation.csv,,639,640,2,CT,forward,735,736,735.5,VALID,STEM,True,FINAL,,,,,,,,,,572.0,573.0,FULLY_MAPPED,572.0,573.0,FULLY_MAPPED,639.0,640.0,FULLY_MAPPED,,,,,,,,,MFE,STEM_0072,2.0,,,,,,,,,,,,STRUCTURAL_CONTEXT_ONLY,
Ras85D_CTX_VIR_MFE_INTERNAL_LOOP_0041,Ras85D_HO_01012,D.virilis,STRUCTURE_SEGMENT,RNA_STRUCTURE,STRUCTURE,INTERNAL_LOOP,D.virilis::MFE::INTERNAL_LOOP_0041,29A_2_01A_Structural_Mapping,A_nucleotide_structure_annotation.csv,,641,641,1,C,forward,739,739,739.0,VALID,INTERNAL_LOOP,True,FINAL,,,,,,,,,,576.0,576.0,FULLY_MAPPED,576.0,576.0,FULLY_MAPPED,641.0,641.0,FULLY_MAPPED,,,,,,,,,MFE,INTERNAL_LOOP_0041,1.0,,,,,,,,,,,,STRUCTURAL_CONTEXT_ONLY,
Ras85D_CTX_VIR_MFE_STEM_0073,Ras85D_HO_01138,D.virilis,STRUCTURE_SEGMENT,RNA_STRUCTURE,STRUCTURE,STEM,D.virilis::MFE::STEM_0073,29A_2_01A_Structural_Mapping,A_nucleotide_structure_annotation.csv,,642,647,6,ACACGC,forward,740,745,742.5,VALID,STEM,True,FINAL,,,,,,,,,,577.0,582.0,FULLY_MAPPED,577.0,582.0,FULLY_MAPPED,642.0,647.0,FULLY_MAPPED,,,,,,,,,MFE,STEM_0073,6.0,,,,,,,,,,,,STRUCTURAL_CONTEXT_ONLY,
Ras85D_CTX_VIR_MFE_INTERNAL_LOOP_0042,Ras85D_HO_01013,D.virilis,STRUCTURE_SEGMENT,RNA_STRUCTURE,STRUCTURE,INTERNAL_LOOP,D.virilis::MFE::INTERNAL_LOOP_0042,29A_2_01A_Structural_Mapping,A_nucleotide_structure_annotation.csv,,648,648,1,A,forward,746,746,746.0,VALID,INTERNAL_LOOP,True,FINAL,,,,,,,,,,583.0,583.0,FULLY_MAPPED,583.0,583.0,FULLY_MAPPED,648.0,648.0,FULLY_MAPPED,,,,,,,,,MFE,INTERNAL_LOOP_0042,1.0,,,,,,,,,,,,STRUCTURAL_CONTEXT_ONLY,
Ras85D_CTX_VIR_MFE_STEM_0074,Ras85D_HO_01139,D.virilis,STRUCTURE_SEGMENT,RNA_STRUCTURE,STRUCTURE,STEM,D.virilis::MFE::STEM_0074,29A_2_01A_Structural_Mapping,A_nucleotide_structure_annotation.csv,,649,650,2,CA,forward,747,748,747.5,VALID,STEM,True,FINAL,,,,,,,,,,584.0,585.0,FULLY_MAPPED,584.0,585.0,FULLY_MAPPED,649.0,650.0,FULLY_MAPPED,,,,,,,,,MFE,STEM_0074,2.0,,,,,,,,,,,,STRUCTURAL_CONTEXT_ONLY,
Ras85D_CTX_VIR_MFE_MULTILOOP_0012,Ras85D_HO_01055,D.virilis,STRUCTURE_SEGMENT,RNA_STRUCTURE,STRUCTURE,MULTILOOP,D.virilis::MFE::MULTILOOP_0012,29A_2_01A_Structural_Mapping,A_nucleotide_structure_annotation.csv,,651,654,4,AACA,forward,749,752,750.5,VALID,MULTILOOP,True,FINAL,,,,,,,,,,586.0,589.0,FULLY_MAPPED,586.0,589.0,FULLY_MAPPED,651.0,654.0,FULLY_MAPPED,,,,,,,,,MFE,MULTILOOP_0012,4.0,,,,,,,,,,,,STRUCTURAL_CONTEXT_ONLY,
Ras85D_CTX_VIR_MFE_STEM_0075,Ras85D_HO_01140,D.virilis,STRUCTURE_SEGMENT,RNA_STRUCTURE,STRUCTURE,STEM,D.virilis::MFE::STEM_0075,29A_2_01A_Structural_Mapping,A_nucleotide_structure_annotation.csv,,655,660,6,GAATTC,forward,753,758,755.5,VALID,STEM,True,FINAL,,,,,,,,,,590.0,595.0,FULLY_MAPPED,590.0,595.0,FULLY_MAPPED,655.0,660.0,FULLY_MAPPED,,,,,,,,,MFE,STEM_0075,6.0,,,,,,,,,,,,STRUCTURAL_CONTEXT_ONLY,
Ras85D_CTX_VIR_MFE_HAIRPIN_LOOP_0010,Ras85D_HO_00964,D.virilis,STRUCTURE_SEGMENT,RNA_STRUCTURE,STRUCTURE,HAIRPIN_LOOP,D.virilis::MFE::HAIRPIN_LOOP_0010,29A_2_01A_Structural_Mapping,A_nucleotide_structure_annotation.csv,,661,665,5,CATTA,forward,759,763,761.0,VALID,HAIRPIN_LOOP,True,FINAL,,,,,,,,,,596.0,600.0,FULLY_MAPPED,596.0,600.0,FULLY_MAPPED,661.0,665.0,FULLY_MAPPED,,,,,,,,,MFE,HAIRPIN_LOOP_0010,5.0,,,,,,,,,,,,STRUCTURAL_CONTEXT_ONLY,
Ras85D_CTX_VIR_MFE_STEM_0076,Ras85D_HO_01141,D.virilis,STRUCTURE_SEGMENT,RNA_STRUCTURE,STRUCTURE,STEM,D.virilis::MFE::STEM_0076,29A_2_01A_Structural_Mapping,A_nucleotide_structure_annotation.csv,,666,680,15,GAATTTCCACAAGAA,forward,764,779,771.5,VALID,STEM,True,FINAL,,,,,,,,,,601.0,616.0,FULLY_MAPPED,601.0,616.0,FULLY_MAPPED,666.0,680.0,PARTIALLY_GAPPED,,,,,,,,,MFE,STEM_0076,15.0,,,,,,,,,,,,STRUCTURAL_CONTEXT_ONLY,
Ras85D_CTX_VIR_MFE_INTERNAL_LOOP_0043,Ras85D_HO_01014,D.virilis,STRUCTURE_SEGMENT,RNA_STRUCTURE,STRUCTURE,INTERNAL_LOOP,D.virilis::MFE::INTERNAL_LOOP_0043,29A_2_01A_Structural_Mapping,A_nucleotide_structure_annotation.csv,,681,681,1,A,forward,780,780,780.0,VALID,INTERNAL_LOOP,True,FINAL,,,,,,,,,,617.0,617.0,FULLY_MAPPED,617.0,617.0,FULLY_MAPPED,681.0,681.0,FULLY_MAPPED,,,,,,,,,MFE,INTERNAL_LOOP_0043,1.0,,,,,,,,,,,,STRUCTURAL_CONTEXT_ONLY,
Ras85D_CTX_VIR_MFE_STEM_0077,Ras85D_HO_01142,D.virilis,STRUCTURE_SEGMENT,RNA_STRUCTURE,STRUCTURE,STEM,D.virilis::MFE::STEM_0077,29A_2_01A_Structural_Mapping,A_nucleotide_structure_annotation.csv,,682,683,2,AT,forward,781,782,781.5,VALID,STEM,True,FINAL,,,,,,,,,,618.0,618.0,PARTIALLY_GAPPED,618.0,618.0,PARTIALLY_GAPPED,682.0,683.0,FULLY_MAPPED,,,,,,,,,MFE,STEM_0077,2.0,,,,,,,,,,,,STRUCTURAL_CONTEXT_ONLY,
Ras85D_CTX_VIR_MFE_INTERNAL_LOOP_0044,Ras85D_HO_01015,D.virilis,STRUCTURE_SEGMENT,RNA_STRUCTURE,STRUCTURE,INTERNAL_LOOP,D.virilis::MFE::INTERNAL_LOOP_0044,29A_2_01A_Structural_Mapping,A_nucleotide_structure_annotation.csv,,684,684,1,T,forward,783,783,783.0,VALID,INTERNAL_LOOP,True,FINAL,,,,,,,,,,,,ABSENT_IN_TARGET,,,ABSENT_IN_TARGET,684.0,684.0,FULLY_MAPPED,,,,,,,,,MFE,INTERNAL_LOOP_0044,1.0,,,,,,,,,,,,STRUCTURAL_CONTEXT_ONLY,
Ras85D_CTX_VIR_MFE_STEM_0078,Ras85D_HO_01143,D.virilis,STRUCTURE_SEGMENT,RNA_STRUCTURE,STRUCTURE,STEM,D.virilis::MFE::STEM_0078,29A_2_01A_Structural_Mapping,A_nucleotide_structure_annotation.csv,,685,687,3,GAA,forward,784,786,785.0,VALID,STEM,True,FINAL,,,,,,,,,,619.0,621.0,FULLY_MAPPED,619.0,621.0,FULLY_MAPPED,685.0,687.0,FULLY_MAPPED,,,,,,,,,MFE,STEM_0078,3.0,,,,,,,,,,,,STRUCTURAL_CONTEXT_ONLY,
Ras85D_CTX_VIR_MFE_INTERNAL_LOOP_0045,Ras85D_HO_01016,D.virilis,STRUCTURE_SEGMENT,RNA_STRUCTURE,STRUCTURE,INTERNAL_LOOP,D.virilis::MFE::INTERNAL_LOOP_0045,29A_2_01A_Structural_Mapping,A_nucleotide_structure_annotation.csv,,688,688,1,A,forward,787,787,787.0,VALID,INTERNAL_LOOP,True,FINAL,,,,,,,,,,622.0,622.0,FULLY_MAPPED,622.0,622.0,FULLY_MAPPED,688.0,688.0,FULLY_MAPPED,,,,,,,,,MFE,INTERNAL_LOOP_0045,1.0,,,,,,,,,,,,STRUCTURAL_CONTEXT_ONLY,
Ras85D_CTX_VIR_MFE_STEM_0079,Ras85D_HO_01144,D.virilis,STRUCTURE_SEGMENT,RNA_STRUCTURE,STRUCTURE,STEM,D.virilis::MFE::STEM_0079,29A_2_01A_Structural_Mapping,A_nucleotide_structure_annotation.csv,,689,691,3,TGA,forward,788,790,789.0,VALID,STEM,True,FINAL,,,,,,,,,,623.0,623.0,PARTIALLY_GAPPED,623.0,623.0,PARTIALLY_GAPPED,689.0,691.0,FULLY_MAPPED,,,,,,,,,MFE,STEM_0079,3.0,,,,,,,,,,,,STRUCTURAL_CONTEXT_ONLY,
Ras85D_CTX_VIR_MFE_INTERNAL_LOOP_0046,Ras85D_HO_01017,D.virilis,STRUCTURE_SEGMENT,RNA_STRUCTURE,STRUCTURE,INTERNAL_LOOP,D.virilis::MFE::INTERNAL_LOOP_0046,29A_2_01A_Structural_Mapping,A_nucleotide_structure_annotation.csv,,692,694,3,AAA,forward,791,793,792.0,VALID,INTERNAL_LOOP,True,FINAL,,,,,,,,,,624.0,626.0,FULLY_MAPPED,624.0,626.0,FULLY_MAPPED,692.0,694.0,FULLY_MAPPED,,,,,,,,,MFE,INTERNAL_LOOP_0046,3.0,,,,,,,,,,,,STRUCTURAL_CONTEXT_ONLY,
Ras85D_CTX_VIR_MFE_STEM_0080,Ras85D_HO_01145,D.virilis,STRUCTURE_SEGMENT,RNA_STRUCTURE,STRUCTURE,STEM,D.virilis::MFE::STEM_0080,29A_2_01A_Structural_Mapping,A_nucleotide_structure_annotation.csv,,695,697,3,TTT,forward,794,796,795.0,VALID,STEM,True,FINAL,,,,,,,,,,627.0,628.0,PARTIALLY_GAPPED,627.0,628.0,PARTIALLY_GAPPED,695.0,697.0,FULLY_MAPPED,,,,,,,,,MFE,STEM_0080,3.0,,,,,,,,,,,,STRUCTURAL_CONTEXT_ONLY,
Ras85D_CTX_VIR_MFE_HAIRPIN_LOOP_0011,Ras85D_HO_00965,D.virilis,STRUCTURE_SEGMENT,RNA_STRUCTURE,STRUCTURE,HAIRPIN_LOOP,D.virilis::MFE::HAIRPIN_LOOP_0011,29A_2_01A_Structural_Mapping,A_nucleotide_structure_annotation.csv,,698,702,5,AACGA,forward,797,804,800.5,VALID,HAIRPIN_LOOP,True,FINAL,,,,,,,,,,629.0,636.0,FULLY_MAPPED,629.0,636.0,FULLY_MAPPED,698.0,702.0,PARTIALLY_GAPPED,,,,,,,,,MFE,HAIRPIN_LOOP_0011,5.0,,,,,,,,,,,,STRUCTURAL_CONTEXT_ONLY,
Ras85D_CTX_VIR_MFE_STEM_0081,Ras85D_HO_01146,D.virilis,STRUCTURE_SEGMENT,RNA_STRUCTURE,STRUCTURE,STEM,D.virilis::MFE::STEM_0081,29A_2_01A_Structural_Mapping,A_nucleotide_structure_annotation.csv,,703,705,3,AAA,forward,805,807,806.0,VALID,STEM,True,FINAL,,,,,,,,,,637.0,639.0,FULLY_MAPPED,637.0,639.0,FULLY_MAPPED,703.0,705.0,FULLY_MAPPED,,,,,,,,,MFE,STEM_0081,3.0,,,,,,,,,,,,STRUCTURAL_CONTEXT_ONLY,
Ras85D_CTX_VIR_MFE_INTERNAL_LOOP_0047,Ras85D_HO_01018,D.virilis,STRUCTURE_SEGMENT,RNA_STRUCTURE,STRUCTURE,INTERNAL_LOOP,D.virilis::MFE::INTERNAL_LOOP_0047,29A_2_01A_Structural_Mapping,A_nucleotide_structure_annotation.csv,,706,707,2,GA,forward,808,809,808.5,VALID,INTERNAL_LOOP,True,FINAL,,,,,,,,,,640.0,641.0,FULLY_MAPPED,640.0,641.0,FULLY_MAPPED,706.0,707.0,FULLY_MAPPED,,,,,,,,,MFE,INTERNAL_LOOP_0047,2.0,,,,,,,,,,,,STRUCTURAL_CONTEXT_ONLY,
Ras85D_CTX_VIR_MFE_STEM_0082,Ras85D_HO_01147,D.virilis,STRUCTURE_SEGMENT,RNA_STRUCTURE,STRUCTURE,STEM,D.virilis::MFE::STEM_0082,29A_2_01A_Structural_Mapping,A_nucleotide_structure_annotation.csv,,708,710,3,TCA,forward,810,812,811.0,VALID,STEM,True,FINAL,,,,,,,,,,642.0,644.0,FULLY_MAPPED,642.0,644.0,FULLY_MAPPED,708.0,710.0,FULLY_MAPPED,,,,,,,,,MFE,STEM_0082,3.0,,,,,,,,,,,,STRUCTURAL_CONTEXT_ONLY,
Ras85D_CTX_VIR_MFE_INTERNAL_LOOP_0048,Ras85D_HO_01019,D.virilis,STRUCTURE_SEGMENT,RNA_STRUCTURE,STRUCTURE,INTERNAL_LOOP,D.virilis::MFE::INTERNAL_LOOP_0048,29A_2_01A_Structural_Mapping,A_nucleotide_structure_annotation.csv,,711,713,3,CTG,forward,813,815,814.0,VALID,INTERNAL_LOOP,True,FINAL,,,,,,,,,,645.0,647.0,FULLY_MAPPED,645.0,647.0,FULLY_MAPPED,711.0,713.0,FULLY_MAPPED,,,,,,,,,MFE,INTERNAL_LOOP_0048,3.0,,,,,,,,,,,,STRUCTURAL_CONTEXT_ONLY,
Ras85D_CTX_VIR_MFE_STEM_0083,Ras85D_HO_01148,D.virilis,STRUCTURE_SEGMENT,RNA_STRUCTURE,STRUCTURE,STEM,D.virilis::MFE::STEM_0083,29A_2_01A_Structural_Mapping,A_nucleotide_structure_annotation.csv,,714,716,3,TTC,forward,865,867,866.0,VALID,STEM,True,FINAL,,,,,,,,,,697.0,699.0,FULLY_MAPPED,697.0,699.0,FULLY_MAPPED,714.0,716.0,FULLY_MAPPED,,,,,,,,,MFE,STEM_0083,3.0,,,,,,,,,,,,STRUCTURAL_CONTEXT_ONLY,
Ras85D_CTX_VIR_MFE_INTERNAL_LOOP_0049,Ras85D_HO_01020,D.virilis,STRUCTURE_SEGMENT,RNA_STRUCTURE,STRUCTURE,INTERNAL_LOOP,D.virilis::MFE::INTERNAL_LOOP_0049,29A_2_01A_Structural_Mapping,A_nucleotide_structure_annotation.csv,,717,718,2,TT,forward,868,875,871.5,VALID,INTERNAL_LOOP,True,FINAL,,,,,,,,,,700.0,707.0,FULLY_MAPPED,700.0,707.0,FULLY_MAPPED,717.0,718.0,PARTIALLY_GAPPED,,,,,,,,,MFE,INTERNAL_LOOP_0049,2.0,,,,,,,,,,,,STRUCTURAL_CONTEXT_ONLY,
Ras85D_CTX_VIR_MFE_STEM_0084,Ras85D_HO_01149,D.virilis,STRUCTURE_SEGMENT,RNA_STRUCTURE,STRUCTURE,STEM,D.virilis::MFE::STEM_0084,29A_2_01A_Structural_Mapping,A_nucleotide_structure_annotation.csv,,719,720,2,AT,forward,876,877,876.5,VALID,STEM,True,FINAL,,,,,,,,,,708.0,709.0,FULLY_MAPPED,708.0,709.0,FULLY_MAPPED,719.0,720.0,FULLY_MAPPED,,,,,,,,,MFE,STEM_0084,2.0,,,,,,,,,,,,STRUCTURAL_CONTEXT_ONLY,
Ras85D_CTX_VIR_MFE_INTERNAL_LOOP_0050,Ras85D_HO_01021,D.virilis,STRUCTURE_SEGMENT,RNA_STRUCTURE,STRUCTURE,INTERNAL_LOOP,D.virilis::MFE::INTERNAL_LOOP_0050,29A_2_01A_Structural_Mapping,A_nucleotide_structure_annotation.csv,,721,721,1,A,forward,878,878,878.0,VALID,INTERNAL_LOOP,True,FINAL,,,,,,,,,,710.0,710.0,FULLY_MAPPED,710.0,710.0,FULLY_MAPPED,721.0,721.0,FULLY_MAPPED,,,,,,,,,MFE,INTERNAL_LOOP_0050,1.0,,,,,,,,,,,,STRUCTURAL_CONTEXT_ONLY,
Ras85D_CTX_VIR_MFE_STEM_0085,Ras85D_HO_01150,D.virilis,STRUCTURE_SEGMENT,RNA_STRUCTURE,STRUCTURE,STEM,D.virilis::MFE::STEM_0085,29A_2_01A_Structural_Mapping,A_nucleotide_structure_annotation.csv,,722,730,9,TTTTTGTGG,forward,879,887,883.0,VALID,STEM,True,FINAL,,,,,,,,,,711.0,719.0,FULLY_MAPPED,711.0,719.0,FULLY_MAPPED,722.0,730.0,FULLY_MAPPED,,,,,,,,,MFE,STEM_0085,9.0,,,,,,,,,,,,STRUCTURAL_CONTEXT_ONLY,
Ras85D_CTX_VIR_MFE_MULTILOOP_0013,Ras85D_HO_01056,D.virilis,STRUCTURE_SEGMENT,RNA_STRUCTURE,STRUCTURE,MULTILOOP,D.virilis::MFE::MULTILOOP_0013,29A_2_01A_Structural_Mapping,A_nucleotide_structure_annotation.csv,,731,731,1,T,forward,888,888,888.0,VALID,MULTILOOP,True,FINAL,,,,,,,,,,720.0,720.0,FULLY_MAPPED,720.0,720.0,FULLY_MAPPED,731.0,731.0,FULLY_MAPPED,,,,,,,,,MFE,MULTILOOP_0013,1.0,,,,,,,,,,,,STRUCTURAL_CONTEXT_ONLY,
Ras85D_CTX_VIR_MFE_STEM_0086,Ras85D_HO_01151,D.virilis,STRUCTURE_SEGMENT,RNA_STRUCTURE,STRUCTURE,STEM,D.virilis::MFE::STEM_0086,29A_2_01A_Structural_Mapping,A_nucleotide_structure_annotation.csv,,732,733,2,GC,forward,889,890,889.5,VALID,STEM,True,FINAL,,,,,,,,,,721.0,722.0,FULLY_MAPPED,721.0,722.0,FULLY_MAPPED,732.0,733.0,FULLY_MAPPED,,,,,,,,,MFE,STEM_0086,2.0,,,,,,,,,,,,STRUCTURAL_CONTEXT_ONLY,
Ras85D_CTX_VIR_MFE_INTERNAL_LOOP_0051,Ras85D_HO_01022,D.virilis,STRUCTURE_SEGMENT,RNA_STRUCTURE,STRUCTURE,INTERNAL_LOOP,D.virilis::MFE::INTERNAL_LOOP_0051,29A_2_01A_Structural_Mapping,A_nucleotide_structure_annotation.csv,,734,738,5,TAACT,forward,891,895,893.0,VALID,INTERNAL_LOOP,True,FINAL,,,,,,,,,,723.0,727.0,FULLY_MAPPED,723.0,727.0,FULLY_MAPPED,734.0,738.0,FULLY_MAPPED,,,,,,,,,MFE,INTERNAL_LOOP_0051,5.0,,,,,,,,,,,,STRUCTURAL_CONTEXT_ONLY,
Ras85D_CTX_VIR_MFE_STEM_0087,Ras85D_HO_01152,D.virilis,STRUCTURE_SEGMENT,RNA_STRUCTURE,STRUCTURE,STEM,D.virilis::MFE::STEM_0087,29A_2_01A_Structural_Mapping,A_nucleotide_structure_annotation.csv,,739,747,9,TGAAAAAAT,forward,896,904,900.0,VALID,STEM,True,FINAL,,,,,,,,,,728.0,736.0,FULLY_MAPPED,728.0,736.0,FULLY_MAPPED,739.0,747.0,FULLY_MAPPED,,,,,,,,,MFE,STEM_0087,9.0,,,,,,,,,,,,STRUCTURAL_CONTEXT_ONLY,
Ras85D_CTX_VIR_MFE_MULTILOOP_0014,Ras85D_HO_01057,D.virilis,STRUCTURE_SEGMENT,RNA_STRUCTURE,STRUCTURE,MULTILOOP,D.virilis::MFE::MULTILOOP_0014,29A_2_01A_Structural_Mapping,A_nucleotide_structure_annotation.csv,,748,751,4,CAAC,forward,905,909,907.0,VALID,MULTILOOP,True,FINAL,,,,,,,,,,737.0,741.0,FULLY_MAPPED,737.0,741.0,FULLY_MAPPED,748.0,751.0,PARTIALLY_GAPPED,,,,,,,,,MFE,MULTILOOP_0014,4.0,,,,,,,,,,,,STRUCTURAL_CONTEXT_ONLY,
Ras85D_CTX_VIR_MFE_STEM_0088,Ras85D_HO_01153,D.virilis,STRUCTURE_SEGMENT,RNA_STRUCTURE,STRUCTURE,STEM,D.virilis::MFE::STEM_0088,29A_2_01A_Structural_Mapping,A_nucleotide_structure_annotation.csv,,752,754,3,TGC,forward,910,912,911.0,VALID,STEM,True,FINAL,,,,,,,,,,742.0,742.0,PARTIALLY_GAPPED,742.0,742.0,PARTIALLY_GAPPED,752.0,754.0,FULLY_MAPPED,,,,,,,,,MFE,STEM_0088,3.0,,,,,,,,,,,,STRUCTURAL_CONTEXT_ONLY,
Ras85D_CTX_VIR_MFE_HAIRPIN_LOOP_0012,Ras85D_HO_00966,D.virilis,STRUCTURE_SEGMENT,RNA_STRUCTURE,STRUCTURE,HAIRPIN_LOOP,D.virilis::MFE::HAIRPIN_LOOP_0012,29A_2_01A_Structural_Mapping,A_nucleotide_structure_annotation.csv,,755,762,8,AAACAACA,forward,913,920,916.5,VALID,HAIRPIN_LOOP,True,FINAL,,,,,,,,,,,,ABSENT_IN_TARGET,,,ABSENT_IN_TARGET,755.0,762.0,FULLY_MAPPED,,,,,,,,,MFE,HAIRPIN_LOOP_0012,8.0,,,,,,,,,,,,STRUCTURAL_CONTEXT_ONLY,
Ras85D_CTX_VIR_MFE_STEM_0089,Ras85D_HO_01154,D.virilis,STRUCTURE_SEGMENT,RNA_STRUCTURE,STRUCTURE,STEM,D.virilis::MFE::STEM_0089,29A_2_01A_Structural_Mapping,A_nucleotide_structure_annotation.csv,,763,765,3,GCA,forward,921,923,922.0,VALID,STEM,True,FINAL,,,,,,,,,,,,ABSENT_IN_TARGET,,,ABSENT_IN_TARGET,763.0,765.0,FULLY_MAPPED,,,,,,,,,MFE,STEM_0089,3.0,,,,,,,,,,,,STRUCTURAL_CONTEXT_ONLY,
Ras85D_CTX_VIR_MFE_MULTILOOP_0015,Ras85D_HO_01058,D.virilis,STRUCTURE_SEGMENT,RNA_STRUCTURE,STRUCTURE,MULTILOOP,D.virilis::MFE::MULTILOOP_0015,29A_2_01A_Structural_Mapping,A_nucleotide_structure_annotation.csv,,766,767,2,CA,forward,924,925,924.5,VALID,MULTILOOP,True,FINAL,,,,,,,,,,,,ABSENT_IN_TARGET,,,ABSENT_IN_TARGET,766.0,767.0,FULLY_MAPPED,,,,,,,,,MFE,MULTILOOP_0015,2.0,,,,,,,,,,,,STRUCTURAL_CONTEXT_ONLY,
Ras85D_CTX_VIR_MFE_STEM_0090,Ras85D_HO_01155,D.virilis,STRUCTURE_SEGMENT,RNA_STRUCTURE,STRUCTURE,STEM,D.virilis::MFE::STEM_0090,29A_2_01A_Structural_Mapping,A_nucleotide_structure_annotation.csv,,768,775,8,AAATCTTG,forward,926,933,929.5,VALID,STEM,True,FINAL,,,,,,,,,,743.0,745.0,PARTIALLY_GAPPED,743.0,745.0,PARTIALLY_GAPPED,768.0,775.0,FULLY_MAPPED,,,,,,,,,MFE,STEM_0090,8.0,,,,,,,,,,,,STRUCTURAL_CONTEXT_ONLY,
Ras85D_CTX_VIR_MFE_INTERNAL_LOOP_0052,Ras85D_HO_01023,D.virilis,STRUCTURE_SEGMENT,RNA_STRUCTURE,STRUCTURE,INTERNAL_LOOP,D.virilis::MFE::INTERNAL_LOOP_0052,29A_2_01A_Structural_Mapping,A_nucleotide_structure_annotation.csv,,776,780,5,TATCA,forward,934,938,936.0,VALID,INTERNAL_LOOP,True,FINAL,,,,,,,,,,746.0,750.0,FULLY_MAPPED,746.0,750.0,FULLY_MAPPED,776.0,780.0,FULLY_MAPPED,,,,,,,,,MFE,INTERNAL_LOOP_0052,5.0,,,,,,,,,,,,STRUCTURAL_CONTEXT_ONLY,
Ras85D_CTX_VIR_MFE_STEM_0091,Ras85D_HO_01156,D.virilis,STRUCTURE_SEGMENT,RNA_STRUCTURE,STRUCTURE,STEM,D.virilis::MFE::STEM_0091,29A_2_01A_Structural_Mapping,A_nucleotide_structure_annotation.csv,,781,785,5,GTTAT,forward,939,943,941.0,VALID,STEM,True,FINAL,,,,,,,,,,751.0,755.0,FULLY_MAPPED,751.0,755.0,FULLY_MAPPED,781.0,785.0,FULLY_MAPPED,,,,,,,,,MFE,STEM_0091,5.0,,,,,,,,,,,,STRUCTURAL_CONTEXT_ONLY,
Ras85D_CTX_VIR_MFE_EXTERIOR_0001,Ras85D_HO_00953,D.virilis,STRUCTURE_SEGMENT,RNA_STRUCTURE,STRUCTURE,EXTERIOR,D.virilis::MFE::EXTERIOR_0001,29A_2_01A_Structural_Mapping,A_nucleotide_structure_annotation.csv,,786,791,6,TTTAAA,forward,944,949,946.5,VALID,EXTERIOR,True,FINAL,,,,,,,,,,756.0,761.0,FULLY_MAPPED,756.0,761.0,FULLY_MAPPED,786.0,791.0,FULLY_MAPPED,,,,,,,,,MFE,EXTERIOR_0001,6.0,,,,,,,,,,,,STRUCTURAL_CONTEXT_ONLY,
Ras85D_CTX_VIR_MFE_STEM_0092,Ras85D_HO_01157,D.virilis,STRUCTURE_SEGMENT,RNA_STRUCTURE,STRUCTURE,STEM,D.virilis::MFE::STEM_0092,29A_2_01A_Structural_Mapping,A_nucleotide_structure_annotation.csv,,792,796,5,GTAAT,forward,950,954,952.0,VALID,STEM,True,FINAL,,,,,,,,,,,,ABSENT_IN_TARGET,,,ABSENT_IN_TARGET,792.0,796.0,FULLY_MAPPED,,,,,,,,,MFE,STEM_0092,5.0,,,,,,,,,,,,STRUCTURAL_CONTEXT_ONLY,
Ras85D_CTX_VIR_MFE_INTERNAL_LOOP_0053,Ras85D_HO_01024,D.virilis,STRUCTURE_SEGMENT,RNA_STRUCTURE,STRUCTURE,INTERNAL_LOOP,D.virilis::MFE::INTERNAL_LOOP_0053,29A_2_01A_Structural_Mapping,A_nucleotide_structure_annotation.csv,,797,797,1,C,forward,955,955,955.0,VALID,INTERNAL_LOOP,True,FINAL,,,,,,,,,,,,ABSENT_IN_TARGET,,,ABSENT_IN_TARGET,797.0,797.0,FULLY_MAPPED,,,,,,,,,MFE,INTERNAL_LOOP_0053,1.0,,,,,,,,,,,,STRUCTURAL_CONTEXT_ONLY,
Ras85D_CTX_VIR_MFE_STEM_0093,Ras85D_HO_01158,D.virilis,STRUCTURE_SEGMENT,RNA_STRUCTURE,STRUCTURE,STEM,D.virilis::MFE::STEM_0093,29A_2_01A_Structural_Mapping,A_nucleotide_structure_annotation.csv,,798,803,6,GATTAT,forward,956,961,958.5,VALID,STEM,True,FINAL,,,,,,,,,,762.0,765.0,PARTIALLY_GAPPED,762.0,765.0,PARTIALLY_GAPPED,798.0,803.0,FULLY_MAPPED,,,,,,,,,MFE,STEM_0093,6.0,,,,,,,,,,,,STRUCTURAL_CONTEXT_ONLY,
Ras85D_CTX_VIR_MFE_MULTILOOP_0016,Ras85D_HO_01059,D.virilis,STRUCTURE_SEGMENT,RNA_STRUCTURE,STRUCTURE,MULTILOOP,D.virilis::MFE::MULTILOOP_0016,29A_2_01A_Structural_Mapping,A_nucleotide_structure_annotation.csv,,804,810,7,ATTTTTT,forward,962,968,965.0,VALID,MULTILOOP,True,FINAL,,,,,,,,,,766.0,772.0,FULLY_MAPPED,766.0,772.0,FULLY_MAPPED,804.0,810.0,FULLY_MAPPED,,,,,,,,,MFE,MULTILOOP_0016,7.0,,,,,,,,,,,,STRUCTURAL_CONTEXT_ONLY,
Ras85D_CTX_VIR_MFE_STEM_0094,Ras85D_HO_01159,D.virilis,STRUCTURE_SEGMENT,RNA_STRUCTURE,STRUCTURE,STEM,D.virilis::MFE::STEM_0094,29A_2_01A_Structural_Mapping,A_nucleotide_structure_annotation.csv,,811,817,7,TCTACTT,forward,969,975,972.0,VALID,STEM,True,FINAL,,,,,,,,,,773.0,779.0,FULLY_MAPPED,773.0,779.0,FULLY_MAPPED,811.0,817.0,FULLY_MAPPED,,,,,,,,,MFE,STEM_0094,7.0,,,,,,,,,,,,STRUCTURAL_CONTEXT_ONLY,
Ras85D_CTX_VIR_MFE_MULTILOOP_0017,Ras85D_HO_01060,D.virilis,STRUCTURE_SEGMENT,RNA_STRUCTURE,STRUCTURE,MULTILOOP,D.virilis::MFE::MULTILOOP_0017,29A_2_01A_Structural_Mapping,A_nucleotide_structure_annotation.csv,,818,822,5,ATCTT,forward,976,980,978.0,VALID,MULTILOOP,True,FINAL,,,,,,,,,,780.0,784.0,FULLY_MAPPED,780.0,784.0,FULLY_MAPPED,818.0,822.0,FULLY_MAPPED,,,,,,,,,MFE,MULTILOOP_0017,5.0,,,,,,,,,,,,STRUCTURAL_CONTEXT_ONLY,
Ras85D_CTX_VIR_MFE_STEM_0095,Ras85D_HO_01160,D.virilis,STRUCTURE_SEGMENT,RNA_STRUCTURE,STRUCTURE,STEM,D.virilis::MFE::STEM_0095,29A_2_01A_Structural_Mapping,A_nucleotide_structure_annotation.csv,,823,827,5,ACTGA,forward,981,985,983.0,VALID,STEM,True,FINAL,,,,,,,,,,785.0,789.0,FULLY_MAPPED,785.0,789.0,FULLY_MAPPED,823.0,827.0,FULLY_MAPPED,,,,,,,,,MFE,STEM_0095,5.0,,,,,,,,,,,,STRUCTURAL_CONTEXT_ONLY,
Ras85D_CTX_VIR_MFE_HAIRPIN_LOOP_0013,Ras85D_HO_00967,D.virilis,STRUCTURE_SEGMENT,RNA_STRUCTURE,STRUCTURE,HAIRPIN_LOOP,D.virilis::MFE::HAIRPIN_LOOP_0013,29A_2_01A_Structural_Mapping,A_nucleotide_structure_annotation.csv,,828,835,8,CCGAACGA,forward,986,993,989.5,VALID,HAIRPIN_LOOP,True,FINAL,,,,,,,,,,790.0,791.0,PARTIALLY_GAPPED,790.0,791.0,PARTIALLY_GAPPED,828.0,835.0,FULLY_MAPPED,,,,,,,,,MFE,HAIRPIN_LOOP_0013,8.0,,,,,,,,,,,,STRUCTURAL_CONTEXT_ONLY,
Ras85D_CTX_VIR_MFE_STEM_0096,Ras85D_HO_01161,D.virilis,STRUCTURE_SEGMENT,RNA_STRUCTURE,STRUCTURE,STEM,D.virilis::MFE::STEM_0096,29A_2_01A_Structural_Mapping,A_nucleotide_structure_annotation.csv,,836,840,5,TCAGT,forward,994,998,996.0,VALID,STEM,True,FINAL,,,,,,,,,,,,ABSENT_IN_TARGET,,,ABSENT_IN_TARGET,836.0,840.0,FULLY_MAPPED,,,,,,,,,MFE,STEM_0096,5.0,,,,,,,,,,,,STRUCTURAL_CONTEXT_ONLY,
Ras85D_CTX_VIR_MFE_MULTILOOP_0018,Ras85D_HO_01061,D.virilis,STRUCTURE_SEGMENT,RNA_STRUCTURE,STRUCTURE,MULTILOOP,D.virilis::MFE::MULTILOOP_0018,29A_2_01A_Structural_Mapping,A_nucleotide_structure_annotation.csv,,841,843,3,TAA,forward,999,1001,1000.0,VALID,MULTILOOP,True,FINAL,,,,,,,,,,,,ABSENT_IN_TARGET,,,ABSENT_IN_TARGET,841.0,843.0,FULLY_MAPPED,,,,,,,,,MFE,MULTILOOP_0018,3.0,,,,,,,,,,,,STRUCTURAL_CONTEXT_ONLY,
Ras85D_CTX_VIR_MFE_STEM_0097,Ras85D_HO_01162,D.virilis,STRUCTURE_SEGMENT,RNA_STRUCTURE,STRUCTURE,STEM,D.virilis::MFE::STEM_0097,29A_2_01A_Structural_Mapping,A_nucleotide_structure_annotation.csv,,844,865,22,CTAGCTTATGCAAAGCTTTTGC,forward,1002,1023,1012.5,VALID,STEM,True,FINAL,,,,,,,,,,,,ABSENT_IN_TARGET,,,ABSENT_IN_TARGET,844.0,865.0,FULLY_MAPPED,,,,,,,,,MFE,STEM_0097,22.0,,,,,,,,,,,,STRUCTURAL_CONTEXT_ONLY,
Ras85D_CTX_VIR_MFE_INTERNAL_LOOP_0054,Ras85D_HO_01025,D.virilis,STRUCTURE_SEGMENT,RNA_STRUCTURE,STRUCTURE,INTERNAL_LOOP,D.virilis::MFE::INTERNAL_LOOP_0054,29A_2_01A_Structural_Mapping,A_nucleotide_structure_annotation.csv,,866,869,4,CTGA,forward,1024,1027,1025.5,VALID,INTERNAL_LOOP,True,FINAL,,,,,,,,,,,,ABSENT_IN_TARGET,,,ABSENT_IN_TARGET,866.0,869.0,FULLY_MAPPED,,,,,,,,,MFE,INTERNAL_LOOP_0054,4.0,,,,,,,,,,,,STRUCTURAL_CONTEXT_ONLY,
Ras85D_CTX_VIR_MFE_STEM_0098,Ras85D_HO_01163,D.virilis,STRUCTURE_SEGMENT,RNA_STRUCTURE,STRUCTURE,STEM,D.virilis::MFE::STEM_0098,29A_2_01A_Structural_Mapping,A_nucleotide_structure_annotation.csv,,870,873,4,AAAG,forward,1028,1031,1029.5,VALID,STEM,True,FINAL,,,,,,,,,,,,ABSENT_IN_TARGET,,,ABSENT_IN_TARGET,870.0,873.0,FULLY_MAPPED,,,,,,,,,MFE,STEM_0098,4.0,,,,,,,,,,,,STRUCTURAL_CONTEXT_ONLY,
Ras85D_CTX_VIR_MFE_INTERNAL_LOOP_0055,Ras85D_HO_01026,D.virilis,STRUCTURE_SEGMENT,RNA_STRUCTURE,STRUCTURE,INTERNAL_LOOP,D.virilis::MFE::INTERNAL_LOOP_0055,29A_2_01A_Structural_Mapping,A_nucleotide_structure_annotation.csv,,874,874,1,A,forward,1032,1032,1032.0,VALID,INTERNAL_LOOP,True,FINAL,,,,,,,,,,,,ABSENT_IN_TARGET,,,ABSENT_IN_TARGET,874.0,874.0,FULLY_MAPPED,,,,,,,,,MFE,INTERNAL_LOOP_0055,1.0,,,,,,,,,,,,STRUCTURAL_CONTEXT_ONLY,
Ras85D_CTX_VIR_MFE_STEM_0099,Ras85D_HO_01164,D.virilis,STRUCTURE_SEGMENT,RNA_STRUCTURE,STRUCTURE,STEM,D.virilis::MFE::STEM_0099,29A_2_01A_Structural_Mapping,A_nucleotide_structure_annotation.csv,,875,876,2,AA,forward,1033,1034,1033.5,VALID,STEM,True,FINAL,,,,,,,,,,,,ABSENT_IN_TARGET,,,ABSENT_IN_TARGET,875.0,876.0,FULLY_MAPPED,,,,,,,,,MFE,STEM_0099,2.0,,,,,,,,,,,,STRUCTURAL_CONTEXT_ONLY,
Ras85D_CTX_VIR_MFE_INTERNAL_LOOP_0056,Ras85D_HO_01027,D.virilis,STRUCTURE_SEGMENT,RNA_STRUCTURE,STRUCTURE,INTERNAL_LOOP,D.virilis::MFE::INTERNAL_LOOP_0056,29A_2_01A_Structural_Mapping,A_nucleotide_structure_annotation.csv,,877,877,1,A,forward,1035,1035,1035.0,VALID,INTERNAL_LOOP,True,FINAL,,,,,,,,,,,,ABSENT_IN_TARGET,,,ABSENT_IN_TARGET,877.0,877.0,FULLY_MAPPED,,,,,,,,,MFE,INTERNAL_LOOP_0056,1.0,,,,,,,,,,,,STRUCTURAL_CONTEXT_ONLY,
Ras85D_CTX_VIR_MFE_STEM_0100,Ras85D_HO_01165,D.virilis,STRUCTURE_SEGMENT,RNA_STRUCTURE,STRUCTURE,STEM,D.virilis::MFE::STEM_0100,29A_2_01A_Structural_Mapping,A_nucleotide_structure_annotation.csv,,878,880,3,TCG,forward,1036,1038,1037.0,VALID,STEM,True,FINAL,,,,,,,,,,,,ABSENT_IN_TARGET,,,ABSENT_IN_TARGET,878.0,880.0,FULLY_MAPPED,,,,,,,,,MFE,STEM_0100,3.0,,,,,,,,,,,,STRUCTURAL_CONTEXT_ONLY,
Ras85D_CTX_VIR_MFE_INTERNAL_LOOP_0057,Ras85D_HO_01028,D.virilis,STRUCTURE_SEGMENT,RNA_STRUCTURE,STRUCTURE,INTERNAL_LOOP,D.virilis::MFE::INTERNAL_LOOP_0057,29A_2_01A_Structural_Mapping,A_nucleotide_structure_annotation.csv,,881,881,1,T,forward,1039,1039,1039.0,VALID,INTERNAL_LOOP,True,FINAL,,,,,,,,,,,,ABSENT_IN_TARGET,,,ABSENT_IN_TARGET,881.0,881.0,FULLY_MAPPED,,,,,,,,,MFE,INTERNAL_LOOP_0057,1.0,,,,,,,,,,,,STRUCTURAL_CONTEXT_ONLY,
Ras85D_CTX_VIR_MFE_STEM_0101,Ras85D_HO_01166,D.virilis,STRUCTURE_SEGMENT,RNA_STRUCTURE,STRUCTURE,STEM,D.virilis::MFE::STEM_0101,29A_2_01A_Structural_Mapping,A_nucleotide_structure_annotation.csv,,882,884,3,GTC,forward,1040,1042,1041.0,VALID,STEM,True,FINAL,,,,,,,,,,,,ABSENT_IN_TARGET,,,ABSENT_IN_TARGET,882.0,884.0,FULLY_MAPPED,,,,,,,,,MFE,STEM_0101,3.0,,,,,,,,,,,,STRUCTURAL_CONTEXT_ONLY,
Ras85D_CTX_VIR_MFE_HAIRPIN_LOOP_0014,Ras85D_HO_00968,D.virilis,STRUCTURE_SEGMENT,RNA_STRUCTURE,STRUCTURE,HAIRPIN_LOOP,D.virilis::MFE::HAIRPIN_LOOP_0014,29A_2_01A_Structural_Mapping,A_nucleotide_structure_annotation.csv,,885,896,12,TATTATATCTTT,forward,1043,1054,1048.5,VALID,HAIRPIN_LOOP,True,FINAL,,,,,,,,,,,,ABSENT_IN_TARGET,,,ABSENT_IN_TARGET,885.0,896.0,FULLY_MAPPED,,,,,,,,,MFE,HAIRPIN_LOOP_0014,12.0,,,,,,,,,,,,STRUCTURAL_CONTEXT_ONLY,
Ras85D_CTX_VIR_MFE_STEM_0102,Ras85D_HO_01167,D.virilis,STRUCTURE_SEGMENT,RNA_STRUCTURE,STRUCTURE,STEM,D.virilis::MFE::STEM_0102,29A_2_01A_Structural_Mapping,A_nucleotide_structure_annotation.csv,,897,899,3,GAT,forward,1055,1057,1056.0,VALID,STEM,True,FINAL,,,,,,,,,,,,ABSENT_IN_TARGET,,,ABSENT_IN_TARGET,897.0,899.0,FULLY_MAPPED,,,,,,,,,MFE,STEM_0102,3.0,,,,,,,,,,,,STRUCTURAL_CONTEXT_ONLY,
Ras85D_CTX_VIR_MFE_INTERNAL_LOOP_0058,Ras85D_HO_01029,D.virilis,STRUCTURE_SEGMENT,RNA_STRUCTURE,STRUCTURE,INTERNAL_LOOP,D.virilis::MFE::INTERNAL_LOOP_0058,29A_2_01A_Structural_Mapping,A_nucleotide_structure_annotation.csv,,900,900,1,T,forward,1058,1058,1058.0,VALID,INTERNAL_LOOP,True,FINAL,,,,,,,,,,,,ABSENT_IN_TARGET,,,ABSENT_IN_TARGET,900.0,900.0,FULLY_MAPPED,,,,,,,,,MFE,INTERNAL_LOOP_0058,1.0,,,,,,,,,,,,STRUCTURAL_CONTEXT_ONLY,
Ras85D_CTX_VIR_MFE_STEM_0103,Ras85D_HO_01168,D.virilis,STRUCTURE_SEGMENT,RNA_STRUCTURE,STRUCTURE,STEM,D.virilis::MFE::STEM_0103,29A_2_01A_Structural_Mapping,A_nucleotide_structure_annotation.csv,,901,903,3,CGA,forward,1059,1061,1060.0,VALID,STEM,True,FINAL,,,,,,,,,,,,ABSENT_IN_TARGET,,,ABSENT_IN_TARGET,901.0,903.0,FULLY_MAPPED,,,,,,,,,MFE,STEM_0103,3.0,,,,,,,,,,,,STRUCTURAL_CONTEXT_ONLY,
Ras85D_CTX_VIR_MFE_INTERNAL_LOOP_0059,Ras85D_HO_01030,D.virilis,STRUCTURE_SEGMENT,RNA_STRUCTURE,STRUCTURE,INTERNAL_LOOP,D.virilis::MFE::INTERNAL_LOOP_0059,29A_2_01A_Structural_Mapping,A_nucleotide_structure_annotation.csv,,904,904,1,A,forward,1062,1062,1062.0,VALID,INTERNAL_LOOP,True,FINAL,,,,,,,,,,,,ABSENT_IN_TARGET,,,ABSENT_IN_TARGET,904.0,904.0,FULLY_MAPPED,,,,,,,,,MFE,INTERNAL_LOOP_0059,1.0,,,,,,,,,,,,STRUCTURAL_CONTEXT_ONLY,
Ras85D_CTX_VIR_MFE_STEM_0104,Ras85D_HO_01169,D.virilis,STRUCTURE_SEGMENT,RNA_STRUCTURE,STRUCTURE,STEM,D.virilis::MFE::STEM_0104,29A_2_01A_Structural_Mapping,A_nucleotide_structure_annotation.csv,,905,906,2,TT,forward,1063,1064,1063.5,VALID,STEM,True,FINAL,,,,,,,,,,,,ABSENT_IN_TARGET,,,ABSENT_IN_TARGET,905.0,906.0,FULLY_MAPPED,,,,,,,,,MFE,STEM_0104,2.0,,,,,,,,,,,,STRUCTURAL_CONTEXT_ONLY,
Ras85D_CTX_VIR_MFE_INTERNAL_LOOP_0060,Ras85D_HO_01031,D.virilis,STRUCTURE_SEGMENT,RNA_STRUCTURE,STRUCTURE,INTERNAL_LOOP,D.virilis::MFE::INTERNAL_LOOP_0060,29A_2_01A_Structural_Mapping,A_nucleotide_structure_annotation.csv,,907,907,1,A,forward,1065,1065,1065.0,VALID,INTERNAL_LOOP,True,FINAL,,,,,,,,,,,,ABSENT_IN_TARGET,,,ABSENT_IN_TARGET,907.0,907.0,FULLY_MAPPED,,,,,,,,,MFE,INTERNAL_LOOP_0060,1.0,,,,,,,,,,,,STRUCTURAL_CONTEXT_ONLY,
Ras85D_CTX_VIR_MFE_STEM_0105,Ras85D_HO_01170,D.virilis,STRUCTURE_SEGMENT,RNA_STRUCTURE,STRUCTURE,STEM,D.virilis::MFE::STEM_0105,29A_2_01A_Structural_Mapping,A_nucleotide_structure_annotation.csv,,908,911,4,CTTT,forward,1066,1069,1067.5,VALID,STEM,True,FINAL,,,,,,,,,,,,ABSENT_IN_TARGET,,,ABSENT_IN_TARGET,908.0,911.0,FULLY_MAPPED,,,,,,,,,MFE,STEM_0105,4.0,,,,,,,,,,,,STRUCTURAL_CONTEXT_ONLY,
Ras85D_CTX_VIR_MFE_INTERNAL_LOOP_0061,Ras85D_HO_01032,D.virilis,STRUCTURE_SEGMENT,RNA_STRUCTURE,STRUCTURE,INTERNAL_LOOP,D.virilis::MFE::INTERNAL_LOOP_0061,29A_2_01A_Structural_Mapping,A_nucleotide_structure_annotation.csv,,912,914,3,ACT,forward,1070,1072,1071.0,VALID,INTERNAL_LOOP,True,FINAL,,,,,,,,,,,,ABSENT_IN_TARGET,,,ABSENT_IN_TARGET,912.0,914.0,FULLY_MAPPED,,,,,,,,,MFE,INTERNAL_LOOP_0061,3.0,,,,,,,,,,,,STRUCTURAL_CONTEXT_ONLY,
Ras85D_CTX_VIR_MFE_STEM_0106,Ras85D_HO_01171,D.virilis,STRUCTURE_SEGMENT,RNA_STRUCTURE,STRUCTURE,STEM,D.virilis::MFE::STEM_0106,29A_2_01A_Structural_Mapping,A_nucleotide_structure_annotation.csv,,915,917,3,GCA,forward,1073,1075,1074.0,VALID,STEM,True,FINAL,,,,,,,,,,,,ABSENT_IN_TARGET,,,ABSENT_IN_TARGET,915.0,917.0,FULLY_MAPPED,,,,,,,,,MFE,STEM_0106,3.0,,,,,,,,,,,,STRUCTURAL_CONTEXT_ONLY,
Ras85D_CTX_VIR_MFE_BULGE_0012,Ras85D_HO_00951,D.virilis,STRUCTURE_SEGMENT,RNA_STRUCTURE,STRUCTURE,BULGE,D.virilis::MFE::BULGE_0012,29A_2_01A_Structural_Mapping,A_nucleotide_structure_annotation.csv,,918,938,21,TCGAAATCAGTTTATTATTAT,forward,1076,1096,1086.0,VALID,BULGE,True,FINAL,,,,,,,,,,,,ABSENT_IN_TARGET,,,ABSENT_IN_TARGET,918.0,938.0,FULLY_MAPPED,,,,,,,,,MFE,BULGE_0012,21.0,,,,,,,,,,,,STRUCTURAL_CONTEXT_ONLY,
Ras85D_CTX_VIR_MFE_STEM_0107,Ras85D_HO_01172,D.virilis,STRUCTURE_SEGMENT,RNA_STRUCTURE,STRUCTURE,STEM,D.virilis::MFE::STEM_0107,29A_2_01A_Structural_Mapping,A_nucleotide_structure_annotation.csv,,939,961,23,AGAGCTTTGCATAAGCTAGATAC,forward,1097,1119,1108.0,VALID,STEM,True,FINAL,,,,,,,,,,792.0,795.0,PARTIALLY_GAPPED,792.0,795.0,PARTIALLY_GAPPED,939.0,961.0,FULLY_MAPPED,,,,,,,,,MFE,STEM_0107,23.0,,,,,,,,,,,,STRUCTURAL_CONTEXT_ONLY,
Ras85D_CTX_VIR_MFE_HAIRPIN_LOOP_0015,Ras85D_HO_00969,D.virilis,STRUCTURE_SEGMENT,RNA_STRUCTURE,STRUCTURE,HAIRPIN_LOOP,D.virilis::MFE::HAIRPIN_LOOP_0015,29A_2_01A_Structural_Mapping,A_nucleotide_structure_annotation.csv,,962,966,5,AATAC,forward,1120,1124,1122.0,VALID,HAIRPIN_LOOP,True,FINAL,,,,,,,,,,796.0,798.0,PARTIALLY_GAPPED,796.0,798.0,PARTIALLY_GAPPED,962.0,966.0,FULLY_MAPPED,,,,,,,,,MFE,HAIRPIN_LOOP_0015,5.0,,,,,,,,,,,,STRUCTURAL_CONTEXT_ONLY,
Ras85D_CTX_VIR_MFE_STEM_0108,Ras85D_HO_01173,D.virilis,STRUCTURE_SEGMENT,RNA_STRUCTURE,STRUCTURE,STEM,D.virilis::MFE::STEM_0108,29A_2_01A_Structural_Mapping,A_nucleotide_structure_annotation.csv,,967,970,4,GTAT,forward,1125,1128,1126.5,VALID,STEM,True,FINAL,,,,,,,,,,,,ABSENT_IN_TARGET,,,ABSENT_IN_TARGET,967.0,970.0,FULLY_MAPPED,,,,,,,,,MFE,STEM_0108,4.0,,,,,,,,,,,,STRUCTURAL_CONTEXT_ONLY,
Ras85D_CTX_VIR_MFE_MULTILOOP_0019,Ras85D_HO_01062,D.virilis,STRUCTURE_SEGMENT,RNA_STRUCTURE,STRUCTURE,MULTILOOP,D.virilis::MFE::MULTILOOP_0019,29A_2_01A_Structural_Mapping,A_nucleotide_structure_annotation.csv,,971,971,1,G,forward,1129,1129,1129.0,VALID,MULTILOOP,True,FINAL,,,,,,,,,,,,ABSENT_IN_TARGET,,,ABSENT_IN_TARGET,971.0,971.0,FULLY_MAPPED,,,,,,,,,MFE,MULTILOOP_0019,1.0,,,,,,,,,,,,STRUCTURAL_CONTEXT_ONLY,
Ras85D_CTX_VIR_MFE_STEM_0109,Ras85D_HO_01174,D.virilis,STRUCTURE_SEGMENT,RNA_STRUCTURE,STRUCTURE,STEM,D.virilis::MFE::STEM_0109,29A_2_01A_Structural_Mapping,A_nucleotide_structure_annotation.csv,,972,978,7,GAGTAGA,forward,1130,1136,1133.0,VALID,STEM,True,FINAL,,,,,,,,,,,,ABSENT_IN_TARGET,,,ABSENT_IN_TARGET,972.0,978.0,FULLY_MAPPED,,,,,,,,,MFE,STEM_0109,7.0,,,,,,,,,,,,STRUCTURAL_CONTEXT_ONLY,
Ras85D_CTX_VIR_MFE_MULTILOOP_0020,Ras85D_HO_01063,D.virilis,STRUCTURE_SEGMENT,RNA_STRUCTURE,STRUCTURE,MULTILOOP,D.virilis::MFE::MULTILOOP_0020,29A_2_01A_Structural_Mapping,A_nucleotide_structure_annotation.csv,,979,980,2,TT,forward,1137,1138,1137.5,VALID,MULTILOOP,True,FINAL,,,,,,,,,,,,ABSENT_IN_TARGET,,,ABSENT_IN_TARGET,979.0,980.0,FULLY_MAPPED,,,,,,,,,MFE,MULTILOOP_0020,2.0,,,,,,,,,,,,STRUCTURAL_CONTEXT_ONLY,
Ras85D_CTX_VIR_MFE_STEM_0110,Ras85D_HO_01175,D.virilis,STRUCTURE_SEGMENT,RNA_STRUCTURE,STRUCTURE,STEM,D.virilis::MFE::STEM_0110,29A_2_01A_Structural_Mapping,A_nucleotide_structure_annotation.csv,,981,986,6,GATGCT,forward,1139,1144,1141.5,VALID,STEM,True,FINAL,,,,,,,,,,799.0,800.0,PARTIALLY_GAPPED,799.0,800.0,PARTIALLY_GAPPED,981.0,986.0,FULLY_MAPPED,,,,,,,,,MFE,STEM_0110,6.0,,,,,,,,,,,,STRUCTURAL_CONTEXT_ONLY,
Ras85D_CTX_VIR_MFE_HAIRPIN_LOOP_0016,Ras85D_HO_00970,D.virilis,STRUCTURE_SEGMENT,RNA_STRUCTURE,STRUCTURE,HAIRPIN_LOOP,D.virilis::MFE::HAIRPIN_LOOP_0016,29A_2_01A_Structural_Mapping,A_nucleotide_structure_annotation.csv,,987,999,13,GCATTAAACAATA,forward,1145,1157,1151.0,VALID,HAIRPIN_LOOP,True,FINAL,,,,,,,,,,801.0,811.0,PARTIALLY_GAPPED,801.0,811.0,PARTIALLY_GAPPED,987.0,999.0,FULLY_MAPPED,,,,,,,,,MFE,HAIRPIN_LOOP_0016,13.0,,,,,,,,,,,,STRUCTURAL_CONTEXT_ONLY,
Ras85D_CTX_VIR_MFE_STEM_0111,Ras85D_HO_01176,D.virilis,STRUCTURE_SEGMENT,RNA_STRUCTURE,STRUCTURE,STEM,D.virilis::MFE::STEM_0111,29A_2_01A_Structural_Mapping,A_nucleotide_structure_annotation.csv,,1000,1005,6,AGCATC,forward,1158,1163,1160.5,VALID,STEM,True,FINAL,,,,,,,,,,812.0,817.0,FULLY_MAPPED,812.0,817.0,FULLY_MAPPED,1000.0,1005.0,FULLY_MAPPED,,,,,,,,,MFE,STEM_0111,6.0,,,,,,,,,,,,STRUCTURAL_CONTEXT_ONLY,
Ras85D_CTX_VIR_MFE_MULTILOOP_0021,Ras85D_HO_01064,D.virilis,STRUCTURE_SEGMENT,RNA_STRUCTURE,STRUCTURE,MULTILOOP,D.virilis::MFE::MULTILOOP_0021,29A_2_01A_Structural_Mapping,A_nucleotide_structure_annotation.csv,,1006,1009,4,CAAT,forward,1164,1167,1165.5,VALID,MULTILOOP,True,FINAL,,,,,,,,,,818.0,821.0,FULLY_MAPPED,818.0,821.0,FULLY_MAPPED,1006.0,1009.0,FULLY_MAPPED,,,,,,,,,MFE,MULTILOOP_0021,4.0,,,,,,,,,,,,STRUCTURAL_CONTEXT_ONLY,
Ras85D_CTX_VIR_MFE_STEM_0112,Ras85D_HO_01177,D.virilis,STRUCTURE_SEGMENT,RNA_STRUCTURE,STRUCTURE,STEM,D.virilis::MFE::STEM_0112,29A_2_01A_Structural_Mapping,A_nucleotide_structure_annotation.csv,,1010,1017,8,TACATATA,forward,1168,1175,1171.5,VALID,STEM,True,FINAL,,,,,,,,,,822.0,829.0,FULLY_MAPPED,822.0,829.0,FULLY_MAPPED,1010.0,1017.0,FULLY_MAPPED,,,,,,,,,MFE,STEM_0112,8.0,,,,,,,,,,,,STRUCTURAL_CONTEXT_ONLY,
Ras85D_CTX_VIR_MFE_INTERNAL_LOOP_0062,Ras85D_HO_01033,D.virilis,STRUCTURE_SEGMENT,RNA_STRUCTURE,STRUCTURE,INTERNAL_LOOP,D.virilis::MFE::INTERNAL_LOOP_0062,29A_2_01A_Structural_Mapping,A_nucleotide_structure_annotation.csv,,1018,1019,2,CA,forward,1176,1177,1176.5,VALID,INTERNAL_LOOP,True,FINAL,,,,,,,,,,830.0,831.0,FULLY_MAPPED,830.0,831.0,FULLY_MAPPED,1018.0,1019.0,FULLY_MAPPED,,,,,,,,,MFE,INTERNAL_LOOP_0062,2.0,,,,,,,,,,,,STRUCTURAL_CONTEXT_ONLY,
Ras85D_CTX_VIR_MFE_STEM_0113,Ras85D_HO_01178,D.virilis,STRUCTURE_SEGMENT,RNA_STRUCTURE,STRUCTURE,STEM,D.virilis::MFE::STEM_0113,29A_2_01A_Structural_Mapping,A_nucleotide_structure_annotation.csv,,1020,1025,6,TATTTA,forward,1178,1184,1181.0,VALID,STEM,True,FINAL,,,,,,,,,,832.0,838.0,FULLY_MAPPED,832.0,838.0,FULLY_MAPPED,1020.0,1025.0,PARTIALLY_GAPPED,,,,,,,,,MFE,STEM_0113,6.0,,,,,,,,,,,,STRUCTURAL_CONTEXT_ONLY,
Ras85D_CTX_VIR_MFE_BULGE_0013,Ras85D_HO_00952,D.virilis,STRUCTURE_SEGMENT,RNA_STRUCTURE,STRUCTURE,BULGE,D.virilis::MFE::BULGE_0013,29A_2_01A_Structural_Mapping,A_nucleotide_structure_annotation.csv,,1026,1027,2,GT,forward,1185,1186,1185.5,VALID,BULGE,True,FINAL,,,,,,,,,,839.0,840.0,FULLY_MAPPED,839.0,840.0,FULLY_MAPPED,1026.0,1027.0,FULLY_MAPPED,,,,,,,,,MFE,BULGE_0013,2.0,,,,,,,,,,,,STRUCTURAL_CONTEXT_ONLY,
Ras85D_CTX_VIR_MFE_STEM_0114,Ras85D_HO_01179,D.virilis,STRUCTURE_SEGMENT,RNA_STRUCTURE,STRUCTURE,STEM,D.virilis::MFE::STEM_0114,29A_2_01A_Structural_Mapping,A_nucleotide_structure_annotation.csv,,1028,1034,7,TTGCTTT,forward,1187,1193,1190.0,VALID,STEM,True,FINAL,,,,,,,,,,841.0,847.0,FULLY_MAPPED,841.0,847.0,FULLY_MAPPED,1028.0,1034.0,FULLY_MAPPED,,,,,,,,,MFE,STEM_0114,7.0,,,,,,,,,,,,STRUCTURAL_CONTEXT_ONLY,
Ras85D_CTX_VIR_MFE_INTERNAL_LOOP_0063,Ras85D_HO_01034,D.virilis,STRUCTURE_SEGMENT,RNA_STRUCTURE,STRUCTURE,INTERNAL_LOOP,D.virilis::MFE::INTERNAL_LOOP_0063,29A_2_01A_Structural_Mapping,A_nucleotide_structure_annotation.csv,,1035,1037,3,AAG,forward,1194,1196,1195.0,VALID,INTERNAL_LOOP,True,FINAL,,,,,,,,,,848.0,850.0,FULLY_MAPPED,848.0,850.0,FULLY_MAPPED,1035.0,1037.0,FULLY_MAPPED,,,,,,,,,MFE,INTERNAL_LOOP_0063,3.0,,,,,,,,,,,,STRUCTURAL_CONTEXT_ONLY,
Ras85D_CTX_VIR_MFE_STEM_0115,Ras85D_HO_01180,D.virilis,STRUCTURE_SEGMENT,RNA_STRUCTURE,STRUCTURE,STEM,D.virilis::MFE::STEM_0115,29A_2_01A_Structural_Mapping,A_nucleotide_structure_annotation.csv,,1038,1043,6,CTTTTT,forward,1197,1202,1199.5,VALID,STEM,True,FINAL,,,,,,,,,,851.0,856.0,FULLY_MAPPED,851.0,856.0,FULLY_MAPPED,1038.0,1043.0,FULLY_MAPPED,,,,,,,,,MFE,STEM_0115,6.0,,,,,,,,,,,,STRUCTURAL_CONTEXT_ONLY,
Ras85D_CTX_VIR_MFE_INTERNAL_LOOP_0064,Ras85D_HO_01035,D.virilis,STRUCTURE_SEGMENT,RNA_STRUCTURE,STRUCTURE,INTERNAL_LOOP,D.virilis::MFE::INTERNAL_LOOP_0064,29A_2_01A_Structural_Mapping,A_nucleotide_structure_annotation.csv,,1044,1044,1,A,forward,1203,1203,1203.0,VALID,INTERNAL_LOOP,True,FINAL,,,,,,,,,,857.0,857.0,FULLY_MAPPED,857.0,857.0,FULLY_MAPPED,1044.0,1044.0,FULLY_MAPPED,,,,,,,,,MFE,INTERNAL_LOOP_0064,1.0,,,,,,,,,,,,STRUCTURAL_CONTEXT_ONLY,
Ras85D_CTX_VIR_MFE_STEM_0116,Ras85D_HO_01181,D.virilis,STRUCTURE_SEGMENT,RNA_STRUCTURE,STRUCTURE,STEM,D.virilis::MFE::STEM_0116,29A_2_01A_Structural_Mapping,A_nucleotide_structure_annotation.csv,,1045,1046,2,TA,forward,1204,1205,1204.5,VALID,STEM,True,FINAL,,,,,,,,,,858.0,859.0,FULLY_MAPPED,858.0,859.0,FULLY_MAPPED,1045.0,1046.0,FULLY_MAPPED,,,,,,,,,MFE,STEM_0116,2.0,,,,,,,,,,,,STRUCTURAL_CONTEXT_ONLY,
Ras85D_CTX_VIR_MFE_INTERNAL_LOOP_0065,Ras85D_HO_01036,D.virilis,STRUCTURE_SEGMENT,RNA_STRUCTURE,STRUCTURE,INTERNAL_LOOP,D.virilis::MFE::INTERNAL_LOOP_0065,29A_2_01A_Structural_Mapping,A_nucleotide_structure_annotation.csv,,1047,1050,4,CATA,forward,1206,1209,1207.5,VALID,INTERNAL_LOOP,True,FINAL,,,,,,,,,,860.0,863.0,FULLY_MAPPED,860.0,863.0,FULLY_MAPPED,1047.0,1050.0,FULLY_MAPPED,,,,,,,,,MFE,INTERNAL_LOOP_0065,4.0,,,,,,,,,,,,STRUCTURAL_CONTEXT_ONLY,
Ras85D_CTX_VIR_MFE_STEM_0117,Ras85D_HO_01182,D.virilis,STRUCTURE_SEGMENT,RNA_STRUCTURE,STRUCTURE,STEM,D.virilis::MFE::STEM_0117,29A_2_01A_Structural_Mapping,A_nucleotide_structure_annotation.csv,,1051,1052,2,CA,forward,1210,1211,1210.5,VALID,STEM,True,FINAL,,,,,,,,,,864.0,865.0,FULLY_MAPPED,864.0,865.0,FULLY_MAPPED,1051.0,1052.0,FULLY_MAPPED,,,,,,,,,MFE,STEM_0117,2.0,,,,,,,,,,,,STRUCTURAL_CONTEXT_ONLY,
Ras85D_CTX_VIR_MFE_INTERNAL_LOOP_0066,Ras85D_HO_01037,D.virilis,STRUCTURE_SEGMENT,RNA_STRUCTURE,STRUCTURE,INTERNAL_LOOP,D.virilis::MFE::INTERNAL_LOOP_0066,29A_2_01A_Structural_Mapping,A_nucleotide_structure_annotation.csv,,1053,1053,1,T,forward,1212,1212,1212.0,VALID,INTERNAL_LOOP,True,FINAL,,,,,,,,,,866.0,866.0,FULLY_MAPPED,866.0,866.0,FULLY_MAPPED,1053.0,1053.0,FULLY_MAPPED,,,,,,,,,MFE,INTERNAL_LOOP_0066,1.0,,,,,,,,,,,,STRUCTURAL_CONTEXT_ONLY,
Ras85D_CTX_VIR_MFE_STEM_0118,Ras85D_HO_01183,D.virilis,STRUCTURE_SEGMENT,RNA_STRUCTURE,STRUCTURE,STEM,D.virilis::MFE::STEM_0118,29A_2_01A_Structural_Mapping,A_nucleotide_structure_annotation.csv,,1054,1063,10,AAATTAATAT,forward,1213,1227,1220.0,VALID,STEM,True,FINAL,,,,,,,,,,867.0,881.0,FULLY_MAPPED,867.0,881.0,FULLY_MAPPED,1054.0,1063.0,PARTIALLY_GAPPED,,,,,,,,,MFE,STEM_0118,10.0,,,,,,,,,,,,STRUCTURAL_CONTEXT_ONLY,
Ras85D_CTX_VIR_MFE_HAIRPIN_LOOP_0017,Ras85D_HO_00971,D.virilis,STRUCTURE_SEGMENT,RNA_STRUCTURE,STRUCTURE,HAIRPIN_LOOP,D.virilis::MFE::HAIRPIN_LOOP_0017,29A_2_01A_Structural_Mapping,A_nucleotide_structure_annotation.csv,,1064,1074,11,TTAATTTTTTT,forward,1228,1238,1233.0,VALID,HAIRPIN_LOOP,True,FINAL,,,,,,,,,,882.0,891.0,PARTIALLY_GAPPED,882.0,891.0,PARTIALLY_GAPPED,1064.0,1074.0,FULLY_MAPPED,,,,,,,,,MFE,HAIRPIN_LOOP_0017,11.0,,,,,,,,,,,,STRUCTURAL_CONTEXT_ONLY,
Ras85D_CTX_VIR_MFE_STEM_0119,Ras85D_HO_01184,D.virilis,STRUCTURE_SEGMENT,RNA_STRUCTURE,STRUCTURE,STEM,D.virilis::MFE::STEM_0119,29A_2_01A_Structural_Mapping,A_nucleotide_structure_annotation.csv,,1075,1084,10,GTATTAATTT,forward,1239,1248,1243.5,VALID,STEM,True,FINAL,,,,,,,,,,892.0,901.0,FULLY_MAPPED,892.0,901.0,FULLY_MAPPED,1075.0,1084.0,FULLY_MAPPED,,,,,,,,,MFE,STEM_0119,10.0,,,,,,,,,,,,STRUCTURAL_CONTEXT_ONLY,
Ras85D_CTX_VIR_MFE_INTERNAL_LOOP_0067,Ras85D_HO_01038,D.virilis,STRUCTURE_SEGMENT,RNA_STRUCTURE,STRUCTURE,INTERNAL_LOOP,D.virilis::MFE::INTERNAL_LOOP_0067,29A_2_01A_Structural_Mapping,A_nucleotide_structure_annotation.csv,,1085,1085,1,T,forward,1249,1249,1249.0,VALID,INTERNAL_LOOP,True,FINAL,,,,,,,,,,902.0,902.0,FULLY_MAPPED,902.0,902.0,FULLY_MAPPED,1085.0,1085.0,FULLY_MAPPED,,,,,,,,,MFE,INTERNAL_LOOP_0067,1.0,,,,,,,,,,,,STRUCTURAL_CONTEXT_ONLY,
Ras85D_CTX_VIR_MFE_STEM_0120,Ras85D_HO_01185,D.virilis,STRUCTURE_SEGMENT,RNA_STRUCTURE,STRUCTURE,STEM,D.virilis::MFE::STEM_0120,29A_2_01A_Structural_Mapping,A_nucleotide_structure_annotation.csv,,1086,1087,2,TG,forward,1250,1251,1250.5,VALID,STEM,True,FINAL,,,,,,,,,,903.0,904.0,FULLY_MAPPED,903.0,904.0,FULLY_MAPPED,1086.0,1087.0,FULLY_MAPPED,,,,,,,,,MFE,STEM_0120,2.0,,,,,,,,,,,,STRUCTURAL_CONTEXT_ONLY,
Ras85D_CTX_VIR_MFE_INTERNAL_LOOP_0068,Ras85D_HO_01039,D.virilis,STRUCTURE_SEGMENT,RNA_STRUCTURE,STRUCTURE,INTERNAL_LOOP,D.virilis::MFE::INTERNAL_LOOP_0068,29A_2_01A_Structural_Mapping,A_nucleotide_structure_annotation.csv,,1088,1090,3,CCA,forward,1252,1254,1253.0,VALID,INTERNAL_LOOP,True,FINAL,,,,,,,,,,905.0,907.0,FULLY_MAPPED,905.0,907.0,FULLY_MAPPED,1088.0,1090.0,FULLY_MAPPED,,,,,,,,,MFE,INTERNAL_LOOP_0068,3.0,,,,,,,,,,,,STRUCTURAL_CONTEXT_ONLY,
Ras85D_CTX_VIR_MFE_STEM_0121,Ras85D_HO_01186,D.virilis,STRUCTURE_SEGMENT,RNA_STRUCTURE,STRUCTURE,STEM,D.virilis::MFE::STEM_0121,29A_2_01A_Structural_Mapping,A_nucleotide_structure_annotation.csv,,1091,1092,2,TA,forward,1255,1256,1255.5,VALID,STEM,True,FINAL,,,,,,,,,,908.0,909.0,FULLY_MAPPED,908.0,909.0,FULLY_MAPPED,1091.0,1092.0,FULLY_MAPPED,,,,,,,,,MFE,STEM_0121,2.0,,,,,,,,,,,,STRUCTURAL_CONTEXT_ONLY,
Ras85D_CTX_VIR_MFE_INTERNAL_LOOP_0069,Ras85D_HO_01040,D.virilis,STRUCTURE_SEGMENT,RNA_STRUCTURE,STRUCTURE,INTERNAL_LOOP,D.virilis::MFE::INTERNAL_LOOP_0069,29A_2_01A_Structural_Mapping,A_nucleotide_structure_annotation.csv,,1093,1093,1,C,forward,1257,1257,1257.0,VALID,INTERNAL_LOOP,True,FINAL,,,,,,,,,,910.0,910.0,FULLY_MAPPED,910.0,910.0,FULLY_MAPPED,1093.0,1093.0,FULLY_MAPPED,,,,,,,,,MFE,INTERNAL_LOOP_0069,1.0,,,,,,,,,,,,STRUCTURAL_CONTEXT_ONLY,
Ras85D_CTX_VIR_MFE_STEM_0122,Ras85D_HO_01187,D.virilis,STRUCTURE_SEGMENT,RNA_STRUCTURE,STRUCTURE,STEM,D.virilis::MFE::STEM_0122,29A_2_01A_Structural_Mapping,A_nucleotide_structure_annotation.csv,,1094,1099,6,AAAAAG,forward,1258,1263,1260.5,VALID,STEM,True,FINAL,,,,,,,,,,911.0,916.0,FULLY_MAPPED,911.0,916.0,FULLY_MAPPED,1094.0,1099.0,FULLY_MAPPED,,,,,,,,,MFE,STEM_0122,6.0,,,,,,,,,,,,STRUCTURAL_CONTEXT_ONLY,
Ras85D_CTX_VIR_MFE_INTERNAL_LOOP_0070,Ras85D_HO_01041,D.virilis,STRUCTURE_SEGMENT,RNA_STRUCTURE,STRUCTURE,INTERNAL_LOOP,D.virilis::MFE::INTERNAL_LOOP_0070,29A_2_01A_Structural_Mapping,A_nucleotide_structure_annotation.csv,,1100,1100,1,G,forward,1264,1264,1264.0,VALID,INTERNAL_LOOP,True,FINAL,,,,,,,,,,917.0,917.0,FULLY_MAPPED,917.0,917.0,FULLY_MAPPED,1100.0,1100.0,FULLY_MAPPED,,,,,,,,,MFE,INTERNAL_LOOP_0070,1.0,,,,,,,,,,,,STRUCTURAL_CONTEXT_ONLY,
Ras85D_CTX_VIR_MFE_STEM_0123,Ras85D_HO_01188,D.virilis,STRUCTURE_SEGMENT,RNA_STRUCTURE,STRUCTURE,STEM,D.virilis::MFE::STEM_0123,29A_2_01A_Structural_Mapping,A_nucleotide_structure_annotation.csv,,1101,1113,13,GAAGTAATAAATA,forward,1265,1277,1271.0,VALID,STEM,True,FINAL,,,,,,,,,,918.0,930.0,FULLY_MAPPED,918.0,930.0,FULLY_MAPPED,1101.0,1113.0,FULLY_MAPPED,,,,,,,,,MFE,STEM_0123,13.0,,,,,,,,,,,,STRUCTURAL_CONTEXT_ONLY,
Ras85D_CTX_VIR_MFE_INTERNAL_LOOP_0071,Ras85D_HO_01042,D.virilis,STRUCTURE_SEGMENT,RNA_STRUCTURE,STRUCTURE,INTERNAL_LOOP,D.virilis::MFE::INTERNAL_LOOP_0071,29A_2_01A_Structural_Mapping,A_nucleotide_structure_annotation.csv,,1114,1116,3,AAT,forward,1278,1280,1279.0,VALID,INTERNAL_LOOP,True,FINAL,,,,,,,,,,931.0,933.0,FULLY_MAPPED,931.0,933.0,FULLY_MAPPED,1114.0,1116.0,FULLY_MAPPED,,,,,,,,,MFE,INTERNAL_LOOP_0071,3.0,,,,,,,,,,,,STRUCTURAL_CONTEXT_ONLY,
Ras85D_CTX_VIR_MFE_STEM_0124,Ras85D_HO_01189,D.virilis,STRUCTURE_SEGMENT,RNA_STRUCTURE,STRUCTURE,STEM,D.virilis::MFE::STEM_0124,29A_2_01A_Structural_Mapping,A_nucleotide_structure_annotation.csv,,1117,1124,8,TGTGTGTA,forward,1281,1288,1284.5,VALID,STEM,True,FINAL,,,,,,,,,,934.0,941.0,FULLY_MAPPED,934.0,941.0,FULLY_MAPPED,1117.0,1124.0,FULLY_MAPPED,,,,,,,,,MFE,STEM_0124,8.0,,,,,,,,,,,,STRUCTURAL_CONTEXT_ONLY,
Ras85D_CTX_VIR_MFE_MULTILOOP_0022,Ras85D_HO_01065,D.virilis,STRUCTURE_SEGMENT,RNA_STRUCTURE,STRUCTURE,MULTILOOP,D.virilis::MFE::MULTILOOP_0022,29A_2_01A_Structural_Mapping,A_nucleotide_structure_annotation.csv,,1125,1131,7,CTATTAC,forward,1289,1296,1292.5,VALID,MULTILOOP,True,FINAL,,,,,,,,,,942.0,949.0,FULLY_MAPPED,942.0,949.0,FULLY_MAPPED,1125.0,1131.0,PARTIALLY_GAPPED,,,,,,,,,MFE,MULTILOOP_0022,7.0,,,,,,,,,,,,STRUCTURAL_CONTEXT_ONLY,
Ras85D_CTX_VIR_MFE_STEM_0125,Ras85D_HO_01190,D.virilis,STRUCTURE_SEGMENT,RNA_STRUCTURE,STRUCTURE,STEM,D.virilis::MFE::STEM_0125,29A_2_01A_Structural_Mapping,A_nucleotide_structure_annotation.csv,,1132,1137,6,ATAGTT,forward,1297,1302,1299.5,VALID,STEM,True,FINAL,,,,,,,,,,950.0,955.0,FULLY_MAPPED,950.0,955.0,FULLY_MAPPED,1132.0,1137.0,FULLY_MAPPED,,,,,,,,,MFE,STEM_0125,6.0,,,,,,,,,,,,STRUCTURAL_CONTEXT_ONLY,
Ras85D_CTX_VIR_MFE_INTERNAL_LOOP_0072,Ras85D_HO_01043,D.virilis,STRUCTURE_SEGMENT,RNA_STRUCTURE,STRUCTURE,INTERNAL_LOOP,D.virilis::MFE::INTERNAL_LOOP_0072,29A_2_01A_Structural_Mapping,A_nucleotide_structure_annotation.csv,,1138,1138,1,C,forward,1303,1303,1303.0,VALID,INTERNAL_LOOP,True,FINAL,,,,,,,,,,956.0,956.0,FULLY_MAPPED,956.0,956.0,FULLY_MAPPED,1138.0,1138.0,FULLY_MAPPED,,,,,,,,,MFE,INTERNAL_LOOP_0072,1.0,,,,,,,,,,,,STRUCTURAL_CONTEXT_ONLY,
Ras85D_CTX_VIR_MFE_STEM_0126,Ras85D_HO_01191,D.virilis,STRUCTURE_SEGMENT,RNA_STRUCTURE,STRUCTURE,STEM,D.virilis::MFE::STEM_0126,29A_2_01A_Structural_Mapping,A_nucleotide_structure_annotation.csv,,1139,1143,5,GTTAC,forward,1304,1308,1306.0,VALID,STEM,True,FINAL,,,,,,,,,,957.0,961.0,FULLY_MAPPED,957.0,961.0,FULLY_MAPPED,1139.0,1143.0,FULLY_MAPPED,,,,,,,,,MFE,STEM_0126,5.0,,,,,,,,,,,,STRUCTURAL_CONTEXT_ONLY,
Ras85D_CTX_VIR_MFE_EXTERIOR_0002,Ras85D_HO_00954,D.virilis,STRUCTURE_SEGMENT,RNA_STRUCTURE,STRUCTURE,EXTERIOR,D.virilis::MFE::EXTERIOR_0002,29A_2_01A_Structural_Mapping,A_nucleotide_structure_annotation.csv,,1144,1150,7,AATTTTT,forward,1309,1315,1312.0,VALID,EXTERIOR,True,FINAL,,,,,,,,,,962.0,964.0,PARTIALLY_GAPPED,962.0,968.0,FULLY_MAPPED,1144.0,1150.0,FULLY_MAPPED,,,,,,,,,MFE,EXTERIOR_0002,7.0,,,,,,,,,,,,STRUCTURAL_CONTEXT_ONLY,
