species,feature,domain,test_family,structure_model,tested_region,control_region,n_feature_intervals_merged,tested_length,control_length,covered_test,covered_control,free_test,free_control,coverage_test,coverage_control,RR,OR,OR_CI95_low,OR_CI95_high,fisher_p_two_sided,observed_log_RR_stat,null_RR_median,null_RR_q025,null_RR_q975,perm_p_two_sided,perm_p_enrichment,perm_p_depletion,effect_direction,fdr_family,FDR_BH,result
D.melanogaster,CLEAVAGE,APA_PROXIMITY,APA_WINDOW_APA_COMBINED_25NT,,APA_COMBINED_PROXIMAL_25NT,APA_COMBINED_DISTAL,12,720,244,12,0,708,244,0.0166666666666666,0.0,inf,8.627381792519408,0.5088780345717212,146.26631832623335,0.0441537762113931,2.1394948981279787,0.9223300970873788,0.3398058252427184,8.495145631067961,0.028997100289971,0.028997100289971,1.0,ENRICHED,D.melanogaster|APA_WINDOW_APA_COMBINED_25NT|CLEAVAGE,0.028997100289971,SIGNIFICANT_ENRICHMENT
D.melanogaster,DSE,APA_PROXIMITY,APA_WINDOW_APA_COMBINED_25NT,,APA_COMBINED_PROXIMAL_25NT,APA_COMBINED_DISTAL,7,720,244,36,6,684,238,0.05,0.0245901639344262,2.0333333333333337,2.087719298245614,0.8687470273419481,5.017078310590383,0.1038542761690607,0.6461291569466323,0.9870550161812298,0.2426151621565793,28.883495145631063,0.4892510748925107,0.2940705929407059,0.7772222777722227,ENRICHED,D.melanogaster|APA_WINDOW_APA_COMBINED_25NT|DSE,0.4892510748925107,NOT_SIGNIFICANT
D.melanogaster,MIRNA_ALL,APA_PROXIMITY,APA_WINDOW_APA_COMBINED_25NT,,APA_COMBINED_PROXIMAL_25NT,APA_COMBINED_DISTAL,39,720,244,358,82,362,162,0.4972222222222222,0.3360655737704918,1.479539295392954,1.9537798140412344,1.4428309042820446,2.6456707784856284,1.5019237988535162e-05,0.3897494399588177,1.0120703227499344,0.5849912253726615,2.077401192604876,0.2120787921207879,0.1347865213478652,0.8653134686531346,ENRICHED,D.melanogaster|APA_WINDOW_APA_COMBINED_25NT|MIRNA_ALL,0.2120787921207879,NOT_SIGNIFICANT
D.melanogaster,MIRNA_CONSERVED,APA_PROXIMITY,APA_WINDOW_APA_COMBINED_25NT,,APA_COMBINED_PROXIMAL_25NT,APA_COMBINED_DISTAL,6,720,244,36,7,684,237,0.05,0.0286885245901639,1.7428571428571429,1.781954887218045,0.7824746866332307,4.05810344324744,0.2089200426315755,0.503028313305959,1.0841423948220064,0.2065486388730249,29.56310679611651,0.5934406559344065,0.3737626237376262,0.7658234176582341,ENRICHED,D.melanogaster|APA_WINDOW_APA_COMBINED_25NT|MIRNA_CONSERVED,0.5934406559344065,NOT_SIGNIFICANT
D.melanogaster,MIRNA_WEAK,APA_PROXIMITY,APA_WINDOW_APA_COMBINED_25NT,,APA_COMBINED_PROXIMAL_25NT,APA_COMBINED_DISTAL,37,720,244,333,82,387,162,0.4625,0.3360655737704918,1.3762195121951222,1.6999432785025526,1.2551287341488937,2.3023990061749275,0.000573597340354,0.317463645274821,1.0085723021188469,0.5722234015216687,2.1994025392083643,0.3306669333066693,0.1894810518948105,0.8106189381061893,ENRICHED,D.melanogaster|APA_WINDOW_APA_COMBINED_25NT|MIRNA_WEAK,0.3306669333066693,NOT_SIGNIFICANT
D.melanogaster,PAS,APA_PROXIMITY,APA_WINDOW_APA_COMBINED_25NT,,APA_COMBINED_PROXIMAL_25NT,APA_COMBINED_DISTAL,9,720,244,60,0,660,244,0.0833333333333333,0.0,inf,44.79106737320212,2.758963383906394,727.1715631071957,1.6830682097184942e-08,3.716409618856519,1.0897221292266488,0.278945080423127,38.398058252427184,0.0185981401859814,0.0185981401859814,1.0,ENRICHED,D.melanogaster|APA_WINDOW_APA_COMBINED_25NT|PAS,0.0185981401859814,SIGNIFICANT_ENRICHMENT
D.melanogaster,UGUA,APA_PROXIMITY,APA_WINDOW_APA_COMBINED_25NT,,APA_COMBINED_PROXIMAL_25NT,APA_COMBINED_DISTAL,11,720,244,40,4,680,240,0.0555555555555555,0.0163934426229508,3.3888888888888884,3.5294117647058822,1.2495920804127951,9.968651050292568,0.0117404058759762,1.1178436505959972,0.9898691430983536,0.3108861805412105,27.5242718446602,0.1471852814718528,0.1182881711828817,0.9438056194380562,ENRICHED,D.melanogaster|APA_WINDOW_APA_COMBINED_25NT|UGUA,0.1471852814718528,NOT_SIGNIFICANT
D.melanogaster,CLEAVAGE,APA_PROXIMITY,APA_WINDOW_CLEAVAGE_25NT,,CLEAVAGE_PROXIMAL_25NT,CLEAVAGE_DISTAL,12,561,403,12,0,549,403,0.0213903743315508,0.0,inf,18.35759781619654,1.083690362947393,310.97572618866553,0.0019057372591536,2.88878885293566,0.9802652863151085,0.3805735817458656,3.0192170818505337,0.0018998100189981,0.0018998100189981,1.0,ENRICHED,D.melanogaster|APA_WINDOW_CLEAVAGE_25NT|CLEAVAGE,0.0018998100189981,SIGNIFICANT_ENRICHMENT
D.melanogaster,DSE,APA_PROXIMITY,APA_WINDOW_CLEAVAGE_25NT,,CLEAVAGE_PROXIMAL_25NT,CLEAVAGE_DISTAL,7,561,403,36,6,525,397,0.0641711229946524,0.0148883374689826,4.310160427807487,4.537142857142857,1.8931512129515125,10.873756499370392,0.0001617939484452,1.3954231117543132,0.9520053861690873,0.2322287230834187,6.150257018584421,0.1093890610938906,0.0768923107689231,0.9471052894710528,ENRICHED,D.melanogaster|APA_WINDOW_CLEAVAGE_25NT|DSE,0.1093890610938906,NOT_SIGNIFICANT
D.melanogaster,MIRNA_ALL,APA_PROXIMITY,APA_WINDOW_CLEAVAGE_25NT,,CLEAVAGE_PROXIMAL_25NT,CLEAVAGE_DISTAL,39,561,403,286,154,275,249,0.5098039215686274,0.3821339950372208,1.334097275273746,1.6815584415584417,1.2961318418229044,2.181598122301825,0.0001076500673324,0.2874574678844532,0.9974510214385104,0.5846675601978093,1.782107092609451,0.3142685731426857,0.1608839116088391,0.8392160783921608,ENRICHED,D.melanogaster|APA_WINDOW_CLEAVAGE_25NT|MIRNA_ALL,0.3142685731426857,NOT_SIGNIFICANT
D.melanogaster,MIRNA_CONSERVED,APA_PROXIMITY,APA_WINDOW_CLEAVAGE_25NT,,CLEAVAGE_PROXIMAL_25NT,CLEAVAGE_DISTAL,6,561,403,26,17,535,386,0.0463458110516934,0.0421836228287841,1.098668344343085,1.103463441451347,0.5905288889385424,2.0619339534909216,0.8745945642264447,0.0848568801301672,1.006405693950178,0.1721216981604932,11.933096085409252,0.9638036196380362,0.4952504749525047,0.5284471552844715,ENRICHED,D.melanogaster|APA_WINDOW_CLEAVAGE_25NT|MIRNA_CONSERVED,0.9638036196380362,NOT_SIGNIFICANT
D.melanogaster,MIRNA_WEAK,APA_PROXIMITY,APA_WINDOW_CLEAVAGE_25NT,,CLEAVAGE_PROXIMAL_25NT,CLEAVAGE_DISTAL,37,561,403,271,144,290,259,0.483065953654189,0.3573200992555831,1.3519137452960983,1.680771072796935,1.2926600944247555,2.185409305458682,0.0001007182474615,0.3005956598889623,0.9960924205841876,0.5605637364525328,1.8371511999269996,0.3032696730326967,0.1550844915508449,0.845015498450155,ENRICHED,D.melanogaster|APA_WINDOW_CLEAVAGE_25NT|MIRNA_WEAK,0.3032696730326967,NOT_SIGNIFICANT
D.melanogaster,PAS,APA_PROXIMITY,APA_WINDOW_CLEAVAGE_25NT,,CLEAVAGE_PROXIMAL_25NT,CLEAVAGE_DISTAL,9,561,403,48,12,513,391,0.0855614973262032,0.0297766749379652,2.8734402852049907,3.0487329434697856,1.5977541320624309,5.817398543416664,0.0003656140123563,1.025748181702641,1.0383550810597073,0.2665440441441081,5.142622502053106,0.1574842515748425,0.0928907109289071,0.9362063793620636,ENRICHED,D.melanogaster|APA_WINDOW_CLEAVAGE_25NT|PAS,0.1574842515748425,NOT_SIGNIFICANT
D.melanogaster,UGUA,APA_PROXIMITY,APA_WINDOW_CLEAVAGE_25NT,,CLEAVAGE_PROXIMAL_25NT,CLEAVAGE_DISTAL,11,561,403,31,13,530,390,0.0552584670231729,0.032258064516129,1.7130124777183602,1.7547169811320755,0.9062902085594114,3.397401466763634,0.1169852072224058,0.5172108884546626,1.0297201115706454,0.3004647018578529,4.257870243635368,0.3867613238676132,0.2337766223377662,0.7841215878412159,ENRICHED,D.melanogaster|APA_WINDOW_CLEAVAGE_25NT|UGUA,0.3867613238676132,NOT_SIGNIFICANT
D.melanogaster,CLEAVAGE,APA_PROXIMITY,APA_WINDOW_PAS_25NT,,PAS_PROXIMAL_25NT,PAS_DISTAL,12,425,539,7,5,418,534,0.0164705882352941,0.0092764378478664,1.775529411764706,1.7885167464114833,0.5636126898612128,5.675514781226815,0.3858104718221407,0.5472847215927892,0.9295774647887324,0.3018108651911468,3.4406438631790746,0.3777622237776222,0.2302769723027697,0.8937106289371063,ENRICHED,D.melanogaster|APA_WINDOW_PAS_25NT|CLEAVAGE,0.3777622237776222,NOT_SIGNIFICANT
D.melanogaster,DSE,APA_PROXIMITY,APA_WINDOW_PAS_25NT,,PAS_PROXIMAL_25NT,PAS_DISTAL,7,425,539,22,20,403,519,0.0517647058823529,0.0371057513914656,1.3950588235294117,1.4166253101736972,0.7625376987198831,2.631774498223108,0.2714238736742987,0.3302202163549615,0.95717160103478,0.1859154929577464,5.144987572493787,0.6937306269373062,0.3587641235876412,0.6672332766723328,ENRICHED,D.melanogaster|APA_WINDOW_PAS_25NT|DSE,0.6937306269373062,NOT_SIGNIFICANT
D.melanogaster,MIRNA_ALL,APA_PROXIMITY,APA_WINDOW_PAS_25NT,,PAS_PROXIMAL_25NT,PAS_DISTAL,39,425,539,239,201,186,338,0.5623529411764706,0.37291280148423,1.5080011706175007,2.160755362970096,1.667320067341706,2.800220443605552,6.117844432704967e-09,0.4098938287531817,1.0239468849711542,0.5723699808642454,1.776442167341642,0.1524847515248475,0.0828917108289171,0.9172082791720828,ENRICHED,D.melanogaster|APA_WINDOW_PAS_25NT|MIRNA_ALL,0.1524847515248475,NOT_SIGNIFICANT
D.melanogaster,MIRNA_CONSERVED,APA_PROXIMITY,APA_WINDOW_PAS_25NT,,PAS_PROXIMAL_25NT,PAS_DISTAL,6,425,539,24,19,401,520,0.0564705882352941,0.0352504638218923,1.601981424148607,1.638010237563985,0.8848569117416769,3.032216285775833,0.1187669313305227,0.4653884452699298,1.0089106064961195,0.109546165884194,6.169014084507044,0.5843415658434157,0.2741725827417258,0.7431256874312568,ENRICHED,D.melanogaster|APA_WINDOW_PAS_25NT|MIRNA_CONSERVED,0.5843415658434157,NOT_SIGNIFICANT
D.melanogaster,MIRNA_WEAK,APA_PROXIMITY,APA_WINDOW_PAS_25NT,,PAS_PROXIMAL_25NT,PAS_DISTAL,37,425,539,220,195,205,344,0.5176470588235295,0.3617810760667903,1.4308295625942686,1.893183239524703,1.4612354590643708,2.4528167286004514,1.648225661002779e-06,0.3574671087504298,1.0214090604525672,0.5665983661270009,1.7953819571705325,0.2251774822517748,0.1272872712728727,0.8728127187281272,ENRICHED,D.melanogaster|APA_WINDOW_PAS_25NT|MIRNA_WEAK,0.2251774822517748,NOT_SIGNIFICANT
D.melanogaster,PAS,APA_PROXIMITY,APA_WINDOW_PAS_25NT,,PAS_PROXIMAL_25NT,PAS_DISTAL,9,425,539,60,0,365,539,0.1411764705882353,0.0,inf,178.6032831737346,11.008993655287693,2897.552106873625,3.7452640061844513e-23,5.032920338885691,1.0182405910875088,0.1777017243648808,4.411267605633803,0.0001999800019998,0.0001999800019998,1.0,ENRICHED,D.melanogaster|APA_WINDOW_PAS_25NT|PAS,0.0001999800019998,SIGNIFICANT_ENRICHMENT
D.melanogaster,UGUA,APA_PROXIMITY,APA_WINDOW_PAS_25NT,,PAS_PROXIMAL_25NT,PAS_DISTAL,11,425,539,27,17,398,522,0.0635294117647058,0.0315398886827458,2.014256055363321,2.083062370676914,1.119786688099474,3.874978052734867,0.0199420610388395,0.689114917032007,1.0606496119574589,0.2951958325294231,3.295774647887325,0.2908709129087091,0.1403859614038596,0.8699130086991301,ENRICHED,D.melanogaster|APA_WINDOW_PAS_25NT|UGUA,0.2908709129087091,NOT_SIGNIFICANT
D.melanogaster,CLEAVAGE,ECM,ECM_ALL_VS_NON,,ECM_ALL,NON_ECM,12,505,459,6,6,499,453,0.0118811881188118,0.0130718954248366,0.9089108910891088,0.9078156312625252,0.2907048686033535,2.83493435911128,1.0,-0.0953101798043247,0.9090909090909092,0.3349282296650717,3.818181818181819,0.9852014798520148,0.6645335466453355,0.5514448555144486,DEPLETED,D.melanogaster|ECM_ALL_VS_NON|CLEAVAGE,0.9852014798520148,NOT_SIGNIFICANT
D.melanogaster,DSE,ECM,ECM_ALL_VS_NON,,ECM_ALL,NON_ECM,7,505,459,16,26,489,433,0.0316831683168316,0.0566448801742919,0.5593297791317594,0.5449111215982382,0.2884596304102226,1.0293576609634565,0.0811542054526071,-0.5690945318899665,0.9977827050997784,0.1920614596670934,5.104895104895104,0.4605539446055394,0.8062193780621938,0.2188781121887811,DEPLETED,D.melanogaster|ECM_ALL_VS_NON|DSE,0.4605539446055394,NOT_SIGNIFICANT
D.melanogaster,MIRNA_ALL,ECM,ECM_ALL_VS_NON,,ECM_ALL,NON_ECM,39,505,459,220,220,285,239,0.4356435643564356,0.4793028322440087,0.9089108910891088,0.8385964912280702,0.6505429170213232,1.0810110397020591,0.1953943991372273,-0.0953101798043249,0.999740789344448,0.5884834423117487,1.7078966017402446,0.712028797120288,0.6485351464853515,0.3564643535646435,DEPLETED,D.melanogaster|ECM_ALL_VS_NON|MIRNA_ALL,0.712028797120288,NOT_SIGNIFICANT
D.melanogaster,MIRNA_CONSERVED,ECM,ECM_ALL_VS_NON,,ECM_ALL,NON_ECM,6,505,459,36,7,469,452,0.0712871287128712,0.0152505446623093,4.674398868458274,4.956442278403899,2.183238633355743,11.252237700369934,1.5250971998894504e-05,1.4870990602418563,0.9513742071881608,0.186799501867995,5.244755244755245,0.1034896510348965,0.0527947205279472,0.9718028197180282,ENRICHED,D.melanogaster|ECM_ALL_VS_NON|MIRNA_CONSERVED,0.1034896510348965,NOT_SIGNIFICANT
D.melanogaster,MIRNA_WEAK,ECM,ECM_ALL_VS_NON,,ECM_ALL,NON_ECM,37,505,459,195,220,310,239,0.3861386138613861,0.4793028322440087,0.8056255625562556,0.6833577712609971,0.5289206781107617,0.88288823422594,0.0041435457758137,-0.2156474952658051,0.9971509971509972,0.5867182462927144,1.7114678810937527,0.4138586141385861,0.7941205879412059,0.205979402059794,DEPLETED,D.melanogaster|ECM_ALL_VS_NON|MIRNA_WEAK,0.4138586141385861,NOT_SIGNIFICANT
D.melanogaster,PAS,ECM,ECM_ALL_VS_NON,,ECM_ALL,NON_ECM,9,505,459,38,22,467,437,0.0752475247524752,0.0479302832244008,1.56993699369937,1.6163130231652716,0.9409196426535188,2.776504677366658,0.0840209651292731,0.4418327522790392,0.975206611570248,0.2553626149131767,3.9130434782608696,0.5001499850014999,0.2507749225077492,0.7664233576642335,ENRICHED,D.melanogaster|ECM_ALL_VS_NON|PAS,0.5001499850014999,NOT_SIGNIFICANT
D.melanogaster,UGUA,ECM,ECM_ALL_VS_NON,,ECM_ALL,NON_ECM,11,505,459,24,20,481,439,0.0475247524752475,0.0435729847494553,1.0906930693069306,1.0952182952182952,0.5966619078735238,2.010356448689416,0.8774597640993904,0.0829380516019939,0.9936575052854124,0.3120759837177747,3.58288770053476,0.9327067293270672,0.4747525247475253,0.5981401859814018,ENRICHED,D.melanogaster|ECM_ALL_VS_NON|UGUA,0.9327067293270672,NOT_SIGNIFICANT
D.melanogaster,CLEAVAGE,ECM,ECM_INDIVIDUAL_VS_NON,,Ras85D_EBC_MEL_ECM_0008,NON_ECM,12,29,459,1,6,28,453,0.0344827586206896,0.0130718954248366,2.6379310344827585,2.696428571428572,0.3137228709814128,23.175635930117117,0.3505311351557783,1.2636920390275583,1.3939393939393938,0.8070175438596492,8.518518518518515,0.2427757224277572,0.2427757224277572,0.8202179782021798,ENRICHED,D.melanogaster|ECM_INDIVIDUAL_VS_NON|CLEAVAGE,0.7329100423291005,NOT_SIGNIFICANT
D.melanogaster,CLEAVAGE,ECM,ECM_INDIVIDUAL_VS_NON,,Ras85D_EBC_MEL_ECM_0007,NON_ECM,12,29,459,1,6,28,453,0.0344827586206896,0.0130718954248366,2.6379310344827585,2.696428571428572,0.3137228709814128,23.175635930117117,0.3505311351557783,1.2636920390275583,1.3939393939393938,0.8070175438596492,8.518518518518515,0.2434756524347565,0.2434756524347565,0.8148185181481852,ENRICHED,D.melanogaster|ECM_INDIVIDUAL_VS_NON|CLEAVAGE,0.7329100423291005,NOT_SIGNIFICANT
D.melanogaster,CLEAVAGE,ECM,ECM_INDIVIDUAL_VS_NON,,Ras85D_EBC_MEL_ECM_0001,NON_ECM,12,30,459,1,6,29,453,0.0333333333333333,0.0130718954248366,2.55,2.603448275862069,0.3032381958320188,22.351877231336235,0.3598282354705218,1.2309022162045673,1.348973607038123,0.7809847198641766,8.243727598566306,0.2490750924907509,0.2490750924907509,0.8114188581141886,ENRICHED,D.melanogaster|ECM_INDIVIDUAL_VS_NON|CLEAVAGE,0.7329100423291005,NOT_SIGNIFICANT
D.melanogaster,CLEAVAGE,ECM,ECM_INDIVIDUAL_VS_NON,,Ras85D_EBC_MEL_ECM_0004,NON_ECM,12,30,459,1,6,29,453,0.0333333333333333,0.0130718954248366,2.55,2.603448275862069,0.3032381958320188,22.351877231336235,0.3598282354705218,1.2309022162045673,1.348973607038123,0.7809847198641766,8.243727598566306,0.2496750324967503,0.2496750324967503,0.809019098090191,ENRICHED,D.melanogaster|ECM_INDIVIDUAL_VS_NON|CLEAVAGE,0.7329100423291005,NOT_SIGNIFICANT
D.melanogaster,CLEAVAGE,ECM,ECM_INDIVIDUAL_VS_NON,,Ras85D_EBC_MEL_ECM_0010,NON_ECM,12,30,459,1,6,29,453,0.0333333333333333,0.0130718954248366,2.55,2.603448275862069,0.3032381958320188,22.351877231336235,0.3598282354705218,1.2309022162045673,1.348973607038123,0.7809847198641766,8.243727598566306,0.2508749125087491,0.2508749125087491,0.8076192380761924,ENRICHED,D.melanogaster|ECM_INDIVIDUAL_VS_NON|CLEAVAGE,0.7329100423291005,NOT_SIGNIFICANT
D.melanogaster,CLEAVAGE,ECM,ECM_INDIVIDUAL_VS_NON,,Ras85D_EBC_MEL_ECM_0017,NON_ECM,12,30,459,1,6,29,453,0.0333333333333333,0.0130718954248366,2.55,2.603448275862069,0.3032381958320188,22.351877231336235,0.3598282354705218,1.2309022162045673,1.348973607038123,0.7809847198641766,8.243727598566306,0.2586741325867413,0.2586741325867413,0.8014198580141986,ENRICHED,D.melanogaster|ECM_INDIVIDUAL_VS_NON|CLEAVAGE,0.7329100423291005,NOT_SIGNIFICANT
D.melanogaster,CLEAVAGE,ECM,ECM_INDIVIDUAL_VS_NON,,Ras85D_EBC_MEL_ECM_0005,NON_ECM,12,29,459,0,6,29,453,0.0,0.0130718954248366,0.0,1.182529335071708,0.0650339360586434,21.502245028567398,1.0,0.1650797503594486,1.3939393939393938,0.8070175438596492,8.518518518518515,0.7971202879712029,0.7525247475252475,0.4043595640435956,DEPLETED,D.melanogaster|ECM_INDIVIDUAL_VS_NON|CLEAVAGE,0.877012298770123,NOT_SIGNIFICANT
D.melanogaster,CLEAVAGE,ECM,ECM_INDIVIDUAL_VS_NON,,Ras85D_EBC_MEL_ECM_0013,NON_ECM,12,29,459,0,6,29,453,0.0,0.0130718954248366,0.0,1.182529335071708,0.0650339360586434,21.502245028567398,1.0,0.1650797503594486,1.3939393939393938,0.8070175438596492,8.518518518518515,0.7988201179882012,0.7526247375262474,0.4125587441255874,DEPLETED,D.melanogaster|ECM_INDIVIDUAL_VS_NON|CLEAVAGE,0.877012298770123,NOT_SIGNIFICANT
D.melanogaster,CLEAVAGE,ECM,ECM_INDIVIDUAL_VS_NON,,Ras85D_EBC_MEL_ECM_0003,NON_ECM,12,29,459,0,6,29,453,0.0,0.0130718954248366,0.0,1.182529335071708,0.0650339360586434,21.502245028567398,1.0,0.1650797503594486,1.3939393939393938,0.8070175438596492,8.518518518518515,0.7993200679932007,0.7521247875212479,0.4090590940905909,DEPLETED,D.melanogaster|ECM_INDIVIDUAL_VS_NON|CLEAVAGE,0.877012298770123,NOT_SIGNIFICANT
D.melanogaster,CLEAVAGE,ECM,ECM_INDIVIDUAL_VS_NON,,Ras85D_EBC_MEL_ECM_0009,NON_ECM,12,30,459,0,6,30,453,0.0,0.0130718954248366,0.0,1.1437578814627996,0.0629479954119779,20.781949970710983,1.0,0.1322899275364576,1.348973607038123,0.7809847198641766,8.243727598566306,0.8712128787121288,0.7490250974902509,0.4093590640935906,DEPLETED,D.melanogaster|ECM_INDIVIDUAL_VS_NON|CLEAVAGE,0.877012298770123,NOT_SIGNIFICANT
D.melanogaster,CLEAVAGE,ECM,ECM_INDIVIDUAL_VS_NON,,Ras85D_EBC_MEL_ECM_0011,NON_ECM,12,30,459,0,6,30,453,0.0,0.0130718954248366,0.0,1.1437578814627996,0.0629479954119779,20.781949970710983,1.0,0.1322899275364576,1.348973607038123,0.7809847198641766,8.243727598566306,0.8720127987201279,0.7503249675032497,0.4080591940805919,DEPLETED,D.melanogaster|ECM_INDIVIDUAL_VS_NON|CLEAVAGE,0.877012298770123,NOT_SIGNIFICANT
D.melanogaster,CLEAVAGE,ECM,ECM_INDIVIDUAL_VS_NON,,Ras85D_EBC_MEL_ECM_0014,NON_ECM,12,30,459,0,6,30,453,0.0,0.0130718954248366,0.0,1.1437578814627996,0.0629479954119779,20.781949970710983,1.0,0.1322899275364576,1.348973607038123,0.7809847198641766,8.243727598566306,0.8720127987201279,0.7510248975102489,0.4066593340665933,DEPLETED,D.melanogaster|ECM_INDIVIDUAL_VS_NON|CLEAVAGE,0.877012298770123,NOT_SIGNIFICANT
D.melanogaster,CLEAVAGE,ECM,ECM_INDIVIDUAL_VS_NON,,Ras85D_EBC_MEL_ECM_0006,NON_ECM,12,30,459,0,6,30,453,0.0,0.0130718954248366,0.0,1.1437578814627996,0.0629479954119779,20.781949970710983,1.0,0.1322899275364576,1.348973607038123,0.7809847198641766,8.243727598566306,0.8723127687231277,0.7513248675132487,0.4053594640535946,DEPLETED,D.melanogaster|ECM_INDIVIDUAL_VS_NON|CLEAVAGE,0.877012298770123,NOT_SIGNIFICANT
D.melanogaster,CLEAVAGE,ECM,ECM_INDIVIDUAL_VS_NON,,Ras85D_EBC_MEL_ECM_0002,NON_ECM,12,30,459,0,6,30,453,0.0,0.0130718954248366,0.0,1.1437578814627996,0.0629479954119779,20.781949970710983,1.0,0.1322899275364576,1.348973607038123,0.7809847198641766,8.243727598566306,0.8727127287271272,0.7509249075092491,0.4085591440855914,DEPLETED,D.melanogaster|ECM_INDIVIDUAL_VS_NON|CLEAVAGE,0.877012298770123,NOT_SIGNIFICANT
D.melanogaster,CLEAVAGE,ECM,ECM_INDIVIDUAL_VS_NON,,Ras85D_EBC_MEL_ECM_0012,NON_ECM,12,30,459,0,6,30,453,0.0,0.0130718954248366,0.0,1.1437578814627996,0.0629479954119779,20.781949970710983,1.0,0.1322899275364576,1.348973607038123,0.7809847198641766,8.243727598566306,0.8743125687431257,0.7554244575542446,0.4003599640035996,DEPLETED,D.melanogaster|ECM_INDIVIDUAL_VS_NON|CLEAVAGE,0.877012298770123,NOT_SIGNIFICANT
D.melanogaster,CLEAVAGE,ECM,ECM_INDIVIDUAL_VS_NON,,Ras85D_EBC_MEL_ECM_0016,NON_ECM,12,30,459,0,6,30,453,0.0,0.0130718954248366,0.0,1.1437578814627996,0.0629479954119779,20.781949970710983,1.0,0.1322899275364576,1.348973607038123,0.7809847198641766,8.243727598566306,0.8747125287471252,0.7523247675232477,0.4094590540945905,DEPLETED,D.melanogaster|ECM_INDIVIDUAL_VS_NON|CLEAVAGE,0.877012298770123,NOT_SIGNIFICANT
D.melanogaster,CLEAVAGE,ECM,ECM_INDIVIDUAL_VS_NON,,Ras85D_EBC_MEL_ECM_0015,NON_ECM,12,30,459,0,6,30,453,0.0,0.0130718954248366,0.0,1.1437578814627996,0.0629479954119779,20.781949970710983,1.0,0.1322899275364576,1.348973607038123,0.7809847198641766,8.243727598566306,0.877012298770123,0.7534246575342466,0.4047595240475952,DEPLETED,D.melanogaster|ECM_INDIVIDUAL_VS_NON|CLEAVAGE,0.877012298770123,NOT_SIGNIFICANT
D.melanogaster,DSE,ECM,ECM_INDIVIDUAL_VS_NON,,Ras85D_EBC_MEL_ECM_0015,NON_ECM,7,30,459,6,26,24,433,0.2,0.0566448801742919,3.530769230769231,4.163461538461538,1.565341320529836,11.073886413719135,0.0093180043178078,1.2918967289074097,0.4239631336405529,0.2150537634408602,11.716117323341706,0.3191680831916808,0.1738826117388261,0.827017298270173,ENRICHED,D.melanogaster|ECM_INDIVIDUAL_VS_NON|DSE,0.3760873912608739,NOT_SIGNIFICANT
D.melanogaster,DSE,ECM,ECM_INDIVIDUAL_VS_NON,,Ras85D_EBC_MEL_ECM_0017,NON_ECM,7,30,459,6,26,24,433,0.2,0.0566448801742919,3.530769230769231,4.163461538461538,1.565341320529836,11.073886413719135,0.0093180043178078,1.2918967289074097,0.4239631336405529,0.2150537634408602,11.541218637992827,0.3226677332266773,0.172982701729827,0.8284171582841716,ENRICHED,D.melanogaster|ECM_INDIVIDUAL_VS_NON|DSE,0.3760873912608739,NOT_SIGNIFICANT
D.melanogaster,DSE,ECM,ECM_INDIVIDUAL_VS_NON,,Ras85D_EBC_MEL_ECM_0009,NON_ECM,7,30,459,0,26,30,433,0.0,0.0566448801742919,0.0,0.2681719764924219,0.0159546906080873,4.5075276445284524,0.3927403002150758,-1.2730526285541277,0.4239631336405529,0.2150537634408602,11.347248576850095,0.3442655734426557,0.8507149285071492,0.1750824917508249,DEPLETED,D.melanogaster|ECM_INDIVIDUAL_VS_NON|DSE,0.3760873912608739,NOT_SIGNIFICANT
D.melanogaster,DSE,ECM,ECM_INDIVIDUAL_VS_NON,,Ras85D_EBC_MEL_ECM_0003,NON_ECM,7,29,459,0,26,29,433,0.0,0.0566448801742919,0.0,0.2772625519667412,0.0164830547138355,4.663851698470843,0.3897355987749463,-1.2402628057311365,0.438095238095238,0.2222222222222222,11.244444444444444,0.3448655134486551,0.8524147585241476,0.1734826517348265,DEPLETED,D.melanogaster|ECM_INDIVIDUAL_VS_NON|DSE,0.3760873912608739,NOT_SIGNIFICANT
D.melanogaster,DSE,ECM,ECM_INDIVIDUAL_VS_NON,,Ras85D_EBC_MEL_ECM_0016,NON_ECM,7,30,459,0,26,30,433,0.0,0.0566448801742919,0.0,0.2681719764924219,0.0159546906080873,4.5075276445284524,0.3927403002150758,-1.2730526285541277,0.4239631336405529,0.2150537634408602,11.347248576850095,0.3451654834516548,0.8522147785221478,0.170982901709829,DEPLETED,D.melanogaster|ECM_INDIVIDUAL_VS_NON|DSE,0.3760873912608739,NOT_SIGNIFICANT
D.melanogaster,DSE,ECM,ECM_INDIVIDUAL_VS_NON,,Ras85D_EBC_MEL_ECM_0002,NON_ECM,7,30,459,0,26,30,433,0.0,0.0566448801742919,0.0,0.2681719764924219,0.0159546906080873,4.5075276445284524,0.3927403002150758,-1.2730526285541277,0.4239631336405529,0.2150537634408602,11.349742477636182,0.3458654134586541,0.8535146485351465,0.1733826617338266,DEPLETED,D.melanogaster|ECM_INDIVIDUAL_VS_NON|DSE,0.3760873912608739,NOT_SIGNIFICANT
D.melanogaster,DSE,ECM,ECM_INDIVIDUAL_VS_NON,,Ras85D_EBC_MEL_ECM_0014,NON_ECM,7,30,459,0,26,30,433,0.0,0.0566448801742919,0.0,0.2681719764924219,0.0159546906080873,4.5075276445284524,0.3927403002150758,-1.2730526285541277,0.4239631336405529,0.2150537634408602,11.347248576850095,0.3460653934606539,0.8529147085291471,0.1732826717328267,DEPLETED,D.melanogaster|ECM_INDIVIDUAL_VS_NON|DSE,0.3760873912608739,NOT_SIGNIFICANT
D.melanogaster,DSE,ECM,ECM_INDIVIDUAL_VS_NON,,Ras85D_EBC_MEL_ECM_0004,NON_ECM,7,30,459,0,26,30,433,0.0,0.0566448801742919,0.0,0.2681719764924219,0.0159546906080873,4.5075276445284524,0.3927403002150758,-1.2730526285541277,0.4239631336405529,0.2150537634408602,11.449359959037343,0.3466653334666533,0.8508149185081492,0.1754824517548245,DEPLETED,D.melanogaster|ECM_INDIVIDUAL_VS_NON|DSE,0.3760873912608739,NOT_SIGNIFICANT
D.melanogaster,DSE,ECM,ECM_INDIVIDUAL_VS_NON,,Ras85D_EBC_MEL_ECM_0013,NON_ECM,7,29,459,0,26,29,433,0.0,0.0566448801742919,0.0,0.2772625519667412,0.0164830547138355,4.663851698470843,0.3897355987749463,-1.2402628057311365,0.438095238095238,0.2222222222222222,11.725490196078432,0.3466653334666533,0.8539146085391461,0.1723827617238276,DEPLETED,D.melanogaster|ECM_INDIVIDUAL_VS_NON|DSE,0.3760873912608739,NOT_SIGNIFICANT
D.melanogaster,DSE,ECM,ECM_INDIVIDUAL_VS_NON,,Ras85D_EBC_MEL_ECM_0007,NON_ECM,7,29,459,0,26,29,433,0.0,0.0566448801742919,0.0,0.2772625519667412,0.0164830547138355,4.663851698470843,0.3897355987749463,-1.2402628057311365,0.4144144144144144,0.2222222222222222,11.725490196078432,0.3484651534846515,0.8507149285071492,0.1753824617538246,DEPLETED,D.melanogaster|ECM_INDIVIDUAL_VS_NON|DSE,0.3760873912608739,NOT_SIGNIFICANT
D.melanogaster,DSE,ECM,ECM_INDIVIDUAL_VS_NON,,Ras85D_EBC_MEL_ECM_0012,NON_ECM,7,30,459,0,26,30,433,0.0,0.0566448801742919,0.0,0.2681719764924219,0.0159546906080873,4.5075276445284524,0.3927403002150758,-1.2730526285541277,0.4239631336405529,0.2150537634408602,11.714770797962649,0.348965103489651,0.8517148285171483,0.1742825717428257,DEPLETED,D.melanogaster|ECM_INDIVIDUAL_VS_NON|DSE,0.3760873912608739,NOT_SIGNIFICANT
D.melanogaster,DSE,ECM,ECM_INDIVIDUAL_VS_NON,,Ras85D_EBC_MEL_ECM_0010,NON_ECM,7,30,459,0,26,30,433,0.0,0.0566448801742919,0.0,0.2681719764924219,0.0159546906080873,4.5075276445284524,0.3927403002150758,-1.2730526285541277,0.4239631336405529,0.2150537634408602,12.555831265508685,0.3500649935006499,0.8515148485151485,0.1733826617338266,DEPLETED,D.melanogaster|ECM_INDIVIDUAL_VS_NON|DSE,0.3760873912608739,NOT_SIGNIFICANT
D.melanogaster,DSE,ECM,ECM_INDIVIDUAL_VS_NON,,Ras85D_EBC_MEL_ECM_0011,NON_ECM,7,30,459,0,26,30,433,0.0,0.0566448801742919,0.0,0.2681719764924219,0.0159546906080873,4.5075276445284524,0.3927403002150758,-1.2730526285541277,0.4239631336405529,0.2150537634408602,11.541218637992827,0.3502649735026497,0.8541145885411459,0.1727827217278272,DEPLETED,D.melanogaster|ECM_INDIVIDUAL_VS_NON|DSE,0.3760873912608739,NOT_SIGNIFICANT
D.melanogaster,DSE,ECM,ECM_INDIVIDUAL_VS_NON,,Ras85D_EBC_MEL_ECM_0005,NON_ECM,7,29,459,0,26,29,433,0.0,0.0566448801742919,0.0,0.2772625519667412,0.0164830547138355,4.663851698470843,0.3897355987749463,-1.2402628057311365,0.4144144144144144,0.2222222222222222,11.72806722689072,0.3511648835116488,0.8514148585141486,0.1750824917508249,DEPLETED,D.melanogaster|ECM_INDIVIDUAL_VS_NON|DSE,0.3760873912608739,NOT_SIGNIFICANT
D.melanogaster,DSE,ECM,ECM_INDIVIDUAL_VS_NON,,Ras85D_EBC_MEL_ECM_0008,NON_ECM,7,29,459,0,26,29,433,0.0,0.0566448801742919,0.0,0.2772625519667412,0.0164830547138355,4.663851698470843,0.3897355987749463,-1.2402628057311365,0.438095238095238,0.2222222222222222,12.105263157894736,0.3535646435356464,0.8542145785421458,0.1715828417158284,DEPLETED,D.melanogaster|ECM_INDIVIDUAL_VS_NON|DSE,0.3760873912608739,NOT_SIGNIFICANT
D.melanogaster,DSE,ECM,ECM_INDIVIDUAL_VS_NON,,Ras85D_EBC_MEL_ECM_0006,NON_ECM,7,30,459,0,26,30,433,0.0,0.0566448801742919,0.0,0.2681719764924219,0.0159546906080873,4.5075276445284524,0.3927403002150758,-1.2730526285541277,0.4010462074978204,0.2150537634408602,11.714770797962649,0.353964603539646,0.8495150484951505,0.1784821517848215,DEPLETED,D.melanogaster|ECM_INDIVIDUAL_VS_NON|DSE,0.3760873912608739,NOT_SIGNIFICANT
D.melanogaster,DSE,ECM,ECM_INDIVIDUAL_VS_NON,,Ras85D_EBC_MEL_ECM_0001,NON_ECM,7,30,459,4,26,26,433,0.1333333333333333,0.0566448801742919,2.353846153846154,2.562130177514793,0.832114475813673,7.888951865803029,0.1027203888902026,0.924171948782092,0.4010462074978204,0.2150537634408602,11.714770797962649,0.6537346265373463,0.1902809719028097,0.8103189681031897,ENRICHED,D.melanogaster|ECM_INDIVIDUAL_VS_NON|DSE,0.6537346265373463,NOT_SIGNIFICANT
D.melanogaster,MIRNA_ALL,ECM,ECM_INDIVIDUAL_VS_NON,,Ras85D_EBC_MEL_ECM_0005,NON_ECM,39,29,459,0,220,29,239,0.0,0.4793028322440087,0.0,0.0184096237365002,0.0011181149398521,0.3031121703501552,1.5031924674670776e-08,-3.3590157676258605,0.9489685124864276,0.0380479735318445,2.8514619883040937,0.0065993400659934,0.9942005799420058,0.0065993400659934,DEPLETED,D.melanogaster|ECM_INDIVIDUAL_VS_NON|MIRNA_ALL,0.0671432856714328,NOT_SIGNIFICANT
D.melanogaster,MIRNA_ALL,ECM,ECM_INDIVIDUAL_VS_NON,,Ras85D_EBC_MEL_ECM_0001,NON_ECM,39,30,459,0,220,30,239,0.0,0.4793028322440087,0.0,0.0178060295156313,0.0010822800365238,0.2929506933620199,8.083417351825237e-09,-3.391805590448852,0.7317413769026672,0.0359290791220807,2.5936344720524365,0.0078992100789921,0.993000699930007,0.0078992100789921,DEPLETED,D.melanogaster|ECM_INDIVIDUAL_VS_NON|MIRNA_ALL,0.0671432856714328,NOT_SIGNIFICANT
D.melanogaster,MIRNA_ALL,ECM,ECM_INDIVIDUAL_VS_NON,,Ras85D_EBC_MEL_ECM_0009,NON_ECM,39,30,459,3,220,27,239,0.1,0.4793028322440087,0.2086363636363636,0.1207070707070707,0.0361101259271685,0.4034933843229674,3.351016166491584e-05,-1.4458954413935383,0.9414287106519832,0.0371897485649607,2.841455044612217,0.2156784321567843,0.7851214878512148,0.2153784621537846,DEPLETED,D.melanogaster|ECM_INDIVIDUAL_VS_NON|MIRNA_ALL,0.9797020297970204,NOT_SIGNIFICANT
D.melanogaster,MIRNA_ALL,ECM,ECM_INDIVIDUAL_VS_NON,,Ras85D_EBC_MEL_ECM_0013,NON_ECM,39,29,459,7,220,22,239,0.2413793103448276,0.4793028322440087,0.5036050156739812,0.3456611570247934,0.1448108130787968,0.825087802046278,0.0128723232411919,-0.6509655665236507,0.9448842834642368,0.0384294068504594,2.8786717752234985,0.4576542345765423,0.7094290570942906,0.2911708829117088,DEPLETED,D.melanogaster|ECM_INDIVIDUAL_VS_NON|MIRNA_ALL,0.9797020297970204,NOT_SIGNIFICANT
D.melanogaster,MIRNA_ALL,ECM,ECM_INDIVIDUAL_VS_NON,,Ras85D_EBC_MEL_ECM_0007,NON_ECM,39,29,459,25,220,4,239,0.8620689655172413,0.4793028322440087,1.7985893416927898,6.789772727272728,2.3260156511800165,19.81973494659372,6.547933378970233e-05,0.572809865098465,0.9554896142433232,0.0380479735318445,2.8856088560885604,0.4976502349765023,0.1999800019998,0.8001199880011999,ENRICHED,D.melanogaster|ECM_INDIVIDUAL_VS_NON|MIRNA_ALL,0.9797020297970204,NOT_SIGNIFICANT
D.melanogaster,MIRNA_ALL,ECM,ECM_INDIVIDUAL_VS_NON,,Ras85D_EBC_MEL_ECM_0006,NON_ECM,39,30,459,8,220,22,239,0.2666666666666666,0.4793028322440087,0.5563636363636364,0.3950413223140496,0.1723142027681271,0.9056574781919178,0.0244034420887969,-0.5585922463926356,0.962237146317296,0.0366387893269613,2.8918891064619188,0.5181481851814819,0.6958304169583042,0.3043695630436956,DEPLETED,D.melanogaster|ECM_INDIVIDUAL_VS_NON|MIRNA_ALL,0.9797020297970204,NOT_SIGNIFICANT
D.melanogaster,MIRNA_ALL,ECM,ECM_INDIVIDUAL_VS_NON,,Ras85D_EBC_MEL_ECM_0016,NON_ECM,39,30,459,24,220,6,239,0.8,0.4793028322440087,1.6690909090909092,4.345454545454546,1.7436248649982824,10.82972351775344,0.0005991296594592,0.5000147076617749,0.955995301346345,0.0371897485649607,2.855398392184797,0.56994300569943,0.2428757124287571,0.7587241275872413,ENRICHED,D.melanogaster|ECM_INDIVIDUAL_VS_NON|MIRNA_ALL,0.9797020297970204,NOT_SIGNIFICANT
D.melanogaster,MIRNA_ALL,ECM,ECM_INDIVIDUAL_VS_NON,,Ras85D_EBC_MEL_ECM_0015,NON_ECM,39,30,459,23,220,7,239,0.7666666666666667,0.4793028322440087,1.5995454545454546,3.5694805194805195,1.5019486411851568,8.483107098054369,0.0023562889797849,0.458342011261207,0.9414287106519832,0.0371897485649607,2.792524699440542,0.5933406659334066,0.2514748525147485,0.7487251274872513,ENRICHED,D.melanogaster|ECM_INDIVIDUAL_VS_NON|MIRNA_ALL,0.9797020297970204,NOT_SIGNIFICANT
D.melanogaster,MIRNA_ALL,ECM,ECM_INDIVIDUAL_VS_NON,,Ras85D_EBC_MEL_ECM_0008,NON_ECM,39,29,459,22,220,7,239,0.7586206896551724,0.4793028322440087,1.5827586206896551,3.414285714285714,1.4303761944926054,8.149846861028541,0.0037818270134996,0.447646722144459,0.942826321467098,0.0384294068504594,2.8057197083208463,0.6064393560643936,0.2582741725827417,0.7425257474252575,ENRICHED,D.melanogaster|ECM_INDIVIDUAL_VS_NON|MIRNA_ALL,0.9797020297970204,NOT_SIGNIFICANT
D.melanogaster,MIRNA_ALL,ECM,ECM_INDIVIDUAL_VS_NON,,Ras85D_EBC_MEL_ECM_0017,NON_ECM,39,30,459,10,220,20,239,0.3333333333333333,0.4793028322440087,0.6954545454545454,0.5431818181818182,0.2487784888953834,1.1859807048164002,0.1341243666381916,-0.3472831527254286,0.9529446581828944,0.0368206195469462,2.817510182636172,0.7017298270172982,0.6151384861513849,0.3871612838716128,DEPLETED,D.melanogaster|ECM_INDIVIDUAL_VS_NON|MIRNA_ALL,0.9797020297970204,NOT_SIGNIFICANT
D.melanogaster,MIRNA_ALL,ECM,ECM_INDIVIDUAL_VS_NON,,Ras85D_EBC_MEL_ECM_0012,NON_ECM,39,30,459,20,220,10,239,0.6666666666666666,0.4793028322440087,1.3909090909090909,2.172727272727273,0.9951139555815336,4.743922819265601,0.0587802928429519,0.3217664762554562,0.9408112183847316,0.0371897485649607,2.8198171038086626,0.7275272472752725,0.3268673132686731,0.6733326667333267,ENRICHED,D.melanogaster|ECM_INDIVIDUAL_VS_NON|MIRNA_ALL,0.9797020297970204,NOT_SIGNIFICANT
D.melanogaster,MIRNA_ALL,ECM,ECM_INDIVIDUAL_VS_NON,,Ras85D_EBC_MEL_ECM_0004,NON_ECM,39,30,459,11,220,19,239,0.3666666666666666,0.4793028322440087,0.7649999999999999,0.6289473684210526,0.2927210048140761,1.3513713937099234,0.2611348762274193,-0.2563113745197018,0.9665059943146704,0.0373771024620134,2.8704389212057118,0.7772222777722227,0.5858414158584142,0.4143585641435856,DEPLETED,D.melanogaster|ECM_INDIVIDUAL_VS_NON|MIRNA_ALL,0.9797020297970204,NOT_SIGNIFICANT
D.melanogaster,MIRNA_ALL,ECM,ECM_INDIVIDUAL_VS_NON,,Ras85D_EBC_MEL_ECM_0003,NON_ECM,39,29,459,11,220,18,239,0.3793103448275862,0.4793028322440087,0.7913793103448276,0.6638888888888889,0.3067333405107703,1.4369108231149317,0.3407947384817352,-0.223521551696711,0.9473684210526316,0.0384294068504594,2.818276220145379,0.8202179782021798,0.5620437956204379,0.4382561743825617,DEPLETED,D.melanogaster|ECM_INDIVIDUAL_VS_NON|MIRNA_ALL,0.9797020297970204,NOT_SIGNIFICANT
D.melanogaster,MIRNA_ALL,ECM,ECM_INDIVIDUAL_VS_NON,,Ras85D_EBC_MEL_ECM_0002,NON_ECM,39,30,459,13,220,17,239,0.4333333333333333,0.4793028322440087,0.9040909090909092,0.8307486631016042,0.3943863087006032,1.749917088955089,0.7075560846877176,-0.0959687244445225,0.970756707868556,0.0375663536137198,2.8517389933802666,0.9188081191880813,0.5269473052694731,0.4746525347465253,DEPLETED,D.melanogaster|ECM_INDIVIDUAL_VS_NON|MIRNA_ALL,0.9797020297970204,NOT_SIGNIFICANT
D.melanogaster,MIRNA_ALL,ECM,ECM_INDIVIDUAL_VS_NON,,Ras85D_EBC_MEL_ECM_0011,NON_ECM,39,30,459,16,220,14,239,0.5333333333333333,0.4793028322440087,1.1127272727272728,1.2415584415584415,0.5921905789868135,2.6029920409107867,0.5780680684123195,0.1047019710176286,0.9454025556250558,0.0375663536137198,2.8045671211617336,0.919008099190081,0.4382561743825617,0.5618438156184381,ENRICHED,D.melanogaster|ECM_INDIVIDUAL_VS_NON|MIRNA_ALL,0.9797020297970204,NOT_SIGNIFICANT
D.melanogaster,MIRNA_ALL,ECM,ECM_INDIVIDUAL_VS_NON,,Ras85D_EBC_MEL_ECM_0014,NON_ECM,39,30,459,13,220,17,239,0.4333333333333333,0.4793028322440087,0.9040909090909092,0.8307486631016042,0.3943863087006032,1.749917088955089,0.7075560846877176,-0.0959687244445225,0.9618091683426552,0.0373771024620134,2.819896027118244,0.9234076592340766,0.5218478152184781,0.4794520547945205,DEPLETED,D.melanogaster|ECM_INDIVIDUAL_VS_NON|MIRNA_ALL,0.9797020297970204,NOT_SIGNIFICANT
D.melanogaster,MIRNA_ALL,ECM,ECM_INDIVIDUAL_VS_NON,,Ras85D_EBC_MEL_ECM_0010,NON_ECM,39,30,459,14,220,16,239,0.4666666666666667,0.4793028322440087,0.9736363636363636,0.9505681818181818,0.4533959120367791,1.9929157813223213,1.0,-0.0245097604623776,0.9635525764558022,0.0371897485649607,2.8517389933802666,0.9797020297970204,0.4951504849515049,0.5049495050494951,DEPLETED,D.melanogaster|ECM_INDIVIDUAL_VS_NON|MIRNA_ALL,0.9797020297970204,NOT_SIGNIFICANT
D.melanogaster,MIRNA_CONSERVED,ECM,ECM_INDIVIDUAL_VS_NON,,Ras85D_EBC_MEL_ECM_0012,NON_ECM,6,30,459,8,7,22,452,0.2666666666666666,0.0152505446623093,17.485714285714284,23.48051948051948,7.8084707036010625,70.60726946453077,3.675128480160518e-07,2.8224024279520004,0.4010462074978204,0.203269995581087,14.838709677419352,0.012998700129987,0.012998700129987,0.9886011398860114,ENRICHED,D.melanogaster|ECM_INDIVIDUAL_VS_NON|MIRNA_CONSERVED,0.0871162883711628,NOT_SIGNIFICANT
D.melanogaster,MIRNA_CONSERVED,ECM,ECM_INDIVIDUAL_VS_NON,,Ras85D_EBC_MEL_ECM_0003,NON_ECM,6,29,459,7,7,22,452,0.2413793103448276,0.0152505446623093,15.827586206896552,20.545454545454547,6.625672774286355,63.709108019570856,3.210263406730873e-06,2.730029107820985,0.4144144144144144,0.2100456621004566,13.529411764705884,0.0186981301869813,0.0186981301869813,0.9875012498750124,ENRICHED,D.melanogaster|ECM_INDIVIDUAL_VS_NON|MIRNA_CONSERVED,0.0871162883711628,NOT_SIGNIFICANT
D.melanogaster,MIRNA_CONSERVED,ECM,ECM_INDIVIDUAL_VS_NON,,Ras85D_EBC_MEL_ECM_0015,NON_ECM,6,30,459,7,7,23,452,0.2333333333333333,0.0152505446623093,15.3,19.65217391304348,6.358925806576819,60.73477679344284,4.0754483593832085e-06,2.6972392849979947,0.4010462074978204,0.203269995581087,14.838709677419352,0.0195980401959804,0.0195980401959804,0.9875012498750124,ENRICHED,D.melanogaster|ECM_INDIVIDUAL_VS_NON|MIRNA_CONSERVED,0.0871162883711628,NOT_SIGNIFICANT
D.melanogaster,MIRNA_CONSERVED,ECM,ECM_INDIVIDUAL_VS_NON,,Ras85D_EBC_MEL_ECM_0016,NON_ECM,6,30,459,7,7,23,452,0.2333333333333333,0.0152505446623093,15.3,19.65217391304348,6.358925806576819,60.73477679344284,4.0754483593832085e-06,2.6972392849979947,0.4010462074978204,0.203269995581087,14.838709677419352,0.0204979502049795,0.0204979502049795,0.9857014298570144,ENRICHED,D.melanogaster|ECM_INDIVIDUAL_VS_NON|MIRNA_CONSERVED,0.0871162883711628,NOT_SIGNIFICANT
D.melanogaster,MIRNA_CONSERVED,ECM,ECM_INDIVIDUAL_VS_NON,,Ras85D_EBC_MEL_ECM_0007,NON_ECM,6,29,459,6,7,23,452,0.2068965517241379,0.0152505446623093,13.566502463054189,16.84472049689441,5.237686099101882,54.17365669682824,3.3429937824373194e-05,2.586928264180312,0.4144144144144144,0.2100456621004566,13.529411764705884,0.0274972502749725,0.0274972502749725,0.9727027297270272,ENRICHED,D.melanogaster|ECM_INDIVIDUAL_VS_NON|MIRNA_CONSERVED,0.0934906509349065,NOT_SIGNIFICANT
D.melanogaster,MIRNA_CONSERVED,ECM,ECM_INDIVIDUAL_VS_NON,,Ras85D_EBC_MEL_ECM_0006,NON_ECM,6,30,459,1,7,29,452,0.0333333333333333,0.0152505446623093,2.185714285714285,2.226600985221675,0.2649471702315809,18.71222833992429,0.3996729511051365,1.087801372563894,0.380479735318445,0.203269995581087,14.838709677419352,0.5755424457554245,0.1843815618438156,0.8194180581941806,ENRICHED,D.melanogaster|ECM_INDIVIDUAL_VS_NON|MIRNA_CONSERVED,1.0,NOT_SIGNIFICANT
D.melanogaster,MIRNA_CONSERVED,ECM,ECM_INDIVIDUAL_VS_NON,,Ras85D_EBC_MEL_ECM_0005,NON_ECM,6,29,459,0,7,29,452,0.0,0.0152505446623093,0.0,1.0225988700564972,0.0570092653702896,18.342780638352096,1.0,0.0219789067187751,0.3931623931623931,0.2100456621004566,15.33333333333333,0.9996000399960004,0.233976602339766,0.78992100789921,DEPLETED,D.melanogaster|ECM_INDIVIDUAL_VS_NON|MIRNA_CONSERVED,1.0,NOT_SIGNIFICANT
D.melanogaster,MIRNA_CONSERVED,ECM,ECM_INDIVIDUAL_VS_NON,,Ras85D_EBC_MEL_ECM_0008,NON_ECM,6,29,459,0,7,29,452,0.0,0.0152505446623093,0.0,1.0225988700564972,0.0570092653702896,18.342780638352096,1.0,0.0219789067187751,0.4144144144144144,0.2100456621004566,13.529411764705884,0.9998000199980002,0.2378762123787621,0.7883211678832117,DEPLETED,D.melanogaster|ECM_INDIVIDUAL_VS_NON|MIRNA_CONSERVED,1.0,NOT_SIGNIFICANT
D.melanogaster,MIRNA_CONSERVED,ECM,ECM_INDIVIDUAL_VS_NON,,Ras85D_EBC_MEL_ECM_0013,NON_ECM,6,29,459,0,7,29,452,0.0,0.0152505446623093,0.0,1.0225988700564972,0.0570092653702896,18.342780638352096,1.0,0.0219789067187751,0.4144144144144144,0.2100456621004566,13.719298245614036,0.9998000199980002,0.2367763223677632,0.789021097890211,DEPLETED,D.melanogaster|ECM_INDIVIDUAL_VS_NON|MIRNA_CONSERVED,1.0,NOT_SIGNIFICANT
D.melanogaster,MIRNA_CONSERVED,ECM,ECM_INDIVIDUAL_VS_NON,,Ras85D_EBC_MEL_ECM_0001,NON_ECM,6,30,459,0,7,30,452,0.0,0.0152505446623093,0.0,0.989071038251366,0.0551809048017443,17.728261655410734,1.0,-0.0108109161042156,0.380479735318445,0.203269995581087,14.838709677419352,1.0,0.2176782321767823,0.8065193480651934,DEPLETED,D.melanogaster|ECM_INDIVIDUAL_VS_NON|MIRNA_CONSERVED,1.0,NOT_SIGNIFICANT
D.melanogaster,MIRNA_CONSERVED,ECM,ECM_INDIVIDUAL_VS_NON,,Ras85D_EBC_MEL_ECM_0002,NON_ECM,6,30,459,0,7,30,452,0.0,0.0152505446623093,0.0,0.989071038251366,0.0551809048017443,17.728261655410734,1.0,-0.0108109161042156,0.4010462074978204,0.203269995581087,14.838709677419352,1.0,0.2374762523747625,0.7881211878812119,DEPLETED,D.melanogaster|ECM_INDIVIDUAL_VS_NON|MIRNA_CONSERVED,1.0,NOT_SIGNIFICANT
D.melanogaster,MIRNA_CONSERVED,ECM,ECM_INDIVIDUAL_VS_NON,,Ras85D_EBC_MEL_ECM_0004,NON_ECM,6,30,459,0,7,30,452,0.0,0.0152505446623093,0.0,0.989071038251366,0.0551809048017443,17.728261655410734,1.0,-0.0108109161042156,0.4010462074978204,0.203269995581087,13.81700096881838,1.0,0.2473752624737526,0.7768223177682232,DEPLETED,D.melanogaster|ECM_INDIVIDUAL_VS_NON|MIRNA_CONSERVED,1.0,NOT_SIGNIFICANT
D.melanogaster,MIRNA_CONSERVED,ECM,ECM_INDIVIDUAL_VS_NON,,Ras85D_EBC_MEL_ECM_0009,NON_ECM,6,30,459,0,7,30,452,0.0,0.0152505446623093,0.0,0.989071038251366,0.0551809048017443,17.728261655410734,1.0,-0.0108109161042156,0.4010462074978204,0.203269995581087,14.838709677419352,1.0,0.2452754724527547,0.779022097790221,DEPLETED,D.melanogaster|ECM_INDIVIDUAL_VS_NON|MIRNA_CONSERVED,1.0,NOT_SIGNIFICANT
D.melanogaster,MIRNA_CONSERVED,ECM,ECM_INDIVIDUAL_VS_NON,,Ras85D_EBC_MEL_ECM_0010,NON_ECM,6,30,459,0,7,30,452,0.0,0.0152505446623093,0.0,0.989071038251366,0.0551809048017443,17.728261655410734,1.0,-0.0108109161042156,0.4010462074978204,0.203269995581087,14.838709677419352,1.0,0.2442755724427557,0.7808219178082192,DEPLETED,D.melanogaster|ECM_INDIVIDUAL_VS_NON|MIRNA_CONSERVED,1.0,NOT_SIGNIFICANT
D.melanogaster,MIRNA_CONSERVED,ECM,ECM_INDIVIDUAL_VS_NON,,Ras85D_EBC_MEL_ECM_0011,NON_ECM,6,30,459,0,7,30,452,0.0,0.0152505446623093,0.0,0.989071038251366,0.0551809048017443,17.728261655410734,1.0,-0.0108109161042156,0.4010462074978204,0.203269995581087,14.838709677419352,1.0,0.24997500249975,0.7755224477552245,DEPLETED,D.melanogaster|ECM_INDIVIDUAL_VS_NON|MIRNA_CONSERVED,1.0,NOT_SIGNIFICANT
D.melanogaster,MIRNA_CONSERVED,ECM,ECM_INDIVIDUAL_VS_NON,,Ras85D_EBC_MEL_ECM_0014,NON_ECM,6,30,459,0,7,30,452,0.0,0.0152505446623093,0.0,0.989071038251366,0.0551809048017443,17.728261655410734,1.0,-0.0108109161042156,0.4010462074978204,0.203269995581087,13.092979127134722,1.0,0.2400759924007599,0.7858214178582141,DEPLETED,D.melanogaster|ECM_INDIVIDUAL_VS_NON|MIRNA_CONSERVED,1.0,NOT_SIGNIFICANT
D.melanogaster,MIRNA_CONSERVED,ECM,ECM_INDIVIDUAL_VS_NON,,Ras85D_EBC_MEL_ECM_0017,NON_ECM,6,30,459,0,7,30,452,0.0,0.0152505446623093,0.0,0.989071038251366,0.0551809048017443,17.728261655410734,1.0,-0.0108109161042156,0.4010462074978204,0.203269995581087,14.838709677419352,1.0,0.2444755524447555,0.7805219478052194,DEPLETED,D.melanogaster|ECM_INDIVIDUAL_VS_NON|MIRNA_CONSERVED,1.0,NOT_SIGNIFICANT
D.melanogaster,MIRNA_WEAK,ECM,ECM_INDIVIDUAL_VS_NON,,Ras85D_EBC_MEL_ECM_0005,NON_ECM,37,29,459,0,220,29,239,0.0,0.4793028322440087,0.0,0.0184096237365002,0.0011181149398521,0.3031121703501552,1.5031924674670776e-08,-3.3590157676258605,0.9019607843137254,0.0394173093401885,2.979976442873969,0.0020997900209979,0.9983001699830018,0.0020997900209979,DEPLETED,D.melanogaster|ECM_INDIVIDUAL_VS_NON|MIRNA_WEAK,0.0195480451954804,SIGNIFICANT_DEPLETION
D.melanogaster,MIRNA_WEAK,ECM,ECM_INDIVIDUAL_VS_NON,,Ras85D_EBC_MEL_ECM_0001,NON_ECM,37,30,459,0,220,30,239,0.0,0.4793028322440087,0.0,0.0178060295156313,0.0010822800365238,0.2929506933620199,8.083417351825237e-09,-3.391805590448852,0.7444168734491315,0.0375663536137198,2.59100241821417,0.0022997700229977,0.9982001799820018,0.0022997700229977,DEPLETED,D.melanogaster|ECM_INDIVIDUAL_VS_NON|MIRNA_WEAK,0.0195480451954804,SIGNIFICANT_DEPLETION
D.melanogaster,MIRNA_WEAK,ECM,ECM_INDIVIDUAL_VS_NON,,Ras85D_EBC_MEL_ECM_0009,NON_ECM,37,30,459,3,220,27,239,0.1,0.4793028322440087,0.2086363636363636,0.1207070707070707,0.0361101259271685,0.4034933843229674,3.351016166491584e-05,-1.4458954413935383,0.9421783751771082,0.0381457832324404,2.9477571413055284,0.2274772522747725,0.7735226477352265,0.2265773422657734,DEPLETED,D.melanogaster|ECM_INDIVIDUAL_VS_NON|MIRNA_WEAK,0.9822017798220178,NOT_SIGNIFICANT
D.melanogaster,MIRNA_WEAK,ECM,ECM_INDIVIDUAL_VS_NON,,Ras85D_EBC_MEL_ECM_0003,NON_ECM,37,29,459,4,220,25,239,0.1379310344827586,0.4793028322440087,0.2877742946708463,0.1738181818181818,0.0595460006702084,0.5073852146327993,0.0003552673845368,-1.1617911902896414,0.9231654411341642,0.0400348128807658,2.890352423074444,0.271972802719728,0.7401259874012599,0.2600739926007399,DEPLETED,D.melanogaster|ECM_INDIVIDUAL_VS_NON|MIRNA_WEAK,0.9822017798220178,NOT_SIGNIFICANT
D.melanogaster,MIRNA_WEAK,ECM,ECM_INDIVIDUAL_VS_NON,,Ras85D_EBC_MEL_ECM_0006,NON_ECM,37,30,459,7,220,23,239,0.2333333333333333,0.4793028322440087,0.4868181818181818,0.3306324110671936,0.1391218968205532,0.7857698446212931,0.0128306560301906,-0.6837553893466415,0.9357744841615808,0.0377575309857998,2.9677419354838706,0.4396560343965603,0.7122287771222878,0.2880711928807119,DEPLETED,D.melanogaster|ECM_INDIVIDUAL_VS_NON|MIRNA_WEAK,0.9822017798220178,NOT_SIGNIFICANT
D.melanogaster,MIRNA_WEAK,ECM,ECM_INDIVIDUAL_VS_NON,,Ras85D_EBC_MEL_ECM_0013,NON_ECM,37,29,459,7,220,22,239,0.2413793103448276,0.4793028322440087,0.5036050156739812,0.3456611570247934,0.1448108130787968,0.825087802046278,0.0128723232411919,-0.6509655665236507,0.9307774227902024,0.0396210163652024,2.9467969598262758,0.477952204779522,0.6946305369463054,0.3055694430556944,DEPLETED,D.melanogaster|ECM_INDIVIDUAL_VS_NON|MIRNA_WEAK,0.9822017798220178,NOT_SIGNIFICANT
D.melanogaster,MIRNA_WEAK,ECM,ECM_INDIVIDUAL_VS_NON,,Ras85D_EBC_MEL_ECM_0007,NON_ECM,37,29,459,25,220,4,239,0.8620689655172413,0.4793028322440087,1.7985893416927898,6.789772727272728,2.3260156511800165,19.81973494659372,6.547933378970233e-05,0.572809865098465,0.942826321467098,0.0394173093401885,2.966301813875208,0.524047595240476,0.2124787521247875,0.7876212378762124,ENRICHED,D.melanogaster|ECM_INDIVIDUAL_VS_NON|MIRNA_WEAK,0.9822017798220178,NOT_SIGNIFICANT
D.melanogaster,MIRNA_WEAK,ECM,ECM_INDIVIDUAL_VS_NON,,Ras85D_EBC_MEL_ECM_0008,NON_ECM,37,29,459,22,220,7,239,0.7586206896551724,0.4793028322440087,1.5827586206896551,3.414285714285714,1.4303761944926054,8.149846861028541,0.0037818270134996,0.447646722144459,0.9279538904899136,0.0398268398268398,2.887154861348936,0.6122387761223878,0.2635736426357364,0.7368263173682632,ENRICHED,D.melanogaster|ECM_INDIVIDUAL_VS_NON|MIRNA_WEAK,0.9822017798220178,NOT_SIGNIFICANT
D.melanogaster,MIRNA_WEAK,ECM,ECM_INDIVIDUAL_VS_NON,,Ras85D_EBC_MEL_ECM_0017,NON_ECM,37,30,459,10,220,20,239,0.3333333333333333,0.4793028322440087,0.6954545454545454,0.5431818181818182,0.2487784888953834,1.1859807048164002,0.1341243666381916,-0.3472831527254286,0.912412569161708,0.0379506641366223,2.928071823781188,0.7116288371162883,0.6052394760523948,0.3967603239676032,DEPLETED,D.melanogaster|ECM_INDIVIDUAL_VS_NON|MIRNA_WEAK,0.9822017798220178,NOT_SIGNIFICANT
D.melanogaster,MIRNA_WEAK,ECM,ECM_INDIVIDUAL_VS_NON,,Ras85D_EBC_MEL_ECM_0016,NON_ECM,37,30,459,20,220,10,239,0.6666666666666666,0.4793028322440087,1.3909090909090909,2.172727272727273,0.9951139555815336,4.743922819265601,0.0587802928429519,0.3217664762554562,0.9482147025043388,0.0381457832324404,2.9477571413055284,0.7303269673032696,0.3316668333166683,0.6684331566843316,ENRICHED,D.melanogaster|ECM_INDIVIDUAL_VS_NON|MIRNA_WEAK,0.9822017798220178,NOT_SIGNIFICANT
D.melanogaster,MIRNA_WEAK,ECM,ECM_INDIVIDUAL_VS_NON,,Ras85D_EBC_MEL_ECM_0004,NON_ECM,37,30,459,11,220,19,239,0.3666666666666666,0.4793028322440087,0.7649999999999999,0.6289473684210526,0.2927210048140761,1.3513713937099234,0.2611348762274193,-0.2563113745197018,0.9304801447886724,0.038542103058232,2.926665922535997,0.7927207279272073,0.5696430356964304,0.4304569543045695,DEPLETED,D.melanogaster|ECM_INDIVIDUAL_VS_NON|MIRNA_WEAK,0.9822017798220178,NOT_SIGNIFICANT
D.melanogaster,MIRNA_WEAK,ECM,ECM_INDIVIDUAL_VS_NON,,Ras85D_EBC_MEL_ECM_0015,NON_ECM,37,30,459,18,220,12,239,0.6,0.4793028322440087,1.2518181818181815,1.6295454545454546,0.767395210457923,3.460300966493133,0.2580454044464884,0.2191123221953729,0.9506694222302092,0.0383429190630991,2.9293245641507464,0.8307169283071693,0.3897610238976102,0.6103389661033897,ENRICHED,D.melanogaster|ECM_INDIVIDUAL_VS_NON|MIRNA_WEAK,0.9822017798220178,NOT_SIGNIFICANT
D.melanogaster,MIRNA_WEAK,ECM,ECM_INDIVIDUAL_VS_NON,,Ras85D_EBC_MEL_ECM_0012,NON_ECM,37,30,459,12,220,18,239,0.4,0.4793028322440087,0.8345454545454546,0.7242424242424242,0.3410645379812991,1.5379115406636146,0.4535010085248323,-0.1729297655806509,0.9304801447886724,0.0387433673039669,2.90442822027369,0.8602139786021398,0.5427457254274572,0.4573542645735426,DEPLETED,D.melanogaster|ECM_INDIVIDUAL_VS_NON|MIRNA_WEAK,0.9822017798220178,NOT_SIGNIFICANT
D.melanogaster,MIRNA_WEAK,ECM,ECM_INDIVIDUAL_VS_NON,,Ras85D_EBC_MEL_ECM_0011,NON_ECM,37,30,459,16,220,14,239,0.5333333333333333,0.4793028322440087,1.1127272727272728,1.2415584415584415,0.5921905789868135,2.6029920409107867,0.5780680684123195,0.1047019710176286,0.9558544029968468,0.0387433673039669,2.946314195877489,0.9167083291670832,0.4380561943805619,0.5621437856214379,ENRICHED,D.melanogaster|ECM_INDIVIDUAL_VS_NON|MIRNA_WEAK,0.9822017798220178,NOT_SIGNIFICANT
D.melanogaster,MIRNA_WEAK,ECM,ECM_INDIVIDUAL_VS_NON,,Ras85D_EBC_MEL_ECM_0014,NON_ECM,37,30,459,13,220,17,239,0.4333333333333333,0.4793028322440087,0.9040909090909092,0.8307486631016042,0.3943863087006032,1.749917088955089,0.7075560846877176,-0.0959687244445225,0.9429280397022332,0.0383429190630991,2.9677419354838706,0.9253074692530748,0.5147485251474853,0.4867513248675132,DEPLETED,D.melanogaster|ECM_INDIVIDUAL_VS_NON|MIRNA_WEAK,0.9822017798220178,NOT_SIGNIFICANT
D.melanogaster,MIRNA_WEAK,ECM,ECM_INDIVIDUAL_VS_NON,,Ras85D_EBC_MEL_ECM_0002,NON_ECM,37,30,459,13,220,17,239,0.4333333333333333,0.4793028322440087,0.9040909090909092,0.8307486631016042,0.3943863087006032,1.749917088955089,0.7075560846877176,-0.0959687244445225,0.931299770549332,0.0387433673039669,2.910725986614227,0.9295070492950704,0.507949205079492,0.492950704929507,DEPLETED,D.melanogaster|ECM_INDIVIDUAL_VS_NON|MIRNA_WEAK,0.9822017798220178,NOT_SIGNIFICANT
D.melanogaster,MIRNA_WEAK,ECM,ECM_INDIVIDUAL_VS_NON,,Ras85D_EBC_MEL_ECM_0010,NON_ECM,37,30,459,14,220,16,239,0.4666666666666667,0.4793028322440087,0.9736363636363636,0.9505681818181818,0.4533959120367791,1.9929157813223213,1.0,-0.0245097604623776,0.920217747814787,0.0383379906673326,2.908584288929375,0.9822017798220178,0.4751524847515248,0.5249475052494751,DEPLETED,D.melanogaster|ECM_INDIVIDUAL_VS_NON|MIRNA_WEAK,0.9822017798220178,NOT_SIGNIFICANT
D.melanogaster,PAS,ECM,ECM_INDIVIDUAL_VS_NON,,Ras85D_EBC_MEL_ECM_0008,NON_ECM,9,29,459,14,22,15,437,0.4827586206896552,0.0479302832244008,10.072100313479623,18.53939393939394,7.964248193484861,43.156506338063046,3.6397069078979935e-10,2.29066244803714,0.3129251700680272,0.1684981684981685,9.077959183673425,0.0202979702029797,0.0202979702029797,0.9798020197980202,ENRICHED,D.melanogaster|ECM_INDIVIDUAL_VS_NON|PAS,0.3450654934506549,NOT_SIGNIFICANT
D.melanogaster,PAS,ECM,ECM_INDIVIDUAL_VS_NON,,Ras85D_EBC_MEL_ECM_0003,NON_ECM,9,29,459,6,22,23,437,0.2068965517241379,0.0479302832244008,4.316614420062696,5.181818181818182,1.9151883284184332,14.02015627966744,0.0038934076045736,1.4883159755122022,0.3129251700680272,0.1684981684981685,8.914728682170542,0.3304669533046695,0.1125887411258874,0.8926107389261074,ENRICHED,D.melanogaster|ECM_INDIVIDUAL_VS_NON|PAS,0.7597240275972402,NOT_SIGNIFICANT
D.melanogaster,PAS,ECM,ECM_INDIVIDUAL_VS_NON,,Ras85D_EBC_MEL_ECM_0016,NON_ECM,9,30,459,6,22,24,437,0.2,0.0479302832244008,4.172727272727273,4.965909090909091,1.8418279137450768,13.389010403817087,0.0046248243831426,1.4555261526892114,0.3028308097432521,0.1630627437079049,8.751810401579974,0.3707629237076292,0.1068893110688931,0.8996100389961004,ENRICHED,D.melanogaster|ECM_INDIVIDUAL_VS_NON|PAS,0.7597240275972402,NOT_SIGNIFICANT
D.melanogaster,PAS,ECM,ECM_INDIVIDUAL_VS_NON,,Ras85D_EBC_MEL_ECM_0014,NON_ECM,9,30,459,6,22,24,437,0.2,0.0479302832244008,4.172727272727273,4.965909090909091,1.8418279137450768,13.389010403817087,0.0046248243831426,1.4555261526892114,0.3028308097432521,0.1595560180367672,8.545590943190314,0.3738626137386261,0.1074892510748925,0.8974102589741025,ENRICHED,D.melanogaster|ECM_INDIVIDUAL_VS_NON|PAS,0.7597240275972402,NOT_SIGNIFICANT
D.melanogaster,PAS,ECM,ECM_INDIVIDUAL_VS_NON,,Ras85D_EBC_MEL_ECM_0012,NON_ECM,9,30,459,6,22,24,437,0.2,0.0479302832244008,4.172727272727273,4.965909090909091,1.8418279137450768,13.389010403817087,0.0046248243831426,1.4555261526892114,0.3028308097432521,0.1595560180367672,8.6271567891973,0.3753624637536246,0.1126887311268873,0.8931106889311069,ENRICHED,D.melanogaster|ECM_INDIVIDUAL_VS_NON|PAS,0.7597240275972402,NOT_SIGNIFICANT
D.melanogaster,PAS,ECM,ECM_INDIVIDUAL_VS_NON,,Ras85D_EBC_MEL_ECM_0002,NON_ECM,9,30,459,0,22,30,437,0.0,0.0479302832244008,0.0,0.3187613843351548,0.0188784073904644,5.382277119127489,0.3860383448248542,-1.1094232047723254,0.3028308097432521,0.1630627437079049,8.6271567891973,0.7304269573042695,0.4724527547245275,0.5476452354764524,DEPLETED,D.melanogaster|ECM_INDIVIDUAL_VS_NON|PAS,0.7597240275972402,NOT_SIGNIFICANT
D.melanogaster,PAS,ECM,ECM_INDIVIDUAL_VS_NON,,Ras85D_EBC_MEL_ECM_0011,NON_ECM,9,30,459,0,22,30,437,0.0,0.0479302832244008,0.0,0.3187613843351548,0.0188784073904644,5.382277119127489,0.3860383448248542,-1.1094232047723254,0.3028308097432521,0.1595560180367672,9.185867895545313,0.7362263773622638,0.4675532446755324,0.5536446355364464,DEPLETED,D.melanogaster|ECM_INDIVIDUAL_VS_NON|PAS,0.7597240275972402,NOT_SIGNIFICANT
D.melanogaster,PAS,ECM,ECM_INDIVIDUAL_VS_NON,,Ras85D_EBC_MEL_ECM_0009,NON_ECM,9,30,459,0,22,30,437,0.0,0.0479302832244008,0.0,0.3187613843351548,0.0188784073904644,5.382277119127489,0.3860383448248542,-1.1094232047723254,0.3028308097432521,0.1595560180367672,9.185867895545313,0.7412258774122588,0.4734526547345265,0.5484451554844516,DEPLETED,D.melanogaster|ECM_INDIVIDUAL_VS_NON|PAS,0.7597240275972402,NOT_SIGNIFICANT
D.melanogaster,PAS,ECM,ECM_INDIVIDUAL_VS_NON,,Ras85D_EBC_MEL_ECM_0004,NON_ECM,9,30,459,0,22,30,437,0.0,0.0479302832244008,0.0,0.3187613843351548,0.0188784073904644,5.382277119127489,0.3860383448248542,-1.1094232047723254,0.3028308097432521,0.1630627437079049,8.751033912324234,0.7421257874212579,0.465953404659534,0.5558444155584441,DEPLETED,D.melanogaster|ECM_INDIVIDUAL_VS_NON|PAS,0.7597240275972402,NOT_SIGNIFICANT
D.melanogaster,PAS,ECM,ECM_INDIVIDUAL_VS_NON,,Ras85D_EBC_MEL_ECM_0015,NON_ECM,9,30,459,0,22,30,437,0.0,0.0479302832244008,0.0,0.3187613843351548,0.0188784073904644,5.382277119127489,0.3860383448248542,-1.1094232047723254,0.3028308097432521,0.1595560180367672,9.224062772449868,0.7424257574242575,0.4660533946605339,0.553944605539446,DEPLETED,D.melanogaster|ECM_INDIVIDUAL_VS_NON|PAS,0.7597240275972402,NOT_SIGNIFICANT
D.melanogaster,PAS,ECM,ECM_INDIVIDUAL_VS_NON,,Ras85D_EBC_MEL_ECM_0017,NON_ECM,9,30,459,0,22,30,437,0.0,0.0479302832244008,0.0,0.3187613843351548,0.0188784073904644,5.382277119127489,0.3860383448248542,-1.1094232047723254,0.3028308097432521,0.1595560180367672,8.6271567891973,0.7469253074692531,0.4700529947005299,0.5506449355064493,DEPLETED,D.melanogaster|ECM_INDIVIDUAL_VS_NON|PAS,0.7597240275972402,NOT_SIGNIFICANT
D.melanogaster,PAS,ECM,ECM_INDIVIDUAL_VS_NON,,Ras85D_EBC_MEL_ECM_0010,NON_ECM,9,30,459,0,22,30,437,0.0,0.0479302832244008,0.0,0.3187613843351548,0.0188784073904644,5.382277119127489,0.3860383448248542,-1.1094232047723254,0.3028308097432521,0.1595560180367672,9.047993705743508,0.7470252974702529,0.4622537746225377,0.5585441455854414,DEPLETED,D.melanogaster|ECM_INDIVIDUAL_VS_NON|PAS,0.7597240275972402,NOT_SIGNIFICANT
D.melanogaster,PAS,ECM,ECM_INDIVIDUAL_VS_NON,,Ras85D_EBC_MEL_ECM_0006,NON_ECM,9,30,459,0,22,30,437,0.0,0.0479302832244008,0.0,0.3187613843351548,0.0188784073904644,5.382277119127489,0.3860383448248542,-1.1094232047723254,0.3028308097432521,0.1595560180367672,8.903225806451612,0.748025197480252,0.4594540545945405,0.5600439956004399,DEPLETED,D.melanogaster|ECM_INDIVIDUAL_VS_NON|PAS,0.7597240275972402,NOT_SIGNIFICANT
D.melanogaster,PAS,ECM,ECM_INDIVIDUAL_VS_NON,,Ras85D_EBC_MEL_ECM_0005,NON_ECM,9,29,459,0,22,29,437,0.0,0.0479302832244008,0.0,0.3295668549905838,0.0195036186066553,5.568931289054287,0.6330613005442829,-1.0766333819493346,0.3129251700680272,0.1684981684981685,8.917928841184608,0.7497250274972502,0.4661533846615338,0.5546445355464453,DEPLETED,D.melanogaster|ECM_INDIVIDUAL_VS_NON|PAS,0.7597240275972402,NOT_SIGNIFICANT
D.melanogaster,PAS,ECM,ECM_INDIVIDUAL_VS_NON,,Ras85D_EBC_MEL_ECM_0007,NON_ECM,9,29,459,0,22,29,437,0.0,0.0479302832244008,0.0,0.3295668549905838,0.0195036186066553,5.568931289054287,0.6330613005442829,-1.0766333819493346,0.3129251700680272,0.1648745519713261,8.914728682170542,0.7522247775222478,0.4690530946905309,0.5521447855214479,DEPLETED,D.melanogaster|ECM_INDIVIDUAL_VS_NON|PAS,0.7597240275972402,NOT_SIGNIFICANT
D.melanogaster,PAS,ECM,ECM_INDIVIDUAL_VS_NON,,Ras85D_EBC_MEL_ECM_0013,NON_ECM,9,29,459,0,22,29,437,0.0,0.0479302832244008,0.0,0.3295668549905838,0.0195036186066553,5.568931289054287,0.6330613005442829,-1.0766333819493346,0.3129251700680272,0.1648745519713261,9.616781753504902,0.7527247275272473,0.46995300469953,0.5491450854914508,DEPLETED,D.melanogaster|ECM_INDIVIDUAL_VS_NON|PAS,0.7597240275972402,NOT_SIGNIFICANT
D.melanogaster,PAS,ECM,ECM_INDIVIDUAL_VS_NON,,Ras85D_EBC_MEL_ECM_0001,NON_ECM,9,30,459,0,22,30,437,0.0,0.0479302832244008,0.0,0.3187613843351548,0.0188784073904644,5.382277119127489,0.3860383448248542,-1.1094232047723254,0.3028308097432521,0.1595560180367672,8.243727598566306,0.7597240275972402,0.4353564643535646,0.5875412458754125,DEPLETED,D.melanogaster|ECM_INDIVIDUAL_VS_NON|PAS,0.7597240275972402,NOT_SIGNIFICANT
D.melanogaster,UGUA,ECM,ECM_INDIVIDUAL_VS_NON,,Ras85D_EBC_MEL_ECM_0008,NON_ECM,11,29,459,4,20,25,439,0.1379310344827586,0.0435729847494553,3.1655172413793102,3.512,1.1157167830735977,11.054905857041668,0.0465925359894072,1.213681618452897,0.438095238095238,0.2358974358974359,7.898989898989898,0.3415658434156584,0.1835816418358164,0.841015898410159,ENRICHED,D.melanogaster|ECM_INDIVIDUAL_VS_NON|UGUA,0.6738326167383262,NOT_SIGNIFICANT
D.melanogaster,UGUA,ECM,ECM_INDIVIDUAL_VS_NON,,Ras85D_EBC_MEL_ECM_0017,NON_ECM,11,30,459,4,20,26,439,0.1333333333333333,0.0435729847494553,3.06,3.376923076923077,1.075575960118781,10.602328324813309,0.0516504880203912,1.180891795629906,0.4239631336405529,0.228287841191067,7.644183773216031,0.4363563643635636,0.1835816418358164,0.841015898410159,ENRICHED,D.melanogaster|ECM_INDIVIDUAL_VS_NON|UGUA,0.6738326167383262,NOT_SIGNIFICANT
D.melanogaster,UGUA,ECM,ECM_INDIVIDUAL_VS_NON,,Ras85D_EBC_MEL_ECM_0016,NON_ECM,11,30,459,4,20,26,439,0.1333333333333333,0.0435729847494553,3.06,3.376923076923077,1.075575960118781,10.602328324813309,0.0516504880203912,1.180891795629906,0.4239631336405529,0.228287841191067,7.644183773216031,0.4376562343765623,0.1838816118388161,0.8412158784121588,ENRICHED,D.melanogaster|ECM_INDIVIDUAL_VS_NON|UGUA,0.6738326167383262,NOT_SIGNIFICANT
D.melanogaster,UGUA,ECM,ECM_INDIVIDUAL_VS_NON,,Ras85D_EBC_MEL_ECM_0009,NON_ECM,11,30,459,4,20,26,439,0.1333333333333333,0.0435729847494553,3.06,3.376923076923077,1.075575960118781,10.602328324813309,0.0516504880203912,1.180891795629906,0.4239631336405529,0.228287841191067,7.644183773216031,0.4404559544045595,0.185981401859814,0.8389161083891611,ENRICHED,D.melanogaster|ECM_INDIVIDUAL_VS_NON|UGUA,0.6738326167383262,NOT_SIGNIFICANT
D.melanogaster,UGUA,ECM,ECM_INDIVIDUAL_VS_NON,,Ras85D_EBC_MEL_ECM_0004,NON_ECM,11,30,459,4,20,26,439,0.1333333333333333,0.0435729847494553,3.06,3.376923076923077,1.075575960118781,10.602328324813309,0.0516504880203912,1.180891795629906,0.4239631336405529,0.228287841191067,7.855787476280835,0.4432556744325567,0.1904809519048095,0.8358164183581642,ENRICHED,D.melanogaster|ECM_INDIVIDUAL_VS_NON|UGUA,0.6738326167383262,NOT_SIGNIFICANT
D.melanogaster,UGUA,ECM,ECM_INDIVIDUAL_VS_NON,,Ras85D_EBC_MEL_ECM_0002,NON_ECM,11,30,459,4,20,26,439,0.1333333333333333,0.0435729847494553,3.06,3.376923076923077,1.075575960118781,10.602328324813309,0.0516504880203912,1.180891795629906,0.4239631336405529,0.228287841191067,7.67519466073415,0.4445555444455554,0.1903809619038096,0.835016498350165,ENRICHED,D.melanogaster|ECM_INDIVIDUAL_VS_NON|UGUA,0.6738326167383262,NOT_SIGNIFICANT
D.melanogaster,UGUA,ECM,ECM_INDIVIDUAL_VS_NON,,Ras85D_EBC_MEL_ECM_0012,NON_ECM,11,30,459,0,20,30,439,0.0,0.0435729847494553,0.0,0.3514594162335065,0.0207538571443808,5.9518440548118265,0.6255157046532676,-1.0163327817063132,0.4239631336405529,0.228287841191067,7.772657450076804,0.6385361463853615,0.6537346265373463,0.4160583941605839,DEPLETED,D.melanogaster|ECM_INDIVIDUAL_VS_NON|UGUA,0.6738326167383262,NOT_SIGNIFICANT
D.melanogaster,UGUA,ECM,ECM_INDIVIDUAL_VS_NON,,Ras85D_EBC_MEL_ECM_0015,NON_ECM,11,30,459,0,20,30,439,0.0,0.0435729847494553,0.0,0.3514594162335065,0.0207538571443808,5.9518440548118265,0.6255157046532676,-1.0163327817063132,0.4239631336405529,0.228287841191067,7.644183773216031,0.6424357564243576,0.6497350264973503,0.414958504149585,DEPLETED,D.melanogaster|ECM_INDIVIDUAL_VS_NON|UGUA,0.6738326167383262,NOT_SIGNIFICANT
D.melanogaster,UGUA,ECM,ECM_INDIVIDUAL_VS_NON,,Ras85D_EBC_MEL_ECM_0010,NON_ECM,11,30,459,0,20,30,439,0.0,0.0435729847494553,0.0,0.3514594162335065,0.0207538571443808,5.9518440548118265,0.6255157046532676,-1.0163327817063132,0.4239631336405529,0.228287841191067,7.716129032258064,0.6447355264473552,0.6428357164283571,0.4236576342365763,DEPLETED,D.melanogaster|ECM_INDIVIDUAL_VS_NON|UGUA,0.6738326167383262,NOT_SIGNIFICANT
D.melanogaster,UGUA,ECM,ECM_INDIVIDUAL_VS_NON,,Ras85D_EBC_MEL_ECM_0011,NON_ECM,11,30,459,0,20,30,439,0.0,0.0435729847494553,0.0,0.3514594162335065,0.0207538571443808,5.9518440548118265,0.6255157046532676,-1.0163327817063132,0.4239631336405529,0.228287841191067,7.644183773216031,0.6506349365063494,0.6407359264073592,0.4270572942705729,DEPLETED,D.melanogaster|ECM_INDIVIDUAL_VS_NON|UGUA,0.6738326167383262,NOT_SIGNIFICANT
D.melanogaster,UGUA,ECM,ECM_INDIVIDUAL_VS_NON,,Ras85D_EBC_MEL_ECM_0014,NON_ECM,11,30,459,0,20,30,439,0.0,0.0435729847494553,0.0,0.3514594162335065,0.0207538571443808,5.9518440548118265,0.6255157046532676,-1.0163327817063132,0.4239631336405529,0.228287841191067,7.644183773216031,0.6515348465153484,0.6379362063793621,0.4316568343165683,DEPLETED,D.melanogaster|ECM_INDIVIDUAL_VS_NON|UGUA,0.6738326167383262,NOT_SIGNIFICANT
D.melanogaster,UGUA,ECM,ECM_INDIVIDUAL_VS_NON,,Ras85D_EBC_MEL_ECM_0006,NON_ECM,11,30,459,0,20,30,439,0.0,0.0435729847494553,0.0,0.3514594162335065,0.0207538571443808,5.9518440548118265,0.6255157046532676,-1.0163327817063132,0.4239631336405529,0.228287841191067,7.644183773216031,0.6528347165283471,0.6348365163483651,0.4320567943205679,DEPLETED,D.melanogaster|ECM_INDIVIDUAL_VS_NON|UGUA,0.6738326167383262,NOT_SIGNIFICANT
D.melanogaster,UGUA,ECM,ECM_INDIVIDUAL_VS_NON,,Ras85D_EBC_MEL_ECM_0001,NON_ECM,11,30,459,0,20,30,439,0.0,0.0435729847494553,0.0,0.3514594162335065,0.0207538571443808,5.9518440548118265,0.6255157046532676,-1.0163327817063132,0.4010462074978204,0.228287841191067,7.644183773216031,0.6584341565843416,0.6297370262973703,0.4412558744125587,DEPLETED,D.melanogaster|ECM_INDIVIDUAL_VS_NON|UGUA,0.6738326167383262,NOT_SIGNIFICANT
D.melanogaster,UGUA,ECM,ECM_INDIVIDUAL_VS_NON,,Ras85D_EBC_MEL_ECM_0013,NON_ECM,11,29,459,0,20,29,439,0.0,0.0435729847494553,0.0,0.3633732947498966,0.0214411959305343,6.1582456391510085,0.6225613509373124,-0.9835429588833224,0.438095238095238,0.2358974358974359,7.447619047619048,0.6638336166383362,0.6453354664533547,0.4253574642535746,DEPLETED,D.melanogaster|ECM_INDIVIDUAL_VS_NON|UGUA,0.6738326167383262,NOT_SIGNIFICANT
D.melanogaster,UGUA,ECM,ECM_INDIVIDUAL_VS_NON,,Ras85D_EBC_MEL_ECM_0003,NON_ECM,11,29,459,0,20,29,439,0.0,0.0435729847494553,0.0,0.3633732947498966,0.0214411959305343,6.1582456391510085,0.6225613509373124,-0.9835429588833224,0.438095238095238,0.2358974358974359,7.449017223910821,0.6651334866513349,0.6403359664033597,0.4328567143285671,DEPLETED,D.melanogaster|ECM_INDIVIDUAL_VS_NON|UGUA,0.6738326167383262,NOT_SIGNIFICANT
D.melanogaster,UGUA,ECM,ECM_INDIVIDUAL_VS_NON,,Ras85D_EBC_MEL_ECM_0005,NON_ECM,11,29,459,0,20,29,439,0.0,0.0435729847494553,0.0,0.3633732947498966,0.0214411959305343,6.1582456391510085,0.6225613509373124,-0.9835429588833224,0.438095238095238,0.2358974358974359,7.898989898989898,0.6696330366963303,0.6371362863713629,0.4318568143185681,DEPLETED,D.melanogaster|ECM_INDIVIDUAL_VS_NON|UGUA,0.6738326167383262,NOT_SIGNIFICANT
D.melanogaster,UGUA,ECM,ECM_INDIVIDUAL_VS_NON,,Ras85D_EBC_MEL_ECM_0007,NON_ECM,11,29,459,0,20,29,439,0.0,0.0435729847494553,0.0,0.3633732947498966,0.0214411959305343,6.1582456391510085,0.6225613509373124,-0.9835429588833224,0.438095238095238,0.2358974358974359,7.898989898989898,0.6738326167383262,0.6362363763623637,0.432956704329567,DEPLETED,D.melanogaster|ECM_INDIVIDUAL_VS_NON|UGUA,0.6738326167383262,NOT_SIGNIFICANT
D.melanogaster,CLEAVAGE,ECM,ECM_PAIRWISE,,Ras85D_EBC_MEL_ECM_0006,Ras85D_EBC_MEL_ECM_0008,12,30,29,0,1,30,28,0.0,0.0344827586206896,0.0,0.3114754098360656,0.0121846443493196,7.962229192020848,0.4915254237288135,-1.1314021114911006,0.967741935483871,0.1935483870967742,4.838709677419355,0.2428757124287571,0.9686031396860314,0.2070792920707929,DEPLETED,D.melanogaster|ECM_PAIRWISE|CLEAVAGE,0.936451809364518,NOT_SIGNIFICANT
D.melanogaster,CLEAVAGE,ECM,ECM_PAIRWISE,,Ras85D_EBC_MEL_ECM_0007,Ras85D_EBC_MEL_ECM_0014,12,29,30,1,0,28,30,0.0344827586206896,0.0,inf,3.210526315789474,0.1255929684870319,82.0705119764808,0.4915254237288134,1.1314021114911006,1.0333333333333334,0.2066666666666666,5.166666666666667,0.2444755524447555,0.2113788621137886,0.966103389661034,ENRICHED,D.melanogaster|ECM_PAIRWISE|CLEAVAGE,0.936451809364518,NOT_SIGNIFICANT
D.melanogaster,CLEAVAGE,ECM,ECM_PAIRWISE,,Ras85D_EBC_MEL_ECM_0002,Ras85D_EBC_MEL_ECM_0007,12,30,29,0,1,30,28,0.0,0.0344827586206896,0.0,0.3114754098360656,0.0121846443493196,7.962229192020848,0.4915254237288135,-1.1314021114911006,0.967741935483871,0.1935483870967742,4.838709677419355,0.2468753124687531,0.9665033496650336,0.2117788221177882,DEPLETED,D.melanogaster|ECM_PAIRWISE|CLEAVAGE,0.936451809364518,NOT_SIGNIFICANT
D.melanogaster,CLEAVAGE,ECM,ECM_PAIRWISE,,Ras85D_EBC_MEL_ECM_0007,Ras85D_EBC_MEL_ECM_0011,12,29,30,1,0,28,30,0.0344827586206896,0.0,inf,3.210526315789474,0.1255929684870319,82.0705119764808,0.4915254237288134,1.1314021114911006,1.0333333333333334,0.2066666666666666,5.166666666666667,0.2470752924707529,0.2125787421257874,0.9638036196380362,ENRICHED,D.melanogaster|ECM_PAIRWISE|CLEAVAGE,0.936451809364518,NOT_SIGNIFICANT
D.melanogaster,CLEAVAGE,ECM,ECM_PAIRWISE,,Ras85D_EBC_MEL_ECM_0008,Ras85D_EBC_MEL_ECM_0015,12,29,30,1,0,28,30,0.0344827586206896,0.0,inf,3.210526315789474,0.1255929684870319,82.0705119764808,0.4915254237288134,1.1314021114911006,1.0333333333333334,0.2066666666666666,5.166666666666667,0.2473752624737526,0.2131786821317868,0.9675032496750324,ENRICHED,D.melanogaster|ECM_PAIRWISE|CLEAVAGE,0.936451809364518,NOT_SIGNIFICANT
D.melanogaster,CLEAVAGE,ECM,ECM_PAIRWISE,,Ras85D_EBC_MEL_ECM_0008,Ras85D_EBC_MEL_ECM_0012,12,29,30,1,0,28,30,0.0344827586206896,0.0,inf,3.210526315789474,0.1255929684870319,82.0705119764808,0.4915254237288134,1.1314021114911006,1.0333333333333334,0.2066666666666666,5.166666666666667,0.2491750824917508,0.2098790120987901,0.97000299970003,ENRICHED,D.melanogaster|ECM_PAIRWISE|CLEAVAGE,0.936451809364518,NOT_SIGNIFICANT
D.melanogaster,CLEAVAGE,ECM,ECM_PAIRWISE,,Ras85D_EBC_MEL_ECM_0008,Ras85D_EBC_MEL_ECM_0016,12,29,30,1,0,28,30,0.0344827586206896,0.0,inf,3.210526315789474,0.1255929684870319,82.0705119764808,0.4915254237288134,1.1314021114911006,1.0333333333333334,0.2066666666666666,5.166666666666667,0.2491750824917508,0.2144785521447855,0.9682031796820318,ENRICHED,D.melanogaster|ECM_PAIRWISE|CLEAVAGE,0.936451809364518,NOT_SIGNIFICANT
D.melanogaster,CLEAVAGE,ECM,ECM_PAIRWISE,,Ras85D_EBC_MEL_ECM_0007,Ras85D_EBC_MEL_ECM_0015,12,29,30,1,0,28,30,0.0344827586206896,0.0,inf,3.210526315789474,0.1255929684870319,82.0705119764808,0.4915254237288134,1.1314021114911006,1.0333333333333334,0.2066666666666666,5.166666666666667,0.24997500249975,0.2160783921607839,0.9644035596440356,ENRICHED,D.melanogaster|ECM_PAIRWISE|CLEAVAGE,0.936451809364518,NOT_SIGNIFICANT
D.melanogaster,CLEAVAGE,ECM,ECM_PAIRWISE,,Ras85D_EBC_MEL_ECM_0002,Ras85D_EBC_MEL_ECM_0008,12,30,29,0,1,30,28,0.0,0.0344827586206896,0.0,0.3114754098360656,0.0121846443493196,7.962229192020848,0.4915254237288135,-1.1314021114911006,0.967741935483871,0.1935483870967742,4.838709677419355,0.2503749625037496,0.9682031796820318,0.212978702129787,DEPLETED,D.melanogaster|ECM_PAIRWISE|CLEAVAGE,0.936451809364518,NOT_SIGNIFICANT
D.melanogaster,CLEAVAGE,ECM,ECM_PAIRWISE,,Ras85D_EBC_MEL_ECM_0008,Ras85D_EBC_MEL_ECM_0011,12,29,30,1,0,28,30,0.0344827586206896,0.0,inf,3.210526315789474,0.1255929684870319,82.0705119764808,0.4915254237288134,1.1314021114911006,1.0333333333333334,0.2066666666666666,5.166666666666667,0.2504749525047495,0.2137786221377862,0.9693030696930308,ENRICHED,D.melanogaster|ECM_PAIRWISE|CLEAVAGE,0.936451809364518,NOT_SIGNIFICANT
D.melanogaster,CLEAVAGE,ECM,ECM_PAIRWISE,,Ras85D_EBC_MEL_ECM_0006,Ras85D_EBC_MEL_ECM_0007,12,30,29,0,1,30,28,0.0,0.0344827586206896,0.0,0.3114754098360656,0.0121846443493196,7.962229192020848,0.4915254237288135,-1.1314021114911006,0.967741935483871,0.1935483870967742,4.838709677419355,0.252974702529747,0.9648035196480352,0.2174782521747825,DEPLETED,D.melanogaster|ECM_PAIRWISE|CLEAVAGE,0.936451809364518,NOT_SIGNIFICANT
D.melanogaster,CLEAVAGE,ECM,ECM_PAIRWISE,,Ras85D_EBC_MEL_ECM_0007,Ras85D_EBC_MEL_ECM_0012,12,29,30,1,0,28,30,0.0344827586206896,0.0,inf,3.210526315789474,0.1255929684870319,82.0705119764808,0.4915254237288134,1.1314021114911006,1.0333333333333334,0.2066666666666666,5.166666666666667,0.2530746925307469,0.2130786921307869,0.967003299670033,ENRICHED,D.melanogaster|ECM_PAIRWISE|CLEAVAGE,0.936451809364518,NOT_SIGNIFICANT
D.melanogaster,CLEAVAGE,ECM,ECM_PAIRWISE,,Ras85D_EBC_MEL_ECM_0007,Ras85D_EBC_MEL_ECM_0016,12,29,30,1,0,28,30,0.0344827586206896,0.0,inf,3.210526315789474,0.1255929684870319,82.0705119764808,0.4915254237288134,1.1314021114911006,1.0333333333333334,0.2066666666666666,5.166666666666667,0.2530746925307469,0.2156784321567843,0.965003499650035,ENRICHED,D.melanogaster|ECM_PAIRWISE|CLEAVAGE,0.936451809364518,NOT_SIGNIFICANT
D.melanogaster,CLEAVAGE,ECM,ECM_PAIRWISE,,Ras85D_EBC_MEL_ECM_0008,Ras85D_EBC_MEL_ECM_0014,12,29,30,1,0,28,30,0.0344827586206896,0.0,inf,3.210526315789474,0.1255929684870319,82.0705119764808,0.4915254237288134,1.1314021114911006,1.0333333333333334,0.2066666666666666,5.166666666666667,0.2531746825317468,0.2158784121587841,0.9676032396760323,ENRICHED,D.melanogaster|ECM_PAIRWISE|CLEAVAGE,0.936451809364518,NOT_SIGNIFICANT
D.melanogaster,CLEAVAGE,ECM,ECM_PAIRWISE,,Ras85D_EBC_MEL_ECM_0008,Ras85D_EBC_MEL_ECM_0009,12,29,30,1,0,28,30,0.0344827586206896,0.0,inf,3.210526315789474,0.1255929684870319,82.0705119764808,0.4915254237288134,1.1314021114911006,1.0333333333333334,0.2066666666666666,5.166666666666667,0.2548745125487451,0.2192780721927807,0.9676032396760323,ENRICHED,D.melanogaster|ECM_PAIRWISE|CLEAVAGE,0.936451809364518,NOT_SIGNIFICANT
D.melanogaster,CLEAVAGE,ECM,ECM_PAIRWISE,,Ras85D_EBC_MEL_ECM_0007,Ras85D_EBC_MEL_ECM_0009,12,29,30,1,0,28,30,0.0344827586206896,0.0,inf,3.210526315789474,0.1255929684870319,82.0705119764808,0.4915254237288134,1.1314021114911006,1.0333333333333334,0.2066666666666666,5.166666666666667,0.2566743325667433,0.2193780621937806,0.966103389661034,ENRICHED,D.melanogaster|ECM_PAIRWISE|CLEAVAGE,0.936451809364518,NOT_SIGNIFICANT
D.melanogaster,CLEAVAGE,ECM,ECM_PAIRWISE,,Ras85D_EBC_MEL_ECM_0001,Ras85D_EBC_MEL_ECM_0013,12,30,29,1,0,29,29,0.0333333333333333,0.0,inf,3.0,0.1173627886319912,76.68529441832594,1.0,1.0658224658451187,0.967741935483871,0.1935483870967742,4.838709677419355,0.431956804319568,0.2191780821917808,0.9693030696930308,ENRICHED,D.melanogaster|ECM_PAIRWISE|CLEAVAGE,0.936451809364518,NOT_SIGNIFICANT
D.melanogaster,CLEAVAGE,ECM,ECM_PAIRWISE,,Ras85D_EBC_MEL_ECM_0001,Ras85D_EBC_MEL_ECM_0009,12,30,30,1,0,29,30,0.0333333333333333,0.0,inf,3.101694915254237,0.1214211465561131,79.23258526362217,1.0,1.0986122886681098,1.0,0.2,4.999999999999999,0.4326567343265673,0.2196780321967803,0.9685031496850316,ENRICHED,D.melanogaster|ECM_PAIRWISE|CLEAVAGE,0.936451809364518,NOT_SIGNIFICANT
D.melanogaster,CLEAVAGE,ECM,ECM_PAIRWISE,,Ras85D_EBC_MEL_ECM_0003,Ras85D_EBC_MEL_ECM_0010,12,29,30,0,1,29,29,0.0,0.0333333333333333,0.0,0.3333333333333333,0.013040309847999,8.520588268702875,1.0,-1.0658224658451187,1.0333333333333334,0.2066666666666666,5.166666666666667,0.4326567343265673,0.9644035596440356,0.2158784121587841,DEPLETED,D.melanogaster|ECM_PAIRWISE|CLEAVAGE,0.936451809364518,NOT_SIGNIFICANT
D.melanogaster,CLEAVAGE,ECM,ECM_PAIRWISE,,Ras85D_EBC_MEL_ECM_0008,Ras85D_EBC_MEL_ECM_0013,12,29,29,1,0,28,29,0.0344827586206896,0.0,inf,3.1052631578947367,0.121395189748681,79.4319717259074,1.0,1.0986122886681098,1.0,0.2,4.999999999999999,0.4327567243275672,0.2135786421357864,0.9686031396860314,ENRICHED,D.melanogaster|ECM_PAIRWISE|CLEAVAGE,0.936451809364518,NOT_SIGNIFICANT
D.melanogaster,CLEAVAGE,ECM,ECM_PAIRWISE,,Ras85D_EBC_MEL_ECM_0007,Ras85D_EBC_MEL_ECM_0013,12,29,29,1,0,28,29,0.0344827586206896,0.0,inf,3.1052631578947367,0.121395189748681,79.4319717259074,1.0,1.0986122886681098,1.0,0.2,4.999999999999999,0.4345565443455654,0.2146785321467853,0.9651034896510348,ENRICHED,D.melanogaster|ECM_PAIRWISE|CLEAVAGE,0.936451809364518,NOT_SIGNIFICANT
D.melanogaster,CLEAVAGE,ECM,ECM_PAIRWISE,,Ras85D_EBC_MEL_ECM_0005,Ras85D_EBC_MEL_ECM_0007,12,29,29,0,1,29,28,0.0,0.0344827586206896,0.0,0.3220338983050847,0.0125893891121154,8.237558688035785,1.0,-1.0986122886681098,1.0,0.2,4.999999999999999,0.4348565143485651,0.966003399660034,0.2140785921407859,DEPLETED,D.melanogaster|ECM_PAIRWISE|CLEAVAGE,0.936451809364518,NOT_SIGNIFICANT
D.melanogaster,CLEAVAGE,ECM,ECM_PAIRWISE,,Ras85D_EBC_MEL_ECM_0010,Ras85D_EBC_MEL_ECM_0015,12,30,30,1,0,29,30,0.0333333333333333,0.0,inf,3.101694915254237,0.1214211465561131,79.23258526362217,1.0,1.0986122886681098,1.0,0.2,4.999999999999999,0.4355564443555644,0.2161783821617838,0.9653034696530348,ENRICHED,D.melanogaster|ECM_PAIRWISE|CLEAVAGE,0.936451809364518,NOT_SIGNIFICANT
D.melanogaster,CLEAVAGE,ECM,ECM_PAIRWISE,,Ras85D_EBC_MEL_ECM_0010,Ras85D_EBC_MEL_ECM_0011,12,30,30,1,0,29,30,0.0333333333333333,0.0,inf,3.101694915254237,0.1214211465561131,79.23258526362217,1.0,1.0986122886681098,1.0,0.2,4.999999999999999,0.4360563943605639,0.2180781921807819,0.9662033796620338,ENRICHED,D.melanogaster|ECM_PAIRWISE|CLEAVAGE,0.936451809364518,NOT_SIGNIFICANT
D.melanogaster,CLEAVAGE,ECM,ECM_PAIRWISE,,Ras85D_EBC_MEL_ECM_0004,Ras85D_EBC_MEL_ECM_0014,12,30,30,1,0,29,30,0.0333333333333333,0.0,inf,3.101694915254237,0.1214211465561131,79.23258526362217,1.0,1.0986122886681098,1.0,0.2,4.999999999999999,0.4363563643635636,0.2187781221877812,0.9627037296270372,ENRICHED,D.melanogaster|ECM_PAIRWISE|CLEAVAGE,0.936451809364518,NOT_SIGNIFICANT
D.melanogaster,CLEAVAGE,ECM,ECM_PAIRWISE,,Ras85D_EBC_MEL_ECM_0003,Ras85D_EBC_MEL_ECM_0004,12,29,30,0,1,29,29,0.0,0.0333333333333333,0.0,0.3333333333333333,0.013040309847999,8.520588268702875,1.0,-1.0658224658451187,1.0333333333333334,0.2066666666666666,5.166666666666667,0.4368563143685631,0.965003499650035,0.2182781721827817,DEPLETED,D.melanogaster|ECM_PAIRWISE|CLEAVAGE,0.936451809364518,NOT_SIGNIFICANT
D.melanogaster,CLEAVAGE,ECM,ECM_PAIRWISE,,Ras85D_EBC_MEL_ECM_0010,Ras85D_EBC_MEL_ECM_0016,12,30,30,1,0,29,30,0.0333333333333333,0.0,inf,3.101694915254237,0.1214211465561131,79.23258526362217,1.0,1.0986122886681098,1.0,0.2,4.999999999999999,0.436956304369563,0.218978102189781,0.9644035596440356,ENRICHED,D.melanogaster|ECM_PAIRWISE|CLEAVAGE,0.936451809364518,NOT_SIGNIFICANT
D.melanogaster,CLEAVAGE,ECM,ECM_PAIRWISE,,Ras85D_EBC_MEL_ECM_0004,Ras85D_EBC_MEL_ECM_0013,12,30,29,1,0,29,29,0.0333333333333333,0.0,inf,3.0,0.1173627886319912,76.68529441832594,1.0,1.0658224658451187,0.967741935483871,0.1935483870967742,4.838709677419355,0.4370562943705629,0.2202779722027797,0.9625037496250376,ENRICHED,D.melanogaster|ECM_PAIRWISE|CLEAVAGE,0.936451809364518,NOT_SIGNIFICANT
D.melanogaster,CLEAVAGE,ECM,ECM_PAIRWISE,,Ras85D_EBC_MEL_ECM_0004,Ras85D_EBC_MEL_ECM_0006,12,30,30,1,0,29,30,0.0333333333333333,0.0,inf,3.101694915254237,0.1214211465561131,79.23258526362217,1.0,1.0986122886681098,1.0,0.2,4.999999999999999,0.4376562343765623,0.2156784321567843,0.963903609639036,ENRICHED,D.melanogaster|ECM_PAIRWISE|CLEAVAGE,0.936451809364518,NOT_SIGNIFICANT
D.melanogaster,CLEAVAGE,ECM,ECM_PAIRWISE,,Ras85D_EBC_MEL_ECM_0001,Ras85D_EBC_MEL_ECM_0016,12,30,30,1,0,29,30,0.0333333333333333,0.0,inf,3.101694915254237,0.1214211465561131,79.23258526362217,1.0,1.0986122886681098,1.0,0.2,4.999999999999999,0.4381561843815618,0.2211778822117788,0.9684031596840316,ENRICHED,D.melanogaster|ECM_PAIRWISE|CLEAVAGE,0.936451809364518,NOT_SIGNIFICANT
D.melanogaster,CLEAVAGE,ECM,ECM_PAIRWISE,,Ras85D_EBC_MEL_ECM_0009,Ras85D_EBC_MEL_ECM_0010,12,30,30,0,1,30,29,0.0,0.0333333333333333,0.0,0.3224043715846995,0.0126210699382433,8.2357977038033,1.0,-1.0986122886681098,1.0,0.2,4.999999999999999,0.4387561243875612,0.9636036396360363,0.2210778922107789,DEPLETED,D.melanogaster|ECM_PAIRWISE|CLEAVAGE,0.936451809364518,NOT_SIGNIFICANT
D.melanogaster,CLEAVAGE,ECM,ECM_PAIRWISE,,Ras85D_EBC_MEL_ECM_0005,Ras85D_EBC_MEL_ECM_0008,12,29,29,0,1,29,28,0.0,0.0344827586206896,0.0,0.3220338983050847,0.0125893891121154,8.237558688035785,1.0,-1.0986122886681098,1.0,0.2,4.999999999999999,0.4388561143885611,0.9694030596940306,0.2158784121587841,DEPLETED,D.melanogaster|ECM_PAIRWISE|CLEAVAGE,0.936451809364518,NOT_SIGNIFICANT
D.melanogaster,CLEAVAGE,ECM,ECM_PAIRWISE,,Ras85D_EBC_MEL_ECM_0002,Ras85D_EBC_MEL_ECM_0004,12,30,30,0,1,30,29,0.0,0.0333333333333333,0.0,0.3224043715846995,0.0126210699382433,8.2357977038033,1.0,-1.0986122886681098,1.0,0.2,4.999999999999999,0.4393560643935606,0.9624037596240376,0.2213778622137786,DEPLETED,D.melanogaster|ECM_PAIRWISE|CLEAVAGE,0.936451809364518,NOT_SIGNIFICANT
D.melanogaster,CLEAVAGE,ECM,ECM_PAIRWISE,,Ras85D_EBC_MEL_ECM_0004,Ras85D_EBC_MEL_ECM_0011,12,30,30,1,0,29,30,0.0333333333333333,0.0,inf,3.101694915254237,0.1214211465561131,79.23258526362217,1.0,1.0986122886681098,1.0,0.2,4.999999999999999,0.4400559944005599,0.2203779622037796,0.9636036396360363,ENRICHED,D.melanogaster|ECM_PAIRWISE|CLEAVAGE,0.936451809364518,NOT_SIGNIFICANT
D.melanogaster,CLEAVAGE,ECM,ECM_PAIRWISE,,Ras85D_EBC_MEL_ECM_0001,Ras85D_EBC_MEL_ECM_0015,12,30,30,1,0,29,30,0.0333333333333333,0.0,inf,3.101694915254237,0.1214211465561131,79.23258526362217,1.0,1.0986122886681098,1.0,0.2,4.999999999999999,0.4401559844015598,0.2201779822017798,0.9684031596840316,ENRICHED,D.melanogaster|ECM_PAIRWISE|CLEAVAGE,0.936451809364518,NOT_SIGNIFICANT
D.melanogaster,CLEAVAGE,ECM,ECM_PAIRWISE,,Ras85D_EBC_MEL_ECM_0002,Ras85D_EBC_MEL_ECM_0010,12,30,30,0,1,30,29,0.0,0.0333333333333333,0.0,0.3224043715846995,0.0126210699382433,8.2357977038033,1.0,-1.0986122886681098,1.0,0.2,4.999999999999999,0.4402559744025597,0.9627037296270372,0.2215778422157784,DEPLETED,D.melanogaster|ECM_PAIRWISE|CLEAVAGE,0.936451809364518,NOT_SIGNIFICANT
D.melanogaster,CLEAVAGE,ECM,ECM_PAIRWISE,,Ras85D_EBC_MEL_ECM_0009,Ras85D_EBC_MEL_ECM_0017,12,30,30,0,1,30,29,0.0,0.0333333333333333,0.0,0.3224043715846995,0.0126210699382433,8.2357977038033,1.0,-1.0986122886681098,1.0,0.2,4.999999999999999,0.4402559744025597,0.962003799620038,0.2281771822817718,DEPLETED,D.melanogaster|ECM_PAIRWISE|CLEAVAGE,0.936451809364518,NOT_SIGNIFICANT
D.melanogaster,CLEAVAGE,ECM,ECM_PAIRWISE,,Ras85D_EBC_MEL_ECM_0003,Ras85D_EBC_MEL_ECM_0008,12,29,29,0,1,29,28,0.0,0.0344827586206896,0.0,0.3220338983050847,0.0125893891121154,8.237558688035785,1.0,-1.0986122886681098,1.0,0.2,4.999999999999999,0.4404559544045595,0.9694030596940306,0.2154784521547845,DEPLETED,D.melanogaster|ECM_PAIRWISE|CLEAVAGE,0.936451809364518,NOT_SIGNIFICANT
D.melanogaster,CLEAVAGE,ECM,ECM_PAIRWISE,,Ras85D_EBC_MEL_ECM_0005,Ras85D_EBC_MEL_ECM_0010,12,29,30,0,1,29,29,0.0,0.0333333333333333,0.0,0.3333333333333333,0.013040309847999,8.520588268702875,1.0,-1.0658224658451187,1.0333333333333334,0.2066666666666666,5.166666666666667,0.4417558244175582,0.9626037396260374,0.2216778322167783,DEPLETED,D.melanogaster|ECM_PAIRWISE|CLEAVAGE,0.936451809364518,NOT_SIGNIFICANT
D.melanogaster,CLEAVAGE,ECM,ECM_PAIRWISE,,Ras85D_EBC_MEL_ECM_0003,Ras85D_EBC_MEL_ECM_0007,12,29,29,0,1,29,28,0.0,0.0344827586206896,0.0,0.3220338983050847,0.0125893891121154,8.237558688035785,1.0,-1.0986122886681098,1.0,0.2,4.999999999999999,0.4418558144185581,0.964003599640036,0.2163783621637836,DEPLETED,D.melanogaster|ECM_PAIRWISE|CLEAVAGE,0.936451809364518,NOT_SIGNIFICANT
D.melanogaster,CLEAVAGE,ECM,ECM_PAIRWISE,,Ras85D_EBC_MEL_ECM_0004,Ras85D_EBC_MEL_ECM_0012,12,30,30,1,0,29,30,0.0333333333333333,0.0,inf,3.101694915254237,0.1214211465561131,79.23258526362217,1.0,1.0986122886681098,1.0,0.2,4.999999999999999,0.4418558144185581,0.2166783321667833,0.9653034696530348,ENRICHED,D.melanogaster|ECM_PAIRWISE|CLEAVAGE,0.936451809364518,NOT_SIGNIFICANT
D.melanogaster,CLEAVAGE,ECM,ECM_PAIRWISE,,Ras85D_EBC_MEL_ECM_0001,Ras85D_EBC_MEL_ECM_0002,12,30,30,1,0,29,30,0.0333333333333333,0.0,inf,3.101694915254237,0.1214211465561131,79.23258526362217,1.0,1.0986122886681098,1.0,0.2,4.999999999999999,0.4420557944205579,0.2241775822417758,0.9694030596940306,ENRICHED,D.melanogaster|ECM_PAIRWISE|CLEAVAGE,0.936451809364518,NOT_SIGNIFICANT
D.melanogaster,CLEAVAGE,ECM,ECM_PAIRWISE,,Ras85D_EBC_MEL_ECM_0001,Ras85D_EBC_MEL_ECM_0014,12,30,30,1,0,29,30,0.0333333333333333,0.0,inf,3.101694915254237,0.1214211465561131,79.23258526362217,1.0,1.0986122886681098,1.0,0.2,4.999999999999999,0.4420557944205579,0.222977702229777,0.9675032496750324,ENRICHED,D.melanogaster|ECM_PAIRWISE|CLEAVAGE,0.936451809364518,NOT_SIGNIFICANT
D.melanogaster,CLEAVAGE,ECM,ECM_PAIRWISE,,Ras85D_EBC_MEL_ECM_0010,Ras85D_EBC_MEL_ECM_0013,12,30,29,1,0,29,29,0.0333333333333333,0.0,inf,3.0,0.1173627886319912,76.68529441832594,1.0,1.0658224658451187,0.967741935483871,0.1935483870967742,4.838709677419355,0.4420557944205579,0.2226777322267773,0.9651034896510348,ENRICHED,D.melanogaster|ECM_PAIRWISE|CLEAVAGE,0.936451809364518,NOT_SIGNIFICANT
D.melanogaster,CLEAVAGE,ECM,ECM_PAIRWISE,,Ras85D_EBC_MEL_ECM_0006,Ras85D_EBC_MEL_ECM_0010,12,30,30,0,1,30,29,0.0,0.0333333333333333,0.0,0.3224043715846995,0.0126210699382433,8.2357977038033,1.0,-1.0986122886681098,1.0,0.2,4.999999999999999,0.4424557544245575,0.9643035696430357,0.2177782221777822,DEPLETED,D.melanogaster|ECM_PAIRWISE|CLEAVAGE,0.936451809364518,NOT_SIGNIFICANT
D.melanogaster,CLEAVAGE,ECM,ECM_PAIRWISE,,Ras85D_EBC_MEL_ECM_0003,Ras85D_EBC_MEL_ECM_0017,12,29,30,0,1,29,29,0.0,0.0333333333333333,0.0,0.3333333333333333,0.013040309847999,8.520588268702875,1.0,-1.0658224658451187,1.0333333333333334,0.2066666666666666,5.166666666666667,0.4428557144285571,0.9616038396160383,0.2273772622737726,DEPLETED,D.melanogaster|ECM_PAIRWISE|CLEAVAGE,0.936451809364518,NOT_SIGNIFICANT
D.melanogaster,CLEAVAGE,ECM,ECM_PAIRWISE,,Ras85D_EBC_MEL_ECM_0001,Ras85D_EBC_MEL_ECM_0003,12,30,29,1,0,29,29,0.0333333333333333,0.0,inf,3.0,0.1173627886319912,76.68529441832594,1.0,1.0658224658451187,0.967741935483871,0.1935483870967742,4.838709677419355,0.442955704429557,0.2227777222277772,0.9675032496750324,ENRICHED,D.melanogaster|ECM_PAIRWISE|CLEAVAGE,0.936451809364518,NOT_SIGNIFICANT
D.melanogaster,CLEAVAGE,ECM,ECM_PAIRWISE,,Ras85D_EBC_MEL_ECM_0013,Ras85D_EBC_MEL_ECM_0017,12,29,30,0,1,29,29,0.0,0.0333333333333333,0.0,0.3333333333333333,0.013040309847999,8.520588268702875,1.0,-1.0658224658451187,1.0333333333333334,0.2066666666666666,5.166666666666667,0.4433556644335566,0.9623037696230377,0.2295770422957704,DEPLETED,D.melanogaster|ECM_PAIRWISE|CLEAVAGE,0.936451809364518,NOT_SIGNIFICANT
D.melanogaster,CLEAVAGE,ECM,ECM_PAIRWISE,,Ras85D_EBC_MEL_ECM_0001,Ras85D_EBC_MEL_ECM_0006,12,30,30,1,0,29,30,0.0333333333333333,0.0,inf,3.101694915254237,0.1214211465561131,79.23258526362217,1.0,1.0986122886681098,1.0,0.2,4.999999999999999,0.4434556544345565,0.2200779922007799,0.9691030896910308,ENRICHED,D.melanogaster|ECM_PAIRWISE|CLEAVAGE,0.936451809364518,NOT_SIGNIFICANT
D.melanogaster,CLEAVAGE,ECM,ECM_PAIRWISE,,Ras85D_EBC_MEL_ECM_0012,Ras85D_EBC_MEL_ECM_0017,12,30,30,0,1,30,29,0.0,0.0333333333333333,0.0,0.3224043715846995,0.0126210699382433,8.2357977038033,1.0,-1.0986122886681098,1.0,0.2,4.999999999999999,0.4435556444355564,0.9626037396260374,0.2234776522347765,DEPLETED,D.melanogaster|ECM_PAIRWISE|CLEAVAGE,0.936451809364518,NOT_SIGNIFICANT
D.melanogaster,CLEAVAGE,ECM,ECM_PAIRWISE,,Ras85D_EBC_MEL_ECM_0005,Ras85D_EBC_MEL_ECM_0017,12,29,30,0,1,29,29,0.0,0.0333333333333333,0.0,0.3333333333333333,0.013040309847999,8.520588268702875,1.0,-1.0658224658451187,1.0333333333333334,0.2066666666666666,5.166666666666667,0.4440555944405559,0.9611038896110388,0.2291770822917708,DEPLETED,D.melanogaster|ECM_PAIRWISE|CLEAVAGE,0.936451809364518,NOT_SIGNIFICANT
D.melanogaster,CLEAVAGE,ECM,ECM_PAIRWISE,,Ras85D_EBC_MEL_ECM_0010,Ras85D_EBC_MEL_ECM_0014,12,30,30,1,0,29,30,0.0333333333333333,0.0,inf,3.101694915254237,0.1214211465561131,79.23258526362217,1.0,1.0986122886681098,1.0,0.2,4.999999999999999,0.4441555844415558,0.2223777622237776,0.9624037596240376,ENRICHED,D.melanogaster|ECM_PAIRWISE|CLEAVAGE,0.936451809364518,NOT_SIGNIFICANT
D.melanogaster,CLEAVAGE,ECM,ECM_PAIRWISE,,Ras85D_EBC_MEL_ECM_0004,Ras85D_EBC_MEL_ECM_0005,12,30,29,1,0,29,29,0.0333333333333333,0.0,inf,3.0,0.1173627886319912,76.68529441832594,1.0,1.0658224658451187,0.967741935483871,0.1935483870967742,4.838709677419355,0.4446555344465553,0.2233776622337766,0.9625037496250376,ENRICHED,D.melanogaster|ECM_PAIRWISE|CLEAVAGE,0.936451809364518,NOT_SIGNIFICANT
D.melanogaster,CLEAVAGE,ECM,ECM_PAIRWISE,,Ras85D_EBC_MEL_ECM_0001,Ras85D_EBC_MEL_ECM_0005,12,30,29,1,0,29,29,0.0333333333333333,0.0,inf,3.0,0.1173627886319912,76.68529441832594,1.0,1.0658224658451187,0.967741935483871,0.1935483870967742,4.838709677419355,0.4447555244475552,0.2248775122487751,0.9676032396760323,ENRICHED,D.melanogaster|ECM_PAIRWISE|CLEAVAGE,0.936451809364518,NOT_SIGNIFICANT
D.melanogaster,CLEAVAGE,ECM,ECM_PAIRWISE,,Ras85D_EBC_MEL_ECM_0016,Ras85D_EBC_MEL_ECM_0017,12,30,30,0,1,30,29,0.0,0.0333333333333333,0.0,0.3224043715846995,0.0126210699382433,8.2357977038033,1.0,-1.0986122886681098,1.0,0.2,4.999999999999999,0.4447555244475552,0.9623037696230377,0.2292770722927707,DEPLETED,D.melanogaster|ECM_PAIRWISE|CLEAVAGE,0.936451809364518,NOT_SIGNIFICANT
D.melanogaster,CLEAVAGE,ECM,ECM_PAIRWISE,,Ras85D_EBC_MEL_ECM_0004,Ras85D_EBC_MEL_ECM_0009,12,30,30,1,0,29,30,0.0333333333333333,0.0,inf,3.101694915254237,0.1214211465561131,79.23258526362217,1.0,1.0986122886681098,1.0,0.2,4.999999999999999,0.4451554844515548,0.2244775522447755,0.9637036296370364,ENRICHED,D.melanogaster|ECM_PAIRWISE|CLEAVAGE,0.936451809364518,NOT_SIGNIFICANT
D.melanogaster,CLEAVAGE,ECM,ECM_PAIRWISE,,Ras85D_EBC_MEL_ECM_0011,Ras85D_EBC_MEL_ECM_0017,12,30,30,0,1,30,29,0.0,0.0333333333333333,0.0,0.3224043715846995,0.0126210699382433,8.2357977038033,1.0,-1.0986122886681098,1.0,0.2,4.999999999999999,0.4453554644535546,0.962903709629037,0.2290770922907709,DEPLETED,D.melanogaster|ECM_PAIRWISE|CLEAVAGE,0.936451809364518,NOT_SIGNIFICANT
D.melanogaster,CLEAVAGE,ECM,ECM_PAIRWISE,,Ras85D_EBC_MEL_ECM_0015,Ras85D_EBC_MEL_ECM_0017,12,30,30,0,1,30,29,0.0,0.0333333333333333,0.0,0.3224043715846995,0.0126210699382433,8.2357977038033,1.0,-1.0986122886681098,1.0,0.2,4.999999999999999,0.4461553844615538,0.962103789621038,0.2277772222777722,DEPLETED,D.melanogaster|ECM_PAIRWISE|CLEAVAGE,0.936451809364518,NOT_SIGNIFICANT
D.melanogaster,CLEAVAGE,ECM,ECM_PAIRWISE,,Ras85D_EBC_MEL_ECM_0004,Ras85D_EBC_MEL_ECM_0016,12,30,30,1,0,29,30,0.0333333333333333,0.0,inf,3.101694915254237,0.1214211465561131,79.23258526362217,1.0,1.0986122886681098,1.0,0.2,4.999999999999999,0.4467553244675532,0.2242775722427757,0.9616038396160383,ENRICHED,D.melanogaster|ECM_PAIRWISE|CLEAVAGE,0.936451809364518,NOT_SIGNIFICANT
D.melanogaster,CLEAVAGE,ECM,ECM_PAIRWISE,,Ras85D_EBC_MEL_ECM_0002,Ras85D_EBC_MEL_ECM_0017,12,30,30,0,1,30,29,0.0,0.0333333333333333,0.0,0.3224043715846995,0.0126210699382433,8.2357977038033,1.0,-1.0986122886681098,1.0,0.2,4.999999999999999,0.4468553144685531,0.960903909609039,0.2312768723127687,DEPLETED,D.melanogaster|ECM_PAIRWISE|CLEAVAGE,0.936451809364518,NOT_SIGNIFICANT
D.melanogaster,CLEAVAGE,ECM,ECM_PAIRWISE,,Ras85D_EBC_MEL_ECM_0004,Ras85D_EBC_MEL_ECM_0015,12,30,30,1,0,29,30,0.0333333333333333,0.0,inf,3.101694915254237,0.1214211465561131,79.23258526362217,1.0,1.0986122886681098,1.0,0.2,4.999999999999999,0.4468553144685531,0.2220777922207779,0.9647035296470352,ENRICHED,D.melanogaster|ECM_PAIRWISE|CLEAVAGE,0.936451809364518,NOT_SIGNIFICANT
D.melanogaster,CLEAVAGE,ECM,ECM_PAIRWISE,,Ras85D_EBC_MEL_ECM_0001,Ras85D_EBC_MEL_ECM_0011,12,30,30,1,0,29,30,0.0333333333333333,0.0,inf,3.101694915254237,0.1214211465561131,79.23258526362217,1.0,1.0986122886681098,1.0,0.2,4.999999999999999,0.4516548345165483,0.2275772422757724,0.9685031496850316,ENRICHED,D.melanogaster|ECM_PAIRWISE|CLEAVAGE,0.936451809364518,NOT_SIGNIFICANT
D.melanogaster,CLEAVAGE,ECM,ECM_PAIRWISE,,Ras85D_EBC_MEL_ECM_0014,Ras85D_EBC_MEL_ECM_0017,12,30,30,0,1,30,29,0.0,0.0333333333333333,0.0,0.3224043715846995,0.0126210699382433,8.2357977038033,1.0,-1.0986122886681098,1.0,0.2,4.999999999999999,0.4533546645335466,0.9628037196280372,0.2332766723327667,DEPLETED,D.melanogaster|ECM_PAIRWISE|CLEAVAGE,0.936451809364518,NOT_SIGNIFICANT
D.melanogaster,CLEAVAGE,ECM,ECM_PAIRWISE,,Ras85D_EBC_MEL_ECM_0006,Ras85D_EBC_MEL_ECM_0017,12,30,30,0,1,30,29,0.0,0.0333333333333333,0.0,0.3224043715846995,0.0126210699382433,8.2357977038033,1.0,-1.0986122886681098,1.0,0.2,4.999999999999999,0.4537546245375462,0.9632036796320368,0.2298770122987701,DEPLETED,D.melanogaster|ECM_PAIRWISE|CLEAVAGE,0.936451809364518,NOT_SIGNIFICANT
D.melanogaster,CLEAVAGE,ECM,ECM_PAIRWISE,,Ras85D_EBC_MEL_ECM_0010,Ras85D_EBC_MEL_ECM_0012,12,30,30,1,0,29,30,0.0333333333333333,0.0,inf,3.101694915254237,0.1214211465561131,79.23258526362217,1.0,1.0986122886681098,1.0,0.2,4.999999999999999,0.4537546245375462,0.2222777722227777,0.9637036296370364,ENRICHED,D.melanogaster|ECM_PAIRWISE|CLEAVAGE,0.936451809364518,NOT_SIGNIFICANT
D.melanogaster,CLEAVAGE,ECM,ECM_PAIRWISE,,Ras85D_EBC_MEL_ECM_0001,Ras85D_EBC_MEL_ECM_0012,12,30,30,1,0,29,30,0.0333333333333333,0.0,inf,3.101694915254237,0.1214211465561131,79.23258526362217,1.0,1.0986122886681098,1.0,0.2,4.999999999999999,0.4544545545445455,0.2242775722427757,0.968103189681032,ENRICHED,D.melanogaster|ECM_PAIRWISE|CLEAVAGE,0.936451809364518,NOT_SIGNIFICANT
D.melanogaster,CLEAVAGE,ECM,ECM_PAIRWISE,,Ras85D_EBC_MEL_ECM_0004,Ras85D_EBC_MEL_ECM_0008,12,30,29,1,1,29,28,0.0333333333333333,0.0344827586206896,0.9666666666666668,0.9655172413793104,0.0575457803190493,16.199685506603874,1.0,-0.0327898228229909,0.967741935483871,0.1935483870967742,4.838709677419355,0.5227477252274773,0.7772222777722227,0.2902709729027097,DEPLETED,D.melanogaster|ECM_PAIRWISE|CLEAVAGE,1.0,NOT_SIGNIFICANT
D.melanogaster,CLEAVAGE,ECM,ECM_PAIRWISE,,Ras85D_EBC_MEL_ECM_0004,Ras85D_EBC_MEL_ECM_0007,12,30,29,1,1,29,28,0.0333333333333333,0.0344827586206896,0.9666666666666668,0.9655172413793104,0.0575457803190493,16.199685506603874,1.0,-0.0327898228229909,0.967741935483871,0.1935483870967742,4.838709677419355,0.5228477152284772,0.775922407759224,0.2901709829017098,DEPLETED,D.melanogaster|ECM_PAIRWISE|CLEAVAGE,1.0,NOT_SIGNIFICANT
D.melanogaster,CLEAVAGE,ECM,ECM_PAIRWISE,,Ras85D_EBC_MEL_ECM_0001,Ras85D_EBC_MEL_ECM_0007,12,30,29,1,1,29,28,0.0333333333333333,0.0344827586206896,0.9666666666666668,0.9655172413793104,0.0575457803190493,16.199685506603874,1.0,-0.0327898228229909,0.967741935483871,0.1935483870967742,4.838709677419355,0.5285471452854714,0.7743225677432257,0.2917708229177082,DEPLETED,D.melanogaster|ECM_PAIRWISE|CLEAVAGE,1.0,NOT_SIGNIFICANT
D.melanogaster,CLEAVAGE,ECM,ECM_PAIRWISE,,Ras85D_EBC_MEL_ECM_0001,Ras85D_EBC_MEL_ECM_0008,12,30,29,1,1,29,28,0.0333333333333333,0.0344827586206896,0.9666666666666668,0.9655172413793104,0.0575457803190493,16.199685506603874,1.0,-0.0327898228229909,0.967741935483871,0.1935483870967742,4.838709677419355,0.5318468153184681,0.7712228777122287,0.2932706729327067,DEPLETED,D.melanogaster|ECM_PAIRWISE|CLEAVAGE,1.0,NOT_SIGNIFICANT
D.melanogaster,CLEAVAGE,ECM,ECM_PAIRWISE,,Ras85D_EBC_MEL_ECM_0005,Ras85D_EBC_MEL_ECM_0014,12,29,30,0,0,29,30,0.0,0.0,,1.0338983050847457,0.0198568893854943,53.83248526518887,1.0,0.0327898228229909,1.0333333333333334,0.2066666666666666,5.166666666666667,0.997900209979002,0.7633236676332367,0.7671232876712328,NEUTRAL,D.melanogaster|ECM_PAIRWISE|CLEAVAGE,1.0,NOT_SIGNIFICANT
D.melanogaster,CLEAVAGE,ECM,ECM_PAIRWISE,,Ras85D_EBC_MEL_ECM_0013,Ras85D_EBC_MEL_ECM_0016,12,29,30,0,0,29,30,0.0,0.0,,1.0338983050847457,0.0198568893854943,53.83248526518887,1.0,0.0327898228229909,1.0333333333333334,0.2066666666666666,5.166666666666667,0.997900209979002,0.7703229677032297,0.7756224377562244,NEUTRAL,D.melanogaster|ECM_PAIRWISE|CLEAVAGE,1.0,NOT_SIGNIFICANT
D.melanogaster,CLEAVAGE,ECM,ECM_PAIRWISE,,Ras85D_EBC_MEL_ECM_0007,Ras85D_EBC_MEL_ECM_0010,12,29,30,1,1,28,29,0.0344827586206896,0.0333333333333333,1.0344827586206895,1.0357142857142858,0.0617295934289802,17.37746876409931,1.0,0.0327898228229909,1.0333333333333334,0.2066666666666666,5.166666666666667,0.998000199980002,0.7646235376462354,0.7748225177482252,ENRICHED,D.melanogaster|ECM_PAIRWISE|CLEAVAGE,1.0,NOT_SIGNIFICANT
D.melanogaster,CLEAVAGE,ECM,ECM_PAIRWISE,,Ras85D_EBC_MEL_ECM_0005,Ras85D_EBC_MEL_ECM_0006,12,29,30,0,0,29,30,0.0,0.0,,1.0338983050847457,0.0198568893854943,53.83248526518887,1.0,0.0327898228229909,1.0333333333333334,0.2066666666666666,5.166666666666667,0.9983001699830018,0.7588241175882412,0.7712228777122287,NEUTRAL,D.melanogaster|ECM_PAIRWISE|CLEAVAGE,1.0,NOT_SIGNIFICANT
D.melanogaster,CLEAVAGE,ECM,ECM_PAIRWISE,,Ras85D_EBC_MEL_ECM_0013,Ras85D_EBC_MEL_ECM_0014,12,29,30,0,0,29,30,0.0,0.0,,1.0338983050847457,0.0198568893854943,53.83248526518887,1.0,0.0327898228229909,1.0333333333333334,0.2066666666666666,5.166666666666667,0.9984001599840016,0.7657234276572342,0.7714228577142286,NEUTRAL,D.melanogaster|ECM_PAIRWISE|CLEAVAGE,1.0,NOT_SIGNIFICANT
D.melanogaster,CLEAVAGE,ECM,ECM_PAIRWISE,,Ras85D_EBC_MEL_ECM_0003,Ras85D_EBC_MEL_ECM_0006,12,29,30,0,0,29,30,0.0,0.0,,1.0338983050847457,0.0198568893854943,53.83248526518887,1.0,0.0327898228229909,1.0333333333333334,0.2066666666666666,5.166666666666667,0.9985001499850016,0.7597240275972402,0.768023197680232,NEUTRAL,D.melanogaster|ECM_PAIRWISE|CLEAVAGE,1.0,NOT_SIGNIFICANT
D.melanogaster,CLEAVAGE,ECM,ECM_PAIRWISE,,Ras85D_EBC_MEL_ECM_0003,Ras85D_EBC_MEL_ECM_0012,12,29,30,0,0,29,30,0.0,0.0,,1.0338983050847457,0.0198568893854943,53.83248526518887,1.0,0.0327898228229909,1.0333333333333334,0.2066666666666666,5.166666666666667,0.9985001499850016,0.7597240275972402,0.7705229477052294,NEUTRAL,D.melanogaster|ECM_PAIRWISE|CLEAVAGE,1.0,NOT_SIGNIFICANT
D.melanogaster,CLEAVAGE,ECM,ECM_PAIRWISE,,Ras85D_EBC_MEL_ECM_0003,Ras85D_EBC_MEL_ECM_0014,12,29,30,0,0,29,30,0.0,0.0,,1.0338983050847457,0.0198568893854943,53.83248526518887,1.0,0.0327898228229909,1.0333333333333334,0.2066666666666666,5.166666666666667,0.9985001499850016,0.769023097690231,0.7684231576842315,NEUTRAL,D.melanogaster|ECM_PAIRWISE|CLEAVAGE,1.0,NOT_SIGNIFICANT
D.melanogaster,CLEAVAGE,ECM,ECM_PAIRWISE,,Ras85D_EBC_MEL_ECM_0003,Ras85D_EBC_MEL_ECM_0016,12,29,30,0,0,29,30,0.0,0.0,,1.0338983050847457,0.0198568893854943,53.83248526518887,1.0,0.0327898228229909,1.0333333333333334,0.2066666666666666,5.166666666666667,0.9985001499850016,0.7704229577042295,0.7706229377062294,NEUTRAL,D.melanogaster|ECM_PAIRWISE|CLEAVAGE,1.0,NOT_SIGNIFICANT
D.melanogaster,CLEAVAGE,ECM,ECM_PAIRWISE,,Ras85D_EBC_MEL_ECM_0005,Ras85D_EBC_MEL_ECM_0009,12,29,30,0,0,29,30,0.0,0.0,,1.0338983050847457,0.0198568893854943,53.83248526518887,1.0,0.0327898228229909,1.0333333333333334,0.2066666666666666,5.166666666666667,0.9985001499850016,0.7695230476952305,0.7708229177082292,NEUTRAL,D.melanogaster|ECM_PAIRWISE|CLEAVAGE,1.0,NOT_SIGNIFICANT
D.melanogaster,CLEAVAGE,ECM,ECM_PAIRWISE,,Ras85D_EBC_MEL_ECM_0003,Ras85D_EBC_MEL_ECM_0009,12,29,30,0,0,29,30,0.0,0.0,,1.0338983050847457,0.0198568893854943,53.83248526518887,1.0,0.0327898228229909,1.0333333333333334,0.2066666666666666,5.166666666666667,0.9986001399860014,0.7678232176782321,0.7682231776822318,NEUTRAL,D.melanogaster|ECM_PAIRWISE|CLEAVAGE,1.0,NOT_SIGNIFICANT
D.melanogaster,CLEAVAGE,ECM,ECM_PAIRWISE,,Ras85D_EBC_MEL_ECM_0003,Ras85D_EBC_MEL_ECM_0011,12,29,30,0,0,29,30,0.0,0.0,,1.0338983050847457,0.0198568893854943,53.83248526518887,1.0,0.0327898228229909,1.0333333333333334,0.2066666666666666,5.166666666666667,0.9986001399860014,0.7666233376662334,0.7654234576542346,NEUTRAL,D.melanogaster|ECM_PAIRWISE|CLEAVAGE,1.0,NOT_SIGNIFICANT
D.melanogaster,CLEAVAGE,ECM,ECM_PAIRWISE,,Ras85D_EBC_MEL_ECM_0005,Ras85D_EBC_MEL_ECM_0016,12,29,30,0,0,29,30,0.0,0.0,,1.0338983050847457,0.0198568893854943,53.83248526518887,1.0,0.0327898228229909,1.0333333333333334,0.2066666666666666,5.166666666666667,0.9986001399860014,0.7676232376762324,0.7694230576942306,NEUTRAL,D.melanogaster|ECM_PAIRWISE|CLEAVAGE,1.0,NOT_SIGNIFICANT
D.melanogaster,CLEAVAGE,ECM,ECM_PAIRWISE,,Ras85D_EBC_MEL_ECM_0008,Ras85D_EBC_MEL_ECM_0017,12,29,30,1,1,28,29,0.0344827586206896,0.0333333333333333,1.0344827586206895,1.0357142857142858,0.0617295934289802,17.37746876409931,1.0,0.0327898228229909,1.0333333333333334,0.2066666666666666,5.166666666666667,0.9987001299870012,0.7565243475652434,0.7806219378062194,ENRICHED,D.melanogaster|ECM_PAIRWISE|CLEAVAGE,1.0,NOT_SIGNIFICANT
D.melanogaster,CLEAVAGE,ECM,ECM_PAIRWISE,,Ras85D_EBC_MEL_ECM_0013,Ras85D_EBC_MEL_ECM_0015,12,29,30,0,0,29,30,0.0,0.0,,1.0338983050847457,0.0198568893854943,53.83248526518887,1.0,0.0327898228229909,1.0333333333333334,0.2066666666666666,5.166666666666667,0.9987001299870012,0.7645235476452354,0.7723227677232277,NEUTRAL,D.melanogaster|ECM_PAIRWISE|CLEAVAGE,1.0,NOT_SIGNIFICANT
D.melanogaster,CLEAVAGE,ECM,ECM_PAIRWISE,,Ras85D_EBC_MEL_ECM_0008,Ras85D_EBC_MEL_ECM_0010,12,29,30,1,1,28,29,0.0344827586206896,0.0333333333333333,1.0344827586206895,1.0357142857142858,0.0617295934289802,17.37746876409931,1.0,0.0327898228229909,1.0333333333333334,0.2066666666666666,5.166666666666667,0.9988001199880012,0.7669233076692331,0.7767223277672233,ENRICHED,D.melanogaster|ECM_PAIRWISE|CLEAVAGE,1.0,NOT_SIGNIFICANT
D.melanogaster,CLEAVAGE,ECM,ECM_PAIRWISE,,Ras85D_EBC_MEL_ECM_0003,Ras85D_EBC_MEL_ECM_0015,12,29,30,0,0,29,30,0.0,0.0,,1.0338983050847457,0.0198568893854943,53.83248526518887,1.0,0.0327898228229909,1.0333333333333334,0.2066666666666666,5.166666666666667,0.9989001099890013,0.7666233376662334,0.7694230576942306,NEUTRAL,D.melanogaster|ECM_PAIRWISE|CLEAVAGE,1.0,NOT_SIGNIFICANT
D.melanogaster,CLEAVAGE,ECM,ECM_PAIRWISE,,Ras85D_EBC_MEL_ECM_0005,Ras85D_EBC_MEL_ECM_0011,12,29,30,0,0,29,30,0.0,0.0,,1.0338983050847457,0.0198568893854943,53.83248526518887,1.0,0.0327898228229909,1.0333333333333334,0.2066666666666666,5.166666666666667,0.9989001099890013,0.7657234276572342,0.7691230876912308,NEUTRAL,D.melanogaster|ECM_PAIRWISE|CLEAVAGE,1.0,NOT_SIGNIFICANT
D.melanogaster,CLEAVAGE,ECM,ECM_PAIRWISE,,Ras85D_EBC_MEL_ECM_0005,Ras85D_EBC_MEL_ECM_0015,12,29,30,0,0,29,30,0.0,0.0,,1.0338983050847457,0.0198568893854943,53.83248526518887,1.0,0.0327898228229909,1.0333333333333334,0.2066666666666666,5.166666666666667,0.999000099990001,0.7619238076192381,0.7692230776922308,NEUTRAL,D.melanogaster|ECM_PAIRWISE|CLEAVAGE,1.0,NOT_SIGNIFICANT
D.melanogaster,CLEAVAGE,ECM,ECM_PAIRWISE,,Ras85D_EBC_MEL_ECM_0005,Ras85D_EBC_MEL_ECM_0012,12,29,30,0,0,29,30,0.0,0.0,,1.0338983050847457,0.0198568893854943,53.83248526518887,1.0,0.0327898228229909,1.0333333333333334,0.2066666666666666,5.166666666666667,0.9991000899910008,0.7562243775622438,0.7713228677132287,NEUTRAL,D.melanogaster|ECM_PAIRWISE|CLEAVAGE,1.0,NOT_SIGNIFICANT
D.melanogaster,CLEAVAGE,ECM,ECM_PAIRWISE,,Ras85D_EBC_MEL_ECM_0007,Ras85D_EBC_MEL_ECM_0017,12,29,30,1,1,28,29,0.0344827586206896,0.0333333333333333,1.0344827586206895,1.0357142857142858,0.0617295934289802,17.37746876409931,1.0,0.0327898228229909,1.0333333333333334,0.2066666666666666,5.166666666666667,0.9991000899910008,0.7528247175282472,0.776022397760224,ENRICHED,D.melanogaster|ECM_PAIRWISE|CLEAVAGE,1.0,NOT_SIGNIFICANT
D.melanogaster,CLEAVAGE,ECM,ECM_PAIRWISE,,Ras85D_EBC_MEL_ECM_0001,Ras85D_EBC_MEL_ECM_0004,12,30,30,1,1,29,29,0.0333333333333333,0.0333333333333333,1.0,1.0,0.0596510091495889,16.76417573242163,1.0,0.0,1.0,0.2,4.999999999999999,1.0,0.7642235776422358,0.7644235576442355,NEUTRAL,D.melanogaster|ECM_PAIRWISE|CLEAVAGE,1.0,NOT_SIGNIFICANT
D.melanogaster,CLEAVAGE,ECM,ECM_PAIRWISE,,Ras85D_EBC_MEL_ECM_0001,Ras85D_EBC_MEL_ECM_0010,12,30,30,1,1,29,29,0.0333333333333333,0.0333333333333333,1.0,1.0,0.0596510091495889,16.76417573242163,1.0,0.0,1.0,0.2,4.999999999999999,1.0,0.768023197680232,0.7678232176782321,NEUTRAL,D.melanogaster|ECM_PAIRWISE|CLEAVAGE,1.0,NOT_SIGNIFICANT
D.melanogaster,CLEAVAGE,ECM,ECM_PAIRWISE,,Ras85D_EBC_MEL_ECM_0001,Ras85D_EBC_MEL_ECM_0017,12,30,30,1,1,29,29,0.0333333333333333,0.0333333333333333,1.0,1.0,0.0596510091495889,16.76417573242163,1.0,0.0,1.0,0.2,4.999999999999999,1.0,0.7585241475852414,0.77002299770023,NEUTRAL,D.melanogaster|ECM_PAIRWISE|CLEAVAGE,1.0,NOT_SIGNIFICANT
D.melanogaster,CLEAVAGE,ECM,ECM_PAIRWISE,,Ras85D_EBC_MEL_ECM_0002,Ras85D_EBC_MEL_ECM_0003,12,30,29,0,0,30,29,0.0,0.0,,0.9672131147540984,0.0185761440341053,50.3603550680254,1.0,-0.0327898228229908,0.967741935483871,0.1935483870967742,4.838709677419355,1.0,0.6979302069793021,0.7685231476852314,NEUTRAL,D.melanogaster|ECM_PAIRWISE|CLEAVAGE,1.0,NOT_SIGNIFICANT
D.melanogaster,CLEAVAGE,ECM,ECM_PAIRWISE,,Ras85D_EBC_MEL_ECM_0002,Ras85D_EBC_MEL_ECM_0005,12,30,29,0,0,30,29,0.0,0.0,,0.9672131147540984,0.0185761440341053,50.3603550680254,1.0,-0.0327898228229908,0.967741935483871,0.1935483870967742,4.838709677419355,1.0,0.7033296670332967,0.7709229077092291,NEUTRAL,D.melanogaster|ECM_PAIRWISE|CLEAVAGE,1.0,NOT_SIGNIFICANT
D.melanogaster,CLEAVAGE,ECM,ECM_PAIRWISE,,Ras85D_EBC_MEL_ECM_0002,Ras85D_EBC_MEL_ECM_0006,12,30,30,0,0,30,30,0.0,0.0,,1.0,0.0192162206525003,52.03936913941946,1.0,0.0,1.0,0.2,4.999999999999999,1.0,0.7645235476452354,0.773022697730227,NEUTRAL,D.melanogaster|ECM_PAIRWISE|CLEAVAGE,1.0,NOT_SIGNIFICANT
D.melanogaster,CLEAVAGE,ECM,ECM_PAIRWISE,,Ras85D_EBC_MEL_ECM_0002,Ras85D_EBC_MEL_ECM_0009,12,30,30,0,0,30,30,0.0,0.0,,1.0,0.0192162206525003,52.03936913941946,1.0,0.0,1.0,0.2,4.999999999999999,1.0,0.7714228577142286,0.771022897710229,NEUTRAL,D.melanogaster|ECM_PAIRWISE|CLEAVAGE,1.0,NOT_SIGNIFICANT
D.melanogaster,CLEAVAGE,ECM,ECM_PAIRWISE,,Ras85D_EBC_MEL_ECM_0002,Ras85D_EBC_MEL_ECM_0011,12,30,30,0,0,30,30,0.0,0.0,,1.0,0.0192162206525003,52.03936913941946,1.0,0.0,1.0,0.2,4.999999999999999,1.0,0.7711228877112288,0.7726227377262274,NEUTRAL,D.melanogaster|ECM_PAIRWISE|CLEAVAGE,1.0,NOT_SIGNIFICANT
D.melanogaster,CLEAVAGE,ECM,ECM_PAIRWISE,,Ras85D_EBC_MEL_ECM_0002,Ras85D_EBC_MEL_ECM_0012,12,30,30,0,0,30,30,0.0,0.0,,1.0,0.0192162206525003,52.03936913941946,1.0,0.0,1.0,0.2,4.999999999999999,1.0,0.7575242475752425,0.7706229377062294,NEUTRAL,D.melanogaster|ECM_PAIRWISE|CLEAVAGE,1.0,NOT_SIGNIFICANT
D.melanogaster,CLEAVAGE,ECM,ECM_PAIRWISE,,Ras85D_EBC_MEL_ECM_0002,Ras85D_EBC_MEL_ECM_0013,12,30,29,0,0,30,29,0.0,0.0,,0.9672131147540984,0.0185761440341053,50.3603550680254,1.0,-0.0327898228229908,0.967741935483871,0.1935483870967742,4.838709677419355,1.0,0.7042295770422957,0.7672232776722328,NEUTRAL,D.melanogaster|ECM_PAIRWISE|CLEAVAGE,1.0,NOT_SIGNIFICANT
D.melanogaster,CLEAVAGE,ECM,ECM_PAIRWISE,,Ras85D_EBC_MEL_ECM_0002,Ras85D_EBC_MEL_ECM_0014,12,30,30,0,0,30,30,0.0,0.0,,1.0,0.0192162206525003,52.03936913941946,1.0,0.0,1.0,0.2,4.999999999999999,1.0,0.7666233376662334,0.7689231076892311,NEUTRAL,D.melanogaster|ECM_PAIRWISE|CLEAVAGE,1.0,NOT_SIGNIFICANT
D.melanogaster,CLEAVAGE,ECM,ECM_PAIRWISE,,Ras85D_EBC_MEL_ECM_0002,Ras85D_EBC_MEL_ECM_0015,12,30,30,0,0,30,30,0.0,0.0,,1.0,0.0192162206525003,52.03936913941946,1.0,0.0,1.0,0.2,4.999999999999999,1.0,0.7639236076392361,0.7701229877012299,NEUTRAL,D.melanogaster|ECM_PAIRWISE|CLEAVAGE,1.0,NOT_SIGNIFICANT
D.melanogaster,CLEAVAGE,ECM,ECM_PAIRWISE,,Ras85D_EBC_MEL_ECM_0002,Ras85D_EBC_MEL_ECM_0016,12,30,30,0,0,30,30,0.0,0.0,,1.0,0.0192162206525003,52.03936913941946,1.0,0.0,1.0,0.2,4.999999999999999,1.0,0.768023197680232,0.7687231276872313,NEUTRAL,D.melanogaster|ECM_PAIRWISE|CLEAVAGE,1.0,NOT_SIGNIFICANT
D.melanogaster,CLEAVAGE,ECM,ECM_PAIRWISE,,Ras85D_EBC_MEL_ECM_0003,Ras85D_EBC_MEL_ECM_0005,12,29,29,0,0,29,29,0.0,0.0,,1.0,0.0191954740314999,52.095613703469525,1.0,0.0,1.0,0.2,4.999999999999999,1.0,0.7667233276672333,0.763023697630237,NEUTRAL,D.melanogaster|ECM_PAIRWISE|CLEAVAGE,1.0,NOT_SIGNIFICANT
D.melanogaster,CLEAVAGE,ECM,ECM_PAIRWISE,,Ras85D_EBC_MEL_ECM_0003,Ras85D_EBC_MEL_ECM_0013,12,29,29,0,0,29,29,0.0,0.0,,1.0,0.0191954740314999,52.095613703469525,1.0,0.0,1.0,0.2,4.999999999999999,1.0,0.7697230276972302,0.7659234076592341,NEUTRAL,D.melanogaster|ECM_PAIRWISE|CLEAVAGE,1.0,NOT_SIGNIFICANT
D.melanogaster,CLEAVAGE,ECM,ECM_PAIRWISE,,Ras85D_EBC_MEL_ECM_0004,Ras85D_EBC_MEL_ECM_0010,12,30,30,1,1,29,29,0.0333333333333333,0.0333333333333333,1.0,1.0,0.0596510091495889,16.76417573242163,1.0,0.0,1.0,0.2,4.999999999999999,1.0,0.7638236176382361,0.7649235076492351,NEUTRAL,D.melanogaster|ECM_PAIRWISE|CLEAVAGE,1.0,NOT_SIGNIFICANT
D.melanogaster,CLEAVAGE,ECM,ECM_PAIRWISE,,Ras85D_EBC_MEL_ECM_0004,Ras85D_EBC_MEL_ECM_0017,12,30,30,1,1,29,29,0.0333333333333333,0.0333333333333333,1.0,1.0,0.0596510091495889,16.76417573242163,1.0,0.0,1.0,0.2,4.999999999999999,1.0,0.7602239776022398,0.7734226577342266,NEUTRAL,D.melanogaster|ECM_PAIRWISE|CLEAVAGE,1.0,NOT_SIGNIFICANT
D.melanogaster,CLEAVAGE,ECM,ECM_PAIRWISE,,Ras85D_EBC_MEL_ECM_0005,Ras85D_EBC_MEL_ECM_0013,12,29,29,0,0,29,29,0.0,0.0,,1.0,0.0191954740314999,52.095613703469525,1.0,0.0,1.0,0.2,4.999999999999999,1.0,0.7694230576942306,0.7674232576742326,NEUTRAL,D.melanogaster|ECM_PAIRWISE|CLEAVAGE,1.0,NOT_SIGNIFICANT
D.melanogaster,CLEAVAGE,ECM,ECM_PAIRWISE,,Ras85D_EBC_MEL_ECM_0006,Ras85D_EBC_MEL_ECM_0009,12,30,30,0,0,30,30,0.0,0.0,,1.0,0.0192162206525003,52.03936913941946,1.0,0.0,1.0,0.2,4.999999999999999,1.0,0.7706229377062294,0.7619238076192381,NEUTRAL,D.melanogaster|ECM_PAIRWISE|CLEAVAGE,1.0,NOT_SIGNIFICANT
D.melanogaster,CLEAVAGE,ECM,ECM_PAIRWISE,,Ras85D_EBC_MEL_ECM_0006,Ras85D_EBC_MEL_ECM_0011,12,30,30,0,0,30,30,0.0,0.0,,1.0,0.0192162206525003,52.03936913941946,1.0,0.0,1.0,0.2,4.999999999999999,1.0,0.7723227677232277,0.7641235876412359,NEUTRAL,D.melanogaster|ECM_PAIRWISE|CLEAVAGE,1.0,NOT_SIGNIFICANT
D.melanogaster,CLEAVAGE,ECM,ECM_PAIRWISE,,Ras85D_EBC_MEL_ECM_0006,Ras85D_EBC_MEL_ECM_0012,12,30,30,0,0,30,30,0.0,0.0,,1.0,0.0192162206525003,52.03936913941946,1.0,0.0,1.0,0.2,4.999999999999999,1.0,0.7639236076392361,0.767023297670233,NEUTRAL,D.melanogaster|ECM_PAIRWISE|CLEAVAGE,1.0,NOT_SIGNIFICANT
D.melanogaster,CLEAVAGE,ECM,ECM_PAIRWISE,,Ras85D_EBC_MEL_ECM_0006,Ras85D_EBC_MEL_ECM_0013,12,30,29,0,0,30,29,0.0,0.0,,0.9672131147540984,0.0185761440341053,50.3603550680254,1.0,-0.0327898228229908,0.967741935483871,0.1935483870967742,4.838709677419355,1.0,0.7036296370362963,0.7651234876512348,NEUTRAL,D.melanogaster|ECM_PAIRWISE|CLEAVAGE,1.0,NOT_SIGNIFICANT
D.melanogaster,CLEAVAGE,ECM,ECM_PAIRWISE,,Ras85D_EBC_MEL_ECM_0006,Ras85D_EBC_MEL_ECM_0014,12,30,30,0,0,30,30,0.0,0.0,,1.0,0.0192162206525003,52.03936913941946,1.0,0.0,1.0,0.2,4.999999999999999,1.0,0.769023097690231,0.7621237876212379,NEUTRAL,D.melanogaster|ECM_PAIRWISE|CLEAVAGE,1.0,NOT_SIGNIFICANT
D.melanogaster,CLEAVAGE,ECM,ECM_PAIRWISE,,Ras85D_EBC_MEL_ECM_0006,Ras85D_EBC_MEL_ECM_0015,12,30,30,0,0,30,30,0.0,0.0,,1.0,0.0192162206525003,52.03936913941946,1.0,0.0,1.0,0.2,4.999999999999999,1.0,0.7698230176982301,0.7647235276472353,NEUTRAL,D.melanogaster|ECM_PAIRWISE|CLEAVAGE,1.0,NOT_SIGNIFICANT
D.melanogaster,CLEAVAGE,ECM,ECM_PAIRWISE,,Ras85D_EBC_MEL_ECM_0006,Ras85D_EBC_MEL_ECM_0016,12,30,30,0,0,30,30,0.0,0.0,,1.0,0.0192162206525003,52.03936913941946,1.0,0.0,1.0,0.2,4.999999999999999,1.0,0.7717228277172283,0.7648235176482352,NEUTRAL,D.melanogaster|ECM_PAIRWISE|CLEAVAGE,1.0,NOT_SIGNIFICANT
D.melanogaster,CLEAVAGE,ECM,ECM_PAIRWISE,,Ras85D_EBC_MEL_ECM_0007,Ras85D_EBC_MEL_ECM_0008,12,29,29,1,1,28,28,0.0344827586206896,0.0344827586206896,1.0,1.0,0.0595510211742662,16.79232329322556,1.0,0.0,1.0,0.2,4.999999999999999,1.0,0.7744225577442255,0.7717228277172283,NEUTRAL,D.melanogaster|ECM_PAIRWISE|CLEAVAGE,1.0,NOT_SIGNIFICANT
D.melanogaster,CLEAVAGE,ECM,ECM_PAIRWISE,,Ras85D_EBC_MEL_ECM_0009,Ras85D_EBC_MEL_ECM_0011,12,30,30,0,0,30,30,0.0,0.0,,1.0,0.0192162206525003,52.03936913941946,1.0,0.0,1.0,0.2,4.999999999999999,1.0,0.7681231876812319,0.7728227177282272,NEUTRAL,D.melanogaster|ECM_PAIRWISE|CLEAVAGE,1.0,NOT_SIGNIFICANT
D.melanogaster,CLEAVAGE,ECM,ECM_PAIRWISE,,Ras85D_EBC_MEL_ECM_0009,Ras85D_EBC_MEL_ECM_0012,12,30,30,0,0,30,30,0.0,0.0,,1.0,0.0192162206525003,52.03936913941946,1.0,0.0,1.0,0.2,4.999999999999999,1.0,0.7592240775922408,0.7757224277572243,NEUTRAL,D.melanogaster|ECM_PAIRWISE|CLEAVAGE,1.0,NOT_SIGNIFICANT
D.melanogaster,CLEAVAGE,ECM,ECM_PAIRWISE,,Ras85D_EBC_MEL_ECM_0009,Ras85D_EBC_MEL_ECM_0013,12,30,29,0,0,30,29,0.0,0.0,,0.9672131147540984,0.0185761440341053,50.3603550680254,1.0,-0.0327898228229908,0.967741935483871,0.1935483870967742,4.838709677419355,1.0,0.7037296270372962,0.769023097690231,NEUTRAL,D.melanogaster|ECM_PAIRWISE|CLEAVAGE,1.0,NOT_SIGNIFICANT
D.melanogaster,CLEAVAGE,ECM,ECM_PAIRWISE,,Ras85D_EBC_MEL_ECM_0009,Ras85D_EBC_MEL_ECM_0014,12,30,30,0,0,30,30,0.0,0.0,,1.0,0.0192162206525003,52.03936913941946,1.0,0.0,1.0,0.2,4.999999999999999,1.0,0.768023197680232,0.7718228177182281,NEUTRAL,D.melanogaster|ECM_PAIRWISE|CLEAVAGE,1.0,NOT_SIGNIFICANT
D.melanogaster,CLEAVAGE,ECM,ECM_PAIRWISE,,Ras85D_EBC_MEL_ECM_0009,Ras85D_EBC_MEL_ECM_0015,12,30,30,0,0,30,30,0.0,0.0,,1.0,0.0192162206525003,52.03936913941946,1.0,0.0,1.0,0.2,4.999999999999999,1.0,0.7673232676732327,0.7718228177182281,NEUTRAL,D.melanogaster|ECM_PAIRWISE|CLEAVAGE,1.0,NOT_SIGNIFICANT
D.melanogaster,CLEAVAGE,ECM,ECM_PAIRWISE,,Ras85D_EBC_MEL_ECM_0009,Ras85D_EBC_MEL_ECM_0016,12,30,30,0,0,30,30,0.0,0.0,,1.0,0.0192162206525003,52.03936913941946,1.0,0.0,1.0,0.2,4.999999999999999,1.0,0.7691230876912308,0.7706229377062294,NEUTRAL,D.melanogaster|ECM_PAIRWISE|CLEAVAGE,1.0,NOT_SIGNIFICANT
D.melanogaster,CLEAVAGE,ECM,ECM_PAIRWISE,,Ras85D_EBC_MEL_ECM_0010,Ras85D_EBC_MEL_ECM_0017,12,30,30,1,1,29,29,0.0333333333333333,0.0333333333333333,1.0,1.0,0.0596510091495889,16.76417573242163,1.0,0.0,1.0,0.2,4.999999999999999,1.0,0.7581241875812419,0.7717228277172283,NEUTRAL,D.melanogaster|ECM_PAIRWISE|CLEAVAGE,1.0,NOT_SIGNIFICANT
D.melanogaster,CLEAVAGE,ECM,ECM_PAIRWISE,,Ras85D_EBC_MEL_ECM_0011,Ras85D_EBC_MEL_ECM_0012,12,30,30,0,0,30,30,0.0,0.0,,1.0,0.0192162206525003,52.03936913941946,1.0,0.0,1.0,0.2,4.999999999999999,1.0,0.7578242175782421,0.7671232876712328,NEUTRAL,D.melanogaster|ECM_PAIRWISE|CLEAVAGE,1.0,NOT_SIGNIFICANT
D.melanogaster,CLEAVAGE,ECM,ECM_PAIRWISE,,Ras85D_EBC_MEL_ECM_0011,Ras85D_EBC_MEL_ECM_0013,12,30,29,0,0,30,29,0.0,0.0,,0.9672131147540984,0.0185761440341053,50.3603550680254,1.0,-0.0327898228229908,0.967741935483871,0.1935483870967742,4.838709677419355,1.0,0.7046295370462954,0.7659234076592341,NEUTRAL,D.melanogaster|ECM_PAIRWISE|CLEAVAGE,1.0,NOT_SIGNIFICANT
D.melanogaster,CLEAVAGE,ECM,ECM_PAIRWISE,,Ras85D_EBC_MEL_ECM_0011,Ras85D_EBC_MEL_ECM_0014,12,30,30,0,0,30,30,0.0,0.0,,1.0,0.0192162206525003,52.03936913941946,1.0,0.0,1.0,0.2,4.999999999999999,1.0,0.7721227877212279,0.7698230176982301,NEUTRAL,D.melanogaster|ECM_PAIRWISE|CLEAVAGE,1.0,NOT_SIGNIFICANT
D.melanogaster,CLEAVAGE,ECM,ECM_PAIRWISE,,Ras85D_EBC_MEL_ECM_0011,Ras85D_EBC_MEL_ECM_0015,12,30,30,0,0,30,30,0.0,0.0,,1.0,0.0192162206525003,52.03936913941946,1.0,0.0,1.0,0.2,4.999999999999999,1.0,0.7654234576542346,0.7664233576642335,NEUTRAL,D.melanogaster|ECM_PAIRWISE|CLEAVAGE,1.0,NOT_SIGNIFICANT
D.melanogaster,CLEAVAGE,ECM,ECM_PAIRWISE,,Ras85D_EBC_MEL_ECM_0011,Ras85D_EBC_MEL_ECM_0016,12,30,30,0,0,30,30,0.0,0.0,,1.0,0.0192162206525003,52.03936913941946,1.0,0.0,1.0,0.2,4.999999999999999,1.0,0.7694230576942306,0.7694230576942306,NEUTRAL,D.melanogaster|ECM_PAIRWISE|CLEAVAGE,1.0,NOT_SIGNIFICANT
D.melanogaster,CLEAVAGE,ECM,ECM_PAIRWISE,,Ras85D_EBC_MEL_ECM_0012,Ras85D_EBC_MEL_ECM_0013,12,30,29,0,0,30,29,0.0,0.0,,0.9672131147540984,0.0185761440341053,50.3603550680254,1.0,-0.0327898228229908,0.967741935483871,0.1935483870967742,4.838709677419355,1.0,0.7039296070392961,0.7597240275972402,NEUTRAL,D.melanogaster|ECM_PAIRWISE|CLEAVAGE,1.0,NOT_SIGNIFICANT
D.melanogaster,CLEAVAGE,ECM,ECM_PAIRWISE,,Ras85D_EBC_MEL_ECM_0012,Ras85D_EBC_MEL_ECM_0014,12,30,30,0,0,30,30,0.0,0.0,,1.0,0.0192162206525003,52.03936913941946,1.0,0.0,1.0,0.2,4.999999999999999,1.0,0.7714228577142286,0.7612238776122388,NEUTRAL,D.melanogaster|ECM_PAIRWISE|CLEAVAGE,1.0,NOT_SIGNIFICANT
D.melanogaster,CLEAVAGE,ECM,ECM_PAIRWISE,,Ras85D_EBC_MEL_ECM_0012,Ras85D_EBC_MEL_ECM_0015,12,30,30,0,0,30,30,0.0,0.0,,1.0,0.0192162206525003,52.03936913941946,1.0,0.0,1.0,0.2,4.999999999999999,1.0,0.7639236076392361,0.7588241175882412,NEUTRAL,D.melanogaster|ECM_PAIRWISE|CLEAVAGE,1.0,NOT_SIGNIFICANT
D.melanogaster,CLEAVAGE,ECM,ECM_PAIRWISE,,Ras85D_EBC_MEL_ECM_0012,Ras85D_EBC_MEL_ECM_0016,12,30,30,0,0,30,30,0.0,0.0,,1.0,0.0192162206525003,52.03936913941946,1.0,0.0,1.0,0.2,4.999999999999999,1.0,0.769023097690231,0.7602239776022398,NEUTRAL,D.melanogaster|ECM_PAIRWISE|CLEAVAGE,1.0,NOT_SIGNIFICANT
D.melanogaster,CLEAVAGE,ECM,ECM_PAIRWISE,,Ras85D_EBC_MEL_ECM_0014,Ras85D_EBC_MEL_ECM_0015,12,30,30,0,0,30,30,0.0,0.0,,1.0,0.0192162206525003,52.03936913941946,1.0,0.0,1.0,0.2,4.999999999999999,1.0,0.7673232676732327,0.7717228277172283,NEUTRAL,D.melanogaster|ECM_PAIRWISE|CLEAVAGE,1.0,NOT_SIGNIFICANT
D.melanogaster,CLEAVAGE,ECM,ECM_PAIRWISE,,Ras85D_EBC_MEL_ECM_0014,Ras85D_EBC_MEL_ECM_0016,12,30,30,0,0,30,30,0.0,0.0,,1.0,0.0192162206525003,52.03936913941946,1.0,0.0,1.0,0.2,4.999999999999999,1.0,0.7667233276672333,0.7675232476752325,NEUTRAL,D.melanogaster|ECM_PAIRWISE|CLEAVAGE,1.0,NOT_SIGNIFICANT
D.melanogaster,CLEAVAGE,ECM,ECM_PAIRWISE,,Ras85D_EBC_MEL_ECM_0015,Ras85D_EBC_MEL_ECM_0016,12,30,30,0,0,30,30,0.0,0.0,,1.0,0.0192162206525003,52.03936913941946,1.0,0.0,1.0,0.2,4.999999999999999,1.0,0.768023197680232,0.7689231076892311,NEUTRAL,D.melanogaster|ECM_PAIRWISE|CLEAVAGE,1.0,NOT_SIGNIFICANT
D.melanogaster,DSE,ECM,ECM_PAIRWISE,,Ras85D_EBC_MEL_ECM_0003,Ras85D_EBC_MEL_ECM_0015,7,29,30,0,6,29,24,0.0,0.2,0.0,0.0638852672750977,0.0034250951611215,1.191595322996572,0.0237207039169572,-2.532159534638546,1.0333333333333334,0.0688888888888888,15.499999999999998,0.2001799820017998,0.9482051794820516,0.104989501049895,DEPLETED,D.melanogaster|ECM_PAIRWISE|DSE,1.0,NOT_SIGNIFICANT
D.melanogaster,DSE,ECM,ECM_PAIRWISE,,Ras85D_EBC_MEL_ECM_0005,Ras85D_EBC_MEL_ECM_0017,7,29,30,0,6,29,24,0.0,0.2,0.0,0.0638852672750977,0.0034250951611215,1.191595322996572,0.0237207039169572,-2.532159534638546,1.0333333333333334,0.0688888888888888,15.499999999999998,0.2035796420357964,0.9512048795120488,0.1054894510548945,DEPLETED,D.melanogaster|ECM_PAIRWISE|DSE,1.0,NOT_SIGNIFICANT
D.melanogaster,DSE,ECM,ECM_PAIRWISE,,Ras85D_EBC_MEL_ECM_0004,Ras85D_EBC_MEL_ECM_0015,7,30,30,0,6,30,24,0.0,0.2,0.0,0.0617906683480454,0.0033152151992109,1.1516859285053118,0.0237207039169572,-2.5649493574615367,1.0,0.0666666666666666,15.0,0.2037796220377962,0.947905209479052,0.1054894510548945,DEPLETED,D.melanogaster|ECM_PAIRWISE|DSE,1.0,NOT_SIGNIFICANT
D.melanogaster,DSE,ECM,ECM_PAIRWISE,,Ras85D_EBC_MEL_ECM_0006,Ras85D_EBC_MEL_ECM_0015,7,30,30,0,6,30,24,0.0,0.2,0.0,0.0617906683480454,0.0033152151992109,1.1516859285053118,0.0237207039169572,-2.5649493574615367,1.0,0.0666666666666666,15.0,0.203979602039796,0.9486051394860514,0.1038896110388961,DEPLETED,D.melanogaster|ECM_PAIRWISE|DSE,1.0,NOT_SIGNIFICANT
D.melanogaster,DSE,ECM,ECM_PAIRWISE,,Ras85D_EBC_MEL_ECM_0007,Ras85D_EBC_MEL_ECM_0015,7,29,30,0,6,29,24,0.0,0.2,0.0,0.0638852672750977,0.0034250951611215,1.191595322996572,0.0237207039169572,-2.532159534638546,1.0333333333333334,0.0688888888888888,15.499999999999998,0.2040795920407959,0.9497050294970504,0.1046895310468953,DEPLETED,D.melanogaster|ECM_PAIRWISE|DSE,1.0,NOT_SIGNIFICANT
D.melanogaster,DSE,ECM,ECM_PAIRWISE,,Ras85D_EBC_MEL_ECM_0009,Ras85D_EBC_MEL_ECM_0015,7,30,30,0,6,30,24,0.0,0.2,0.0,0.0617906683480454,0.0033152151992109,1.1516859285053118,0.0237207039169572,-2.5649493574615367,1.0,0.0666666666666666,15.0,0.2041795820417958,0.9471052894710528,0.103989601039896,DEPLETED,D.melanogaster|ECM_PAIRWISE|DSE,1.0,NOT_SIGNIFICANT
D.melanogaster,DSE,ECM,ECM_PAIRWISE,,Ras85D_EBC_MEL_ECM_0007,Ras85D_EBC_MEL_ECM_0017,7,29,30,0,6,29,24,0.0,0.2,0.0,0.0638852672750977,0.0034250951611215,1.191595322996572,0.0237207039169572,-2.532159534638546,1.0333333333333334,0.0688888888888888,15.499999999999998,0.2054794520547945,0.9505049495050496,0.1074892510748925,DEPLETED,D.melanogaster|ECM_PAIRWISE|DSE,1.0,NOT_SIGNIFICANT
D.melanogaster,DSE,ECM,ECM_PAIRWISE,,Ras85D_EBC_MEL_ECM_0009,Ras85D_EBC_MEL_ECM_0017,7,30,30,0,6,30,24,0.0,0.2,0.0,0.0617906683480454,0.0033152151992109,1.1516859285053118,0.0237207039169572,-2.5649493574615367,1.0,0.0666666666666666,15.0,0.2054794520547945,0.9502049795020496,0.1058894110588941,DEPLETED,D.melanogaster|ECM_PAIRWISE|DSE,1.0,NOT_SIGNIFICANT
D.melanogaster,DSE,ECM,ECM_PAIRWISE,,Ras85D_EBC_MEL_ECM_0003,Ras85D_EBC_MEL_ECM_0017,7,29,30,0,6,29,24,0.0,0.2,0.0,0.0638852672750977,0.0034250951611215,1.191595322996572,0.0237207039169572,-2.532159534638546,1.0333333333333334,0.0688888888888888,15.499999999999998,0.2055794420557944,0.9505049495050496,0.1065893410658934,DEPLETED,D.melanogaster|ECM_PAIRWISE|DSE,1.0,NOT_SIGNIFICANT
D.melanogaster,DSE,ECM,ECM_PAIRWISE,,Ras85D_EBC_MEL_ECM_0014,Ras85D_EBC_MEL_ECM_0015,7,30,30,0,6,30,24,0.0,0.2,0.0,0.0617906683480454,0.0033152151992109,1.1516859285053118,0.0237207039169572,-2.5649493574615367,1.0,0.0666666666666666,15.0,0.2058794120587941,0.948905109489051,0.1048895110488951,DEPLETED,D.melanogaster|ECM_PAIRWISE|DSE,1.0,NOT_SIGNIFICANT
D.melanogaster,DSE,ECM,ECM_PAIRWISE,,Ras85D_EBC_MEL_ECM_0005,Ras85D_EBC_MEL_ECM_0015,7,29,30,0,6,29,24,0.0,0.2,0.0,0.0638852672750977,0.0034250951611215,1.191595322996572,0.0237207039169572,-2.532159534638546,1.0333333333333334,0.0688888888888888,15.499999999999998,0.2060793920607939,0.948105189481052,0.1054894510548945,DEPLETED,D.melanogaster|ECM_PAIRWISE|DSE,1.0,NOT_SIGNIFICANT
D.melanogaster,DSE,ECM,ECM_PAIRWISE,,Ras85D_EBC_MEL_ECM_0004,Ras85D_EBC_MEL_ECM_0017,7,30,30,0,6,30,24,0.0,0.2,0.0,0.0617906683480454,0.0033152151992109,1.1516859285053118,0.0237207039169572,-2.5649493574615367,1.0,0.0666666666666666,15.0,0.2072792720727927,0.9497050294970504,0.1073892610738926,DEPLETED,D.melanogaster|ECM_PAIRWISE|DSE,1.0,NOT_SIGNIFICANT
D.melanogaster,DSE,ECM,ECM_PAIRWISE,,Ras85D_EBC_MEL_ECM_0012,Ras85D_EBC_MEL_ECM_0015,7,30,30,0,6,30,24,0.0,0.2,0.0,0.0617906683480454,0.0033152151992109,1.1516859285053118,0.0237207039169572,-2.5649493574615367,1.0,0.0666666666666666,15.0,0.2072792720727927,0.9488051194880512,0.1038896110388961,DEPLETED,D.melanogaster|ECM_PAIRWISE|DSE,1.0,NOT_SIGNIFICANT
D.melanogaster,DSE,ECM,ECM_PAIRWISE,,Ras85D_EBC_MEL_ECM_0015,Ras85D_EBC_MEL_ECM_0016,7,30,30,6,0,24,30,0.2,0.0,inf,16.183673469387756,0.8682922793871647,301.63954371288503,0.0237207039169572,2.5649493574615367,1.0,0.0666666666666666,15.0,0.2074792520747925,0.1035896410358964,0.948905109489051,ENRICHED,D.melanogaster|ECM_PAIRWISE|DSE,1.0,NOT_SIGNIFICANT
D.melanogaster,DSE,ECM,ECM_PAIRWISE,,Ras85D_EBC_MEL_ECM_0011,Ras85D_EBC_MEL_ECM_0015,7,30,30,0,6,30,24,0.0,0.2,0.0,0.0617906683480454,0.0033152151992109,1.1516859285053118,0.0237207039169572,-2.5649493574615367,1.0,0.0666666666666666,15.0,0.2076792320767923,0.9495050494950504,0.1021897810218978,DEPLETED,D.melanogaster|ECM_PAIRWISE|DSE,1.0,NOT_SIGNIFICANT
D.melanogaster,DSE,ECM,ECM_PAIRWISE,,Ras85D_EBC_MEL_ECM_0016,Ras85D_EBC_MEL_ECM_0017,7,30,30,0,6,30,24,0.0,0.2,0.0,0.0617906683480454,0.0033152151992109,1.1516859285053118,0.0237207039169572,-2.5649493574615367,1.0,0.0666666666666666,15.0,0.2078792120787921,0.9543045695430457,0.1036896310368963,DEPLETED,D.melanogaster|ECM_PAIRWISE|DSE,1.0,NOT_SIGNIFICANT
D.melanogaster,DSE,ECM,ECM_PAIRWISE,,Ras85D_EBC_MEL_ECM_0013,Ras85D_EBC_MEL_ECM_0017,7,29,30,0,6,29,24,0.0,0.2,0.0,0.0638852672750977,0.0034250951611215,1.191595322996572,0.0237207039169572,-2.532159534638546,1.0333333333333334,0.0688888888888888,15.499999999999998,0.2081791820817918,0.9494050594940506,0.1067893210678932,DEPLETED,D.melanogaster|ECM_PAIRWISE|DSE,1.0,NOT_SIGNIFICANT
D.melanogaster,DSE,ECM,ECM_PAIRWISE,,Ras85D_EBC_MEL_ECM_0010,Ras85D_EBC_MEL_ECM_0017,7,30,30,0,6,30,24,0.0,0.2,0.0,0.0617906683480454,0.0033152151992109,1.1516859285053118,0.0237207039169572,-2.5649493574615367,1.0,0.0666666666666666,15.0,0.2091790820917908,0.9517048295170484,0.1031896810318968,DEPLETED,D.melanogaster|ECM_PAIRWISE|DSE,1.0,NOT_SIGNIFICANT
D.melanogaster,DSE,ECM,ECM_PAIRWISE,,Ras85D_EBC_MEL_ECM_0013,Ras85D_EBC_MEL_ECM_0015,7,29,30,0,6,29,24,0.0,0.2,0.0,0.0638852672750977,0.0034250951611215,1.191595322996572,0.0237207039169572,-2.532159534638546,1.0333333333333334,0.0688888888888888,15.499999999999998,0.2095790420957904,0.9468053194680532,0.1075892410758924,DEPLETED,D.melanogaster|ECM_PAIRWISE|DSE,1.0,NOT_SIGNIFICANT
D.melanogaster,DSE,ECM,ECM_PAIRWISE,,Ras85D_EBC_MEL_ECM_0002,Ras85D_EBC_MEL_ECM_0015,7,30,30,0,6,30,24,0.0,0.2,0.0,0.0617906683480454,0.0033152151992109,1.1516859285053118,0.0237207039169572,-2.5649493574615367,1.0,0.0666666666666666,15.0,0.2101789821017898,0.9484051594840516,0.1061893810618938,DEPLETED,D.melanogaster|ECM_PAIRWISE|DSE,1.0,NOT_SIGNIFICANT
D.melanogaster,DSE,ECM,ECM_PAIRWISE,,Ras85D_EBC_MEL_ECM_0008,Ras85D_EBC_MEL_ECM_0015,7,29,30,0,6,29,24,0.0,0.2,0.0,0.0638852672750977,0.0034250951611215,1.191595322996572,0.0237207039169572,-2.532159534638546,1.0333333333333334,0.0688888888888888,15.499999999999998,0.2105789421057894,0.9485051494850516,0.1047895210478952,DEPLETED,D.melanogaster|ECM_PAIRWISE|DSE,1.0,NOT_SIGNIFICANT
D.melanogaster,DSE,ECM,ECM_PAIRWISE,,Ras85D_EBC_MEL_ECM_0002,Ras85D_EBC_MEL_ECM_0017,7,30,30,0,6,30,24,0.0,0.2,0.0,0.0617906683480454,0.0033152151992109,1.1516859285053118,0.0237207039169572,-2.5649493574615367,1.0,0.0666666666666666,15.0,0.2108789121087891,0.9502049795020496,0.1080891910808919,DEPLETED,D.melanogaster|ECM_PAIRWISE|DSE,1.0,NOT_SIGNIFICANT
D.melanogaster,DSE,ECM,ECM_PAIRWISE,,Ras85D_EBC_MEL_ECM_0011,Ras85D_EBC_MEL_ECM_0017,7,30,30,0,6,30,24,0.0,0.2,0.0,0.0617906683480454,0.0033152151992109,1.1516859285053118,0.0237207039169572,-2.5649493574615367,1.0,0.0666666666666666,15.0,0.2110788921107889,0.9496050394960504,0.1085891410858914,DEPLETED,D.melanogaster|ECM_PAIRWISE|DSE,1.0,NOT_SIGNIFICANT
D.melanogaster,DSE,ECM,ECM_PAIRWISE,,Ras85D_EBC_MEL_ECM_0012,Ras85D_EBC_MEL_ECM_0017,7,30,30,0,6,30,24,0.0,0.2,0.0,0.0617906683480454,0.0033152151992109,1.1516859285053118,0.0237207039169572,-2.5649493574615367,1.0,0.0666666666666666,15.0,0.2110788921107889,0.9502049795020496,0.1068893110688931,DEPLETED,D.melanogaster|ECM_PAIRWISE|DSE,1.0,NOT_SIGNIFICANT
D.melanogaster,DSE,ECM,ECM_PAIRWISE,,Ras85D_EBC_MEL_ECM_0010,Ras85D_EBC_MEL_ECM_0015,7,30,30,0,6,30,24,0.0,0.2,0.0,0.0617906683480454,0.0033152151992109,1.1516859285053118,0.0237207039169572,-2.5649493574615367,1.0,0.0666666666666666,15.0,0.2112788721127887,0.9478052194780522,0.1055894410558944,DEPLETED,D.melanogaster|ECM_PAIRWISE|DSE,1.0,NOT_SIGNIFICANT
D.melanogaster,DSE,ECM,ECM_PAIRWISE,,Ras85D_EBC_MEL_ECM_0014,Ras85D_EBC_MEL_ECM_0017,7,30,30,0,6,30,24,0.0,0.2,0.0,0.0617906683480454,0.0033152151992109,1.1516859285053118,0.0237207039169572,-2.5649493574615367,1.0,0.0666666666666666,15.0,0.2113788621137886,0.9516048395160484,0.1071892810718928,DEPLETED,D.melanogaster|ECM_PAIRWISE|DSE,1.0,NOT_SIGNIFICANT
D.melanogaster,DSE,ECM,ECM_PAIRWISE,,Ras85D_EBC_MEL_ECM_0006,Ras85D_EBC_MEL_ECM_0017,7,30,30,0,6,30,24,0.0,0.2,0.0,0.0617906683480454,0.0033152151992109,1.1516859285053118,0.0237207039169572,-2.5649493574615367,1.0,0.0666666666666666,15.0,0.2131786821317868,0.94990500949905,0.1083891610838916,DEPLETED,D.melanogaster|ECM_PAIRWISE|DSE,1.0,NOT_SIGNIFICANT
D.melanogaster,DSE,ECM,ECM_PAIRWISE,,Ras85D_EBC_MEL_ECM_0008,Ras85D_EBC_MEL_ECM_0017,7,29,30,0,6,29,24,0.0,0.2,0.0,0.0638852672750977,0.0034250951611215,1.191595322996572,0.0237207039169572,-2.532159534638546,1.0333333333333334,0.0688888888888888,15.499999999999998,0.2138786121387861,0.9485051494850516,0.1071892810718928,DEPLETED,D.melanogaster|ECM_PAIRWISE|DSE,1.0,NOT_SIGNIFICANT
D.melanogaster,DSE,ECM,ECM_PAIRWISE,,Ras85D_EBC_MEL_ECM_0001,Ras85D_EBC_MEL_ECM_0003,7,30,29,4,0,26,29,0.1333333333333333,0.0,inf,10.0188679245283,0.514765178697848,194.99709506975177,0.1123996431757359,2.1644347545132288,0.967741935483871,0.064516129032258,14.516129032258066,0.2978702129787021,0.1450854914508549,0.8597140285971403,ENRICHED,D.melanogaster|ECM_PAIRWISE|DSE,1.0,NOT_SIGNIFICANT
D.melanogaster,DSE,ECM,ECM_PAIRWISE,,Ras85D_EBC_MEL_ECM_0001,Ras85D_EBC_MEL_ECM_0009,7,30,30,4,0,26,30,0.1333333333333333,0.0,inf,10.358490566037736,0.5325977735752843,201.46221432058968,0.1123996431757359,2.19722457733622,1.0,0.0666666666666666,15.0,0.3004699530046995,0.1452854714528547,0.859014098590141,ENRICHED,D.melanogaster|ECM_PAIRWISE|DSE,1.0,NOT_SIGNIFICANT
D.melanogaster,DSE,ECM,ECM_PAIRWISE,,Ras85D_EBC_MEL_ECM_0001,Ras85D_EBC_MEL_ECM_0004,7,30,30,4,0,26,30,0.1333333333333333,0.0,inf,10.358490566037736,0.5325977735752843,201.46221432058968,0.1123996431757359,2.19722457733622,1.0,0.0666666666666666,15.0,0.300969903009699,0.1456854314568543,0.8594140585941406,ENRICHED,D.melanogaster|ECM_PAIRWISE|DSE,1.0,NOT_SIGNIFICANT
D.melanogaster,DSE,ECM,ECM_PAIRWISE,,Ras85D_EBC_MEL_ECM_0001,Ras85D_EBC_MEL_ECM_0013,7,30,29,4,0,26,29,0.1333333333333333,0.0,inf,10.0188679245283,0.514765178697848,194.99709506975177,0.1123996431757359,2.1644347545132288,0.967741935483871,0.064516129032258,14.516129032258066,0.300969903009699,0.1460853914608539,0.8586141385861414,ENRICHED,D.melanogaster|ECM_PAIRWISE|DSE,1.0,NOT_SIGNIFICANT
D.melanogaster,DSE,ECM,ECM_PAIRWISE,,Ras85D_EBC_MEL_ECM_0001,Ras85D_EBC_MEL_ECM_0014,7,30,30,4,0,26,30,0.1333333333333333,0.0,inf,10.358490566037736,0.5325977735752843,201.46221432058968,0.1123996431757359,2.19722457733622,1.0,0.0666666666666666,15.0,0.3024697530246975,0.144985501449855,0.8598140185981402,ENRICHED,D.melanogaster|ECM_PAIRWISE|DSE,1.0,NOT_SIGNIFICANT
D.melanogaster,DSE,ECM,ECM_PAIRWISE,,Ras85D_EBC_MEL_ECM_0001,Ras85D_EBC_MEL_ECM_0008,7,30,29,4,0,26,29,0.1333333333333333,0.0,inf,10.0188679245283,0.514765178697848,194.99709506975177,0.1123996431757359,2.1644347545132288,0.967741935483871,0.064516129032258,14.516129032258066,0.3027697230276972,0.142985701429857,0.8606139386061394,ENRICHED,D.melanogaster|ECM_PAIRWISE|DSE,1.0,NOT_SIGNIFICANT
D.melanogaster,DSE,ECM,ECM_PAIRWISE,,Ras85D_EBC_MEL_ECM_0001,Ras85D_EBC_MEL_ECM_0007,7,30,29,4,0,26,29,0.1333333333333333,0.0,inf,10.0188679245283,0.514765178697848,194.99709506975177,0.1123996431757359,2.1644347545132288,0.967741935483871,0.064516129032258,14.516129032258066,0.3028697130286971,0.1473852614738526,0.8574142585741426,ENRICHED,D.melanogaster|ECM_PAIRWISE|DSE,1.0,NOT_SIGNIFICANT
D.melanogaster,DSE,ECM,ECM_PAIRWISE,,Ras85D_EBC_MEL_ECM_0001,Ras85D_EBC_MEL_ECM_0005,7,30,29,4,0,26,29,0.1333333333333333,0.0,inf,10.0188679245283,0.514765178697848,194.99709506975177,0.1123996431757359,2.1644347545132288,0.967741935483871,0.064516129032258,14.516129032258066,0.3034696530346965,0.1466853314668533,0.8579142085791421,ENRICHED,D.melanogaster|ECM_PAIRWISE|DSE,1.0,NOT_SIGNIFICANT
D.melanogaster,DSE,ECM,ECM_PAIRWISE,,Ras85D_EBC_MEL_ECM_0001,Ras85D_EBC_MEL_ECM_0012,7,30,30,4,0,26,30,0.1333333333333333,0.0,inf,10.358490566037736,0.5325977735752843,201.46221432058968,0.1123996431757359,2.19722457733622,1.0,0.0666666666666666,15.0,0.3045695430456954,0.1438856114388561,0.8608139186081392,ENRICHED,D.melanogaster|ECM_PAIRWISE|DSE,1.0,NOT_SIGNIFICANT
D.melanogaster,DSE,ECM,ECM_PAIRWISE,,Ras85D_EBC_MEL_ECM_0001,Ras85D_EBC_MEL_ECM_0006,7,30,30,4,0,26,30,0.1333333333333333,0.0,inf,10.358490566037736,0.5325977735752843,201.46221432058968,0.1123996431757359,2.19722457733622,1.0,0.0666666666666666,15.0,0.3051694830516948,0.1451854814518548,0.8594140585941406,ENRICHED,D.melanogaster|ECM_PAIRWISE|DSE,1.0,NOT_SIGNIFICANT
D.melanogaster,DSE,ECM,ECM_PAIRWISE,,Ras85D_EBC_MEL_ECM_0001,Ras85D_EBC_MEL_ECM_0002,7,30,30,4,0,26,30,0.1333333333333333,0.0,inf,10.358490566037736,0.5325977735752843,201.46221432058968,0.1123996431757359,2.19722457733622,1.0,0.0666666666666666,15.0,0.3058694130586941,0.1466853314668533,0.8568143185681432,ENRICHED,D.melanogaster|ECM_PAIRWISE|DSE,1.0,NOT_SIGNIFICANT
D.melanogaster,DSE,ECM,ECM_PAIRWISE,,Ras85D_EBC_MEL_ECM_0001,Ras85D_EBC_MEL_ECM_0010,7,30,30,4,0,26,30,0.1333333333333333,0.0,inf,10.358490566037736,0.5325977735752843,201.46221432058968,0.1123996431757359,2.19722457733622,1.0,0.0666666666666666,15.0,0.3075692430756924,0.1448855114488551,0.8597140285971403,ENRICHED,D.melanogaster|ECM_PAIRWISE|DSE,1.0,NOT_SIGNIFICANT
D.melanogaster,DSE,ECM,ECM_PAIRWISE,,Ras85D_EBC_MEL_ECM_0001,Ras85D_EBC_MEL_ECM_0011,7,30,30,4,0,26,30,0.1333333333333333,0.0,inf,10.358490566037736,0.5325977735752843,201.46221432058968,0.1123996431757359,2.19722457733622,1.0,0.0666666666666666,15.0,0.3091690830916908,0.1455854414558544,0.8588141185881412,ENRICHED,D.melanogaster|ECM_PAIRWISE|DSE,1.0,NOT_SIGNIFICANT
D.melanogaster,DSE,ECM,ECM_PAIRWISE,,Ras85D_EBC_MEL_ECM_0001,Ras85D_EBC_MEL_ECM_0016,7,30,30,4,0,26,30,0.1333333333333333,0.0,inf,10.358490566037736,0.5325977735752843,201.46221432058968,0.1123996431757359,2.19722457733622,1.0,0.0666666666666666,15.0,0.3121687831216878,0.1476852314768523,0.8569143085691431,ENRICHED,D.melanogaster|ECM_PAIRWISE|DSE,1.0,NOT_SIGNIFICANT
D.melanogaster,DSE,ECM,ECM_PAIRWISE,,Ras85D_EBC_MEL_ECM_0001,Ras85D_EBC_MEL_ECM_0017,7,30,30,4,6,26,24,0.1333333333333333,0.2,0.6666666666666666,0.6153846153846154,0.1545886000015397,2.449716375258584,0.7306423241784982,-0.3677247801253174,1.0,0.0666666666666666,15.0,0.35996400359964,0.8065193480651934,0.1937806219378062,DEPLETED,D.melanogaster|ECM_PAIRWISE|DSE,1.0,NOT_SIGNIFICANT
D.melanogaster,DSE,ECM,ECM_PAIRWISE,,Ras85D_EBC_MEL_ECM_0001,Ras85D_EBC_MEL_ECM_0015,7,30,30,4,6,26,24,0.1333333333333333,0.2,0.6666666666666666,0.6153846153846154,0.1545886000015397,2.449716375258584,0.7306423241784982,-0.3677247801253174,1.0,0.0666666666666666,15.0,0.3628637136286371,0.8027197280271973,0.197980201979802,DEPLETED,D.melanogaster|ECM_PAIRWISE|DSE,1.0,NOT_SIGNIFICANT
D.melanogaster,DSE,ECM,ECM_PAIRWISE,,Ras85D_EBC_MEL_ECM_0003,Ras85D_EBC_MEL_ECM_0009,7,29,30,0,0,29,30,0.0,0.0,,1.0338983050847457,0.0198568893854943,53.83248526518887,1.0,0.0327898228229909,1.0333333333333334,0.0688888888888888,15.499999999999998,0.9962003799620038,0.7977202279772023,0.8049195080491951,NEUTRAL,D.melanogaster|ECM_PAIRWISE|DSE,1.0,NOT_SIGNIFICANT
D.melanogaster,DSE,ECM,ECM_PAIRWISE,,Ras85D_EBC_MEL_ECM_0013,Ras85D_EBC_MEL_ECM_0014,7,29,30,0,0,29,30,0.0,0.0,,1.0338983050847457,0.0198568893854943,53.83248526518887,1.0,0.0327898228229909,1.0333333333333334,0.0688888888888888,15.499999999999998,0.9962003799620038,0.7956204379562044,0.8013198680131987,NEUTRAL,D.melanogaster|ECM_PAIRWISE|DSE,1.0,NOT_SIGNIFICANT
D.melanogaster,DSE,ECM,ECM_PAIRWISE,,Ras85D_EBC_MEL_ECM_0003,Ras85D_EBC_MEL_ECM_0010,7,29,30,0,0,29,30,0.0,0.0,,1.0338983050847457,0.0198568893854943,53.83248526518887,1.0,0.0327898228229909,1.0333333333333334,0.0688888888888888,15.499999999999998,0.9964003599640036,0.7907209279072093,0.8036196380361964,NEUTRAL,D.melanogaster|ECM_PAIRWISE|DSE,1.0,NOT_SIGNIFICANT
D.melanogaster,DSE,ECM,ECM_PAIRWISE,,Ras85D_EBC_MEL_ECM_0008,Ras85D_EBC_MEL_ECM_0011,7,29,30,0,0,29,30,0.0,0.0,,1.0338983050847457,0.0198568893854943,53.83248526518887,1.0,0.0327898228229909,1.0333333333333334,0.0688888888888888,15.499999999999998,0.9964003599640036,0.7902209779022098,0.7975202479752025,NEUTRAL,D.melanogaster|ECM_PAIRWISE|DSE,1.0,NOT_SIGNIFICANT
D.melanogaster,DSE,ECM,ECM_PAIRWISE,,Ras85D_EBC_MEL_ECM_0013,Ras85D_EBC_MEL_ECM_0016,7,29,30,0,0,29,30,0.0,0.0,,1.0338983050847457,0.0198568893854943,53.83248526518887,1.0,0.0327898228229909,1.0333333333333334,0.0688888888888888,15.499999999999998,0.9965003499650036,0.7927207279272073,0.8044195580441956,NEUTRAL,D.melanogaster|ECM_PAIRWISE|DSE,1.0,NOT_SIGNIFICANT
D.melanogaster,DSE,ECM,ECM_PAIRWISE,,Ras85D_EBC_MEL_ECM_0005,Ras85D_EBC_MEL_ECM_0011,7,29,30,0,0,29,30,0.0,0.0,,1.0338983050847457,0.0198568893854943,53.83248526518887,1.0,0.0327898228229909,1.0333333333333334,0.0688888888888888,15.499999999999998,0.9966003399660034,0.792020797920208,0.801919808019198,NEUTRAL,D.melanogaster|ECM_PAIRWISE|DSE,1.0,NOT_SIGNIFICANT
D.melanogaster,DSE,ECM,ECM_PAIRWISE,,Ras85D_EBC_MEL_ECM_0003,Ras85D_EBC_MEL_ECM_0012,7,29,30,0,0,29,30,0.0,0.0,,1.0338983050847457,0.0198568893854943,53.83248526518887,1.0,0.0327898228229909,1.0333333333333334,0.0688888888888888,15.499999999999998,0.9967003299670032,0.7914208579142086,0.8044195580441956,NEUTRAL,D.melanogaster|ECM_PAIRWISE|DSE,1.0,NOT_SIGNIFICANT
D.melanogaster,DSE,ECM,ECM_PAIRWISE,,Ras85D_EBC_MEL_ECM_0008,Ras85D_EBC_MEL_ECM_0014,7,29,30,0,0,29,30,0.0,0.0,,1.0338983050847457,0.0198568893854943,53.83248526518887,1.0,0.0327898228229909,1.0333333333333334,0.0688888888888888,15.499999999999998,0.9967003299670032,0.7941205879412059,0.7964203579642036,NEUTRAL,D.melanogaster|ECM_PAIRWISE|DSE,1.0,NOT_SIGNIFICANT
D.melanogaster,DSE,ECM,ECM_PAIRWISE,,Ras85D_EBC_MEL_ECM_0003,Ras85D_EBC_MEL_ECM_0006,7,29,30,0,0,29,30,0.0,0.0,,1.0338983050847457,0.0198568893854943,53.83248526518887,1.0,0.0327898228229909,1.0333333333333334,0.0688888888888888,15.499999999999998,0.9968003199680032,0.7934206579342066,0.8021197880211979,NEUTRAL,D.melanogaster|ECM_PAIRWISE|DSE,1.0,NOT_SIGNIFICANT
D.melanogaster,DSE,ECM,ECM_PAIRWISE,,Ras85D_EBC_MEL_ECM_0005,Ras85D_EBC_MEL_ECM_0009,7,29,30,0,0,29,30,0.0,0.0,,1.0338983050847457,0.0198568893854943,53.83248526518887,1.0,0.0327898228229909,1.0333333333333334,0.0688888888888888,15.499999999999998,0.9969003099690033,0.7966203379662034,0.8025197480251974,NEUTRAL,D.melanogaster|ECM_PAIRWISE|DSE,1.0,NOT_SIGNIFICANT
D.melanogaster,DSE,ECM,ECM_PAIRWISE,,Ras85D_EBC_MEL_ECM_0005,Ras85D_EBC_MEL_ECM_0014,7,29,30,0,0,29,30,0.0,0.0,,1.0338983050847457,0.0198568893854943,53.83248526518887,1.0,0.0327898228229909,1.0333333333333334,0.0688888888888888,15.499999999999998,0.9969003099690033,0.7953204679532047,0.8022197780221978,NEUTRAL,D.melanogaster|ECM_PAIRWISE|DSE,1.0,NOT_SIGNIFICANT
D.melanogaster,DSE,ECM,ECM_PAIRWISE,,Ras85D_EBC_MEL_ECM_0007,Ras85D_EBC_MEL_ECM_0011,7,29,30,0,0,29,30,0.0,0.0,,1.0338983050847457,0.0198568893854943,53.83248526518887,1.0,0.0327898228229909,1.0333333333333334,0.0688888888888888,15.499999999999998,0.997000299970003,0.7898210178982101,0.8043195680431957,NEUTRAL,D.melanogaster|ECM_PAIRWISE|DSE,1.0,NOT_SIGNIFICANT
D.melanogaster,DSE,ECM,ECM_PAIRWISE,,Ras85D_EBC_MEL_ECM_0008,Ras85D_EBC_MEL_ECM_0010,7,29,30,0,0,29,30,0.0,0.0,,1.0338983050847457,0.0198568893854943,53.83248526518887,1.0,0.0327898228229909,1.0333333333333334,0.0688888888888888,15.499999999999998,0.997000299970003,0.7901209879012099,0.7971202879712029,NEUTRAL,D.melanogaster|ECM_PAIRWISE|DSE,1.0,NOT_SIGNIFICANT
D.melanogaster,DSE,ECM,ECM_PAIRWISE,,Ras85D_EBC_MEL_ECM_0003,Ras85D_EBC_MEL_ECM_0004,7,29,30,0,0,29,30,0.0,0.0,,1.0338983050847457,0.0198568893854943,53.83248526518887,1.0,0.0327898228229909,1.0333333333333334,0.0688888888888888,15.499999999999998,0.9971002899710028,0.7981201879812019,0.8028197180281972,NEUTRAL,D.melanogaster|ECM_PAIRWISE|DSE,1.0,NOT_SIGNIFICANT
D.melanogaster,DSE,ECM,ECM_PAIRWISE,,Ras85D_EBC_MEL_ECM_0003,Ras85D_EBC_MEL_ECM_0011,7,29,30,0,0,29,30,0.0,0.0,,1.0338983050847457,0.0198568893854943,53.83248526518887,1.0,0.0327898228229909,1.0333333333333334,0.0688888888888888,15.499999999999998,0.9971002899710028,0.7907209279072093,0.8025197480251974,NEUTRAL,D.melanogaster|ECM_PAIRWISE|DSE,1.0,NOT_SIGNIFICANT
D.melanogaster,DSE,ECM,ECM_PAIRWISE,,Ras85D_EBC_MEL_ECM_0003,Ras85D_EBC_MEL_ECM_0014,7,29,30,0,0,29,30,0.0,0.0,,1.0338983050847457,0.0198568893854943,53.83248526518887,1.0,0.0327898228229909,1.0333333333333334,0.0688888888888888,15.499999999999998,0.9971002899710028,0.7937206279372063,0.803919608039196,NEUTRAL,D.melanogaster|ECM_PAIRWISE|DSE,1.0,NOT_SIGNIFICANT
D.melanogaster,DSE,ECM,ECM_PAIRWISE,,Ras85D_EBC_MEL_ECM_0003,Ras85D_EBC_MEL_ECM_0016,7,29,30,0,0,29,30,0.0,0.0,,1.0338983050847457,0.0198568893854943,53.83248526518887,1.0,0.0327898228229909,1.0333333333333334,0.0688888888888888,15.499999999999998,0.9971002899710028,0.7913208679132087,0.804019598040196,NEUTRAL,D.melanogaster|ECM_PAIRWISE|DSE,1.0,NOT_SIGNIFICANT
D.melanogaster,DSE,ECM,ECM_PAIRWISE,,Ras85D_EBC_MEL_ECM_0007,Ras85D_EBC_MEL_ECM_0010,7,29,30,0,0,29,30,0.0,0.0,,1.0338983050847457,0.0198568893854943,53.83248526518887,1.0,0.0327898228229909,1.0333333333333334,0.0688888888888888,15.499999999999998,0.9971002899710028,0.7908209179082092,0.8052194780521947,NEUTRAL,D.melanogaster|ECM_PAIRWISE|DSE,1.0,NOT_SIGNIFICANT
D.melanogaster,DSE,ECM,ECM_PAIRWISE,,Ras85D_EBC_MEL_ECM_0005,Ras85D_EBC_MEL_ECM_0010,7,29,30,0,0,29,30,0.0,0.0,,1.0338983050847457,0.0198568893854943,53.83248526518887,1.0,0.0327898228229909,1.0333333333333334,0.0688888888888888,15.499999999999998,0.9972002799720028,0.7925207479252074,0.8025197480251974,NEUTRAL,D.melanogaster|ECM_PAIRWISE|DSE,1.0,NOT_SIGNIFICANT
D.melanogaster,DSE,ECM,ECM_PAIRWISE,,Ras85D_EBC_MEL_ECM_0005,Ras85D_EBC_MEL_ECM_0012,7,29,30,0,0,29,30,0.0,0.0,,1.0338983050847457,0.0198568893854943,53.83248526518887,1.0,0.0327898228229909,1.0333333333333334,0.0688888888888888,15.499999999999998,0.9972002799720028,0.7915208479152085,0.8011198880111989,NEUTRAL,D.melanogaster|ECM_PAIRWISE|DSE,1.0,NOT_SIGNIFICANT
D.melanogaster,DSE,ECM,ECM_PAIRWISE,,Ras85D_EBC_MEL_ECM_0007,Ras85D_EBC_MEL_ECM_0012,7,29,30,0,0,29,30,0.0,0.0,,1.0338983050847457,0.0198568893854943,53.83248526518887,1.0,0.0327898228229909,1.0333333333333334,0.0688888888888888,15.499999999999998,0.9973002699730028,0.7925207479252074,0.8051194880511949,NEUTRAL,D.melanogaster|ECM_PAIRWISE|DSE,1.0,NOT_SIGNIFICANT
D.melanogaster,DSE,ECM,ECM_PAIRWISE,,Ras85D_EBC_MEL_ECM_0005,Ras85D_EBC_MEL_ECM_0016,7,29,30,0,0,29,30,0.0,0.0,,1.0338983050847457,0.0198568893854943,53.83248526518887,1.0,0.0327898228229909,1.0333333333333334,0.0688888888888888,15.499999999999998,0.9974002599740026,0.7929207079292071,0.8003199680031997,NEUTRAL,D.melanogaster|ECM_PAIRWISE|DSE,1.0,NOT_SIGNIFICANT
D.melanogaster,DSE,ECM,ECM_PAIRWISE,,Ras85D_EBC_MEL_ECM_0006,Ras85D_EBC_MEL_ECM_0013,7,30,29,0,0,30,29,0.0,0.0,,0.9672131147540984,0.0185761440341053,50.3603550680254,1.0,-0.0327898228229908,0.967741935483871,0.064516129032258,14.516129032258066,0.9975002499750024,0.8028197180281972,0.7961203879612039,NEUTRAL,D.melanogaster|ECM_PAIRWISE|DSE,1.0,NOT_SIGNIFICANT
D.melanogaster,DSE,ECM,ECM_PAIRWISE,,Ras85D_EBC_MEL_ECM_0008,Ras85D_EBC_MEL_ECM_0009,7,29,30,0,0,29,30,0.0,0.0,,1.0338983050847457,0.0198568893854943,53.83248526518887,1.0,0.0327898228229909,1.0333333333333334,0.0688888888888888,15.499999999999998,0.9975002499750024,0.7985201479852014,0.7966203379662034,NEUTRAL,D.melanogaster|ECM_PAIRWISE|DSE,1.0,NOT_SIGNIFICANT
D.melanogaster,DSE,ECM,ECM_PAIRWISE,,Ras85D_EBC_MEL_ECM_0007,Ras85D_EBC_MEL_ECM_0009,7,29,30,0,0,29,30,0.0,0.0,,1.0338983050847457,0.0198568893854943,53.83248526518887,1.0,0.0327898228229909,1.0333333333333334,0.0688888888888888,15.499999999999998,0.9976002399760024,0.7968203179682032,0.8034196580341966,NEUTRAL,D.melanogaster|ECM_PAIRWISE|DSE,1.0,NOT_SIGNIFICANT
D.melanogaster,DSE,ECM,ECM_PAIRWISE,,Ras85D_EBC_MEL_ECM_0002,Ras85D_EBC_MEL_ECM_0008,7,30,29,0,0,30,29,0.0,0.0,,0.9672131147540984,0.0185761440341053,50.3603550680254,1.0,-0.0327898228229908,0.967741935483871,0.064516129032258,14.516129032258066,0.9977002299770024,0.8001199880011999,0.7944205579442056,NEUTRAL,D.melanogaster|ECM_PAIRWISE|DSE,1.0,NOT_SIGNIFICANT
D.melanogaster,DSE,ECM,ECM_PAIRWISE,,Ras85D_EBC_MEL_ECM_0006,Ras85D_EBC_MEL_ECM_0008,7,30,29,0,0,30,29,0.0,0.0,,0.9672131147540984,0.0185761440341053,50.3603550680254,1.0,-0.0327898228229908,0.967741935483871,0.064516129032258,14.516129032258066,0.9977002299770024,0.7965203479652034,0.7942205779422058,NEUTRAL,D.melanogaster|ECM_PAIRWISE|DSE,1.0,NOT_SIGNIFICANT
D.melanogaster,DSE,ECM,ECM_PAIRWISE,,Ras85D_EBC_MEL_ECM_0007,Ras85D_EBC_MEL_ECM_0016,7,29,30,0,0,29,30,0.0,0.0,,1.0338983050847457,0.0198568893854943,53.83248526518887,1.0,0.0327898228229909,1.0333333333333334,0.0688888888888888,15.499999999999998,0.9977002299770024,0.78992100789921,0.8012198780121987,NEUTRAL,D.melanogaster|ECM_PAIRWISE|DSE,1.0,NOT_SIGNIFICANT
D.melanogaster,DSE,ECM,ECM_PAIRWISE,,Ras85D_EBC_MEL_ECM_0008,Ras85D_EBC_MEL_ECM_0012,7,29,30,0,0,29,30,0.0,0.0,,1.0338983050847457,0.0198568893854943,53.83248526518887,1.0,0.0327898228229909,1.0333333333333334,0.0688888888888888,15.499999999999998,0.9977002299770024,0.7932206779322067,0.7972202779722027,NEUTRAL,D.melanogaster|ECM_PAIRWISE|DSE,1.0,NOT_SIGNIFICANT
D.melanogaster,DSE,ECM,ECM_PAIRWISE,,Ras85D_EBC_MEL_ECM_0005,Ras85D_EBC_MEL_ECM_0006,7,29,30,0,0,29,30,0.0,0.0,,1.0338983050847457,0.0198568893854943,53.83248526518887,1.0,0.0327898228229909,1.0333333333333334,0.0688888888888888,15.499999999999998,0.9978002199780022,0.806019398060194,0.8161183881611839,NEUTRAL,D.melanogaster|ECM_PAIRWISE|DSE,1.0,NOT_SIGNIFICANT
D.melanogaster,DSE,ECM,ECM_PAIRWISE,,Ras85D_EBC_MEL_ECM_0012,Ras85D_EBC_MEL_ECM_0013,7,30,29,0,0,30,29,0.0,0.0,,0.9672131147540984,0.0185761440341053,50.3603550680254,1.0,-0.0327898228229908,0.967741935483871,0.064516129032258,14.516129032258066,0.9978002199780022,0.8052194780521947,0.7948205179482052,NEUTRAL,D.melanogaster|ECM_PAIRWISE|DSE,1.0,NOT_SIGNIFICANT
D.melanogaster,DSE,ECM,ECM_PAIRWISE,,Ras85D_EBC_MEL_ECM_0002,Ras85D_EBC_MEL_ECM_0013,7,30,29,0,0,30,29,0.0,0.0,,0.9672131147540984,0.0185761440341053,50.3603550680254,1.0,-0.0327898228229908,0.967741935483871,0.064516129032258,14.516129032258066,0.997900209979002,0.8016198380161984,0.7961203879612039,NEUTRAL,D.melanogaster|ECM_PAIRWISE|DSE,1.0,NOT_SIGNIFICANT
D.melanogaster,DSE,ECM,ECM_PAIRWISE,,Ras85D_EBC_MEL_ECM_0004,Ras85D_EBC_MEL_ECM_0007,7,30,29,0,0,30,29,0.0,0.0,,0.9672131147540984,0.0185761440341053,50.3603550680254,1.0,-0.0327898228229908,0.967741935483871,0.064516129032258,14.516129032258066,0.997900209979002,0.8026197380261973,0.7965203479652034,NEUTRAL,D.melanogaster|ECM_PAIRWISE|DSE,1.0,NOT_SIGNIFICANT
D.melanogaster,DSE,ECM,ECM_PAIRWISE,,Ras85D_EBC_MEL_ECM_0004,Ras85D_EBC_MEL_ECM_0008,7,30,29,0,0,30,29,0.0,0.0,,0.9672131147540984,0.0185761440341053,50.3603550680254,1.0,-0.0327898228229908,0.967741935483871,0.064516129032258,14.516129032258066,0.997900209979002,0.7969203079692031,0.7994200579942006,NEUTRAL,D.melanogaster|ECM_PAIRWISE|DSE,1.0,NOT_SIGNIFICANT
D.melanogaster,DSE,ECM,ECM_PAIRWISE,,Ras85D_EBC_MEL_ECM_0008,Ras85D_EBC_MEL_ECM_0016,7,29,30,0,0,29,30,0.0,0.0,,1.0338983050847457,0.0198568893854943,53.83248526518887,1.0,0.0327898228229909,1.0333333333333334,0.0688888888888888,15.499999999999998,0.997900209979002,0.7937206279372063,0.7984201579842016,NEUTRAL,D.melanogaster|ECM_PAIRWISE|DSE,1.0,NOT_SIGNIFICANT
D.melanogaster,DSE,ECM,ECM_PAIRWISE,,Ras85D_EBC_MEL_ECM_0002,Ras85D_EBC_MEL_ECM_0005,7,30,29,0,0,30,29,0.0,0.0,,0.9672131147540984,0.0185761440341053,50.3603550680254,1.0,-0.0327898228229908,0.967741935483871,0.064516129032258,14.516129032258066,0.998000199980002,0.7997200279972003,0.7938206179382061,NEUTRAL,D.melanogaster|ECM_PAIRWISE|DSE,1.0,NOT_SIGNIFICANT
D.melanogaster,DSE,ECM,ECM_PAIRWISE,,Ras85D_EBC_MEL_ECM_0004,Ras85D_EBC_MEL_ECM_0005,7,30,29,0,0,30,29,0.0,0.0,,0.9672131147540984,0.0185761440341053,50.3603550680254,1.0,-0.0327898228229908,0.967741935483871,0.064516129032258,14.516129032258066,0.998000199980002,0.8017198280171983,0.7999200079992,NEUTRAL,D.melanogaster|ECM_PAIRWISE|DSE,1.0,NOT_SIGNIFICANT
D.melanogaster,DSE,ECM,ECM_PAIRWISE,,Ras85D_EBC_MEL_ECM_0010,Ras85D_EBC_MEL_ECM_0013,7,30,29,0,0,30,29,0.0,0.0,,0.9672131147540984,0.0185761440341053,50.3603550680254,1.0,-0.0327898228229908,0.967741935483871,0.064516129032258,14.516129032258066,0.998100189981002,0.8031196880311969,0.7891210878912108,NEUTRAL,D.melanogaster|ECM_PAIRWISE|DSE,1.0,NOT_SIGNIFICANT
D.melanogaster,DSE,ECM,ECM_PAIRWISE,,Ras85D_EBC_MEL_ECM_0002,Ras85D_EBC_MEL_ECM_0007,7,30,29,0,0,30,29,0.0,0.0,,0.9672131147540984,0.0185761440341053,50.3603550680254,1.0,-0.0327898228229908,0.967741935483871,0.064516129032258,14.516129032258066,0.9982001799820018,0.8053194680531947,0.7952204779522047,NEUTRAL,D.melanogaster|ECM_PAIRWISE|DSE,1.0,NOT_SIGNIFICANT
D.melanogaster,DSE,ECM,ECM_PAIRWISE,,Ras85D_EBC_MEL_ECM_0006,Ras85D_EBC_MEL_ECM_0007,7,30,29,0,0,30,29,0.0,0.0,,0.9672131147540984,0.0185761440341053,50.3603550680254,1.0,-0.0327898228229908,0.967741935483871,0.064516129032258,14.516129032258066,0.9982001799820018,0.8131186881311869,0.8084191580841916,NEUTRAL,D.melanogaster|ECM_PAIRWISE|DSE,1.0,NOT_SIGNIFICANT
D.melanogaster,DSE,ECM,ECM_PAIRWISE,,Ras85D_EBC_MEL_ECM_0007,Ras85D_EBC_MEL_ECM_0014,7,29,30,0,0,29,30,0.0,0.0,,1.0338983050847457,0.0198568893854943,53.83248526518887,1.0,0.0327898228229909,1.0333333333333334,0.0688888888888888,15.499999999999998,0.9982001799820018,0.7943205679432057,0.8033196680331967,NEUTRAL,D.melanogaster|ECM_PAIRWISE|DSE,1.0,NOT_SIGNIFICANT
D.melanogaster,DSE,ECM,ECM_PAIRWISE,,Ras85D_EBC_MEL_ECM_0009,Ras85D_EBC_MEL_ECM_0013,7,30,29,0,0,30,29,0.0,0.0,,0.9672131147540984,0.0185761440341053,50.3603550680254,1.0,-0.0327898228229908,0.967741935483871,0.064516129032258,14.516129032258066,0.9982001799820018,0.7998200179982001,0.7988201179882012,NEUTRAL,D.melanogaster|ECM_PAIRWISE|DSE,1.0,NOT_SIGNIFICANT
D.melanogaster,DSE,ECM,ECM_PAIRWISE,,Ras85D_EBC_MEL_ECM_0002,Ras85D_EBC_MEL_ECM_0003,7,30,29,0,0,30,29,0.0,0.0,,0.9672131147540984,0.0185761440341053,50.3603550680254,1.0,-0.0327898228229908,0.967741935483871,0.064516129032258,14.516129032258066,0.9983001699830018,0.8016198380161984,0.7956204379562044,NEUTRAL,D.melanogaster|ECM_PAIRWISE|DSE,1.0,NOT_SIGNIFICANT
D.melanogaster,DSE,ECM,ECM_PAIRWISE,,Ras85D_EBC_MEL_ECM_0004,Ras85D_EBC_MEL_ECM_0013,7,30,29,0,0,30,29,0.0,0.0,,0.9672131147540984,0.0185761440341053,50.3603550680254,1.0,-0.0327898228229908,0.967741935483871,0.064516129032258,14.516129032258066,0.9984001599840016,0.7995200479952005,0.799020097990201,NEUTRAL,D.melanogaster|ECM_PAIRWISE|DSE,1.0,NOT_SIGNIFICANT
D.melanogaster,DSE,ECM,ECM_PAIRWISE,,Ras85D_EBC_MEL_ECM_0011,Ras85D_EBC_MEL_ECM_0013,7,30,29,0,0,30,29,0.0,0.0,,0.9672131147540984,0.0185761440341053,50.3603550680254,1.0,-0.0327898228229908,0.967741935483871,0.064516129032258,14.516129032258066,0.9986001399860014,0.8033196680331967,0.7934206579342066,NEUTRAL,D.melanogaster|ECM_PAIRWISE|DSE,1.0,NOT_SIGNIFICANT
D.melanogaster,DSE,ECM,ECM_PAIRWISE,,Ras85D_EBC_MEL_ECM_0002,Ras85D_EBC_MEL_ECM_0004,7,30,30,0,0,30,30,0.0,0.0,,1.0,0.0192162206525003,52.03936913941946,1.0,0.0,1.0,0.0666666666666666,15.0,1.0,0.8028197180281972,0.796020397960204,NEUTRAL,D.melanogaster|ECM_PAIRWISE|DSE,1.0,NOT_SIGNIFICANT
D.melanogaster,DSE,ECM,ECM_PAIRWISE,,Ras85D_EBC_MEL_ECM_0002,Ras85D_EBC_MEL_ECM_0006,7,30,30,0,0,30,30,0.0,0.0,,1.0,0.0192162206525003,52.03936913941946,1.0,0.0,1.0,0.0666666666666666,15.0,1.0,0.7973202679732027,0.797020297970203,NEUTRAL,D.melanogaster|ECM_PAIRWISE|DSE,1.0,NOT_SIGNIFICANT
D.melanogaster,DSE,ECM,ECM_PAIRWISE,,Ras85D_EBC_MEL_ECM_0002,Ras85D_EBC_MEL_ECM_0009,7,30,30,0,0,30,30,0.0,0.0,,1.0,0.0192162206525003,52.03936913941946,1.0,0.0,1.0,0.0666666666666666,15.0,1.0,0.8006199380061993,0.7953204679532047,NEUTRAL,D.melanogaster|ECM_PAIRWISE|DSE,1.0,NOT_SIGNIFICANT
D.melanogaster,DSE,ECM,ECM_PAIRWISE,,Ras85D_EBC_MEL_ECM_0002,Ras85D_EBC_MEL_ECM_0010,7,30,30,0,0,30,30,0.0,0.0,,1.0,0.0192162206525003,52.03936913941946,1.0,0.0,1.0,0.0666666666666666,15.0,1.0,0.792020797920208,0.7989201079892011,NEUTRAL,D.melanogaster|ECM_PAIRWISE|DSE,1.0,NOT_SIGNIFICANT
D.melanogaster,DSE,ECM,ECM_PAIRWISE,,Ras85D_EBC_MEL_ECM_0002,Ras85D_EBC_MEL_ECM_0011,7,30,30,0,0,30,30,0.0,0.0,,1.0,0.0192162206525003,52.03936913941946,1.0,0.0,1.0,0.0666666666666666,15.0,1.0,0.7936206379362064,0.7967203279672033,NEUTRAL,D.melanogaster|ECM_PAIRWISE|DSE,1.0,NOT_SIGNIFICANT
D.melanogaster,DSE,ECM,ECM_PAIRWISE,,Ras85D_EBC_MEL_ECM_0002,Ras85D_EBC_MEL_ECM_0012,7,30,30,0,0,30,30,0.0,0.0,,1.0,0.0192162206525003,52.03936913941946,1.0,0.0,1.0,0.0666666666666666,15.0,1.0,0.7962203779622038,0.7968203179682032,NEUTRAL,D.melanogaster|ECM_PAIRWISE|DSE,1.0,NOT_SIGNIFICANT
D.melanogaster,DSE,ECM,ECM_PAIRWISE,,Ras85D_EBC_MEL_ECM_0002,Ras85D_EBC_MEL_ECM_0014,7,30,30,0,0,30,30,0.0,0.0,,1.0,0.0192162206525003,52.03936913941946,1.0,0.0,1.0,0.0666666666666666,15.0,1.0,0.7976202379762024,0.7986201379862014,NEUTRAL,D.melanogaster|ECM_PAIRWISE|DSE,1.0,NOT_SIGNIFICANT
D.melanogaster,DSE,ECM,ECM_PAIRWISE,,Ras85D_EBC_MEL_ECM_0002,Ras85D_EBC_MEL_ECM_0016,7,30,30,0,0,30,30,0.0,0.0,,1.0,0.0192162206525003,52.03936913941946,1.0,0.0,1.0,0.0666666666666666,15.0,1.0,0.797020297970203,0.7976202379762024,NEUTRAL,D.melanogaster|ECM_PAIRWISE|DSE,1.0,NOT_SIGNIFICANT
D.melanogaster,DSE,ECM,ECM_PAIRWISE,,Ras85D_EBC_MEL_ECM_0003,Ras85D_EBC_MEL_ECM_0005,7,29,29,0,0,29,29,0.0,0.0,,1.0,0.0191954740314999,52.095613703469525,1.0,0.0,1.0,0.0666666666666666,15.0,1.0,0.8004199580041996,0.8011198880111989,NEUTRAL,D.melanogaster|ECM_PAIRWISE|DSE,1.0,NOT_SIGNIFICANT
D.melanogaster,DSE,ECM,ECM_PAIRWISE,,Ras85D_EBC_MEL_ECM_0003,Ras85D_EBC_MEL_ECM_0007,7,29,29,0,0,29,29,0.0,0.0,,1.0,0.0191954740314999,52.095613703469525,1.0,0.0,1.0,0.0666666666666666,15.0,1.0,0.8051194880511949,0.8036196380361964,NEUTRAL,D.melanogaster|ECM_PAIRWISE|DSE,1.0,NOT_SIGNIFICANT
D.melanogaster,DSE,ECM,ECM_PAIRWISE,,Ras85D_EBC_MEL_ECM_0003,Ras85D_EBC_MEL_ECM_0008,7,29,29,0,0,29,29,0.0,0.0,,1.0,0.0191954740314999,52.095613703469525,1.0,0.0,1.0,0.0666666666666666,15.0,1.0,0.7933206679332067,0.8007199280071993,NEUTRAL,D.melanogaster|ECM_PAIRWISE|DSE,1.0,NOT_SIGNIFICANT
D.melanogaster,DSE,ECM,ECM_PAIRWISE,,Ras85D_EBC_MEL_ECM_0003,Ras85D_EBC_MEL_ECM_0013,7,29,29,0,0,29,29,0.0,0.0,,1.0,0.0191954740314999,52.095613703469525,1.0,0.0,1.0,0.0666666666666666,15.0,1.0,0.8033196680331967,0.8028197180281972,NEUTRAL,D.melanogaster|ECM_PAIRWISE|DSE,1.0,NOT_SIGNIFICANT
D.melanogaster,DSE,ECM,ECM_PAIRWISE,,Ras85D_EBC_MEL_ECM_0004,Ras85D_EBC_MEL_ECM_0006,7,30,30,0,0,30,30,0.0,0.0,,1.0,0.0192162206525003,52.03936913941946,1.0,0.0,1.0,0.0666666666666666,15.0,1.0,0.7944205579442056,0.8006199380061993,NEUTRAL,D.melanogaster|ECM_PAIRWISE|DSE,1.0,NOT_SIGNIFICANT
D.melanogaster,DSE,ECM,ECM_PAIRWISE,,Ras85D_EBC_MEL_ECM_0004,Ras85D_EBC_MEL_ECM_0009,7,30,30,0,0,30,30,0.0,0.0,,1.0,0.0192162206525003,52.03936913941946,1.0,0.0,1.0,0.0666666666666666,15.0,1.0,0.8003199680031997,0.801919808019198,NEUTRAL,D.melanogaster|ECM_PAIRWISE|DSE,1.0,NOT_SIGNIFICANT
D.melanogaster,DSE,ECM,ECM_PAIRWISE,,Ras85D_EBC_MEL_ECM_0004,Ras85D_EBC_MEL_ECM_0010,7,30,30,0,0,30,30,0.0,0.0,,1.0,0.0192162206525003,52.03936913941946,1.0,0.0,1.0,0.0666666666666666,15.0,1.0,0.7932206779322067,0.8055194480551945,NEUTRAL,D.melanogaster|ECM_PAIRWISE|DSE,1.0,NOT_SIGNIFICANT
D.melanogaster,DSE,ECM,ECM_PAIRWISE,,Ras85D_EBC_MEL_ECM_0004,Ras85D_EBC_MEL_ECM_0011,7,30,30,0,0,30,30,0.0,0.0,,1.0,0.0192162206525003,52.03936913941946,1.0,0.0,1.0,0.0666666666666666,15.0,1.0,0.7964203579642036,0.8033196680331967,NEUTRAL,D.melanogaster|ECM_PAIRWISE|DSE,1.0,NOT_SIGNIFICANT
D.melanogaster,DSE,ECM,ECM_PAIRWISE,,Ras85D_EBC_MEL_ECM_0004,Ras85D_EBC_MEL_ECM_0012,7,30,30,0,0,30,30,0.0,0.0,,1.0,0.0192162206525003,52.03936913941946,1.0,0.0,1.0,0.0666666666666666,15.0,1.0,0.7974202579742026,0.804019598040196,NEUTRAL,D.melanogaster|ECM_PAIRWISE|DSE,1.0,NOT_SIGNIFICANT
D.melanogaster,DSE,ECM,ECM_PAIRWISE,,Ras85D_EBC_MEL_ECM_0004,Ras85D_EBC_MEL_ECM_0014,7,30,30,0,0,30,30,0.0,0.0,,1.0,0.0192162206525003,52.03936913941946,1.0,0.0,1.0,0.0666666666666666,15.0,1.0,0.7981201879812019,0.8022197780221978,NEUTRAL,D.melanogaster|ECM_PAIRWISE|DSE,1.0,NOT_SIGNIFICANT
D.melanogaster,DSE,ECM,ECM_PAIRWISE,,Ras85D_EBC_MEL_ECM_0004,Ras85D_EBC_MEL_ECM_0016,7,30,30,0,0,30,30,0.0,0.0,,1.0,0.0192162206525003,52.03936913941946,1.0,0.0,1.0,0.0666666666666666,15.0,1.0,0.7988201179882012,0.8052194780521947,NEUTRAL,D.melanogaster|ECM_PAIRWISE|DSE,1.0,NOT_SIGNIFICANT
D.melanogaster,DSE,ECM,ECM_PAIRWISE,,Ras85D_EBC_MEL_ECM_0005,Ras85D_EBC_MEL_ECM_0007,7,29,29,0,0,29,29,0.0,0.0,,1.0,0.0191954740314999,52.095613703469525,1.0,0.0,1.0,0.0666666666666666,15.0,1.0,0.8024197580241976,0.8016198380161984,NEUTRAL,D.melanogaster|ECM_PAIRWISE|DSE,1.0,NOT_SIGNIFICANT
D.melanogaster,DSE,ECM,ECM_PAIRWISE,,Ras85D_EBC_MEL_ECM_0005,Ras85D_EBC_MEL_ECM_0008,7,29,29,0,0,29,29,0.0,0.0,,1.0,0.0191954740314999,52.095613703469525,1.0,0.0,1.0,0.0666666666666666,15.0,1.0,0.7987201279872013,0.8033196680331967,NEUTRAL,D.melanogaster|ECM_PAIRWISE|DSE,1.0,NOT_SIGNIFICANT
D.melanogaster,DSE,ECM,ECM_PAIRWISE,,Ras85D_EBC_MEL_ECM_0005,Ras85D_EBC_MEL_ECM_0013,7,29,29,0,0,29,29,0.0,0.0,,1.0,0.0191954740314999,52.095613703469525,1.0,0.0,1.0,0.0666666666666666,15.0,1.0,0.8003199680031997,0.8000199980002,NEUTRAL,D.melanogaster|ECM_PAIRWISE|DSE,1.0,NOT_SIGNIFICANT
D.melanogaster,DSE,ECM,ECM_PAIRWISE,,Ras85D_EBC_MEL_ECM_0006,Ras85D_EBC_MEL_ECM_0009,7,30,30,0,0,30,30,0.0,0.0,,1.0,0.0192162206525003,52.03936913941946,1.0,0.0,1.0,0.0666666666666666,15.0,1.0,0.8002199780021998,0.7977202279772023,NEUTRAL,D.melanogaster|ECM_PAIRWISE|DSE,1.0,NOT_SIGNIFICANT
D.melanogaster,DSE,ECM,ECM_PAIRWISE,,Ras85D_EBC_MEL_ECM_0006,Ras85D_EBC_MEL_ECM_0010,7,30,30,0,0,30,30,0.0,0.0,,1.0,0.0192162206525003,52.03936913941946,1.0,0.0,1.0,0.0666666666666666,15.0,1.0,0.7913208679132087,0.7974202579742026,NEUTRAL,D.melanogaster|ECM_PAIRWISE|DSE,1.0,NOT_SIGNIFICANT
D.melanogaster,DSE,ECM,ECM_PAIRWISE,,Ras85D_EBC_MEL_ECM_0006,Ras85D_EBC_MEL_ECM_0011,7,30,30,0,0,30,30,0.0,0.0,,1.0,0.0192162206525003,52.03936913941946,1.0,0.0,1.0,0.0666666666666666,15.0,1.0,0.7964203579642036,0.7989201079892011,NEUTRAL,D.melanogaster|ECM_PAIRWISE|DSE,1.0,NOT_SIGNIFICANT
D.melanogaster,DSE,ECM,ECM_PAIRWISE,,Ras85D_EBC_MEL_ECM_0006,Ras85D_EBC_MEL_ECM_0012,7,30,30,0,0,30,30,0.0,0.0,,1.0,0.0192162206525003,52.03936913941946,1.0,0.0,1.0,0.0666666666666666,15.0,1.0,0.7963203679632037,0.7957204279572043,NEUTRAL,D.melanogaster|ECM_PAIRWISE|DSE,1.0,NOT_SIGNIFICANT
D.melanogaster,DSE,ECM,ECM_PAIRWISE,,Ras85D_EBC_MEL_ECM_0006,Ras85D_EBC_MEL_ECM_0014,7,30,30,0,0,30,30,0.0,0.0,,1.0,0.0192162206525003,52.03936913941946,1.0,0.0,1.0,0.0666666666666666,15.0,1.0,0.8009199080091991,0.7984201579842016,NEUTRAL,D.melanogaster|ECM_PAIRWISE|DSE,1.0,NOT_SIGNIFICANT
D.melanogaster,DSE,ECM,ECM_PAIRWISE,,Ras85D_EBC_MEL_ECM_0006,Ras85D_EBC_MEL_ECM_0016,7,30,30,0,0,30,30,0.0,0.0,,1.0,0.0192162206525003,52.03936913941946,1.0,0.0,1.0,0.0666666666666666,15.0,1.0,0.797020297970203,0.7976202379762024,NEUTRAL,D.melanogaster|ECM_PAIRWISE|DSE,1.0,NOT_SIGNIFICANT
D.melanogaster,DSE,ECM,ECM_PAIRWISE,,Ras85D_EBC_MEL_ECM_0007,Ras85D_EBC_MEL_ECM_0008,7,29,29,0,0,29,29,0.0,0.0,,1.0,0.0191954740314999,52.095613703469525,1.0,0.0,1.0,0.0666666666666666,15.0,1.0,0.7969203079692031,0.8056194380561944,NEUTRAL,D.melanogaster|ECM_PAIRWISE|DSE,1.0,NOT_SIGNIFICANT
D.melanogaster,DSE,ECM,ECM_PAIRWISE,,Ras85D_EBC_MEL_ECM_0007,Ras85D_EBC_MEL_ECM_0013,7,29,29,0,0,29,29,0.0,0.0,,1.0,0.0191954740314999,52.095613703469525,1.0,0.0,1.0,0.0666666666666666,15.0,1.0,0.7991200879912009,0.8053194680531947,NEUTRAL,D.melanogaster|ECM_PAIRWISE|DSE,1.0,NOT_SIGNIFICANT
D.melanogaster,DSE,ECM,ECM_PAIRWISE,,Ras85D_EBC_MEL_ECM_0008,Ras85D_EBC_MEL_ECM_0013,7,29,29,0,0,29,29,0.0,0.0,,1.0,0.0191954740314999,52.095613703469525,1.0,0.0,1.0,0.0666666666666666,15.0,1.0,0.7993200679932007,0.7937206279372063,NEUTRAL,D.melanogaster|ECM_PAIRWISE|DSE,1.0,NOT_SIGNIFICANT
D.melanogaster,DSE,ECM,ECM_PAIRWISE,,Ras85D_EBC_MEL_ECM_0009,Ras85D_EBC_MEL_ECM_0010,7,30,30,0,0,30,30,0.0,0.0,,1.0,0.0192162206525003,52.03936913941946,1.0,0.0,1.0,0.0666666666666666,15.0,1.0,0.8034196580341966,0.8106189381061893,NEUTRAL,D.melanogaster|ECM_PAIRWISE|DSE,1.0,NOT_SIGNIFICANT
D.melanogaster,DSE,ECM,ECM_PAIRWISE,,Ras85D_EBC_MEL_ECM_0009,Ras85D_EBC_MEL_ECM_0011,7,30,30,0,0,30,30,0.0,0.0,,1.0,0.0192162206525003,52.03936913941946,1.0,0.0,1.0,0.0666666666666666,15.0,1.0,0.7932206779322067,0.8006199380061993,NEUTRAL,D.melanogaster|ECM_PAIRWISE|DSE,1.0,NOT_SIGNIFICANT
D.melanogaster,DSE,ECM,ECM_PAIRWISE,,Ras85D_EBC_MEL_ECM_0009,Ras85D_EBC_MEL_ECM_0012,7,30,30,0,0,30,30,0.0,0.0,,1.0,0.0192162206525003,52.03936913941946,1.0,0.0,1.0,0.0666666666666666,15.0,1.0,0.7941205879412059,0.8032196780321967,NEUTRAL,D.melanogaster|ECM_PAIRWISE|DSE,1.0,NOT_SIGNIFICANT
D.melanogaster,DSE,ECM,ECM_PAIRWISE,,Ras85D_EBC_MEL_ECM_0009,Ras85D_EBC_MEL_ECM_0014,7,30,30,0,0,30,30,0.0,0.0,,1.0,0.0192162206525003,52.03936913941946,1.0,0.0,1.0,0.0666666666666666,15.0,1.0,0.8003199680031997,0.8013198680131987,NEUTRAL,D.melanogaster|ECM_PAIRWISE|DSE,1.0,NOT_SIGNIFICANT
D.melanogaster,DSE,ECM,ECM_PAIRWISE,,Ras85D_EBC_MEL_ECM_0009,Ras85D_EBC_MEL_ECM_0016,7,30,30,0,0,30,30,0.0,0.0,,1.0,0.0192162206525003,52.03936913941946,1.0,0.0,1.0,0.0666666666666666,15.0,1.0,0.7961203879612039,0.8008199180081992,NEUTRAL,D.melanogaster|ECM_PAIRWISE|DSE,1.0,NOT_SIGNIFICANT
D.melanogaster,DSE,ECM,ECM_PAIRWISE,,Ras85D_EBC_MEL_ECM_0010,Ras85D_EBC_MEL_ECM_0011,7,30,30,0,0,30,30,0.0,0.0,,1.0,0.0192162206525003,52.03936913941946,1.0,0.0,1.0,0.0666666666666666,15.0,1.0,0.7931206879312068,0.7936206379362064,NEUTRAL,D.melanogaster|ECM_PAIRWISE|DSE,1.0,NOT_SIGNIFICANT
D.melanogaster,DSE,ECM,ECM_PAIRWISE,,Ras85D_EBC_MEL_ECM_0010,Ras85D_EBC_MEL_ECM_0012,7,30,30,0,0,30,30,0.0,0.0,,1.0,0.0192162206525003,52.03936913941946,1.0,0.0,1.0,0.0666666666666666,15.0,1.0,0.796020397960204,0.7949205079492051,NEUTRAL,D.melanogaster|ECM_PAIRWISE|DSE,1.0,NOT_SIGNIFICANT
D.melanogaster,DSE,ECM,ECM_PAIRWISE,,Ras85D_EBC_MEL_ECM_0010,Ras85D_EBC_MEL_ECM_0014,7,30,30,0,0,30,30,0.0,0.0,,1.0,0.0192162206525003,52.03936913941946,1.0,0.0,1.0,0.0666666666666666,15.0,1.0,0.8007199280071993,0.793920607939206,NEUTRAL,D.melanogaster|ECM_PAIRWISE|DSE,1.0,NOT_SIGNIFICANT
D.melanogaster,DSE,ECM,ECM_PAIRWISE,,Ras85D_EBC_MEL_ECM_0010,Ras85D_EBC_MEL_ECM_0016,7,30,30,0,0,30,30,0.0,0.0,,1.0,0.0192162206525003,52.03936913941946,1.0,0.0,1.0,0.0666666666666666,15.0,1.0,0.7975202479752025,0.7938206179382061,NEUTRAL,D.melanogaster|ECM_PAIRWISE|DSE,1.0,NOT_SIGNIFICANT
D.melanogaster,DSE,ECM,ECM_PAIRWISE,,Ras85D_EBC_MEL_ECM_0011,Ras85D_EBC_MEL_ECM_0012,7,30,30,0,0,30,30,0.0,0.0,,1.0,0.0192162206525003,52.03936913941946,1.0,0.0,1.0,0.0666666666666666,15.0,1.0,0.7978202179782021,0.7952204779522047,NEUTRAL,D.melanogaster|ECM_PAIRWISE|DSE,1.0,NOT_SIGNIFICANT
D.melanogaster,DSE,ECM,ECM_PAIRWISE,,Ras85D_EBC_MEL_ECM_0011,Ras85D_EBC_MEL_ECM_0014,7,30,30,0,0,30,30,0.0,0.0,,1.0,0.0192162206525003,52.03936913941946,1.0,0.0,1.0,0.0666666666666666,15.0,1.0,0.8007199280071993,0.7956204379562044,NEUTRAL,D.melanogaster|ECM_PAIRWISE|DSE,1.0,NOT_SIGNIFICANT
D.melanogaster,DSE,ECM,ECM_PAIRWISE,,Ras85D_EBC_MEL_ECM_0011,Ras85D_EBC_MEL_ECM_0016,7,30,30,0,0,30,30,0.0,0.0,,1.0,0.0192162206525003,52.03936913941946,1.0,0.0,1.0,0.0666666666666666,15.0,1.0,0.7965203479652034,0.7928207179282072,NEUTRAL,D.melanogaster|ECM_PAIRWISE|DSE,1.0,NOT_SIGNIFICANT
D.melanogaster,DSE,ECM,ECM_PAIRWISE,,Ras85D_EBC_MEL_ECM_0012,Ras85D_EBC_MEL_ECM_0014,7,30,30,0,0,30,30,0.0,0.0,,1.0,0.0192162206525003,52.03936913941946,1.0,0.0,1.0,0.0666666666666666,15.0,1.0,0.8013198680131987,0.7972202779722027,NEUTRAL,D.melanogaster|ECM_PAIRWISE|DSE,1.0,NOT_SIGNIFICANT
D.melanogaster,DSE,ECM,ECM_PAIRWISE,,Ras85D_EBC_MEL_ECM_0012,Ras85D_EBC_MEL_ECM_0016,7,30,30,0,0,30,30,0.0,0.0,,1.0,0.0192162206525003,52.03936913941946,1.0,0.0,1.0,0.0666666666666666,15.0,1.0,0.7967203279672033,0.7984201579842016,NEUTRAL,D.melanogaster|ECM_PAIRWISE|DSE,1.0,NOT_SIGNIFICANT
D.melanogaster,DSE,ECM,ECM_PAIRWISE,,Ras85D_EBC_MEL_ECM_0014,Ras85D_EBC_MEL_ECM_0016,7,30,30,0,0,30,30,0.0,0.0,,1.0,0.0192162206525003,52.03936913941946,1.0,0.0,1.0,0.0666666666666666,15.0,1.0,0.7969203079692031,0.7982201779822018,NEUTRAL,D.melanogaster|ECM_PAIRWISE|DSE,1.0,NOT_SIGNIFICANT
D.melanogaster,DSE,ECM,ECM_PAIRWISE,,Ras85D_EBC_MEL_ECM_0015,Ras85D_EBC_MEL_ECM_0017,7,30,30,6,6,24,24,0.2,0.2,1.0,1.0,0.2821900328162411,3.5437112715146406,1.0,0.0,1.0,0.0666666666666666,15.0,1.0,0.7993200679932007,0.7956204379562044,NEUTRAL,D.melanogaster|ECM_PAIRWISE|DSE,1.0,NOT_SIGNIFICANT
D.melanogaster,MIRNA_ALL,ECM,ECM_PAIRWISE,,Ras85D_EBC_MEL_ECM_0001,Ras85D_EBC_MEL_ECM_0007,39,30,29,0,25,30,4,0.0,0.8620689655172413,0.0,0.0028929604628736,0.0001486036518495,0.0563190751747203,7.842753829821043e-13,-3.964615455547317,0.8342602892102335,0.0197498354180381,39.67741935483872,0.0263973602639736,0.9815018498150184,0.0221977802219778,DEPLETED,D.melanogaster|ECM_PAIRWISE|MIRNA_ALL,0.8584141585841415,NOT_SIGNIFICANT
D.melanogaster,MIRNA_ALL,ECM,ECM_PAIRWISE,,Ras85D_EBC_MEL_ECM_0005,Ras85D_EBC_MEL_ECM_0007,39,29,29,0,25,29,4,0.0,0.8620689655172413,0.0,0.0029910269192422,0.0001535306343462,0.058270077953682,2.72189691740848e-12,-3.9318256327243257,1.0,0.0222222222222222,43.0,0.0282971702829717,0.988101189881012,0.0144985501449855,DEPLETED,D.melanogaster|ECM_PAIRWISE|MIRNA_ALL,0.8584141585841415,NOT_SIGNIFICANT
D.melanogaster,MIRNA_ALL,ECM,ECM_PAIRWISE,,Ras85D_EBC_MEL_ECM_0001,Ras85D_EBC_MEL_ECM_0016,39,30,30,0,24,30,6,0.0,0.8,0.0,0.0043492806958849,0.0002333491747882,0.0810641074208236,3.293956608524839e-11,-3.8918202981106265,0.84,0.0196078431372549,38.99999999999999,0.040995900409959,0.9748025197480252,0.030996900309969,DEPLETED,D.melanogaster|ECM_PAIRWISE|MIRNA_ALL,0.8584141585841415,NOT_SIGNIFICANT
D.melanogaster,MIRNA_ALL,ECM,ECM_PAIRWISE,,Ras85D_EBC_MEL_ECM_0005,Ras85D_EBC_MEL_ECM_0016,39,29,30,0,24,29,6,0.0,0.8,0.0,0.0044967139398132,0.0002410833328736,0.0838732234845566,3.293956608524838e-11,-3.859030475287636,1.0333333333333334,0.0229629629629629,44.43333333333333,0.0420957904209579,0.9827017298270172,0.0204979502049795,DEPLETED,D.melanogaster|ECM_PAIRWISE|MIRNA_ALL,0.8584141585841415,NOT_SIGNIFICANT
D.melanogaster,MIRNA_ALL,ECM,ECM_PAIRWISE,,Ras85D_EBC_MEL_ECM_0001,Ras85D_EBC_MEL_ECM_0015,39,30,30,0,23,30,7,0.0,0.7666666666666667,0.0,0.0052319497732821,0.0002841960917246,0.0963183492919576,1.7410913502202718e-10,-3.8501476017100575,0.8709677419354839,0.0204081632653061,41.00000000000001,0.0455954404559544,0.973902609739026,0.0326967303269673,DEPLETED,D.melanogaster|ECM_PAIRWISE|MIRNA_ALL,0.8584141585841415,NOT_SIGNIFICANT
D.melanogaster,MIRNA_ALL,ECM,ECM_PAIRWISE,,Ras85D_EBC_MEL_ECM_0001,Ras85D_EBC_MEL_ECM_0008,39,30,29,0,22,30,7,0.0,0.7586206896551724,0.0,0.0054644808743169,0.0002964571586081,0.1007246759227225,1.7410913502202718e-10,-3.839452312593311,0.8571428571428571,0.0197498354180381,39.67741935483872,0.0471952804719528,0.96990300969903,0.0361963803619638,DEPLETED,D.melanogaster|ECM_PAIRWISE|MIRNA_ALL,0.8584141585841415,NOT_SIGNIFICANT
D.melanogaster,MIRNA_ALL,ECM,ECM_PAIRWISE,,Ras85D_EBC_MEL_ECM_0005,Ras85D_EBC_MEL_ECM_0008,39,29,29,0,22,29,7,0.0,0.7586206896551724,0.0,0.0056497175141242,0.0003062821249317,0.1042153798446898,5.552669711513298e-10,-3.80666248977032,1.0,0.0232558139534883,44.99999999999999,0.0492950704929507,0.9817018298170184,0.022997700229977,DEPLETED,D.melanogaster|ECM_PAIRWISE|MIRNA_ALL,0.8584141585841415,NOT_SIGNIFICANT
D.melanogaster,MIRNA_ALL,ECM,ECM_PAIRWISE,,Ras85D_EBC_MEL_ECM_0005,Ras85D_EBC_MEL_ECM_0015,39,29,30,0,23,29,7,0.0,0.7666666666666667,0.0,0.0054093040028849,0.0002936146187004,0.0996563792536357,1.7410913502202718e-10,-3.817357778887068,1.0333333333333334,0.0229629629629629,46.49999999999999,0.0504949505049495,0.9793020697930208,0.0234976502349765,DEPLETED,D.melanogaster|ECM_PAIRWISE|MIRNA_ALL,0.8584141585841415,NOT_SIGNIFICANT
D.melanogaster,MIRNA_ALL,ECM,ECM_PAIRWISE,,Ras85D_EBC_MEL_ECM_0001,Ras85D_EBC_MEL_ECM_0012,39,30,30,0,20,30,10,0.0,0.6666666666666666,0.0,0.0083966413434626,0.0004658216614082,0.1513531715927452,1.4334985450146902e-08,-3.713572066704308,0.853658536585366,0.0196078431372549,36.99999999999999,0.0797920207979202,0.9503049695030495,0.0590940905909409,DEPLETED,D.melanogaster|ECM_PAIRWISE|MIRNA_ALL,0.9577179686611492,NOT_SIGNIFICANT
D.melanogaster,MIRNA_ALL,ECM,ECM_PAIRWISE,,Ras85D_EBC_MEL_ECM_0005,Ras85D_EBC_MEL_ECM_0012,39,29,30,0,20,29,10,0.0,0.6666666666666666,0.0,0.0086812732534105,0.0004812568599232,0.1565993372279535,1.43349854501469e-08,-3.6807822438813167,1.0333333333333334,0.0219858156028368,44.484999999999246,0.0803919608039196,0.9655034496550344,0.0398960103989601,DEPLETED,D.melanogaster|ECM_PAIRWISE|MIRNA_ALL,0.9577179686611492,NOT_SIGNIFICANT
D.melanogaster,MIRNA_ALL,ECM,ECM_PAIRWISE,,Ras85D_EBC_MEL_ECM_0005,Ras85D_EBC_MEL_ECM_0011,39,29,30,0,16,29,14,0.0,0.5333333333333333,0.0,0.014894709809964,0.0008336791668892,0.2661124196624234,1.9440445652776143e-06,-3.4637177386434894,1.0333333333333334,0.0229629629629629,46.49999999999999,0.1281871812818718,0.944905509449055,0.0637936206379362,DEPLETED,D.melanogaster|ECM_PAIRWISE|MIRNA_ALL,0.9577179686611492,NOT_SIGNIFICANT
D.melanogaster,MIRNA_ALL,ECM,ECM_PAIRWISE,,Ras85D_EBC_MEL_ECM_0001,Ras85D_EBC_MEL_ECM_0011,39,30,30,0,16,30,14,0.0,0.5333333333333333,0.0,0.0144063586686537,0.0008069428255247,0.2571968713581722,1.9440445652776148e-06,-3.49650756146648,0.8431372549019608,0.0196078431372549,38.99999999999999,0.1377862213778622,0.915008499150085,0.0956904309569043,DEPLETED,D.melanogaster|ECM_PAIRWISE|MIRNA_ALL,0.9577179686611492,NOT_SIGNIFICANT
D.melanogaster,MIRNA_ALL,ECM,ECM_PAIRWISE,,Ras85D_EBC_MEL_ECM_0005,Ras85D_EBC_MEL_ECM_0010,39,29,30,0,14,29,16,0.0,0.4666666666666667,0.0,0.0192869666861484,0.0010795203480883,0.344585523201402,1.6767384375519424e-05,-3.3345060071634838,1.0333333333333332,0.0229629629629629,46.49999999999999,0.1464853514648535,0.9353064693530648,0.0743925607439256,DEPLETED,D.melanogaster|ECM_PAIRWISE|MIRNA_ALL,0.9577179686611492,NOT_SIGNIFICANT
D.melanogaster,MIRNA_ALL,ECM,ECM_PAIRWISE,,Ras85D_EBC_MEL_ECM_0002,Ras85D_EBC_MEL_ECM_0005,39,30,29,13,0,17,29,0.4333333333333333,0.0,inf,45.51428571428571,2.5447119477070057,814.0607843446754,4.635688621467135e-05,3.2630470431813383,0.967741935483871,0.0225056264066016,43.54838709677419,0.1655834416558344,0.0876912308769123,0.9213078692130788,ENRICHED,D.melanogaster|ECM_PAIRWISE|MIRNA_ALL,0.9577179686611492,NOT_SIGNIFICANT
D.melanogaster,MIRNA_ALL,ECM,ECM_PAIRWISE,,Ras85D_EBC_MEL_ECM_0005,Ras85D_EBC_MEL_ECM_0014,39,29,30,0,13,29,17,0.0,0.4333333333333333,0.0,0.0219711236660389,0.0012284094986899,0.3929717864142075,4.635688621467136e-05,-3.2630470431813383,1.0333333333333332,0.0229629629629629,46.49999999999999,0.1706829317068293,0.92010798920108,0.0872912708729127,DEPLETED,D.melanogaster|ECM_PAIRWISE|MIRNA_ALL,0.9577179686611492,NOT_SIGNIFICANT
D.melanogaster,MIRNA_ALL,ECM,ECM_PAIRWISE,,Ras85D_EBC_MEL_ECM_0001,Ras85D_EBC_MEL_ECM_0010,39,30,30,0,14,30,16,0.0,0.4666666666666667,0.0,0.0186546071226681,0.0010448998061789,0.3330408952545179,1.6767384375519427e-05,-3.367295829986474,0.8285714285714284,0.0196078431372549,38.99999999999999,0.1730826917308269,0.8946105389461054,0.1181881811818818,DEPLETED,D.melanogaster|ECM_PAIRWISE|MIRNA_ALL,0.9577179686611492,NOT_SIGNIFICANT
D.melanogaster,MIRNA_ALL,ECM,ECM_PAIRWISE,,Ras85D_EBC_MEL_ECM_0004,Ras85D_EBC_MEL_ECM_0005,39,30,29,11,0,19,29,0.3666666666666666,0.0,inf,34.7948717948718,1.9363184717461863,625.249989031898,0.000318805252564,3.102704393106159,0.967741935483871,0.0225056264066016,43.54838709677419,0.1797820217978202,0.0957904209579042,0.9103089691030896,ENRICHED,D.melanogaster|ECM_PAIRWISE|MIRNA_ALL,0.9577179686611492,NOT_SIGNIFICANT
D.melanogaster,MIRNA_ALL,ECM,ECM_PAIRWISE,,Ras85D_EBC_MEL_ECM_0003,Ras85D_EBC_MEL_ECM_0005,39,29,29,11,0,18,29,0.3793103448275862,0.0,inf,36.67567567567568,2.0372270230690948,660.2627841844246,0.0003038951429628,3.1354942159291497,1.0,0.0232558139534883,44.99999999999999,0.1875812418758124,0.0937906209379062,0.9123087691230876,ENRICHED,D.melanogaster|ECM_PAIRWISE|MIRNA_ALL,0.9577179686611492,NOT_SIGNIFICANT
D.melanogaster,MIRNA_ALL,ECM,ECM_PAIRWISE,,Ras85D_EBC_MEL_ECM_0005,Ras85D_EBC_MEL_ECM_0006,39,29,30,0,8,29,22,0.0,0.2666666666666666,0.0,0.0448654037886341,0.0024575575223594,0.8190670772925268,0.0045750623906919,-2.800423521233225,1.0333333333333334,0.0264957264957265,40.30000000000001,0.1927807219278072,0.9055094490550945,0.1008899110088991,DEPLETED,D.melanogaster|ECM_PAIRWISE|MIRNA_ALL,0.9577179686611492,NOT_SIGNIFICANT
D.melanogaster,MIRNA_ALL,ECM,ECM_PAIRWISE,,Ras85D_EBC_MEL_ECM_0001,Ras85D_EBC_MEL_ECM_0014,39,30,30,0,13,30,17,0.0,0.4333333333333333,0.0,0.0212507589556769,0.0011890137022416,0.3798061833441434,4.635688621467135e-05,-3.295836866004329,0.8620689655172413,0.0204081632653061,38.99999999999999,0.1928807119288071,0.8843115688431157,0.1297870212978702,DEPLETED,D.melanogaster|ECM_PAIRWISE|MIRNA_ALL,0.9577179686611492,NOT_SIGNIFICANT
D.melanogaster,MIRNA_ALL,ECM,ECM_PAIRWISE,,Ras85D_EBC_MEL_ECM_0001,Ras85D_EBC_MEL_ECM_0002,39,30,30,0,13,30,17,0.0,0.4333333333333333,0.0,0.0212507589556769,0.0011890137022416,0.3798061833441434,4.635688621467135e-05,-3.295836866004329,0.84,0.0204081632653061,38.99999999999999,0.1947805219478052,0.8835116488351165,0.1301869813018698,DEPLETED,D.melanogaster|ECM_PAIRWISE|MIRNA_ALL,0.9577179686611492,NOT_SIGNIFICANT
D.melanogaster,MIRNA_ALL,ECM,ECM_PAIRWISE,,Ras85D_EBC_MEL_ECM_0001,Ras85D_EBC_MEL_ECM_0003,39,30,29,0,11,30,18,0.0,0.3793103448275862,0.0,0.0263720598717034,0.0014659736011436,0.474418871754691,0.0001236183632391,-3.1682840387521405,0.8538899430740038,0.0197498354180381,37.74193548387097,0.2102789721027897,0.8677132286771323,0.1404859514048595,DEPLETED,D.melanogaster|ECM_PAIRWISE|MIRNA_ALL,0.9577179686611492,NOT_SIGNIFICANT
D.melanogaster,MIRNA_ALL,ECM,ECM_PAIRWISE,,Ras85D_EBC_MEL_ECM_0005,Ras85D_EBC_MEL_ECM_0017,39,29,30,0,10,29,20,0.0,0.3333333333333333,0.0,0.033091202582728,0.0018344507517707,0.5969240042634688,0.0007970131314101,-3.011732614900432,1.0333333333333334,0.0219858156028368,44.43333333333333,0.2104789521047895,0.8987101289871013,0.1076892310768923,DEPLETED,D.melanogaster|ECM_PAIRWISE|MIRNA_ALL,0.9577179686611492,NOT_SIGNIFICANT
D.melanogaster,MIRNA_ALL,ECM,ECM_PAIRWISE,,Ras85D_EBC_MEL_ECM_0001,Ras85D_EBC_MEL_ECM_0004,39,30,30,0,11,30,19,0.0,0.3666666666666666,0.0,0.0277975766215253,0.0015480660289262,0.4991423179575355,0.000318805252564,-3.1354942159291497,0.8285714285714284,0.0204081632653061,38.99999999999999,0.2142785721427857,0.8643135686431357,0.144985501449855,DEPLETED,D.melanogaster|ECM_PAIRWISE|MIRNA_ALL,0.9577179686611492,NOT_SIGNIFICANT
D.melanogaster,MIRNA_ALL,ECM,ECM_PAIRWISE,,Ras85D_EBC_MEL_ECM_0001,Ras85D_EBC_MEL_ECM_0017,39,30,30,0,10,30,20,0.0,0.3333333333333333,0.0,0.0320062451209992,0.0017756149950733,0.5769267153002373,0.0007970131314101,-3.044522437723423,0.8620689655172413,0.0204081632653061,41.00000000000001,0.2385761423857614,0.8531146885311469,0.1544845515448455,DEPLETED,D.melanogaster|ECM_PAIRWISE|MIRNA_ALL,0.9577179686611492,NOT_SIGNIFICANT
D.melanogaster,MIRNA_ALL,ECM,ECM_PAIRWISE,,Ras85D_EBC_MEL_ECM_0001,Ras85D_EBC_MEL_ECM_0006,39,30,30,0,8,30,22,0.0,0.2666666666666666,0.0,0.0433944069431051,0.0023787298179737,0.7916302808815294,0.0045750623906919,-2.833213344056216,0.8518518518518519,0.0196078431372549,38.99999999999999,0.2723727627237276,0.8308169183081692,0.1796820317968203,DEPLETED,D.melanogaster|ECM_PAIRWISE|MIRNA_ALL,0.9577179686611492,NOT_SIGNIFICANT
D.melanogaster,MIRNA_ALL,ECM,ECM_PAIRWISE,,Ras85D_EBC_MEL_ECM_0005,Ras85D_EBC_MEL_ECM_0013,39,29,29,0,7,29,22,0.0,0.2413793103448276,0.0,0.0508474576271186,0.0027565391243858,0.9379384186022086,0.0103818723481086,-2.70805020110221,1.0,0.0222222222222222,44.99999999999999,0.2790720927907209,0.8823117688231177,0.1377862213778622,DEPLETED,D.melanogaster|ECM_PAIRWISE|MIRNA_ALL,0.9577179686611492,NOT_SIGNIFICANT
D.melanogaster,MIRNA_ALL,ECM,ECM_PAIRWISE,,Ras85D_EBC_MEL_ECM_0001,Ras85D_EBC_MEL_ECM_0013,39,30,29,0,7,30,22,0.0,0.2413793103448276,0.0,0.0491803278688524,0.0026681144274732,0.906522083304503,0.0045750623906919,-2.740840023925201,0.8538899430740038,0.0197498354180381,39.67741935483872,0.3078692130786921,0.8245175482451755,0.2064793520647935,DEPLETED,D.melanogaster|ECM_PAIRWISE|MIRNA_ALL,0.9577179686611492,NOT_SIGNIFICANT
D.melanogaster,MIRNA_ALL,ECM,ECM_PAIRWISE,,Ras85D_EBC_MEL_ECM_0007,Ras85D_EBC_MEL_ECM_0009,39,29,30,25,3,4,27,0.8620689655172413,0.1,8.620689655172413,56.25,11.439219978329408,276.5977493215478,1.975428221270718e-09,2.0187053064920035,1.0333333333333334,0.0229629629629629,44.43333333333333,0.3173682631736826,0.1558844115588441,0.8442155784421558,ENRICHED,D.melanogaster|ECM_PAIRWISE|MIRNA_ALL,0.9577179686611492,NOT_SIGNIFICANT
D.melanogaster,MIRNA_ALL,ECM,ECM_PAIRWISE,,Ras85D_EBC_MEL_ECM_0009,Ras85D_EBC_MEL_ECM_0016,39,30,30,3,24,27,6,0.1,0.8,0.125,0.0277777777777777,0.0062539534944121,0.1233787457743369,5.621381461831743e-08,-1.9459101490553132,1.0,0.0222222222222222,44.99999999999999,0.3206679332066793,0.8434156584341566,0.160983901609839,DEPLETED,D.melanogaster|ECM_PAIRWISE|MIRNA_ALL,0.9577179686611492,NOT_SIGNIFICANT
D.melanogaster,MIRNA_ALL,ECM,ECM_PAIRWISE,,Ras85D_EBC_MEL_ECM_0009,Ras85D_EBC_MEL_ECM_0015,39,30,30,3,23,27,7,0.1,0.7666666666666667,0.1304347826086956,0.0338164251207729,0.007834502329719,0.1459634013523674,2.440523822271372e-07,-1.9042374526547452,1.0,0.0222222222222222,44.99999999999999,0.328967103289671,0.8398160183981602,0.1603839616038396,DEPLETED,D.melanogaster|ECM_PAIRWISE|MIRNA_ALL,0.9577179686611492,NOT_SIGNIFICANT
D.melanogaster,MIRNA_ALL,ECM,ECM_PAIRWISE,,Ras85D_EBC_MEL_ECM_0005,Ras85D_EBC_MEL_ECM_0009,39,29,30,0,3,29,27,0.0,0.1,0.0,0.1331719128329297,0.0065745077024014,2.6975036261807754,0.2372881355932204,-1.9131203262323224,1.0333333333333334,0.0229629629629629,46.49999999999999,0.3290670932906709,0.8364163583641636,0.1676832316768323,DEPLETED,D.melanogaster|ECM_PAIRWISE|MIRNA_ALL,0.9577179686611492,NOT_SIGNIFICANT
D.melanogaster,MIRNA_ALL,ECM,ECM_PAIRWISE,,Ras85D_EBC_MEL_ECM_0008,Ras85D_EBC_MEL_ECM_0009,39,29,30,22,3,7,27,0.7586206896551724,0.1,7.586206896551723,28.285714285714285,6.5361882059001415,122.40798573254618,2.440523822271372e-07,1.8935421635379972,1.0333333333333334,0.0229629629629629,44.43333333333333,0.3333666633336666,0.160983901609839,0.8394160583941606,ENRICHED,D.melanogaster|ECM_PAIRWISE|MIRNA_ALL,0.9577179686611492,NOT_SIGNIFICANT
D.melanogaster,MIRNA_ALL,ECM,ECM_PAIRWISE,,Ras85D_EBC_MEL_ECM_0009,Ras85D_EBC_MEL_ECM_0012,39,30,30,3,20,27,10,0.1,0.6666666666666666,0.15,0.0555555555555555,0.0135110000426045,0.2284375503925653,1.0979873400083272e-05,-1.7676619176489945,1.0,0.0222222222222222,44.99999999999999,0.3350664933506649,0.8327167283271673,0.1682831716828317,DEPLETED,D.melanogaster|ECM_PAIRWISE|MIRNA_ALL,0.9577179686611492,NOT_SIGNIFICANT
D.melanogaster,MIRNA_ALL,ECM,ECM_PAIRWISE,,Ras85D_EBC_MEL_ECM_0009,Ras85D_EBC_MEL_ECM_0010,39,30,30,3,14,27,16,0.1,0.4666666666666667,0.2142857142857143,0.1269841269841269,0.0315693756483309,0.510778822031389,0.0034211649722403,-1.421385680931161,1.0,0.024390243902439,41.00000000000001,0.3546645335466453,0.8214178582141786,0.1797820217978202,DEPLETED,D.melanogaster|ECM_PAIRWISE|MIRNA_ALL,0.9577179686611492,NOT_SIGNIFICANT
D.melanogaster,MIRNA_ALL,ECM,ECM_PAIRWISE,,Ras85D_EBC_MEL_ECM_0009,Ras85D_EBC_MEL_ECM_0011,39,30,30,3,16,27,14,0.1,0.5333333333333333,0.1875,0.0972222222222222,0.0241703032307533,0.3910650356177823,0.0006310253578028,-1.550597412411167,1.0,0.0222222222222222,44.99999999999999,0.3610638936106389,0.81991800819918,0.1805819418058194,DEPLETED,D.melanogaster|ECM_PAIRWISE|MIRNA_ALL,0.9577179686611492,NOT_SIGNIFICANT
D.melanogaster,MIRNA_ALL,ECM,ECM_PAIRWISE,,Ras85D_EBC_MEL_ECM_0001,Ras85D_EBC_MEL_ECM_0009,39,30,30,0,3,30,27,0.0,0.1,0.0,0.1288056206088993,0.0063634645714747,2.6072099112195763,0.2372881355932203,-1.9459101490553132,0.8612670408981555,0.0204081632653061,38.99999999999999,0.3775622437756224,0.7653234676532347,0.2406759324067593,DEPLETED,D.melanogaster|ECM_PAIRWISE|MIRNA_ALL,0.9577179686611492,NOT_SIGNIFICANT
D.melanogaster,MIRNA_ALL,ECM,ECM_PAIRWISE,,Ras85D_EBC_MEL_ECM_0009,Ras85D_EBC_MEL_ECM_0014,39,30,30,3,13,27,17,0.1,0.4333333333333333,0.2307692307692307,0.1452991452991453,0.0360322175958404,0.5859156897159524,0.0074097830383369,-1.349926716949016,1.0,0.0222222222222222,44.99999999999999,0.3824617538246175,0.8065193480651934,0.1944805519448055,DEPLETED,D.melanogaster|ECM_PAIRWISE|MIRNA_ALL,0.9577179686611492,NOT_SIGNIFICANT
D.melanogaster,MIRNA_ALL,ECM,ECM_PAIRWISE,,Ras85D_EBC_MEL_ECM_0002,Ras85D_EBC_MEL_ECM_0009,39,30,30,13,3,17,27,0.4333333333333333,0.1,4.333333333333333,6.882352941176471,1.7067301960880967,27.75294074920994,0.0074097830383369,1.349926716949016,1.0,0.0222222222222222,44.99999999999999,0.3826617338266173,0.1926807319268073,0.8081191880811919,ENRICHED,D.melanogaster|ECM_PAIRWISE|MIRNA_ALL,0.9577179686611492,NOT_SIGNIFICANT
D.melanogaster,MIRNA_ALL,ECM,ECM_PAIRWISE,,Ras85D_EBC_MEL_ECM_0006,Ras85D_EBC_MEL_ECM_0007,39,30,29,8,25,22,4,0.2666666666666666,0.8620689655172413,0.3093333333333333,0.0581818181818181,0.0153878710067338,0.2199865053106308,4.83435737816767e-06,-1.1314021114911006,0.967741935483871,0.02615518744551,37.74193548387097,0.4060593940605939,0.8048195180481952,0.2055794420557944,DEPLETED,D.melanogaster|ECM_PAIRWISE|MIRNA_ALL,0.9577179686611492,NOT_SIGNIFICANT
D.melanogaster,MIRNA_ALL,ECM,ECM_PAIRWISE,,Ras85D_EBC_MEL_ECM_0003,Ras85D_EBC_MEL_ECM_0009,39,29,30,11,3,18,27,0.3793103448275862,0.1,3.7931034482758617,5.5,1.3440397509737942,22.5067748019231,0.0153316216973899,1.2223738896968277,1.0333333333333334,0.0229629629629629,46.49999999999999,0.4078592140785921,0.2031796820317968,0.7974202579742026,ENRICHED,D.melanogaster|ECM_PAIRWISE|MIRNA_ALL,0.9577179686611492,NOT_SIGNIFICANT
D.melanogaster,MIRNA_ALL,ECM,ECM_PAIRWISE,,Ras85D_EBC_MEL_ECM_0004,Ras85D_EBC_MEL_ECM_0009,39,30,30,11,3,19,27,0.3666666666666666,0.1,3.666666666666666,5.2105263157894735,1.2783933938876022,21.237269073311285,0.0303414212619112,1.1895840668738364,1.0,0.0232558139534883,44.99999999999999,0.4097590240975902,0.2106789321067893,0.7902209779022098,ENRICHED,D.melanogaster|ECM_PAIRWISE|MIRNA_ALL,0.9577179686611492,NOT_SIGNIFICANT
D.melanogaster,MIRNA_ALL,ECM,ECM_PAIRWISE,,Ras85D_EBC_MEL_ECM_0007,Ras85D_EBC_MEL_ECM_0013,39,29,29,25,7,4,22,0.8620689655172413,0.2413793103448276,3.571428571428571,19.642857142857142,5.064098669902852,76.19161116031256,3.508269268229294e-06,1.2237754316221157,1.0,0.0222222222222222,44.99999999999999,0.422957704229577,0.2144785521447855,0.7873212678732127,ENRICHED,D.melanogaster|ECM_PAIRWISE|MIRNA_ALL,0.9577179686611492,NOT_SIGNIFICANT
D.melanogaster,MIRNA_ALL,ECM,ECM_PAIRWISE,,Ras85D_EBC_MEL_ECM_0013,Ras85D_EBC_MEL_ECM_0016,39,29,30,7,24,22,6,0.2413793103448276,0.8,0.3017241379310345,0.0795454545454545,0.0231483918194765,0.2733442300522659,2.2672724439932294e-05,-1.1509802741854256,1.0333333333333334,0.0219858156028368,46.49999999999999,0.4355564443555644,0.7789221077892211,0.2222777722227777,DEPLETED,D.melanogaster|ECM_PAIRWISE|MIRNA_ALL,0.9577179686611492,NOT_SIGNIFICANT
D.melanogaster,MIRNA_ALL,ECM,ECM_PAIRWISE,,Ras85D_EBC_MEL_ECM_0013,Ras85D_EBC_MEL_ECM_0015,39,29,30,7,23,22,7,0.2413793103448276,0.7666666666666667,0.3148425787106447,0.0968379446640316,0.0291762154257202,0.321412060814689,7.640708652799933e-05,-1.1093075777848578,1.0333333333333334,0.0229629629629629,46.49999999999999,0.4502549745025497,0.7767223277672233,0.2256774322567743,DEPLETED,D.melanogaster|ECM_PAIRWISE|MIRNA_ALL,0.9577179686611492,NOT_SIGNIFICANT
D.melanogaster,MIRNA_ALL,ECM,ECM_PAIRWISE,,Ras85D_EBC_MEL_ECM_0009,Ras85D_EBC_MEL_ECM_0017,39,30,30,3,10,27,20,0.1,0.3333333333333333,0.3,0.2222222222222222,0.054044000170418,0.9137502015702617,0.057466273332082,-1.0986122886681096,1.0,0.0222222222222222,44.99999999999999,0.4548545145485451,0.7781221877812219,0.2251774822517748,DEPLETED,D.melanogaster|ECM_PAIRWISE|MIRNA_ALL,0.9577179686611492,NOT_SIGNIFICANT
D.melanogaster,MIRNA_ALL,ECM,ECM_PAIRWISE,,Ras85D_EBC_MEL_ECM_0008,Ras85D_EBC_MEL_ECM_0013,39,29,29,22,7,7,22,0.7586206896551724,0.2413793103448276,3.1428571428571423,9.877551020408164,2.966608842339077,32.88806153622824,0.0001780247357212,1.0986122886681098,1.0,0.0222222222222222,44.99999999999999,0.4586541345865413,0.2280771922807719,0.7812218778122187,ENRICHED,D.melanogaster|ECM_PAIRWISE|MIRNA_ALL,0.9577179686611492,NOT_SIGNIFICANT
D.melanogaster,MIRNA_ALL,ECM,ECM_PAIRWISE,,Ras85D_EBC_MEL_ECM_0006,Ras85D_EBC_MEL_ECM_0016,39,30,30,8,24,22,6,0.2666666666666666,0.8,0.3333333333333333,0.0909090909090909,0.0272094242912277,0.3037353058800956,7.293288208265017e-05,-1.0586069540544103,1.0,0.0222222222222222,44.99999999999999,0.4606539346065393,0.7717228277172283,0.2288771122887711,DEPLETED,D.melanogaster|ECM_PAIRWISE|MIRNA_ALL,0.9577179686611492,NOT_SIGNIFICANT
D.melanogaster,MIRNA_ALL,ECM,ECM_PAIRWISE,,Ras85D_EBC_MEL_ECM_0006,Ras85D_EBC_MEL_ECM_0015,39,30,30,8,23,22,7,0.2666666666666666,0.7666666666666667,0.3478260869565217,0.1106719367588932,0.0343233240222959,0.3568499827699718,0.0002308933775311,-1.0169342576538425,1.0,0.0232558139534883,46.99999999999999,0.4641535846415358,0.7698230176982301,0.2311768823117688,DEPLETED,D.melanogaster|ECM_PAIRWISE|MIRNA_ALL,0.9577179686611492,NOT_SIGNIFICANT
D.melanogaster,MIRNA_ALL,ECM,ECM_PAIRWISE,,Ras85D_EBC_MEL_ECM_0006,Ras85D_EBC_MEL_ECM_0008,39,30,29,8,22,22,7,0.2666666666666666,0.7586206896551724,0.3515151515151515,0.1157024793388429,0.0357674743964921,0.3742803748667335,0.0002308933775311,-1.0062389685370947,0.967741935483871,0.0225056264066016,43.54838709677419,0.4810518948105189,0.7667233276672333,0.2340765923407659,DEPLETED,D.melanogaster|ECM_PAIRWISE|MIRNA_ALL,0.9577179686611492,NOT_SIGNIFICANT
D.melanogaster,MIRNA_ALL,ECM,ECM_PAIRWISE,,Ras85D_EBC_MEL_ECM_0012,Ras85D_EBC_MEL_ECM_0013,39,30,29,20,7,10,22,0.6666666666666666,0.2413793103448276,2.7619047619047614,6.285714285714286,2.0102396962108484,19.65447411873641,0.0016033945713174,0.9727320427791069,0.967741935483871,0.0225056264066016,45.48387096774193,0.4856514348565143,0.2491750824917508,0.7536246375362464,ENRICHED,D.melanogaster|ECM_PAIRWISE|MIRNA_ALL,0.9577179686611492,NOT_SIGNIFICANT
D.melanogaster,MIRNA_ALL,ECM,ECM_PAIRWISE,,Ras85D_EBC_MEL_ECM_0016,Ras85D_EBC_MEL_ECM_0017,39,30,30,24,10,6,20,0.8,0.3333333333333333,2.4000000000000004,8.0,2.474818158322692,25.860485864293143,0.0005737261565417,0.8472978603872037,1.0,0.024390243902439,41.00000000000001,0.4891510848915108,0.2473752624737526,0.7570242975702429,ENRICHED,D.melanogaster|ECM_PAIRWISE|MIRNA_ALL,0.9577179686611492,NOT_SIGNIFICANT
D.melanogaster,MIRNA_ALL,ECM,ECM_PAIRWISE,,Ras85D_EBC_MEL_ECM_0007,Ras85D_EBC_MEL_ECM_0017,39,29,30,25,10,4,20,0.8620689655172413,0.3333333333333333,2.586206896551724,12.5,3.406249138421605,45.87157123580323,4.9044094827959375e-05,0.9200930178238936,1.0333333333333334,0.0229629629629629,46.49999999999999,0.5010498950104989,0.2514748525147485,0.7495250474952505,ENRICHED,D.melanogaster|ECM_PAIRWISE|MIRNA_ALL,0.9577179686611492,NOT_SIGNIFICANT
D.melanogaster,MIRNA_ALL,ECM,ECM_PAIRWISE,,Ras85D_EBC_MEL_ECM_0006,Ras85D_EBC_MEL_ECM_0009,39,30,30,8,3,22,27,0.2666666666666666,0.1,2.6666666666666665,3.272727272727273,0.7743153958888637,13.832533691723452,0.1805804037737828,0.8873031950009027,1.0,0.0222222222222222,44.99999999999999,0.5061493850614939,0.2542745725427457,0.7466253374662534,ENRICHED,D.melanogaster|ECM_PAIRWISE|MIRNA_ALL,0.9577179686611492,NOT_SIGNIFICANT
D.melanogaster,MIRNA_ALL,ECM,ECM_PAIRWISE,,Ras85D_EBC_MEL_ECM_0006,Ras85D_EBC_MEL_ECM_0012,39,30,30,8,20,22,10,0.2666666666666666,0.6666666666666666,0.4,0.1818181818181818,0.0599479432697503,0.5514426256613604,0.0040254555015283,-0.8803587226480918,1.0,0.0222222222222222,46.99999999999999,0.5084491550844915,0.7453254674532547,0.2555744425557444,DEPLETED,D.melanogaster|ECM_PAIRWISE|MIRNA_ALL,0.9577179686611492,NOT_SIGNIFICANT
D.melanogaster,MIRNA_ALL,ECM,ECM_PAIRWISE,,Ras85D_EBC_MEL_ECM_0004,Ras85D_EBC_MEL_ECM_0007,39,30,29,11,25,19,4,0.3666666666666666,0.8620689655172413,0.4253333333333333,0.0926315789473684,0.0254850377399806,0.3366920428303461,0.0001390140727483,-0.8291212396181669,0.967741935483871,0.0225056264066016,43.54838709677419,0.5244475552444755,0.7453254674532547,0.2555744425557444,DEPLETED,D.melanogaster|ECM_PAIRWISE|MIRNA_ALL,0.9577179686611492,NOT_SIGNIFICANT
D.melanogaster,MIRNA_ALL,ECM,ECM_PAIRWISE,,Ras85D_EBC_MEL_ECM_0015,Ras85D_EBC_MEL_ECM_0017,39,30,30,23,10,7,20,0.7666666666666667,0.3333333333333333,2.3000000000000003,6.571428571428571,2.108634113081162,20.47945312156941,0.0016033945713174,0.8056251639866356,1.0,0.0212765957446808,44.99999999999999,0.5355464453554645,0.2697730226977302,0.7308269173082692,ENRICHED,D.melanogaster|ECM_PAIRWISE|MIRNA_ALL,0.9577179686611492,NOT_SIGNIFICANT
D.melanogaster,MIRNA_ALL,ECM,ECM_PAIRWISE,,Ras85D_EBC_MEL_ECM_0003,Ras85D_EBC_MEL_ECM_0007,39,29,29,11,25,18,4,0.3793103448275862,0.8620689655172413,0.44,0.0977777777777777,0.0267842518594411,0.3569445910728523,0.0003198667674957,-0.7963314167951759,1.0,0.0232558139534883,44.99999999999999,0.5391460853914608,0.7313268673132687,0.2695730426957304,DEPLETED,D.melanogaster|ECM_PAIRWISE|MIRNA_ALL,0.9577179686611492,NOT_SIGNIFICANT
D.melanogaster,MIRNA_ALL,ECM,ECM_PAIRWISE,,Ras85D_EBC_MEL_ECM_0008,Ras85D_EBC_MEL_ECM_0017,39,29,30,22,10,7,20,0.7586206896551724,0.3333333333333333,2.2758620689655173,6.285714285714286,2.010239696210849,19.6544741187364,0.0016033945713174,0.7949298748698876,1.0333333333333334,0.0229629629629629,46.49999999999999,0.5421457854214579,0.2692730726927307,0.7324267573242675,ENRICHED,D.melanogaster|ECM_PAIRWISE|MIRNA_ALL,0.9577179686611492,NOT_SIGNIFICANT
D.melanogaster,MIRNA_ALL,ECM,ECM_PAIRWISE,,Ras85D_EBC_MEL_ECM_0004,Ras85D_EBC_MEL_ECM_0016,39,30,30,11,24,19,6,0.3666666666666666,0.8,0.4583333333333332,0.1447368421052631,0.045252839862708,0.4629268246182999,0.0014305830891172,-0.7563260821814769,1.0,0.0222222222222222,44.99999999999999,0.5537446255374463,0.7306269373062694,0.2701729827017298,DEPLETED,D.melanogaster|ECM_PAIRWISE|MIRNA_ALL,0.9577179686611492,NOT_SIGNIFICANT
D.melanogaster,MIRNA_ALL,ECM,ECM_PAIRWISE,,Ras85D_EBC_MEL_ECM_0009,Ras85D_EBC_MEL_ECM_0013,39,30,29,3,7,27,22,0.1,0.2413793103448276,0.4142857142857143,0.3492063492063492,0.0806936815543227,1.5112097004018044,0.1805804037737829,-0.7949298748698876,0.967741935483871,0.021505376344086,43.54838709677419,0.5549445055494451,0.7262273772622738,0.275972402759724,DEPLETED,D.melanogaster|ECM_PAIRWISE|MIRNA_ALL,0.9577179686611492,NOT_SIGNIFICANT
D.melanogaster,MIRNA_ALL,ECM,ECM_PAIRWISE,,Ras85D_EBC_MEL_ECM_0011,Ras85D_EBC_MEL_ECM_0013,39,30,29,16,7,14,22,0.5333333333333333,0.2413793103448276,2.209523809523809,3.591836734693877,1.1806273868912165,10.927487598494196,0.0325942029399336,0.7556675375412792,0.967741935483871,0.021505376344086,45.48387096774193,0.5636436356364364,0.2844715528447155,0.7191280871912809,ENRICHED,D.melanogaster|ECM_PAIRWISE|MIRNA_ALL,0.9577179686611492,NOT_SIGNIFICANT
D.melanogaster,MIRNA_ALL,ECM,ECM_PAIRWISE,,Ras85D_EBC_MEL_ECM_0003,Ras85D_EBC_MEL_ECM_0016,39,29,30,11,24,18,6,0.3793103448275862,0.8,0.4741379310344827,0.1527777777777778,0.0475371724916371,0.4910062622429266,0.0014305830891172,-0.723536259358486,1.0333333333333334,0.0229629629629629,44.43333333333333,0.5664433556644336,0.7192280771922808,0.2811718828117188,DEPLETED,D.melanogaster|ECM_PAIRWISE|MIRNA_ALL,0.9577179686611492,NOT_SIGNIFICANT
D.melanogaster,MIRNA_ALL,ECM,ECM_PAIRWISE,,Ras85D_EBC_MEL_ECM_0004,Ras85D_EBC_MEL_ECM_0008,39,30,29,11,22,19,7,0.3666666666666666,0.7586206896551724,0.4833333333333333,0.1842105263157894,0.0595603069152878,0.5697337667148623,0.0037563376203938,-0.703958096664161,0.967741935483871,0.0225056264066016,45.48387096774193,0.575942405759424,0.7253274672532747,0.274972502749725,DEPLETED,D.melanogaster|ECM_PAIRWISE|MIRNA_ALL,0.9577179686611492,NOT_SIGNIFICANT
D.melanogaster,MIRNA_ALL,ECM,ECM_PAIRWISE,,Ras85D_EBC_MEL_ECM_0004,Ras85D_EBC_MEL_ECM_0015,39,30,30,11,23,19,7,0.3666666666666666,0.7666666666666667,0.4782608695652173,0.1762013729977116,0.0571628756459816,0.5431308956280828,0.0037563376203938,-0.714653385780909,1.0,0.0222222222222222,44.99999999999999,0.5775422457754225,0.7186281371862814,0.281971802819718,DEPLETED,D.melanogaster|ECM_PAIRWISE|MIRNA_ALL,0.9577179686611492,NOT_SIGNIFICANT
D.melanogaster,MIRNA_ALL,ECM,ECM_PAIRWISE,,Ras85D_EBC_MEL_ECM_0012,Ras85D_EBC_MEL_ECM_0017,39,30,30,20,10,10,20,0.6666666666666666,0.3333333333333333,2.0,4.0,1.3671908337620873,11.702828606576402,0.0193831882617899,0.6690496289808848,1.0,0.0232558139534883,44.99999999999999,0.5871412858714129,0.2938706129387061,0.7073292670732927,ENRICHED,D.melanogaster|ECM_PAIRWISE|MIRNA_ALL,0.9577179686611492,NOT_SIGNIFICANT
D.melanogaster,MIRNA_ALL,ECM,ECM_PAIRWISE,,Ras85D_EBC_MEL_ECM_0003,Ras85D_EBC_MEL_ECM_0008,39,29,29,11,22,18,7,0.3793103448275862,0.7586206896551724,0.5,0.1944444444444444,0.0625579446912559,0.6043779437113341,0.0074273815374087,-0.67116827384117,1.0,0.0232558139534883,44.99999999999999,0.5898410158984102,0.7087291270872913,0.2924707529247075,DEPLETED,D.melanogaster|ECM_PAIRWISE|MIRNA_ALL,0.9577179686611492,NOT_SIGNIFICANT
D.melanogaster,MIRNA_ALL,ECM,ECM_PAIRWISE,,Ras85D_EBC_MEL_ECM_0003,Ras85D_EBC_MEL_ECM_0015,39,29,30,11,23,18,7,0.3793103448275862,0.7666666666666667,0.4947526236881558,0.1859903381642512,0.0600389646188998,0.5761659300760671,0.0037563376203938,-0.6818635629579181,1.0333333333333334,0.0229629629629629,46.49999999999999,0.5923407659234077,0.7068293170682932,0.293970602939706,DEPLETED,D.melanogaster|ECM_PAIRWISE|MIRNA_ALL,0.9577179686611492,NOT_SIGNIFICANT
D.melanogaster,MIRNA_ALL,ECM,ECM_PAIRWISE,,Ras85D_EBC_MEL_ECM_0002,Ras85D_EBC_MEL_ECM_0007,39,30,29,13,25,17,4,0.4333333333333333,0.8620689655172413,0.5026666666666667,0.1223529411764706,0.0340566158799774,0.4395692827288271,0.0009162440773562,-0.6687785895429875,0.967741935483871,0.0225056264066016,43.54838709677419,0.5932406759324068,0.7054294570542946,0.2953704629537046,DEPLETED,D.melanogaster|ECM_PAIRWISE|MIRNA_ALL,0.9577179686611492,NOT_SIGNIFICANT
D.melanogaster,MIRNA_ALL,ECM,ECM_PAIRWISE,,Ras85D_EBC_MEL_ECM_0007,Ras85D_EBC_MEL_ECM_0014,39,29,30,25,13,4,17,0.8620689655172413,0.4333333333333333,1.989389920424403,8.173076923076923,2.274954231997384,29.36287044855564,0.0009162440773562,0.6687785895429875,1.0333333333333334,0.0219858156028368,46.49999999999999,0.5941405859414058,0.2918708129187081,0.7097290270972902,ENRICHED,D.melanogaster|ECM_PAIRWISE|MIRNA_ALL,0.9577179686611492,NOT_SIGNIFICANT
D.melanogaster,MIRNA_ALL,ECM,ECM_PAIRWISE,,Ras85D_EBC_MEL_ECM_0006,Ras85D_EBC_MEL_ECM_0011,39,30,30,8,16,22,14,0.2666666666666666,0.5333333333333333,0.5,0.3181818181818182,0.1079073305727224,0.9382093772884014,0.0640723959997879,-0.6632942174102642,1.0,0.0222222222222222,44.99999999999999,0.5980401959804019,0.7011298870112989,0.2996700329967003,DEPLETED,D.melanogaster|ECM_PAIRWISE|MIRNA_ALL,0.9577179686611492,NOT_SIGNIFICANT
D.melanogaster,MIRNA_ALL,ECM,ECM_PAIRWISE,,Ras85D_EBC_MEL_ECM_0010,Ras85D_EBC_MEL_ECM_0013,39,30,29,14,7,16,22,0.4666666666666667,0.2413793103448276,1.9333333333333331,2.75,0.9039178430885874,8.366357692597122,0.1033351171720726,0.626455806061273,0.967741935483871,0.021505376344086,45.48387096774193,0.6187381261873812,0.3177682231776822,0.686031396860314,ENRICHED,D.melanogaster|ECM_PAIRWISE|MIRNA_ALL,0.9577179686611492,NOT_SIGNIFICANT
D.melanogaster,MIRNA_ALL,ECM,ECM_PAIRWISE,,Ras85D_EBC_MEL_ECM_0002,Ras85D_EBC_MEL_ECM_0016,39,30,30,13,24,17,6,0.4333333333333333,0.8,0.5416666666666666,0.1911764705882352,0.0605514677699559,0.6035930135571177,0.0072747867830942,-0.5959834321062975,1.0,0.0222222222222222,46.99999999999999,0.6217378262173783,0.6916308369163083,0.3091690830916908,DEPLETED,D.melanogaster|ECM_PAIRWISE|MIRNA_ALL,0.9577179686611492,NOT_SIGNIFICANT
D.melanogaster,MIRNA_ALL,ECM,ECM_PAIRWISE,,Ras85D_EBC_MEL_ECM_0014,Ras85D_EBC_MEL_ECM_0016,39,30,30,13,24,17,6,0.4333333333333333,0.8,0.5416666666666666,0.1911764705882352,0.0605514677699559,0.6035930135571177,0.0072747867830942,-0.5959834321062975,1.0,0.0222222222222222,44.99999999999999,0.6241375862413758,0.6919308069193081,0.3097690230976902,DEPLETED,D.melanogaster|ECM_PAIRWISE|MIRNA_ALL,0.9577179686611492,NOT_SIGNIFICANT
D.melanogaster,MIRNA_ALL,ECM,ECM_PAIRWISE,,Ras85D_EBC_MEL_ECM_0007,Ras85D_EBC_MEL_ECM_0010,39,29,30,25,14,4,16,0.8620689655172413,0.4666666666666667,1.8472906403940883,7.142857142857143,1.9936374365729583,25.59161822872309,0.0021521918620873,0.5973196255608426,1.0333333333333334,0.0219858156028368,44.43333333333333,0.6262373762623737,0.3138686131386861,0.686931306869313,ENRICHED,D.melanogaster|ECM_PAIRWISE|MIRNA_ALL,0.9577179686611492,NOT_SIGNIFICANT
D.melanogaster,MIRNA_ALL,ECM,ECM_PAIRWISE,,Ras85D_EBC_MEL_ECM_0014,Ras85D_EBC_MEL_ECM_0015,39,30,30,13,23,17,7,0.4333333333333333,0.7666666666666667,0.5652173913043478,0.2327365728900255,0.0765208109246681,0.7078638047095305,0.0168551064100064,-0.5543107357057294,1.0,0.024390243902439,43.0,0.6292370762923708,0.6924307569243076,0.3086691330866913,DEPLETED,D.melanogaster|ECM_PAIRWISE|MIRNA_ALL,0.9577179686611492,NOT_SIGNIFICANT
D.melanogaster,MIRNA_ALL,ECM,ECM_PAIRWISE,,Ras85D_EBC_MEL_ECM_0004,Ras85D_EBC_MEL_ECM_0012,39,30,30,11,20,19,10,0.3666666666666666,0.6666666666666666,0.55,0.2894736842105263,0.1000978568599215,0.8371309484445761,0.0378872128952835,-0.578077850775158,1.0,0.0222222222222222,45.04999999999927,0.6412358764123588,0.6858314168583142,0.3152684731526847,DEPLETED,D.melanogaster|ECM_PAIRWISE|MIRNA_ALL,0.9577179686611492,NOT_SIGNIFICANT
D.melanogaster,MIRNA_ALL,ECM,ECM_PAIRWISE,,Ras85D_EBC_MEL_ECM_0013,Ras85D_EBC_MEL_ECM_0014,39,29,30,7,13,22,17,0.2413793103448276,0.4333333333333333,0.5570291777188329,0.4160839160839161,0.1363377199174749,1.269830721303834,0.1702217031692847,-0.5549968420791281,1.0333333333333334,0.0229629629629629,44.43333333333333,0.642035796420358,0.6785321467853215,0.3262673732626737,DEPLETED,D.melanogaster|ECM_PAIRWISE|MIRNA_ALL,0.9577179686611492,NOT_SIGNIFICANT
D.melanogaster,MIRNA_ALL,ECM,ECM_PAIRWISE,,Ras85D_EBC_MEL_ECM_0003,Ras85D_EBC_MEL_ECM_0012,39,29,30,11,20,18,10,0.3793103448275862,0.6666666666666666,0.5689655172413793,0.3055555555555556,0.1051028818088821,0.888312441333784,0.0378872128952834,-0.5452880279521671,1.0333333333333334,0.0229629629629629,44.43333333333333,0.6495350464953504,0.6731326867313269,0.3277672232776722,DEPLETED,D.melanogaster|ECM_PAIRWISE|MIRNA_ALL,0.9577179686611492,NOT_SIGNIFICANT
D.melanogaster,MIRNA_ALL,ECM,ECM_PAIRWISE,,Ras85D_EBC_MEL_ECM_0002,Ras85D_EBC_MEL_ECM_0015,39,30,30,13,23,17,7,0.4333333333333333,0.7666666666666667,0.5652173913043478,0.2327365728900255,0.0765208109246681,0.7078638047095305,0.0168551064100064,-0.5543107357057294,1.0,0.0222222222222222,44.99999999999999,0.6514348565143485,0.6798320167983202,0.3210678932106789,DEPLETED,D.melanogaster|ECM_PAIRWISE|MIRNA_ALL,0.9577179686611492,NOT_SIGNIFICANT
D.melanogaster,MIRNA_ALL,ECM,ECM_PAIRWISE,,Ras85D_EBC_MEL_ECM_0002,Ras85D_EBC_MEL_ECM_0013,39,30,29,13,7,17,22,0.4333333333333333,0.2413793103448276,1.7952380952380953,2.403361344537815,0.7875065417957616,7.334727327149807,0.1702217031692847,0.5549968420791281,0.967741935483871,0.021505376344086,43.54838709677419,0.656034396560344,0.3353664633536646,0.6702329767023297,ENRICHED,D.melanogaster|ECM_PAIRWISE|MIRNA_ALL,0.9577179686611492,NOT_SIGNIFICANT
D.melanogaster,MIRNA_ALL,ECM,ECM_PAIRWISE,,Ras85D_EBC_MEL_ECM_0010,Ras85D_EBC_MEL_ECM_0016,39,30,30,14,24,16,6,0.4666666666666667,0.8,0.5833333333333333,0.21875,0.0694958962137026,0.6885523477940989,0.0149806960482192,-0.5245244681241525,1.0,0.0222222222222222,44.99999999999999,0.6577342265773423,0.6747325267473253,0.325967403259674,DEPLETED,D.melanogaster|ECM_PAIRWISE|MIRNA_ALL,0.9577179686611492,NOT_SIGNIFICANT
D.melanogaster,MIRNA_ALL,ECM,ECM_PAIRWISE,,Ras85D_EBC_MEL_ECM_0006,Ras85D_EBC_MEL_ECM_0010,39,30,30,8,14,22,16,0.2666666666666666,0.4666666666666667,0.5714285714285714,0.4155844155844156,0.1409401868704946,1.2254163295195448,0.1798688069188826,-0.534082485930258,1.0,0.0221985815602837,44.99999999999999,0.6597340265973403,0.6677332266773323,0.3342665733426657,DEPLETED,D.melanogaster|ECM_PAIRWISE|MIRNA_ALL,0.9577179686611492,NOT_SIGNIFICANT
D.melanogaster,MIRNA_ALL,ECM,ECM_PAIRWISE,,Ras85D_EBC_MEL_ECM_0008,Ras85D_EBC_MEL_ECM_0014,39,29,30,22,13,7,17,0.7586206896551724,0.4333333333333333,1.7506631299734747,4.1098901098901095,1.346682784490977,12.54281773696032,0.0168551064100064,0.5436154465889816,1.0333333333333332,0.0219858156028368,44.43333333333333,0.6604339566043396,0.3236676332366763,0.6816318368163183,ENRICHED,D.melanogaster|ECM_PAIRWISE|MIRNA_ALL,0.9577179686611492,NOT_SIGNIFICANT
D.melanogaster,MIRNA_ALL,ECM,ECM_PAIRWISE,,Ras85D_EBC_MEL_ECM_0002,Ras85D_EBC_MEL_ECM_0008,39,30,29,13,22,17,7,0.4333333333333333,0.7586206896551724,0.5712121212121213,0.2433155080213903,0.0797269019586618,0.7425653698973979,0.0168551064100064,-0.5436154465889815,0.967741935483871,0.0225056264066016,45.48387096774193,0.6633336666333367,0.6813318668133187,0.3250674932506749,DEPLETED,D.melanogaster|ECM_PAIRWISE|MIRNA_ALL,0.9577179686611492,NOT_SIGNIFICANT
D.melanogaster,MIRNA_ALL,ECM,ECM_PAIRWISE,,Ras85D_EBC_MEL_ECM_0010,Ras85D_EBC_MEL_ECM_0015,39,30,30,14,23,16,7,0.4666666666666667,0.7666666666666667,0.608695652173913,0.266304347826087,0.0878331653889893,0.8074171681847155,0.0325942029399336,-0.4828517717235845,1.0,0.0222222222222222,44.99999999999999,0.687031296870313,0.6644335566443356,0.3361663833616638,DEPLETED,D.melanogaster|ECM_PAIRWISE|MIRNA_ALL,0.9577179686611492,NOT_SIGNIFICANT
D.melanogaster,MIRNA_ALL,ECM,ECM_PAIRWISE,,Ras85D_EBC_MEL_ECM_0007,Ras85D_EBC_MEL_ECM_0011,39,29,30,25,16,4,14,0.8620689655172413,0.5333333333333333,1.6163793103448274,5.46875,1.5263786623761713,19.59358270636612,0.0101229709088794,0.4681078940808363,1.0333333333333334,0.0229629629629629,44.484999999999246,0.6894310568943106,0.3437656234376562,0.6583341665833417,ENRICHED,D.melanogaster|ECM_PAIRWISE|MIRNA_ALL,0.9577179686611492,NOT_SIGNIFICANT
D.melanogaster,MIRNA_ALL,ECM,ECM_PAIRWISE,,Ras85D_EBC_MEL_ECM_0006,Ras85D_EBC_MEL_ECM_0014,39,30,30,8,13,22,17,0.2666666666666666,0.4333333333333333,0.6153846153846153,0.4755244755244755,0.160748916691953,1.406687718189438,0.2789124054147543,-0.4626235219481131,1.0,0.0222222222222222,44.99999999999999,0.6935306469353064,0.6516348365163483,0.3503649635036496,DEPLETED,D.melanogaster|ECM_PAIRWISE|MIRNA_ALL,0.9577179686611492,NOT_SIGNIFICANT
D.melanogaster,MIRNA_ALL,ECM,ECM_PAIRWISE,,Ras85D_EBC_MEL_ECM_0008,Ras85D_EBC_MEL_ECM_0010,39,29,30,22,14,7,16,0.7586206896551724,0.4666666666666667,1.6256157635467978,3.591836734693877,1.1806273868912165,10.927487598494196,0.0325942029399336,0.4721564826068365,1.0333333333333334,0.0219858156028368,44.43333333333333,0.696030396960304,0.3408659134086591,0.6606339366063394,ENRICHED,D.melanogaster|ECM_PAIRWISE|MIRNA_ALL,0.9577179686611492,NOT_SIGNIFICANT
D.melanogaster,MIRNA_ALL,ECM,ECM_PAIRWISE,,Ras85D_EBC_MEL_ECM_0002,Ras85D_EBC_MEL_ECM_0006,39,30,30,13,8,17,22,0.4333333333333333,0.2666666666666666,1.625,2.1029411764705883,0.7108898350851532,6.220881736430757,0.2789124054147543,0.462623521948113,1.0,0.0222222222222222,44.99999999999999,0.6965303469653035,0.3485651434856514,0.653034696530347,ENRICHED,D.melanogaster|ECM_PAIRWISE|MIRNA_ALL,0.9577179686611492,NOT_SIGNIFICANT
D.melanogaster,MIRNA_ALL,ECM,ECM_PAIRWISE,,Ras85D_EBC_MEL_ECM_0011,Ras85D_EBC_MEL_ECM_0017,39,30,30,16,10,14,20,0.5333333333333333,0.3333333333333333,1.6,2.2857142857142856,0.8043615568575607,6.495200760624539,0.192316886243639,0.4519851237430572,1.0,0.0222222222222222,44.99999999999999,0.6978302169783022,0.3533646635336466,0.6477352264773523,ENRICHED,D.melanogaster|ECM_PAIRWISE|MIRNA_ALL,0.9577179686611492,NOT_SIGNIFICANT
D.melanogaster,MIRNA_ALL,ECM,ECM_PAIRWISE,,Ras85D_EBC_MEL_ECM_0003,Ras85D_EBC_MEL_ECM_0013,39,29,29,11,7,18,22,0.3793103448275862,0.2413793103448276,1.5714285714285712,1.9206349206349207,0.6179192904197527,5.969773974618077,0.3949762781049456,0.4274440148269396,1.0,0.0232558139534883,44.99999999999999,0.7152284771522848,0.3606639336066393,0.6423357664233577,ENRICHED,D.melanogaster|ECM_PAIRWISE|MIRNA_ALL,0.9577179686611492,NOT_SIGNIFICANT
D.melanogaster,MIRNA_ALL,ECM,ECM_PAIRWISE,,Ras85D_EBC_MEL_ECM_0012,Ras85D_EBC_MEL_ECM_0014,39,30,30,20,13,10,17,0.6666666666666666,0.4333333333333333,1.5384615384615383,2.6153846153846154,0.9173078429326926,7.456860572042917,0.1187648991920185,0.4177352006999786,1.0,0.0221985815602837,44.99999999999999,0.7214278572142786,0.3581641835816418,0.6438356164383562,ENRICHED,D.melanogaster|ECM_PAIRWISE|MIRNA_ALL,0.9577179686611492,NOT_SIGNIFICANT
D.melanogaster,MIRNA_ALL,ECM,ECM_PAIRWISE,,Ras85D_EBC_MEL_ECM_0002,Ras85D_EBC_MEL_ECM_0012,39,30,30,13,20,17,10,0.4333333333333333,0.6666666666666666,0.65,0.3823529411764705,0.1341046933007137,1.090146571518385,0.1187648991920185,-0.4177352006999786,1.0,0.0222222222222222,44.99999999999999,0.728027197280272,0.639036096390361,0.3621637836216378,DEPLETED,D.melanogaster|ECM_PAIRWISE|MIRNA_ALL,0.9577179686611492,NOT_SIGNIFICANT
D.melanogaster,MIRNA_ALL,ECM,ECM_PAIRWISE,,Ras85D_EBC_MEL_ECM_0011,Ras85D_EBC_MEL_ECM_0016,39,30,30,16,24,14,6,0.5333333333333333,0.8,0.6666666666666666,0.2857142857142857,0.0907701501566728,0.8993336787514762,0.053897205782829,-0.3953127366441464,1.0,0.0222222222222222,44.99999999999999,0.7287271272872713,0.6387361263873612,0.3621637836216378,DEPLETED,D.melanogaster|ECM_PAIRWISE|MIRNA_ALL,0.9577179686611492,NOT_SIGNIFICANT
D.melanogaster,MIRNA_ALL,ECM,ECM_PAIRWISE,,Ras85D_EBC_MEL_ECM_0004,Ras85D_EBC_MEL_ECM_0013,39,30,29,11,7,19,22,0.3666666666666666,0.2413793103448276,1.519047619047619,1.8195488721804511,0.5883099703469241,5.627574348775377,0.3985089768298216,0.3946541920039487,0.967741935483871,0.0225056264066016,45.48387096774193,0.7316268373162683,0.3755624437556244,0.6274372562743725,ENRICHED,D.melanogaster|ECM_PAIRWISE|MIRNA_ALL,0.9577179686611492,NOT_SIGNIFICANT
D.melanogaster,MIRNA_ALL,ECM,ECM_PAIRWISE,,Ras85D_EBC_MEL_ECM_0004,Ras85D_EBC_MEL_ECM_0011,39,30,30,11,16,19,14,0.3666666666666666,0.5333333333333333,0.6875,0.506578947368421,0.180412038156738,1.4224229853993977,0.2993015946823596,-0.3610133455373305,1.0,0.0212765957446808,44.99999999999999,0.7497250274972502,0.6334366563343665,0.3683631636836316,DEPLETED,D.melanogaster|ECM_PAIRWISE|MIRNA_ALL,0.9577179686611492,NOT_SIGNIFICANT
D.melanogaster,MIRNA_ALL,ECM,ECM_PAIRWISE,,Ras85D_EBC_MEL_ECM_0010,Ras85D_EBC_MEL_ECM_0012,39,30,30,14,20,16,10,0.4666666666666667,0.6666666666666666,0.7000000000000001,0.4375,0.1539598292422675,1.243222020588291,0.192316886243639,-0.3462762367178338,1.0,0.0222222222222222,44.99999999999999,0.7515248475152485,0.6258374162583742,0.3758624137586241,DEPLETED,D.melanogaster|ECM_PAIRWISE|MIRNA_ALL,0.9577179686611492,NOT_SIGNIFICANT
D.melanogaster,MIRNA_ALL,ECM,ECM_PAIRWISE,,Ras85D_EBC_MEL_ECM_0011,Ras85D_EBC_MEL_ECM_0015,39,30,30,16,23,14,7,0.5333333333333333,0.7666666666666667,0.6956521739130435,0.3478260869565217,0.1147208690794962,1.0545856890575875,0.1033351171720727,-0.3536400402435783,1.0,0.0222222222222222,44.99999999999999,0.7522247775222478,0.628937106289371,0.3717628237176282,DEPLETED,D.melanogaster|ECM_PAIRWISE|MIRNA_ALL,0.9577179686611492,NOT_SIGNIFICANT
D.melanogaster,MIRNA_ALL,ECM,ECM_PAIRWISE,,Ras85D_EBC_MEL_ECM_0008,Ras85D_EBC_MEL_ECM_0011,39,29,30,22,16,7,14,0.7586206896551724,0.5333333333333333,1.4224137931034482,2.75,0.9039178430885874,8.366357692597122,0.1033351171720727,0.3429447511268304,1.0333333333333334,0.0229629629629629,44.43333333333333,0.761023897610239,0.3770622937706229,0.6237376262373763,ENRICHED,D.melanogaster|ECM_PAIRWISE|MIRNA_ALL,0.9577179686611492,NOT_SIGNIFICANT
D.melanogaster,MIRNA_ALL,ECM,ECM_PAIRWISE,,Ras85D_EBC_MEL_ECM_0003,Ras85D_EBC_MEL_ECM_0006,39,29,30,11,8,18,22,0.3793103448275862,0.2666666666666666,1.4224137931034482,1.6805555555555556,0.5575133273716473,5.065828629825634,0.4117565970481059,0.3350706946959246,1.0333333333333334,0.0229629629629629,46.49999999999999,0.7637236276372362,0.3825617438256174,0.6183381661833817,ENRICHED,D.melanogaster|ECM_PAIRWISE|MIRNA_ALL,0.9577179686611492,NOT_SIGNIFICANT
D.melanogaster,MIRNA_ALL,ECM,ECM_PAIRWISE,,Ras85D_EBC_MEL_ECM_0003,Ras85D_EBC_MEL_ECM_0011,39,29,30,11,16,18,14,0.3793103448275862,0.5333333333333333,0.7112068965517241,0.5347222222222222,0.1894044911706134,1.5096149683204236,0.2993015946823597,-0.3282235227143396,1.0333333333333334,0.0229629629629629,44.43333333333333,0.7647235276472353,0.6226377362263774,0.3782621737826217,DEPLETED,D.melanogaster|ECM_PAIRWISE|MIRNA_ALL,0.9577179686611492,NOT_SIGNIFICANT
D.melanogaster,MIRNA_ALL,ECM,ECM_PAIRWISE,,Ras85D_EBC_MEL_ECM_0010,Ras85D_EBC_MEL_ECM_0017,39,30,30,14,10,16,20,0.4666666666666667,0.3333333333333333,1.4,1.75,0.61583931696907,4.972888082353163,0.4295691931947636,0.322773392263051,1.0,0.0222222222222222,44.99999999999999,0.7684231576842315,0.3916608339166083,0.6102389761023898,ENRICHED,D.melanogaster|ECM_PAIRWISE|MIRNA_ALL,0.9577179686611492,NOT_SIGNIFICANT
D.melanogaster,MIRNA_ALL,ECM,ECM_PAIRWISE,,Ras85D_EBC_MEL_ECM_0013,Ras85D_EBC_MEL_ECM_0017,39,29,30,7,10,22,20,0.2413793103448276,0.3333333333333333,0.7241379310344829,0.6363636363636364,0.203516002302338,1.9898124624340567,0.5674897325030488,-0.303682413798222,1.0333333333333334,0.0229629629629629,46.49999999999999,0.777922207779222,0.6131386861313869,0.38996100389961,DEPLETED,D.melanogaster|ECM_PAIRWISE|MIRNA_ALL,0.9577179686611492,NOT_SIGNIFICANT
D.melanogaster,MIRNA_ALL,ECM,ECM_PAIRWISE,,Ras85D_EBC_MEL_ECM_0004,Ras85D_EBC_MEL_ECM_0006,39,30,30,11,8,19,22,0.3666666666666666,0.2666666666666666,1.375,1.5921052631578947,0.530872073099799,4.774783412836544,0.5795597864797081,0.3022808718729337,1.0,0.0232558139534883,44.99999999999999,0.7837216278372163,0.3961603839616038,0.605039496050395,ENRICHED,D.melanogaster|ECM_PAIRWISE|MIRNA_ALL,0.9577179686611492,NOT_SIGNIFICANT
D.melanogaster,MIRNA_ALL,ECM,ECM_PAIRWISE,,Ras85D_EBC_MEL_ECM_0007,Ras85D_EBC_MEL_ECM_0012,39,29,30,25,20,4,10,0.8620689655172413,0.6666666666666666,1.293103448275862,3.125,0.8515622846054012,11.467892808950806,0.1252784035075089,0.2510433888430088,1.0333333333333334,0.0229629629629629,44.43333333333333,0.801019898010199,0.400959904009599,0.5995400459954005,ENRICHED,D.melanogaster|ECM_PAIRWISE|MIRNA_ALL,0.9577179686611492,NOT_SIGNIFICANT
D.melanogaster,MIRNA_ALL,ECM,ECM_PAIRWISE,,Ras85D_EBC_MEL_ECM_0014,Ras85D_EBC_MEL_ECM_0017,39,30,30,13,10,17,20,0.4333333333333333,0.3333333333333333,1.3,1.5294117647058822,0.5364187732028548,4.36058628607354,0.5959098408345824,0.2513144282809061,1.0,0.0222222222222222,44.99999999999999,0.8075192480751925,0.4107589241075892,0.5917408259174083,ENRICHED,D.melanogaster|ECM_PAIRWISE|MIRNA_ALL,0.9577179686611492,NOT_SIGNIFICANT
D.melanogaster,MIRNA_ALL,ECM,ECM_PAIRWISE,,Ras85D_EBC_MEL_ECM_0002,Ras85D_EBC_MEL_ECM_0017,39,30,30,13,10,17,20,0.4333333333333333,0.3333333333333333,1.3,1.5294117647058822,0.5364187732028548,4.36058628607354,0.5959098408345824,0.2513144282809061,1.0,0.0222222222222222,44.99999999999999,0.8111188881111889,0.4104589541045895,0.5917408259174083,ENRICHED,D.melanogaster|ECM_PAIRWISE|MIRNA_ALL,0.9577179686611492,NOT_SIGNIFICANT
D.melanogaster,MIRNA_ALL,ECM,ECM_PAIRWISE,,Ras85D_EBC_MEL_ECM_0004,Ras85D_EBC_MEL_ECM_0010,39,30,30,11,14,19,16,0.3666666666666666,0.4666666666666667,0.7857142857142857,0.6616541353383458,0.2356402131026783,1.857858593174724,0.6009504665206372,-0.2318016140573243,1.0,0.0232558139534883,44.99999999999999,0.8203179682031797,0.5926407359264073,0.4091590840915908,DEPLETED,D.melanogaster|ECM_PAIRWISE|MIRNA_ALL,0.9577179686611492,NOT_SIGNIFICANT
D.melanogaster,MIRNA_ALL,ECM,ECM_PAIRWISE,,Ras85D_EBC_MEL_ECM_0011,Ras85D_EBC_MEL_ECM_0012,39,30,30,16,20,14,10,0.5333333333333333,0.6666666666666666,0.8,0.5714285714285714,0.2010903892143901,1.6238001901561347,0.4295691931947636,-0.2170645052378275,1.0,0.0212765957446808,44.99999999999999,0.82991700829917,0.5905409459054095,0.4103589641035896,DEPLETED,D.melanogaster|ECM_PAIRWISE|MIRNA_ALL,0.9577179686611492,NOT_SIGNIFICANT
D.melanogaster,MIRNA_ALL,ECM,ECM_PAIRWISE,,Ras85D_EBC_MEL_ECM_0011,Ras85D_EBC_MEL_ECM_0014,39,30,30,16,13,14,17,0.5333333333333333,0.4333333333333333,1.2307692307692306,1.4945054945054943,0.5400801670208915,4.135583584613864,0.6058071732731874,0.200670695462151,1.0,0.0222222222222222,44.99999999999999,0.8371162883711629,0.4144585541445855,0.5882411758824118,ENRICHED,D.melanogaster|ECM_PAIRWISE|MIRNA_ALL,0.9577179686611492,NOT_SIGNIFICANT
D.melanogaster,MIRNA_ALL,ECM,ECM_PAIRWISE,,Ras85D_EBC_MEL_ECM_0006,Ras85D_EBC_MEL_ECM_0017,39,30,30,8,10,22,20,0.2666666666666666,0.3333333333333333,0.8,0.7272727272727273,0.2397917730790015,2.205770502645441,0.7787156770945833,-0.2113090936672069,1.0,0.0222222222222222,46.99999999999999,0.8414158584141586,0.5849415058494151,0.4161583841615838,DEPLETED,D.melanogaster|ECM_PAIRWISE|MIRNA_ALL,0.9577179686611492,NOT_SIGNIFICANT
D.melanogaster,MIRNA_ALL,ECM,ECM_PAIRWISE,,Ras85D_EBC_MEL_ECM_0002,Ras85D_EBC_MEL_ECM_0011,39,30,30,13,16,17,14,0.4333333333333333,0.5333333333333333,0.8125,0.6691176470588235,0.2418038420793686,1.8515769714634192,0.6058071732731874,-0.2006706954621511,1.0,0.0222222222222222,44.99999999999999,0.8418158184181582,0.5864413558644136,0.4165583441655834,DEPLETED,D.melanogaster|ECM_PAIRWISE|MIRNA_ALL,0.9577179686611492,NOT_SIGNIFICANT
D.melanogaster,MIRNA_ALL,ECM,ECM_PAIRWISE,,Ras85D_EBC_MEL_ECM_0003,Ras85D_EBC_MEL_ECM_0010,39,29,30,11,14,18,16,0.3793103448275862,0.4666666666666667,0.8128078817733989,0.6984126984126984,0.2473854578554951,1.9717419994389207,0.6009504665206371,-0.1990117912343333,1.0333333333333334,0.0229629629629629,46.49999999999999,0.8439156084391561,0.5775422457754225,0.4243575642435756,DEPLETED,D.melanogaster|ECM_PAIRWISE|MIRNA_ALL,0.9577179686611492,NOT_SIGNIFICANT
D.melanogaster,MIRNA_ALL,ECM,ECM_PAIRWISE,,Ras85D_EBC_MEL_ECM_0012,Ras85D_EBC_MEL_ECM_0016,39,30,30,20,24,10,6,0.6666666666666666,0.8,0.8333333333333333,0.5,0.1546761348951683,1.616280366518322,0.38165411884707,-0.1782482314063187,1.0,0.0232558139534883,44.99999999999999,0.8512148785121488,0.5735426457354265,0.4272572742725727,DEPLETED,D.melanogaster|ECM_PAIRWISE|MIRNA_ALL,0.9577179686611492,NOT_SIGNIFICANT
D.melanogaster,MIRNA_ALL,ECM,ECM_PAIRWISE,,Ras85D_EBC_MEL_ECM_0002,Ras85D_EBC_MEL_ECM_0004,39,30,30,13,11,17,19,0.4333333333333333,0.3666666666666666,1.181818181818182,1.320855614973262,0.4688211295627289,3.721375692332051,0.7924942425907314,0.1603426500751792,1.0,0.0222222222222222,44.99999999999999,0.8564143585641436,0.4252574742525747,0.5771422857714229,ENRICHED,D.melanogaster|ECM_PAIRWISE|MIRNA_ALL,0.9577179686611492,NOT_SIGNIFICANT
D.melanogaster,MIRNA_ALL,ECM,ECM_PAIRWISE,,Ras85D_EBC_MEL_ECM_0004,Ras85D_EBC_MEL_ECM_0014,39,30,30,11,13,19,17,0.3666666666666666,0.4333333333333333,0.846153846153846,0.757085020242915,0.2687178298231256,2.1330096639046614,0.7924942425907314,-0.1603426500751793,1.0,0.0222222222222222,46.99999999999999,0.8678132186781322,0.5725427457254274,0.428957104289571,DEPLETED,D.melanogaster|ECM_PAIRWISE|MIRNA_ALL,0.9577179686611492,NOT_SIGNIFICANT
D.melanogaster,MIRNA_ALL,ECM,ECM_PAIRWISE,,Ras85D_EBC_MEL_ECM_0003,Ras85D_EBC_MEL_ECM_0014,39,29,30,11,13,18,17,0.3793103448275862,0.4333333333333333,0.8753315649867374,0.7991452991452992,0.2821167585773663,2.263719505237737,0.7924942425907313,-0.1275528272521884,1.0333333333333334,0.0229629629629629,44.43333333333333,0.8767123287671232,0.5601439856014399,0.4416558344165583,DEPLETED,D.melanogaster|ECM_PAIRWISE|MIRNA_ALL,0.9577179686611492,NOT_SIGNIFICANT
D.melanogaster,MIRNA_ALL,ECM,ECM_PAIRWISE,,Ras85D_EBC_MEL_ECM_0012,Ras85D_EBC_MEL_ECM_0015,39,30,30,20,23,10,7,0.6666666666666666,0.7666666666666667,0.8695652173913042,0.6086956521739131,0.1953177155784063,1.896962576478074,0.567489732503049,-0.1365755350057508,1.0,0.0222222222222222,46.99999999999999,0.8785121487851215,0.563043695630437,0.4376562343765623,DEPLETED,D.melanogaster|ECM_PAIRWISE|MIRNA_ALL,0.9577179686611492,NOT_SIGNIFICANT
D.melanogaster,MIRNA_ALL,ECM,ECM_PAIRWISE,,Ras85D_EBC_MEL_ECM_0002,Ras85D_EBC_MEL_ECM_0003,39,30,29,13,11,17,18,0.4333333333333333,0.3793103448275862,1.1424242424242426,1.2513368983957218,0.4417508431085323,3.544631680311061,0.7924942425907314,0.1275528272521885,0.967741935483871,0.021505376344086,43.54838709677419,0.8801119888011198,0.4424557544245575,0.5593440655934406,ENRICHED,D.melanogaster|ECM_PAIRWISE|MIRNA_ALL,0.9577179686611492,NOT_SIGNIFICANT
D.melanogaster,MIRNA_ALL,ECM,ECM_PAIRWISE,,Ras85D_EBC_MEL_ECM_0010,Ras85D_EBC_MEL_ECM_0011,39,30,30,14,16,16,14,0.4666666666666667,0.5333333333333333,0.875,0.765625,0.2776318960922113,2.111362739208857,0.7965456378184194,-0.1292117314800062,1.0,0.0222222222222222,44.99999999999999,0.8808119188081192,0.5654434556544345,0.4361563843615638,DEPLETED,D.melanogaster|ECM_PAIRWISE|MIRNA_ALL,0.9577179686611492,NOT_SIGNIFICANT
D.melanogaster,MIRNA_ALL,ECM,ECM_PAIRWISE,,Ras85D_EBC_MEL_ECM_0003,Ras85D_EBC_MEL_ECM_0017,39,29,30,11,10,18,20,0.3793103448275862,0.3333333333333333,1.137931034482759,1.2222222222222223,0.4204115272355282,3.553249765335137,0.7891703517397818,0.1237616010287177,1.0333333333333334,0.0229629629629629,46.49999999999999,0.8812118788121188,0.4464553544645535,0.5544445555444456,ENRICHED,D.melanogaster|ECM_PAIRWISE|MIRNA_ALL,0.9577179686611492,NOT_SIGNIFICANT
D.melanogaster,MIRNA_ALL,ECM,ECM_PAIRWISE,,Ras85D_EBC_MEL_ECM_0007,Ras85D_EBC_MEL_ECM_0008,39,29,29,25,22,4,7,0.8620689655172413,0.7586206896551724,1.1363636363636362,1.9886363636363635,0.5126876752587596,7.713613526560563,0.5044979262807406,0.125163142954006,1.0,0.024390243902439,41.00000000000001,0.8818118188181182,0.4508549145085491,0.5524447555244476,ENRICHED,D.melanogaster|ECM_PAIRWISE|MIRNA_ALL,0.9577179686611492,NOT_SIGNIFICANT
D.melanogaster,MIRNA_ALL,ECM,ECM_PAIRWISE,,Ras85D_EBC_MEL_ECM_0007,Ras85D_EBC_MEL_ECM_0015,39,29,30,25,23,4,7,0.8620689655172413,0.7666666666666667,1.124437781109445,1.9021739130434785,0.4917735644281626,7.357584581982319,0.5061775943272466,0.114467853837258,1.0333333333333334,0.0229629629629629,44.484999999999246,0.8833116688331167,0.4453554644535546,0.5548445155484452,ENRICHED,D.melanogaster|ECM_PAIRWISE|MIRNA_ALL,0.9577179686611492,NOT_SIGNIFICANT
D.melanogaster,MIRNA_ALL,ECM,ECM_PAIRWISE,,Ras85D_EBC_MEL_ECM_0008,Ras85D_EBC_MEL_ECM_0012,39,29,30,22,20,7,10,0.7586206896551724,0.6666666666666666,1.137931034482759,1.5714285714285714,0.5025599240527121,4.9136185296841015,0.5674897325030488,0.1258802458890029,1.0333333333333334,0.0229629629629629,44.43333333333333,0.8858114188581142,0.4427557244275572,0.5581441855814419,ENRICHED,D.melanogaster|ECM_PAIRWISE|MIRNA_ALL,0.9577179686611492,NOT_SIGNIFICANT
D.melanogaster,MIRNA_ALL,ECM,ECM_PAIRWISE,,Ras85D_EBC_MEL_ECM_0004,Ras85D_EBC_MEL_ECM_0017,39,30,30,11,10,19,20,0.3666666666666666,0.3333333333333333,1.1,1.1578947368421053,0.400391427439686,3.348523793778305,1.0,0.0909717782057267,1.0,0.0232558139534883,44.99999999999999,0.9101089891010898,0.4570542945705429,0.5441455854414559,ENRICHED,D.melanogaster|ECM_PAIRWISE|MIRNA_ALL,0.9577179686611492,NOT_SIGNIFICANT
D.melanogaster,MIRNA_ALL,ECM,ECM_PAIRWISE,,Ras85D_EBC_MEL_ECM_0006,Ras85D_EBC_MEL_ECM_0013,39,30,29,8,7,22,22,0.2666666666666666,0.2413793103448276,1.1047619047619046,1.1428571428571428,0.3532950532224941,3.696973498683653,1.0,0.092373320131015,0.967741935483871,0.021505376344086,43.54838709677419,0.9114088591140886,0.4587541245875412,0.5444455554444556,ENRICHED,D.melanogaster|ECM_PAIRWISE|MIRNA_ALL,0.9577179686611492,NOT_SIGNIFICANT
D.melanogaster,MIRNA_ALL,ECM,ECM_PAIRWISE,,Ras85D_EBC_MEL_ECM_0002,Ras85D_EBC_MEL_ECM_0010,39,30,30,13,14,17,16,0.4333333333333333,0.4666666666666667,0.9285714285714286,0.8739495798319328,0.3158254263893795,2.418386248442017,1.0,-0.0714589639821448,1.0,0.0222222222222222,44.99999999999999,0.9123087691230876,0.5413458654134586,0.4611538846115388,DEPLETED,D.melanogaster|ECM_PAIRWISE|MIRNA_ALL,0.9577179686611492,NOT_SIGNIFICANT
D.melanogaster,MIRNA_ALL,ECM,ECM_PAIRWISE,,Ras85D_EBC_MEL_ECM_0007,Ras85D_EBC_MEL_ECM_0016,39,29,30,25,24,4,6,0.8620689655172413,0.8,1.0775862068965516,1.5625,0.3916720571507247,6.233291871164781,0.7306423241784981,0.07279515743669,1.0333333333333334,0.0229629629629629,44.43333333333333,0.9173082691730828,0.4581541845815418,0.5420457954204579,ENRICHED,D.melanogaster|ECM_PAIRWISE|MIRNA_ALL,0.9577179686611492,NOT_SIGNIFICANT
D.melanogaster,MIRNA_ALL,ECM,ECM_PAIRWISE,,Ras85D_EBC_MEL_ECM_0008,Ras85D_EBC_MEL_ECM_0016,39,29,30,22,24,7,6,0.7586206896551724,0.8,0.9482758620689654,0.7857142857142857,0.2286494212372781,2.699971578475442,0.7610684967280271,-0.0523679855173159,1.0333333333333332,0.0219858156028368,44.43333333333333,0.92010798920108,0.5291470852914708,0.4713528647135286,DEPLETED,D.melanogaster|ECM_PAIRWISE|MIRNA_ALL,0.9577179686611492,NOT_SIGNIFICANT
D.melanogaster,MIRNA_ALL,ECM,ECM_PAIRWISE,,Ras85D_EBC_MEL_ECM_0010,Ras85D_EBC_MEL_ECM_0014,39,30,30,14,13,16,17,0.4666666666666667,0.4333333333333333,1.0769230769230769,1.1442307692307692,0.41349887787537,3.1663061819699894,1.0,0.0714589639821448,1.0,0.0222222222222222,44.99999999999999,0.9225077492250776,0.4633536646335366,0.539046095390461,ENRICHED,D.melanogaster|ECM_PAIRWISE|MIRNA_ALL,0.9577179686611492,NOT_SIGNIFICANT
D.melanogaster,MIRNA_ALL,ECM,ECM_PAIRWISE,,Ras85D_EBC_MEL_ECM_0015,Ras85D_EBC_MEL_ECM_0016,39,30,30,23,24,7,6,0.7666666666666667,0.8,0.9583333333333334,0.8214285714285714,0.2397797347375675,2.814019703114918,1.0,-0.0416726964005679,1.0,0.0222222222222222,44.99999999999999,0.941005899410059,0.525947405259474,0.4746525347465253,DEPLETED,D.melanogaster|ECM_PAIRWISE|MIRNA_ALL,0.9695212296952124,NOT_SIGNIFICANT
D.melanogaster,MIRNA_ALL,ECM,ECM_PAIRWISE,,Ras85D_EBC_MEL_ECM_0003,Ras85D_EBC_MEL_ECM_0004,39,29,30,11,11,18,19,0.3793103448275862,0.3666666666666666,1.0344827586206895,1.0555555555555556,0.3673520025459706,3.033051468733361,1.0,0.0327898228229909,1.0333333333333332,0.0229629629629629,44.43333333333333,0.9758024197580242,0.4986501349865013,0.5481451854814519,ENRICHED,D.melanogaster|ECM_PAIRWISE|MIRNA_ALL,0.9978130006548218,NOT_SIGNIFICANT
D.melanogaster,MIRNA_ALL,ECM,ECM_PAIRWISE,,Ras85D_EBC_MEL_ECM_0001,Ras85D_EBC_MEL_ECM_0005,39,30,29,0,0,30,29,0.0,0.0,,0.9672131147540984,0.0185761440341053,50.3603550680254,1.0,-0.0327898228229908,0.8538899430740038,0.0197498354180381,37.74193548387097,0.994100589941006,0.4682531746825317,0.6049395060493951,NEUTRAL,D.melanogaster|ECM_PAIRWISE|MIRNA_ALL,1.0,NOT_SIGNIFICANT
D.melanogaster,MIRNA_ALL,ECM,ECM_PAIRWISE,,Ras85D_EBC_MEL_ECM_0008,Ras85D_EBC_MEL_ECM_0015,39,29,30,22,23,7,7,0.7586206896551724,0.7666666666666667,0.9895052473763116,0.9565217391304348,0.288189556449971,3.174764029271622,1.0,-0.0106952891167479,1.0333333333333334,0.0229629629629629,46.49999999999999,0.9993000699930008,0.5234476552344766,0.4774522547745225,DEPLETED,D.melanogaster|ECM_PAIRWISE|MIRNA_ALL,1.0,NOT_SIGNIFICANT
D.melanogaster,MIRNA_ALL,ECM,ECM_PAIRWISE,,Ras85D_EBC_MEL_ECM_0002,Ras85D_EBC_MEL_ECM_0014,39,30,30,13,13,17,17,0.4333333333333333,0.4333333333333333,1.0,1.0,0.3601415223264216,2.7766862136314,1.0,0.0,1.0,0.0222222222222222,44.99999999999999,1.0,0.5288471152884712,0.5309469053094691,NEUTRAL,D.melanogaster|ECM_PAIRWISE|MIRNA_ALL,1.0,NOT_SIGNIFICANT
D.melanogaster,MIRNA_CONSERVED,ECM,ECM_PAIRWISE,,Ras85D_EBC_MEL_ECM_0001,Ras85D_EBC_MEL_ECM_0012,6,30,30,0,8,30,22,0.0,0.2666666666666666,0.0,0.0433944069431051,0.0023787298179737,0.7916302808815294,0.0045750623906919,-2.833213344056216,1.0,0.0588235294117647,17.0,0.0553944605539446,0.9868013198680132,0.02999700029997,DEPLETED,D.melanogaster|ECM_PAIRWISE|MIRNA_CONSERVED,0.6072410940724109,NOT_SIGNIFICANT
D.melanogaster,MIRNA_CONSERVED,ECM,ECM_PAIRWISE,,Ras85D_EBC_MEL_ECM_0008,Ras85D_EBC_MEL_ECM_0012,6,29,30,0,8,29,22,0.0,0.2666666666666666,0.0,0.0448654037886341,0.0024575575223594,0.8190670772925268,0.0045750623906919,-2.800423521233225,1.0333333333333334,0.0607843137254902,17.566666666666666,0.055994400559944,0.9872012798720128,0.0305969403059694,DEPLETED,D.melanogaster|ECM_PAIRWISE|MIRNA_CONSERVED,0.6072410940724109,NOT_SIGNIFICANT
D.melanogaster,MIRNA_CONSERVED,ECM,ECM_PAIRWISE,,Ras85D_EBC_MEL_ECM_0012,Ras85D_EBC_MEL_ECM_0013,6,30,29,8,0,22,29,0.2666666666666666,0.0,inf,22.288888888888888,1.22090122741297,406.90807474566776,0.0045750623906919,2.800423521233225,0.967741935483871,0.0569259962049335,16.4516129032258,0.0586941305869413,0.0298970102989701,0.9871012898710128,ENRICHED,D.melanogaster|ECM_PAIRWISE|MIRNA_CONSERVED,0.6072410940724109,NOT_SIGNIFICANT
D.melanogaster,MIRNA_CONSERVED,ECM,ECM_PAIRWISE,,Ras85D_EBC_MEL_ECM_0002,Ras85D_EBC_MEL_ECM_0012,6,30,30,0,8,30,22,0.0,0.2666666666666666,0.0,0.0433944069431051,0.0023787298179737,0.7916302808815294,0.0045750623906919,-2.833213344056216,1.0,0.0588235294117647,17.0,0.058994100589941,0.987901209879012,0.0293970602939706,DEPLETED,D.melanogaster|ECM_PAIRWISE|MIRNA_CONSERVED,0.6072410940724109,NOT_SIGNIFICANT
D.melanogaster,MIRNA_CONSERVED,ECM,ECM_PAIRWISE,,Ras85D_EBC_MEL_ECM_0005,Ras85D_EBC_MEL_ECM_0012,6,29,30,0,8,29,22,0.0,0.2666666666666666,0.0,0.0448654037886341,0.0024575575223594,0.8190670772925268,0.0045750623906919,-2.800423521233225,1.0333333333333334,0.0607843137254902,17.566666666666666,0.0595940405959404,0.9871012898710128,0.0301969803019698,DEPLETED,D.melanogaster|ECM_PAIRWISE|MIRNA_CONSERVED,0.6072410940724109,NOT_SIGNIFICANT
D.melanogaster,MIRNA_CONSERVED,ECM,ECM_PAIRWISE,,Ras85D_EBC_MEL_ECM_0010,Ras85D_EBC_MEL_ECM_0012,6,30,30,0,8,30,22,0.0,0.2666666666666666,0.0,0.0433944069431051,0.0023787298179737,0.7916302808815294,0.0045750623906919,-2.833213344056216,1.0,0.0588235294117647,17.0,0.0601939806019398,0.9878012198780122,0.02999700029997,DEPLETED,D.melanogaster|ECM_PAIRWISE|MIRNA_CONSERVED,0.6072410940724109,NOT_SIGNIFICANT
D.melanogaster,MIRNA_CONSERVED,ECM,ECM_PAIRWISE,,Ras85D_EBC_MEL_ECM_0009,Ras85D_EBC_MEL_ECM_0012,6,30,30,0,8,30,22,0.0,0.2666666666666666,0.0,0.0433944069431051,0.0023787298179737,0.7916302808815294,0.0045750623906919,-2.833213344056216,1.0,0.0588235294117647,17.0,0.0604939506049395,0.9875012498750124,0.0301969803019698,DEPLETED,D.melanogaster|ECM_PAIRWISE|MIRNA_CONSERVED,0.6072410940724109,NOT_SIGNIFICANT
D.melanogaster,MIRNA_CONSERVED,ECM,ECM_PAIRWISE,,Ras85D_EBC_MEL_ECM_0011,Ras85D_EBC_MEL_ECM_0012,6,30,30,0,8,30,22,0.0,0.2666666666666666,0.0,0.0433944069431051,0.0023787298179737,0.7916302808815294,0.0045750623906919,-2.833213344056216,1.0,0.0588235294117647,17.0,0.0611938806119388,0.9878012198780122,0.02999700029997,DEPLETED,D.melanogaster|ECM_PAIRWISE|MIRNA_CONSERVED,0.6072410940724109,NOT_SIGNIFICANT
D.melanogaster,MIRNA_CONSERVED,ECM,ECM_PAIRWISE,,Ras85D_EBC_MEL_ECM_0012,Ras85D_EBC_MEL_ECM_0017,6,30,30,8,0,22,30,0.2666666666666666,0.0,inf,23.044444444444444,1.2632159533948577,420.3924264302665,0.0045750623906919,2.833213344056216,1.0,0.0588235294117647,17.0,0.0611938806119388,0.030996900309969,0.9868013198680132,ENRICHED,D.melanogaster|ECM_PAIRWISE|MIRNA_CONSERVED,0.6072410940724109,NOT_SIGNIFICANT
D.melanogaster,MIRNA_CONSERVED,ECM,ECM_PAIRWISE,,Ras85D_EBC_MEL_ECM_0012,Ras85D_EBC_MEL_ECM_0014,6,30,30,8,0,22,30,0.2666666666666666,0.0,inf,23.044444444444444,1.2632159533948577,420.3924264302665,0.0045750623906919,2.833213344056216,1.0,0.0588235294117647,17.0,0.061993800619938,0.0305969403059694,0.9867013298670132,ENRICHED,D.melanogaster|ECM_PAIRWISE|MIRNA_CONSERVED,0.6072410940724109,NOT_SIGNIFICANT
D.melanogaster,MIRNA_CONSERVED,ECM,ECM_PAIRWISE,,Ras85D_EBC_MEL_ECM_0004,Ras85D_EBC_MEL_ECM_0012,6,30,30,0,8,30,22,0.0,0.2666666666666666,0.0,0.0433944069431051,0.0023787298179737,0.7916302808815294,0.0045750623906919,-2.833213344056216,1.0,0.0588235294117647,17.0,0.0624937506249375,0.9875012498750124,0.0290970902909709,DEPLETED,D.melanogaster|ECM_PAIRWISE|MIRNA_CONSERVED,0.6072410940724109,NOT_SIGNIFICANT
D.melanogaster,MIRNA_CONSERVED,ECM,ECM_PAIRWISE,,Ras85D_EBC_MEL_ECM_0003,Ras85D_EBC_MEL_ECM_0011,6,29,30,7,0,22,30,0.2413793103448276,0.0,inf,20.33333333333333,1.1031170871808724,374.7965191084506,0.0045750623906919,2.740840023925201,1.0333333333333334,0.0607843137254902,17.566666666666666,0.1415858414158584,0.1098890110988901,0.9713028697130288,ENRICHED,D.melanogaster|ECM_PAIRWISE|MIRNA_CONSERVED,0.6072410940724109,NOT_SIGNIFICANT
D.melanogaster,MIRNA_CONSERVED,ECM,ECM_PAIRWISE,,Ras85D_EBC_MEL_ECM_0001,Ras85D_EBC_MEL_ECM_0003,6,30,29,0,7,30,22,0.0,0.2413793103448276,0.0,0.0491803278688524,0.0026681144274732,0.906522083304503,0.0045750623906919,-2.740840023925201,0.967741935483871,0.0569259962049335,16.4516129032258,0.1428857114288571,0.9688031196880312,0.1172882711728827,DEPLETED,D.melanogaster|ECM_PAIRWISE|MIRNA_CONSERVED,0.6072410940724109,NOT_SIGNIFICANT
D.melanogaster,MIRNA_CONSERVED,ECM,ECM_PAIRWISE,,Ras85D_EBC_MEL_ECM_0003,Ras85D_EBC_MEL_ECM_0017,6,29,30,7,0,22,30,0.2413793103448276,0.0,inf,20.33333333333333,1.1031170871808724,374.7965191084506,0.0045750623906919,2.740840023925201,1.0333333333333334,0.0607843137254902,17.566666666666666,0.1428857114288571,0.1145885411458854,0.9705029497050296,ENRICHED,D.melanogaster|ECM_PAIRWISE|MIRNA_CONSERVED,0.6072410940724109,NOT_SIGNIFICANT
D.melanogaster,MIRNA_CONSERVED,ECM,ECM_PAIRWISE,,Ras85D_EBC_MEL_ECM_0003,Ras85D_EBC_MEL_ECM_0009,6,29,30,7,0,22,30,0.2413793103448276,0.0,inf,20.33333333333333,1.1031170871808724,374.7965191084506,0.0045750623906919,2.740840023925201,1.0333333333333334,0.0607843137254902,17.566666666666666,0.142985701429857,0.1132886711328867,0.9708029197080292,ENRICHED,D.melanogaster|ECM_PAIRWISE|MIRNA_CONSERVED,0.6072410940724109,NOT_SIGNIFICANT
D.melanogaster,MIRNA_CONSERVED,ECM,ECM_PAIRWISE,,Ras85D_EBC_MEL_ECM_0002,Ras85D_EBC_MEL_ECM_0003,6,30,29,0,7,30,22,0.0,0.2413793103448276,0.0,0.0491803278688524,0.0026681144274732,0.906522083304503,0.0045750623906919,-2.740840023925201,0.967741935483871,0.0569259962049335,16.4516129032258,0.1433856614338566,0.9707029297070292,0.1131886811318868,DEPLETED,D.melanogaster|ECM_PAIRWISE|MIRNA_CONSERVED,0.6072410940724109,NOT_SIGNIFICANT
D.melanogaster,MIRNA_CONSERVED,ECM,ECM_PAIRWISE,,Ras85D_EBC_MEL_ECM_0003,Ras85D_EBC_MEL_ECM_0010,6,29,30,7,0,22,30,0.2413793103448276,0.0,inf,20.33333333333333,1.1031170871808724,374.7965191084506,0.0045750623906919,2.740840023925201,1.0333333333333334,0.0607843137254902,17.566666666666666,0.1447855214478552,0.1148885111488851,0.97000299970003,ENRICHED,D.melanogaster|ECM_PAIRWISE|MIRNA_CONSERVED,0.6072410940724109,NOT_SIGNIFICANT
D.melanogaster,MIRNA_CONSERVED,ECM,ECM_PAIRWISE,,Ras85D_EBC_MEL_ECM_0003,Ras85D_EBC_MEL_ECM_0014,6,29,30,7,0,22,30,0.2413793103448276,0.0,inf,20.33333333333333,1.1031170871808724,374.7965191084506,0.0045750623906919,2.740840023925201,1.0333333333333334,0.0607843137254902,17.566666666666666,0.145985401459854,0.1143885611438856,0.96990300969903,ENRICHED,D.melanogaster|ECM_PAIRWISE|MIRNA_CONSERVED,0.6072410940724109,NOT_SIGNIFICANT
D.melanogaster,MIRNA_CONSERVED,ECM,ECM_PAIRWISE,,Ras85D_EBC_MEL_ECM_0003,Ras85D_EBC_MEL_ECM_0004,6,29,30,7,0,22,30,0.2413793103448276,0.0,inf,20.33333333333333,1.1031170871808724,374.7965191084506,0.0045750623906919,2.740840023925201,1.0333333333333334,0.0607843137254902,17.566666666666666,0.1484851514848515,0.1148885111488851,0.97010298970103,ENRICHED,D.melanogaster|ECM_PAIRWISE|MIRNA_CONSERVED,0.6072410940724109,NOT_SIGNIFICANT
D.melanogaster,MIRNA_CONSERVED,ECM,ECM_PAIRWISE,,Ras85D_EBC_MEL_ECM_0003,Ras85D_EBC_MEL_ECM_0008,6,29,29,7,0,22,29,0.2413793103448276,0.0,inf,19.666666666666668,1.066168076887479,362.7737372393655,0.0103818723481086,2.70805020110221,1.0,0.0664705882352943,17.0,0.2182781721827817,0.1114888511148885,0.9712028797120288,ENRICHED,D.melanogaster|ECM_PAIRWISE|MIRNA_CONSERVED,0.6072410940724109,NOT_SIGNIFICANT
D.melanogaster,MIRNA_CONSERVED,ECM,ECM_PAIRWISE,,Ras85D_EBC_MEL_ECM_0013,Ras85D_EBC_MEL_ECM_0016,6,29,30,0,7,29,23,0.0,0.2333333333333333,0.0,0.0531073446327683,0.0028826430787083,0.9784041856501392,0.0105425350742032,-2.6752603782792197,1.0333333333333334,0.0607843137254902,17.566666666666666,0.2242775722427757,0.9691030896910308,0.1166883311668833,DEPLETED,D.melanogaster|ECM_PAIRWISE|MIRNA_CONSERVED,0.6072410940724109,NOT_SIGNIFICANT
D.melanogaster,MIRNA_CONSERVED,ECM,ECM_PAIRWISE,,Ras85D_EBC_MEL_ECM_0003,Ras85D_EBC_MEL_ECM_0013,6,29,29,7,0,22,29,0.2413793103448276,0.0,inf,19.666666666666668,1.066168076887479,362.7737372393655,0.0103818723481086,2.70805020110221,1.0,0.0588235294117647,17.0,0.2254774522547745,0.1152884711528847,0.9712028797120288,ENRICHED,D.melanogaster|ECM_PAIRWISE|MIRNA_CONSERVED,0.6072410940724109,NOT_SIGNIFICANT
D.melanogaster,MIRNA_CONSERVED,ECM,ECM_PAIRWISE,,Ras85D_EBC_MEL_ECM_0005,Ras85D_EBC_MEL_ECM_0016,6,29,30,0,7,29,23,0.0,0.2333333333333333,0.0,0.0531073446327683,0.0028826430787083,0.9784041856501392,0.0105425350742032,-2.6752603782792197,1.0333333333333334,0.0607843137254902,17.566666666666666,0.2303769623037696,0.967903209679032,0.1168883111688831,DEPLETED,D.melanogaster|ECM_PAIRWISE|MIRNA_CONSERVED,0.6072410940724109,NOT_SIGNIFICANT
D.melanogaster,MIRNA_CONSERVED,ECM,ECM_PAIRWISE,,Ras85D_EBC_MEL_ECM_0002,Ras85D_EBC_MEL_ECM_0016,6,30,30,0,7,30,23,0.0,0.2333333333333333,0.0,0.0513661202185792,0.0027901740738659,0.9456321492708198,0.0105425350742032,-2.70805020110221,1.0,0.0588235294117647,17.0,0.2308769123087691,0.9674032596740326,0.1187881211878812,DEPLETED,D.melanogaster|ECM_PAIRWISE|MIRNA_CONSERVED,0.6072410940724109,NOT_SIGNIFICANT
D.melanogaster,MIRNA_CONSERVED,ECM,ECM_PAIRWISE,,Ras85D_EBC_MEL_ECM_0003,Ras85D_EBC_MEL_ECM_0005,6,29,29,7,0,22,29,0.2413793103448276,0.0,inf,19.666666666666668,1.066168076887479,362.7737372393655,0.0103818723481086,2.70805020110221,1.0,0.0588235294117647,17.0,0.2308769123087691,0.1154884511548845,0.9711028897110288,ENRICHED,D.melanogaster|ECM_PAIRWISE|MIRNA_CONSERVED,0.6072410940724109,NOT_SIGNIFICANT
D.melanogaster,MIRNA_CONSERVED,ECM,ECM_PAIRWISE,,Ras85D_EBC_MEL_ECM_0008,Ras85D_EBC_MEL_ECM_0016,6,29,30,0,7,29,23,0.0,0.2333333333333333,0.0,0.0531073446327683,0.0028826430787083,0.9784041856501392,0.0105425350742032,-2.6752603782792197,1.0333333333333334,0.0607843137254902,17.566666666666666,0.2311768823117688,0.9688031196880312,0.11998800119988,DEPLETED,D.melanogaster|ECM_PAIRWISE|MIRNA_CONSERVED,0.6072410940724109,NOT_SIGNIFICANT
D.melanogaster,MIRNA_CONSERVED,ECM,ECM_PAIRWISE,,Ras85D_EBC_MEL_ECM_0008,Ras85D_EBC_MEL_ECM_0015,6,29,30,0,7,29,23,0.0,0.2333333333333333,0.0,0.0531073446327683,0.0028826430787083,0.9784041856501392,0.0105425350742032,-2.6752603782792197,1.0333333333333334,0.0607843137254902,17.566666666666666,0.2321767823217678,0.9709029097090291,0.1221877812218778,DEPLETED,D.melanogaster|ECM_PAIRWISE|MIRNA_CONSERVED,0.6072410940724109,NOT_SIGNIFICANT
D.melanogaster,MIRNA_CONSERVED,ECM,ECM_PAIRWISE,,Ras85D_EBC_MEL_ECM_0009,Ras85D_EBC_MEL_ECM_0016,6,30,30,0,7,30,23,0.0,0.2333333333333333,0.0,0.0513661202185792,0.0027901740738659,0.9456321492708198,0.0105425350742032,-2.70805020110221,1.0,0.0588235294117647,17.0,0.2326767323267673,0.9683031696830317,0.1173882611738826,DEPLETED,D.melanogaster|ECM_PAIRWISE|MIRNA_CONSERVED,0.6072410940724109,NOT_SIGNIFICANT
D.melanogaster,MIRNA_CONSERVED,ECM,ECM_PAIRWISE,,Ras85D_EBC_MEL_ECM_0013,Ras85D_EBC_MEL_ECM_0015,6,29,30,0,7,29,23,0.0,0.2333333333333333,0.0,0.0531073446327683,0.0028826430787083,0.9784041856501392,0.0105425350742032,-2.6752603782792197,1.0333333333333334,0.0607843137254902,17.566666666666666,0.2331766823317668,0.9692030796920308,0.1234876512348765,DEPLETED,D.melanogaster|ECM_PAIRWISE|MIRNA_CONSERVED,0.6072410940724109,NOT_SIGNIFICANT
D.melanogaster,MIRNA_CONSERVED,ECM,ECM_PAIRWISE,,Ras85D_EBC_MEL_ECM_0007,Ras85D_EBC_MEL_ECM_0014,6,29,30,6,0,23,30,0.2068965517241379,0.0,inf,16.872340425531913,0.9042092660694476,314.83405680248126,0.0105425350742032,2.5977391802845275,1.0333333333333334,0.0607843137254902,17.566666666666666,0.2341765823417658,0.1195880411958804,0.8882111788821118,ENRICHED,D.melanogaster|ECM_PAIRWISE|MIRNA_CONSERVED,0.6072410940724109,NOT_SIGNIFICANT
D.melanogaster,MIRNA_CONSERVED,ECM,ECM_PAIRWISE,,Ras85D_EBC_MEL_ECM_0014,Ras85D_EBC_MEL_ECM_0016,6,30,30,0,7,30,23,0.0,0.2333333333333333,0.0,0.0513661202185792,0.0027901740738659,0.9456321492708198,0.0105425350742032,-2.70805020110221,1.0,0.0588235294117647,17.0,0.2341765823417658,0.96990300969903,0.1173882611738826,DEPLETED,D.melanogaster|ECM_PAIRWISE|MIRNA_CONSERVED,0.6072410940724109,NOT_SIGNIFICANT
D.melanogaster,MIRNA_CONSERVED,ECM,ECM_PAIRWISE,,Ras85D_EBC_MEL_ECM_0016,Ras85D_EBC_MEL_ECM_0017,6,30,30,7,0,23,30,0.2333333333333333,0.0,inf,19.46808510638298,1.0574936573075513,358.4005777153745,0.0105425350742032,2.70805020110221,1.0,0.0588235294117647,17.0,0.2341765823417658,0.1176882311768823,0.971002899710029,ENRICHED,D.melanogaster|ECM_PAIRWISE|MIRNA_CONSERVED,0.6072410940724109,NOT_SIGNIFICANT
D.melanogaster,MIRNA_CONSERVED,ECM,ECM_PAIRWISE,,Ras85D_EBC_MEL_ECM_0015,Ras85D_EBC_MEL_ECM_0017,6,30,30,7,0,23,30,0.2333333333333333,0.0,inf,19.46808510638298,1.0574936573075513,358.4005777153745,0.0105425350742032,2.70805020110221,1.0,0.0588235294117647,17.0,0.2344765523447655,0.1210878912108789,0.9714028597140286,ENRICHED,D.melanogaster|ECM_PAIRWISE|MIRNA_CONSERVED,0.6072410940724109,NOT_SIGNIFICANT
D.melanogaster,MIRNA_CONSERVED,ECM,ECM_PAIRWISE,,Ras85D_EBC_MEL_ECM_0002,Ras85D_EBC_MEL_ECM_0007,6,30,29,0,6,30,23,0.0,0.2068965517241379,0.0,0.0592686002522068,0.0031762764491116,1.1059386776104938,0.0105425350742032,-2.5977391802845275,0.967741935483871,0.0569259962049335,16.4516129032258,0.2350764923507649,0.8872112788721128,0.120987901209879,DEPLETED,D.melanogaster|ECM_PAIRWISE|MIRNA_CONSERVED,0.6072410940724109,NOT_SIGNIFICANT
D.melanogaster,MIRNA_CONSERVED,ECM,ECM_PAIRWISE,,Ras85D_EBC_MEL_ECM_0005,Ras85D_EBC_MEL_ECM_0015,6,29,30,0,7,29,23,0.0,0.2333333333333333,0.0,0.0531073446327683,0.0028826430787083,0.9784041856501392,0.0105425350742032,-2.6752603782792197,1.0333333333333334,0.0607843137254902,17.566666666666666,0.2355764423557644,0.97010298970103,0.122987701229877,DEPLETED,D.melanogaster|ECM_PAIRWISE|MIRNA_CONSERVED,0.6072410940724109,NOT_SIGNIFICANT
D.melanogaster,MIRNA_CONSERVED,ECM,ECM_PAIRWISE,,Ras85D_EBC_MEL_ECM_0004,Ras85D_EBC_MEL_ECM_0016,6,30,30,0,7,30,23,0.0,0.2333333333333333,0.0,0.0513661202185792,0.0027901740738659,0.9456321492708198,0.0105425350742032,-2.70805020110221,1.0,0.0588235294117647,17.0,0.2362763723627637,0.967903209679032,0.1166883311668833,DEPLETED,D.melanogaster|ECM_PAIRWISE|MIRNA_CONSERVED,0.6072410940724109,NOT_SIGNIFICANT
D.melanogaster,MIRNA_CONSERVED,ECM,ECM_PAIRWISE,,Ras85D_EBC_MEL_ECM_0002,Ras85D_EBC_MEL_ECM_0015,6,30,30,0,7,30,23,0.0,0.2333333333333333,0.0,0.0513661202185792,0.0027901740738659,0.9456321492708198,0.0105425350742032,-2.70805020110221,1.0,0.0588235294117647,17.0,0.2363763623637636,0.9702029797020298,0.1238876112388761,DEPLETED,D.melanogaster|ECM_PAIRWISE|MIRNA_CONSERVED,0.6072410940724109,NOT_SIGNIFICANT
D.melanogaster,MIRNA_CONSERVED,ECM,ECM_PAIRWISE,,Ras85D_EBC_MEL_ECM_0010,Ras85D_EBC_MEL_ECM_0016,6,30,30,0,7,30,23,0.0,0.2333333333333333,0.0,0.0513661202185792,0.0027901740738659,0.9456321492708198,0.0105425350742032,-2.70805020110221,1.0,0.0588235294117647,17.0,0.2365763423657634,0.9698030196980302,0.1168883111688831,DEPLETED,D.melanogaster|ECM_PAIRWISE|MIRNA_CONSERVED,0.6072410940724109,NOT_SIGNIFICANT
D.melanogaster,MIRNA_CONSERVED,ECM,ECM_PAIRWISE,,Ras85D_EBC_MEL_ECM_0001,Ras85D_EBC_MEL_ECM_0016,6,30,30,0,7,30,23,0.0,0.2333333333333333,0.0,0.0513661202185792,0.0027901740738659,0.9456321492708198,0.0105425350742032,-2.70805020110221,1.0,0.0588235294117647,17.0,0.2367763223677632,0.9677032296770324,0.1217878212178782,DEPLETED,D.melanogaster|ECM_PAIRWISE|MIRNA_CONSERVED,0.6072410940724109,NOT_SIGNIFICANT
D.melanogaster,MIRNA_CONSERVED,ECM,ECM_PAIRWISE,,Ras85D_EBC_MEL_ECM_0007,Ras85D_EBC_MEL_ECM_0009,6,29,30,6,0,23,30,0.2068965517241379,0.0,inf,16.872340425531913,0.9042092660694476,314.83405680248126,0.0105425350742032,2.5977391802845275,1.0333333333333334,0.0607843137254902,17.566666666666666,0.2367763223677632,0.1192880711928807,0.8888111188881112,ENRICHED,D.melanogaster|ECM_PAIRWISE|MIRNA_CONSERVED,0.6072410940724109,NOT_SIGNIFICANT
D.melanogaster,MIRNA_CONSERVED,ECM,ECM_PAIRWISE,,Ras85D_EBC_MEL_ECM_0007,Ras85D_EBC_MEL_ECM_0010,6,29,30,6,0,23,30,0.2068965517241379,0.0,inf,16.872340425531913,0.9042092660694476,314.83405680248126,0.0105425350742032,2.5977391802845275,1.0333333333333334,0.0607843137254902,17.566666666666666,0.2368763123687631,0.1178882111788821,0.8899110088991101,ENRICHED,D.melanogaster|ECM_PAIRWISE|MIRNA_CONSERVED,0.6072410940724109,NOT_SIGNIFICANT
D.melanogaster,MIRNA_CONSERVED,ECM,ECM_PAIRWISE,,Ras85D_EBC_MEL_ECM_0014,Ras85D_EBC_MEL_ECM_0015,6,30,30,0,7,30,23,0.0,0.2333333333333333,0.0,0.0513661202185792,0.0027901740738659,0.9456321492708198,0.0105425350742032,-2.70805020110221,1.0,0.0588235294117647,17.0,0.2375762423757624,0.97000299970003,0.1221877812218778,DEPLETED,D.melanogaster|ECM_PAIRWISE|MIRNA_CONSERVED,0.6072410940724109,NOT_SIGNIFICANT
D.melanogaster,MIRNA_CONSERVED,ECM,ECM_PAIRWISE,,Ras85D_EBC_MEL_ECM_0007,Ras85D_EBC_MEL_ECM_0011,6,29,30,6,0,23,30,0.2068965517241379,0.0,inf,16.872340425531913,0.9042092660694476,314.83405680248126,0.0105425350742032,2.5977391802845275,1.0333333333333334,0.0607843137254902,17.566666666666666,0.2376762323767623,0.1187881211878812,0.8902109789021098,ENRICHED,D.melanogaster|ECM_PAIRWISE|MIRNA_CONSERVED,0.6072410940724109,NOT_SIGNIFICANT
D.melanogaster,MIRNA_CONSERVED,ECM,ECM_PAIRWISE,,Ras85D_EBC_MEL_ECM_0009,Ras85D_EBC_MEL_ECM_0015,6,30,30,0,7,30,23,0.0,0.2333333333333333,0.0,0.0513661202185792,0.0027901740738659,0.9456321492708198,0.0105425350742032,-2.70805020110221,1.0,0.0588235294117647,17.0,0.2380761923807619,0.96990300969903,0.1222877712228777,DEPLETED,D.melanogaster|ECM_PAIRWISE|MIRNA_CONSERVED,0.6072410940724109,NOT_SIGNIFICANT
D.melanogaster,MIRNA_CONSERVED,ECM,ECM_PAIRWISE,,Ras85D_EBC_MEL_ECM_0007,Ras85D_EBC_MEL_ECM_0008,6,29,29,6,0,23,29,0.2068965517241379,0.0,inf,16.319148936170212,0.8739253705306435,304.7338262295788,0.0234720592218109,2.5649493574615367,1.0,0.0588235294117647,17.0,0.2382761723827617,0.1192880711928807,0.8887111288871112,ENRICHED,D.melanogaster|ECM_PAIRWISE|MIRNA_CONSERVED,0.6072410940724109,NOT_SIGNIFICANT
D.melanogaster,MIRNA_CONSERVED,ECM,ECM_PAIRWISE,,Ras85D_EBC_MEL_ECM_0011,Ras85D_EBC_MEL_ECM_0016,6,30,30,0,7,30,23,0.0,0.2333333333333333,0.0,0.0513661202185792,0.0027901740738659,0.9456321492708198,0.0105425350742032,-2.70805020110221,1.0,0.0588235294117647,17.0,0.2384761523847615,0.9678032196780322,0.1188881111888811,DEPLETED,D.melanogaster|ECM_PAIRWISE|MIRNA_CONSERVED,0.6072410940724109,NOT_SIGNIFICANT
D.melanogaster,MIRNA_CONSERVED,ECM,ECM_PAIRWISE,,Ras85D_EBC_MEL_ECM_0001,Ras85D_EBC_MEL_ECM_0007,6,30,29,0,6,30,23,0.0,0.2068965517241379,0.0,0.0592686002522068,0.0031762764491116,1.1059386776104938,0.0105425350742032,-2.5977391802845275,0.967741935483871,0.0569259962049335,16.4516129032258,0.2393760623937606,0.8848115188481152,0.1233876612338766,DEPLETED,D.melanogaster|ECM_PAIRWISE|MIRNA_CONSERVED,0.6072410940724109,NOT_SIGNIFICANT
D.melanogaster,MIRNA_CONSERVED,ECM,ECM_PAIRWISE,,Ras85D_EBC_MEL_ECM_0004,Ras85D_EBC_MEL_ECM_0007,6,30,29,0,6,30,23,0.0,0.2068965517241379,0.0,0.0592686002522068,0.0031762764491116,1.1059386776104938,0.0105425350742032,-2.5977391802845275,0.967741935483871,0.0569259962049335,16.4516129032258,0.2393760623937606,0.8871112888711129,0.11998800119988,DEPLETED,D.melanogaster|ECM_PAIRWISE|MIRNA_CONSERVED,0.6072410940724109,NOT_SIGNIFICANT
D.melanogaster,MIRNA_CONSERVED,ECM,ECM_PAIRWISE,,Ras85D_EBC_MEL_ECM_0010,Ras85D_EBC_MEL_ECM_0015,6,30,30,0,7,30,23,0.0,0.2333333333333333,0.0,0.0513661202185792,0.0027901740738659,0.9456321492708198,0.0105425350742032,-2.70805020110221,1.0,0.0588235294117647,17.0,0.2395760423957604,0.9717028297170284,0.1201879812018798,DEPLETED,D.melanogaster|ECM_PAIRWISE|MIRNA_CONSERVED,0.6072410940724109,NOT_SIGNIFICANT
D.melanogaster,MIRNA_CONSERVED,ECM,ECM_PAIRWISE,,Ras85D_EBC_MEL_ECM_0007,Ras85D_EBC_MEL_ECM_0017,6,29,30,6,0,23,30,0.2068965517241379,0.0,inf,16.872340425531913,0.9042092660694476,314.83405680248126,0.0105425350742032,2.5977391802845275,1.0333333333333334,0.0607843137254902,17.566666666666666,0.2396760323967603,0.1225877412258774,0.8856114388561144,ENRICHED,D.melanogaster|ECM_PAIRWISE|MIRNA_CONSERVED,0.6072410940724109,NOT_SIGNIFICANT
D.melanogaster,MIRNA_CONSERVED,ECM,ECM_PAIRWISE,,Ras85D_EBC_MEL_ECM_0007,Ras85D_EBC_MEL_ECM_0013,6,29,29,6,0,23,29,0.2068965517241379,0.0,inf,16.319148936170212,0.8739253705306435,304.7338262295788,0.0234720592218109,2.5649493574615367,1.0,0.0588235294117647,17.0,0.2402759724027597,0.11998800119988,0.8886111388861114,ENRICHED,D.melanogaster|ECM_PAIRWISE|MIRNA_CONSERVED,0.6072410940724109,NOT_SIGNIFICANT
D.melanogaster,MIRNA_CONSERVED,ECM,ECM_PAIRWISE,,Ras85D_EBC_MEL_ECM_0001,Ras85D_EBC_MEL_ECM_0015,6,30,30,0,7,30,23,0.0,0.2333333333333333,0.0,0.0513661202185792,0.0027901740738659,0.9456321492708198,0.0105425350742032,-2.70805020110221,1.0,0.0588235294117647,17.0,0.2413758624137586,0.9693030696930308,0.1258874112588741,DEPLETED,D.melanogaster|ECM_PAIRWISE|MIRNA_CONSERVED,0.6072410940724109,NOT_SIGNIFICANT
D.melanogaster,MIRNA_CONSERVED,ECM,ECM_PAIRWISE,,Ras85D_EBC_MEL_ECM_0011,Ras85D_EBC_MEL_ECM_0015,6,30,30,0,7,30,23,0.0,0.2333333333333333,0.0,0.0513661202185792,0.0027901740738659,0.9456321492708198,0.0105425350742032,-2.70805020110221,1.0,0.0588235294117647,17.0,0.2423757624237576,0.9696030396960305,0.1226877312268773,DEPLETED,D.melanogaster|ECM_PAIRWISE|MIRNA_CONSERVED,0.6072410940724109,NOT_SIGNIFICANT
D.melanogaster,MIRNA_CONSERVED,ECM,ECM_PAIRWISE,,Ras85D_EBC_MEL_ECM_0005,Ras85D_EBC_MEL_ECM_0007,6,29,29,0,6,29,23,0.0,0.2068965517241379,0.0,0.0612777053455019,0.0032815523382252,1.1442624664767476,0.0234720592218109,-2.5649493574615367,1.0,0.0588235294117647,17.0,0.2426757324267573,0.8868113188681132,0.1208879112088791,DEPLETED,D.melanogaster|ECM_PAIRWISE|MIRNA_CONSERVED,0.6072410940724109,NOT_SIGNIFICANT
D.melanogaster,MIRNA_CONSERVED,ECM,ECM_PAIRWISE,,Ras85D_EBC_MEL_ECM_0004,Ras85D_EBC_MEL_ECM_0015,6,30,30,0,7,30,23,0.0,0.2333333333333333,0.0,0.0513661202185792,0.0027901740738659,0.9456321492708198,0.0105425350742032,-2.70805020110221,1.0,0.0588235294117647,17.0,0.2455754424557544,0.9695030496950304,0.1250874912508749,DEPLETED,D.melanogaster|ECM_PAIRWISE|MIRNA_CONSERVED,0.6072410940724109,NOT_SIGNIFICANT
D.melanogaster,MIRNA_CONSERVED,ECM,ECM_PAIRWISE,,Ras85D_EBC_MEL_ECM_0006,Ras85D_EBC_MEL_ECM_0007,6,30,29,1,6,29,23,0.0333333333333333,0.2068965517241379,0.1611111111111111,0.132183908045977,0.0148434945087741,1.1771207606119345,0.052314843858782,-1.499126891616418,0.967741935483871,0.0569259962049335,16.4516129032258,0.2825717428257174,0.8604139586041396,0.1432856714328567,DEPLETED,D.melanogaster|ECM_PAIRWISE|MIRNA_CONSERVED,0.6405308187130004,NOT_SIGNIFICANT
D.melanogaster,MIRNA_CONSERVED,ECM,ECM_PAIRWISE,,Ras85D_EBC_MEL_ECM_0005,Ras85D_EBC_MEL_ECM_0006,6,29,30,0,1,29,29,0.0,0.0333333333333333,0.0,0.3333333333333333,0.013040309847999,8.520588268702875,1.0,-1.0658224658451187,1.0333333333333334,0.0607843137254902,17.566666666666666,0.2920707929207079,0.8567143285671432,0.1477852214778522,DEPLETED,D.melanogaster|ECM_PAIRWISE|MIRNA_CONSERVED,0.6405308187130004,NOT_SIGNIFICANT
D.melanogaster,MIRNA_CONSERVED,ECM,ECM_PAIRWISE,,Ras85D_EBC_MEL_ECM_0006,Ras85D_EBC_MEL_ECM_0015,6,30,30,1,7,29,23,0.0333333333333333,0.2333333333333333,0.1428571428571428,0.1133004926108374,0.0129932106502806,0.9879776424298286,0.052314843858782,-1.6094379124341005,1.0,0.0588235294117647,17.0,0.3016698330166983,0.8474152584741526,0.1540845915408459,DEPLETED,D.melanogaster|ECM_PAIRWISE|MIRNA_CONSERVED,0.6405308187130004,NOT_SIGNIFICANT
D.melanogaster,MIRNA_CONSERVED,ECM,ECM_PAIRWISE,,Ras85D_EBC_MEL_ECM_0006,Ras85D_EBC_MEL_ECM_0012,6,30,30,1,8,29,22,0.0333333333333333,0.2666666666666666,0.125,0.0948275862068965,0.0110295219377426,0.8152911029674967,0.0256907349631164,-1.7346010553881064,1.0,0.0588235294117647,17.0,0.3021697830216978,0.8476152384761524,0.1530846915308469,DEPLETED,D.melanogaster|ECM_PAIRWISE|MIRNA_CONSERVED,0.6405308187130004,NOT_SIGNIFICANT
D.melanogaster,MIRNA_CONSERVED,ECM,ECM_PAIRWISE,,Ras85D_EBC_MEL_ECM_0006,Ras85D_EBC_MEL_ECM_0016,6,30,30,1,7,29,23,0.0333333333333333,0.2333333333333333,0.1428571428571428,0.1133004926108374,0.0129932106502806,0.9879776424298286,0.052314843858782,-1.6094379124341005,1.0,0.0588235294117647,17.0,0.3042695730426957,0.8439156084391561,0.1567843215678432,DEPLETED,D.melanogaster|ECM_PAIRWISE|MIRNA_CONSERVED,0.6405308187130004,NOT_SIGNIFICANT
D.melanogaster,MIRNA_CONSERVED,ECM,ECM_PAIRWISE,,Ras85D_EBC_MEL_ECM_0003,Ras85D_EBC_MEL_ECM_0006,6,29,30,7,1,22,29,0.2413793103448276,0.0333333333333333,7.241379310344828,9.227272727272728,1.0563238459289055,80.60270750453314,0.0256907349631164,1.642227735257091,1.0333333333333334,0.0607843137254902,17.566666666666666,0.3124687531246875,0.1612838716128387,0.849015098490151,ENRICHED,D.melanogaster|ECM_PAIRWISE|MIRNA_CONSERVED,0.6405308187130004,NOT_SIGNIFICANT
D.melanogaster,MIRNA_CONSERVED,ECM,ECM_PAIRWISE,,Ras85D_EBC_MEL_ECM_0001,Ras85D_EBC_MEL_ECM_0006,6,30,30,0,1,30,29,0.0,0.0333333333333333,0.0,0.3224043715846995,0.0126210699382433,8.2357977038033,1.0,-1.0986122886681098,1.0,0.0588235294117647,17.0,0.318968103189681,0.8382161783821618,0.1703829617038296,DEPLETED,D.melanogaster|ECM_PAIRWISE|MIRNA_CONSERVED,0.6405308187130004,NOT_SIGNIFICANT
D.melanogaster,MIRNA_CONSERVED,ECM,ECM_PAIRWISE,,Ras85D_EBC_MEL_ECM_0002,Ras85D_EBC_MEL_ECM_0006,6,30,30,0,1,30,29,0.0,0.0333333333333333,0.0,0.3224043715846995,0.0126210699382433,8.2357977038033,1.0,-1.0986122886681098,1.0,0.0588235294117647,17.0,0.3321667833216678,0.8431156884311569,0.1660833916608339,DEPLETED,D.melanogaster|ECM_PAIRWISE|MIRNA_CONSERVED,0.6405308187130004,NOT_SIGNIFICANT
D.melanogaster,MIRNA_CONSERVED,ECM,ECM_PAIRWISE,,Ras85D_EBC_MEL_ECM_0006,Ras85D_EBC_MEL_ECM_0013,6,30,29,1,0,29,29,0.0333333333333333,0.0,inf,3.0,0.1173627886319912,76.68529441832594,1.0,1.0658224658451187,0.967741935483871,0.0569259962049335,16.4516129032258,0.3335666433356664,0.1678832116788321,0.8412158784121588,ENRICHED,D.melanogaster|ECM_PAIRWISE|MIRNA_CONSERVED,0.6405308187130004,NOT_SIGNIFICANT
D.melanogaster,MIRNA_CONSERVED,ECM,ECM_PAIRWISE,,Ras85D_EBC_MEL_ECM_0004,Ras85D_EBC_MEL_ECM_0006,6,30,30,0,1,30,29,0.0,0.0333333333333333,0.0,0.3224043715846995,0.0126210699382433,8.2357977038033,1.0,-1.0986122886681098,1.0,0.0588235294117647,17.0,0.3357664233576642,0.8437156284371563,0.1646835316468353,DEPLETED,D.melanogaster|ECM_PAIRWISE|MIRNA_CONSERVED,0.6405308187130004,NOT_SIGNIFICANT
D.melanogaster,MIRNA_CONSERVED,ECM,ECM_PAIRWISE,,Ras85D_EBC_MEL_ECM_0006,Ras85D_EBC_MEL_ECM_0008,6,30,29,1,0,29,29,0.0333333333333333,0.0,inf,3.0,0.1173627886319912,76.68529441832594,1.0,1.0658224658451187,0.967741935483871,0.0569259962049335,16.4516129032258,0.336966303369663,0.1697830216978302,0.8395160483951605,ENRICHED,D.melanogaster|ECM_PAIRWISE|MIRNA_CONSERVED,0.6405308187130004,NOT_SIGNIFICANT
D.melanogaster,MIRNA_CONSERVED,ECM,ECM_PAIRWISE,,Ras85D_EBC_MEL_ECM_0006,Ras85D_EBC_MEL_ECM_0014,6,30,30,1,0,29,30,0.0333333333333333,0.0,inf,3.101694915254237,0.1214211465561131,79.23258526362217,1.0,1.0986122886681098,1.0,0.0588235294117647,17.0,0.3375662433756624,0.1691830816918308,0.8403159684031597,ENRICHED,D.melanogaster|ECM_PAIRWISE|MIRNA_CONSERVED,0.6405308187130004,NOT_SIGNIFICANT
D.melanogaster,MIRNA_CONSERVED,ECM,ECM_PAIRWISE,,Ras85D_EBC_MEL_ECM_0006,Ras85D_EBC_MEL_ECM_0017,6,30,30,1,0,29,30,0.0333333333333333,0.0,inf,3.101694915254237,0.1214211465561131,79.23258526362217,1.0,1.0986122886681098,1.0,0.0588235294117647,17.0,0.3378662133786621,0.1675832416758324,0.8417158284171583,ENRICHED,D.melanogaster|ECM_PAIRWISE|MIRNA_CONSERVED,0.6405308187130004,NOT_SIGNIFICANT
D.melanogaster,MIRNA_CONSERVED,ECM,ECM_PAIRWISE,,Ras85D_EBC_MEL_ECM_0006,Ras85D_EBC_MEL_ECM_0010,6,30,30,1,0,29,30,0.0333333333333333,0.0,inf,3.101694915254237,0.1214211465561131,79.23258526362217,1.0,1.0986122886681098,1.0,0.0588235294117647,17.0,0.3408659134086591,0.1666833316668333,0.842015798420158,ENRICHED,D.melanogaster|ECM_PAIRWISE|MIRNA_CONSERVED,0.6405308187130004,NOT_SIGNIFICANT
D.melanogaster,MIRNA_CONSERVED,ECM,ECM_PAIRWISE,,Ras85D_EBC_MEL_ECM_0006,Ras85D_EBC_MEL_ECM_0009,6,30,30,1,0,29,30,0.0333333333333333,0.0,inf,3.101694915254237,0.1214211465561131,79.23258526362217,1.0,1.0986122886681098,1.0,0.0588235294117647,17.0,0.3433656634336566,0.1680831916808319,0.8408159184081592,ENRICHED,D.melanogaster|ECM_PAIRWISE|MIRNA_CONSERVED,0.6405308187130004,NOT_SIGNIFICANT
D.melanogaster,MIRNA_CONSERVED,ECM,ECM_PAIRWISE,,Ras85D_EBC_MEL_ECM_0006,Ras85D_EBC_MEL_ECM_0011,6,30,30,1,0,29,30,0.0333333333333333,0.0,inf,3.101694915254237,0.1214211465561131,79.23258526362217,1.0,1.0986122886681098,1.0,0.0588235294117647,17.0,0.3463653634636536,0.1677832216778322,0.8418158184181582,ENRICHED,D.melanogaster|ECM_PAIRWISE|MIRNA_CONSERVED,0.6405308187130004,NOT_SIGNIFICANT
D.melanogaster,MIRNA_CONSERVED,ECM,ECM_PAIRWISE,,Ras85D_EBC_MEL_ECM_0007,Ras85D_EBC_MEL_ECM_0012,6,29,30,6,8,23,22,0.2068965517241379,0.2666666666666666,0.7758620689655172,0.717391304347826,0.2141000974618226,2.4037835089993145,0.7610684967280269,-0.2354741637716883,1.0333333333333334,0.0607843137254902,17.566666666666666,0.3498650134986501,0.8215178482151785,0.1787821217878212,DEPLETED,D.melanogaster|ECM_PAIRWISE|MIRNA_CONSERVED,0.6405308187130004,NOT_SIGNIFICANT
D.melanogaster,MIRNA_CONSERVED,ECM,ECM_PAIRWISE,,Ras85D_EBC_MEL_ECM_0003,Ras85D_EBC_MEL_ECM_0007,6,29,29,7,6,22,23,0.2413793103448276,0.2068965517241379,1.1666666666666667,1.2196969696969695,0.3539439928934063,4.20309633093842,1.0,0.1431008436406732,1.0,0.0588235294117647,17.0,0.3551644835516448,0.1803819618038196,0.8206179382061793,ENRICHED,D.melanogaster|ECM_PAIRWISE|MIRNA_CONSERVED,0.6405308187130004,NOT_SIGNIFICANT
D.melanogaster,MIRNA_CONSERVED,ECM,ECM_PAIRWISE,,Ras85D_EBC_MEL_ECM_0007,Ras85D_EBC_MEL_ECM_0015,6,29,30,6,7,23,23,0.2068965517241379,0.2333333333333333,0.8866995073891626,0.8571428571428571,0.2494996693271394,2.9446687425773828,1.0,-0.1103110208176824,1.0333333333333334,0.0607843137254902,17.566666666666666,0.3596640335966403,0.8177182281771823,0.1831816818318168,DEPLETED,D.melanogaster|ECM_PAIRWISE|MIRNA_CONSERVED,0.6405308187130004,NOT_SIGNIFICANT
D.melanogaster,MIRNA_CONSERVED,ECM,ECM_PAIRWISE,,Ras85D_EBC_MEL_ECM_0007,Ras85D_EBC_MEL_ECM_0016,6,29,30,6,7,23,23,0.2068965517241379,0.2333333333333333,0.8866995073891626,0.8571428571428571,0.2494996693271394,2.9446687425773828,1.0,-0.1103110208176824,1.0333333333333334,0.0607843137254902,17.566666666666666,0.3624637536246375,0.8151184881511849,0.1861813818618138,DEPLETED,D.melanogaster|ECM_PAIRWISE|MIRNA_CONSERVED,0.6405308187130004,NOT_SIGNIFICANT
D.melanogaster,MIRNA_CONSERVED,ECM,ECM_PAIRWISE,,Ras85D_EBC_MEL_ECM_0012,Ras85D_EBC_MEL_ECM_0015,6,30,30,8,7,22,23,0.2666666666666666,0.2333333333333333,1.1428571428571428,1.1948051948051948,0.3705518042407054,3.8525232833737766,1.0,0.125163142954006,1.0,0.0588235294117647,17.0,0.3651634836516348,0.1837816218378162,0.819018098190181,ENRICHED,D.melanogaster|ECM_PAIRWISE|MIRNA_CONSERVED,0.6405308187130004,NOT_SIGNIFICANT
D.melanogaster,MIRNA_CONSERVED,ECM,ECM_PAIRWISE,,Ras85D_EBC_MEL_ECM_0012,Ras85D_EBC_MEL_ECM_0016,6,30,30,8,7,22,23,0.2666666666666666,0.2333333333333333,1.1428571428571428,1.1948051948051948,0.3705518042407054,3.8525232833737766,1.0,0.125163142954006,1.0,0.0588235294117647,17.0,0.3672632736726327,0.1843815618438156,0.818018198180182,ENRICHED,D.melanogaster|ECM_PAIRWISE|MIRNA_CONSERVED,0.6405308187130004,NOT_SIGNIFICANT
D.melanogaster,MIRNA_CONSERVED,ECM,ECM_PAIRWISE,,Ras85D_EBC_MEL_ECM_0003,Ras85D_EBC_MEL_ECM_0012,6,29,30,7,8,22,22,0.2413793103448276,0.2666666666666666,0.9051724137931036,0.875,0.2704915251234721,2.8304953349296715,1.0,-0.092373320131015,1.0333333333333334,0.0607843137254902,17.566666666666666,0.3673632636736326,0.8173182681731826,0.1848815118488151,DEPLETED,D.melanogaster|ECM_PAIRWISE|MIRNA_CONSERVED,0.6405308187130004,NOT_SIGNIFICANT
D.melanogaster,MIRNA_CONSERVED,ECM,ECM_PAIRWISE,,Ras85D_EBC_MEL_ECM_0008,Ras85D_EBC_MEL_ECM_0010,6,29,30,0,0,29,30,0.0,0.0,,1.0338983050847457,0.0198568893854943,53.83248526518887,1.0,0.0327898228229909,1.0333333333333334,0.0607843137254902,17.566666666666666,0.9896010398960104,0.8056194380561944,0.8268173182681732,NEUTRAL,D.melanogaster|ECM_PAIRWISE|MIRNA_CONSERVED,1.0,NOT_SIGNIFICANT
D.melanogaster,MIRNA_CONSERVED,ECM,ECM_PAIRWISE,,Ras85D_EBC_MEL_ECM_0005,Ras85D_EBC_MEL_ECM_0011,6,29,30,0,0,29,30,0.0,0.0,,1.0338983050847457,0.0198568893854943,53.83248526518887,1.0,0.0327898228229909,1.0333333333333334,0.0607843137254902,17.566666666666666,0.9904009599040096,0.8025197480251974,0.8257174282571743,NEUTRAL,D.melanogaster|ECM_PAIRWISE|MIRNA_CONSERVED,1.0,NOT_SIGNIFICANT
D.melanogaster,MIRNA_CONSERVED,ECM,ECM_PAIRWISE,,Ras85D_EBC_MEL_ECM_0005,Ras85D_EBC_MEL_ECM_0017,6,29,30,0,0,29,30,0.0,0.0,,1.0338983050847457,0.0198568893854943,53.83248526518887,1.0,0.0327898228229909,1.0333333333333334,0.0607843137254902,17.566666666666666,0.9904009599040096,0.8107189281071893,0.8254174582541746,NEUTRAL,D.melanogaster|ECM_PAIRWISE|MIRNA_CONSERVED,1.0,NOT_SIGNIFICANT
D.melanogaster,MIRNA_CONSERVED,ECM,ECM_PAIRWISE,,Ras85D_EBC_MEL_ECM_0008,Ras85D_EBC_MEL_ECM_0014,6,29,30,0,0,29,30,0.0,0.0,,1.0338983050847457,0.0198568893854943,53.83248526518887,1.0,0.0327898228229909,1.0333333333333334,0.0607843137254902,17.566666666666666,0.9908009199080092,0.8102189781021898,0.8252174782521747,NEUTRAL,D.melanogaster|ECM_PAIRWISE|MIRNA_CONSERVED,1.0,NOT_SIGNIFICANT
D.melanogaster,MIRNA_CONSERVED,ECM,ECM_PAIRWISE,,Ras85D_EBC_MEL_ECM_0013,Ras85D_EBC_MEL_ECM_0017,6,29,30,0,0,29,30,0.0,0.0,,1.0338983050847457,0.0198568893854943,53.83248526518887,1.0,0.0327898228229909,1.0333333333333334,0.0607843137254902,17.566666666666666,0.9909009099090093,0.8096190380961904,0.8248175182481752,NEUTRAL,D.melanogaster|ECM_PAIRWISE|MIRNA_CONSERVED,1.0,NOT_SIGNIFICANT
D.melanogaster,MIRNA_CONSERVED,ECM,ECM_PAIRWISE,,Ras85D_EBC_MEL_ECM_0005,Ras85D_EBC_MEL_ECM_0014,6,29,30,0,0,29,30,0.0,0.0,,1.0338983050847457,0.0198568893854943,53.83248526518887,1.0,0.0327898228229909,1.0333333333333334,0.0607843137254902,17.566666666666666,0.991000899910009,0.8107189281071893,0.8242175782421758,NEUTRAL,D.melanogaster|ECM_PAIRWISE|MIRNA_CONSERVED,1.0,NOT_SIGNIFICANT
D.melanogaster,MIRNA_CONSERVED,ECM,ECM_PAIRWISE,,Ras85D_EBC_MEL_ECM_0008,Ras85D_EBC_MEL_ECM_0011,6,29,30,0,0,29,30,0.0,0.0,,1.0338983050847457,0.0198568893854943,53.83248526518887,1.0,0.0327898228229909,1.0333333333333334,0.0607843137254902,15.499999999999998,0.991000899910009,0.8021197880211979,0.8253174682531746,NEUTRAL,D.melanogaster|ECM_PAIRWISE|MIRNA_CONSERVED,1.0,NOT_SIGNIFICANT
D.melanogaster,MIRNA_CONSERVED,ECM,ECM_PAIRWISE,,Ras85D_EBC_MEL_ECM_0008,Ras85D_EBC_MEL_ECM_0017,6,29,30,0,0,29,30,0.0,0.0,,1.0338983050847457,0.0198568893854943,53.83248526518887,1.0,0.0327898228229909,1.0333333333333334,0.0607843137254902,17.566666666666666,0.991000899910009,0.8082191780821918,0.8252174782521747,NEUTRAL,D.melanogaster|ECM_PAIRWISE|MIRNA_CONSERVED,1.0,NOT_SIGNIFICANT
D.melanogaster,MIRNA_CONSERVED,ECM,ECM_PAIRWISE,,Ras85D_EBC_MEL_ECM_0013,Ras85D_EBC_MEL_ECM_0014,6,29,30,0,0,29,30,0.0,0.0,,1.0338983050847457,0.0198568893854943,53.83248526518887,1.0,0.0327898228229909,1.0333333333333334,0.0607843137254902,17.566666666666666,0.9911008899110088,0.8123187681231877,0.8222177782221778,NEUTRAL,D.melanogaster|ECM_PAIRWISE|MIRNA_CONSERVED,1.0,NOT_SIGNIFICANT
D.melanogaster,MIRNA_CONSERVED,ECM,ECM_PAIRWISE,,Ras85D_EBC_MEL_ECM_0008,Ras85D_EBC_MEL_ECM_0009,6,29,30,0,0,29,30,0.0,0.0,,1.0338983050847457,0.0198568893854943,53.83248526518887,1.0,0.0327898228229909,1.0333333333333334,0.0607843137254902,17.566666666666666,0.9913008699130088,0.8051194880511949,0.8252174782521747,NEUTRAL,D.melanogaster|ECM_PAIRWISE|MIRNA_CONSERVED,1.0,NOT_SIGNIFICANT
D.melanogaster,MIRNA_CONSERVED,ECM,ECM_PAIRWISE,,Ras85D_EBC_MEL_ECM_0005,Ras85D_EBC_MEL_ECM_0009,6,29,30,0,0,29,30,0.0,0.0,,1.0338983050847457,0.0198568893854943,53.83248526518887,1.0,0.0327898228229909,1.0333333333333334,0.0607843137254902,17.566666666666666,0.9914008599140086,0.8071192880711929,0.8232176782321767,NEUTRAL,D.melanogaster|ECM_PAIRWISE|MIRNA_CONSERVED,1.0,NOT_SIGNIFICANT
D.melanogaster,MIRNA_CONSERVED,ECM,ECM_PAIRWISE,,Ras85D_EBC_MEL_ECM_0005,Ras85D_EBC_MEL_ECM_0010,6,29,30,0,0,29,30,0.0,0.0,,1.0338983050847457,0.0198568893854943,53.83248526518887,1.0,0.0327898228229909,1.0333333333333334,0.0607843137254902,17.566666666666666,0.9914008599140086,0.8072192780721927,0.8248175182481752,NEUTRAL,D.melanogaster|ECM_PAIRWISE|MIRNA_CONSERVED,1.0,NOT_SIGNIFICANT
D.melanogaster,MIRNA_CONSERVED,ECM,ECM_PAIRWISE,,Ras85D_EBC_MEL_ECM_0002,Ras85D_EBC_MEL_ECM_0005,6,30,29,0,0,30,29,0.0,0.0,,0.9672131147540984,0.0185761440341053,50.3603550680254,1.0,-0.0327898228229908,0.967741935483871,0.0569259962049335,16.4516129032258,0.9995000499950004,0.8244175582441756,0.8212178782121787,NEUTRAL,D.melanogaster|ECM_PAIRWISE|MIRNA_CONSERVED,1.0,NOT_SIGNIFICANT
D.melanogaster,MIRNA_CONSERVED,ECM,ECM_PAIRWISE,,Ras85D_EBC_MEL_ECM_0004,Ras85D_EBC_MEL_ECM_0008,6,30,29,0,0,30,29,0.0,0.0,,0.9672131147540984,0.0185761440341053,50.3603550680254,1.0,-0.0327898228229908,0.967741935483871,0.0569259962049335,16.4516129032258,0.9996000399960004,0.8253174682531746,0.8143185681431857,NEUTRAL,D.melanogaster|ECM_PAIRWISE|MIRNA_CONSERVED,1.0,NOT_SIGNIFICANT
D.melanogaster,MIRNA_CONSERVED,ECM,ECM_PAIRWISE,,Ras85D_EBC_MEL_ECM_0002,Ras85D_EBC_MEL_ECM_0013,6,30,29,0,0,30,29,0.0,0.0,,0.9672131147540984,0.0185761440341053,50.3603550680254,1.0,-0.0327898228229908,0.967741935483871,0.0569259962049335,16.4516129032258,0.9997000299970004,0.8206179382061793,0.8207179282071793,NEUTRAL,D.melanogaster|ECM_PAIRWISE|MIRNA_CONSERVED,1.0,NOT_SIGNIFICANT
D.melanogaster,MIRNA_CONSERVED,ECM,ECM_PAIRWISE,,Ras85D_EBC_MEL_ECM_0001,Ras85D_EBC_MEL_ECM_0013,6,30,29,0,0,30,29,0.0,0.0,,0.9672131147540984,0.0185761440341053,50.3603550680254,1.0,-0.0327898228229908,0.967741935483871,0.0569259962049335,14.516129032258066,0.9998000199980002,0.8246175382461753,0.841915808419158,NEUTRAL,D.melanogaster|ECM_PAIRWISE|MIRNA_CONSERVED,1.0,NOT_SIGNIFICANT
D.melanogaster,MIRNA_CONSERVED,ECM,ECM_PAIRWISE,,Ras85D_EBC_MEL_ECM_0002,Ras85D_EBC_MEL_ECM_0008,6,30,29,0,0,30,29,0.0,0.0,,0.9672131147540984,0.0185761440341053,50.3603550680254,1.0,-0.0327898228229908,0.967741935483871,0.0569259962049335,16.4516129032258,0.9998000199980002,0.8257174282571743,0.8218178182181782,NEUTRAL,D.melanogaster|ECM_PAIRWISE|MIRNA_CONSERVED,1.0,NOT_SIGNIFICANT
D.melanogaster,MIRNA_CONSERVED,ECM,ECM_PAIRWISE,,Ras85D_EBC_MEL_ECM_0011,Ras85D_EBC_MEL_ECM_0013,6,30,29,0,0,30,29,0.0,0.0,,0.9672131147540984,0.0185761440341053,50.3603550680254,1.0,-0.0327898228229908,0.967741935483871,0.0569259962049335,16.4516129032258,0.9998000199980002,0.8238176182381762,0.8091190880911909,NEUTRAL,D.melanogaster|ECM_PAIRWISE|MIRNA_CONSERVED,1.0,NOT_SIGNIFICANT
D.melanogaster,MIRNA_CONSERVED,ECM,ECM_PAIRWISE,,Ras85D_EBC_MEL_ECM_0001,Ras85D_EBC_MEL_ECM_0005,6,30,29,0,0,30,29,0.0,0.0,,0.9672131147540984,0.0185761440341053,50.3603550680254,1.0,-0.0327898228229908,0.967741935483871,0.0569259962049335,16.4516129032258,0.999900009999,0.8268173182681732,0.8428157184281572,NEUTRAL,D.melanogaster|ECM_PAIRWISE|MIRNA_CONSERVED,1.0,NOT_SIGNIFICANT
D.melanogaster,MIRNA_CONSERVED,ECM,ECM_PAIRWISE,,Ras85D_EBC_MEL_ECM_0004,Ras85D_EBC_MEL_ECM_0005,6,30,29,0,0,30,29,0.0,0.0,,0.9672131147540984,0.0185761440341053,50.3603550680254,1.0,-0.0327898228229908,0.967741935483871,0.0569259962049335,16.4516129032258,0.999900009999,0.8284171582841716,0.815918408159184,NEUTRAL,D.melanogaster|ECM_PAIRWISE|MIRNA_CONSERVED,1.0,NOT_SIGNIFICANT
D.melanogaster,MIRNA_CONSERVED,ECM,ECM_PAIRWISE,,Ras85D_EBC_MEL_ECM_0004,Ras85D_EBC_MEL_ECM_0013,6,30,29,0,0,30,29,0.0,0.0,,0.9672131147540984,0.0185761440341053,50.3603550680254,1.0,-0.0327898228229908,0.967741935483871,0.0569259962049335,16.4516129032258,0.999900009999,0.8222177782221778,0.8152184781521847,NEUTRAL,D.melanogaster|ECM_PAIRWISE|MIRNA_CONSERVED,1.0,NOT_SIGNIFICANT
D.melanogaster,MIRNA_CONSERVED,ECM,ECM_PAIRWISE,,Ras85D_EBC_MEL_ECM_0009,Ras85D_EBC_MEL_ECM_0013,6,30,29,0,0,30,29,0.0,0.0,,0.9672131147540984,0.0185761440341053,50.3603550680254,1.0,-0.0327898228229908,0.967741935483871,0.0569259962049335,16.4516129032258,0.999900009999,0.8256174382561744,0.8143185681431857,NEUTRAL,D.melanogaster|ECM_PAIRWISE|MIRNA_CONSERVED,1.0,NOT_SIGNIFICANT
D.melanogaster,MIRNA_CONSERVED,ECM,ECM_PAIRWISE,,Ras85D_EBC_MEL_ECM_0010,Ras85D_EBC_MEL_ECM_0013,6,30,29,0,0,30,29,0.0,0.0,,0.9672131147540984,0.0185761440341053,50.3603550680254,1.0,-0.0327898228229908,0.967741935483871,0.0569259962049335,16.4516129032258,0.999900009999,0.8228177182281772,0.8154184581541846,NEUTRAL,D.melanogaster|ECM_PAIRWISE|MIRNA_CONSERVED,1.0,NOT_SIGNIFICANT
D.melanogaster,MIRNA_CONSERVED,ECM,ECM_PAIRWISE,,Ras85D_EBC_MEL_ECM_0001,Ras85D_EBC_MEL_ECM_0002,6,30,30,0,0,30,30,0.0,0.0,,1.0,0.0192162206525003,52.03936913941946,1.0,0.0,1.0,0.0588235294117647,17.0,1.0,0.823017698230177,0.8445155484451555,NEUTRAL,D.melanogaster|ECM_PAIRWISE|MIRNA_CONSERVED,1.0,NOT_SIGNIFICANT
D.melanogaster,MIRNA_CONSERVED,ECM,ECM_PAIRWISE,,Ras85D_EBC_MEL_ECM_0001,Ras85D_EBC_MEL_ECM_0004,6,30,30,0,0,30,30,0.0,0.0,,1.0,0.0192162206525003,52.03936913941946,1.0,0.0,1.0,0.0588235294117647,17.0,1.0,0.8155184481551845,0.8431156884311569,NEUTRAL,D.melanogaster|ECM_PAIRWISE|MIRNA_CONSERVED,1.0,NOT_SIGNIFICANT
D.melanogaster,MIRNA_CONSERVED,ECM,ECM_PAIRWISE,,Ras85D_EBC_MEL_ECM_0001,Ras85D_EBC_MEL_ECM_0008,6,30,29,0,0,30,29,0.0,0.0,,0.9672131147540984,0.0185761440341053,50.3603550680254,1.0,-0.0327898228229908,0.967741935483871,0.0569259962049335,16.4516129032258,1.0,0.8257174282571743,0.8428157184281572,NEUTRAL,D.melanogaster|ECM_PAIRWISE|MIRNA_CONSERVED,1.0,NOT_SIGNIFICANT
D.melanogaster,MIRNA_CONSERVED,ECM,ECM_PAIRWISE,,Ras85D_EBC_MEL_ECM_0001,Ras85D_EBC_MEL_ECM_0009,6,30,30,0,0,30,30,0.0,0.0,,1.0,0.0192162206525003,52.03936913941946,1.0,0.0,1.0,0.0588235294117647,17.0,1.0,0.8129187081291871,0.8413158684131586,NEUTRAL,D.melanogaster|ECM_PAIRWISE|MIRNA_CONSERVED,1.0,NOT_SIGNIFICANT
D.melanogaster,MIRNA_CONSERVED,ECM,ECM_PAIRWISE,,Ras85D_EBC_MEL_ECM_0001,Ras85D_EBC_MEL_ECM_0010,6,30,30,0,0,30,30,0.0,0.0,,1.0,0.0192162206525003,52.03936913941946,1.0,0.0,1.0,0.0588235294117647,17.0,1.0,0.8141185881411859,0.8431156884311569,NEUTRAL,D.melanogaster|ECM_PAIRWISE|MIRNA_CONSERVED,1.0,NOT_SIGNIFICANT
D.melanogaster,MIRNA_CONSERVED,ECM,ECM_PAIRWISE,,Ras85D_EBC_MEL_ECM_0001,Ras85D_EBC_MEL_ECM_0011,6,30,30,0,0,30,30,0.0,0.0,,1.0,0.0192162206525003,52.03936913941946,1.0,0.0,1.0,0.0588235294117647,17.0,1.0,0.8107189281071893,0.8416158384161584,NEUTRAL,D.melanogaster|ECM_PAIRWISE|MIRNA_CONSERVED,1.0,NOT_SIGNIFICANT
D.melanogaster,MIRNA_CONSERVED,ECM,ECM_PAIRWISE,,Ras85D_EBC_MEL_ECM_0001,Ras85D_EBC_MEL_ECM_0014,6,30,30,0,0,30,30,0.0,0.0,,1.0,0.0192162206525003,52.03936913941946,1.0,0.0,1.0,0.0588235294117647,17.0,1.0,0.8231176882311769,0.844015598440156,NEUTRAL,D.melanogaster|ECM_PAIRWISE|MIRNA_CONSERVED,1.0,NOT_SIGNIFICANT
D.melanogaster,MIRNA_CONSERVED,ECM,ECM_PAIRWISE,,Ras85D_EBC_MEL_ECM_0001,Ras85D_EBC_MEL_ECM_0017,6,30,30,0,0,30,30,0.0,0.0,,1.0,0.0192162206525003,52.03936913941946,1.0,0.0,1.0,0.0588235294117647,17.0,1.0,0.8201179882011799,0.8423157684231577,NEUTRAL,D.melanogaster|ECM_PAIRWISE|MIRNA_CONSERVED,1.0,NOT_SIGNIFICANT
D.melanogaster,MIRNA_CONSERVED,ECM,ECM_PAIRWISE,,Ras85D_EBC_MEL_ECM_0002,Ras85D_EBC_MEL_ECM_0004,6,30,30,0,0,30,30,0.0,0.0,,1.0,0.0192162206525003,52.03936913941946,1.0,0.0,1.0,0.0588235294117647,17.0,1.0,0.8161183881611839,0.8262173782621738,NEUTRAL,D.melanogaster|ECM_PAIRWISE|MIRNA_CONSERVED,1.0,NOT_SIGNIFICANT
D.melanogaster,MIRNA_CONSERVED,ECM,ECM_PAIRWISE,,Ras85D_EBC_MEL_ECM_0002,Ras85D_EBC_MEL_ECM_0009,6,30,30,0,0,30,30,0.0,0.0,,1.0,0.0192162206525003,52.03936913941946,1.0,0.0,1.0,0.0588235294117647,17.0,1.0,0.815018498150185,0.8248175182481752,NEUTRAL,D.melanogaster|ECM_PAIRWISE|MIRNA_CONSERVED,1.0,NOT_SIGNIFICANT
D.melanogaster,MIRNA_CONSERVED,ECM,ECM_PAIRWISE,,Ras85D_EBC_MEL_ECM_0002,Ras85D_EBC_MEL_ECM_0010,6,30,30,0,0,30,30,0.0,0.0,,1.0,0.0192162206525003,52.03936913941946,1.0,0.0,1.0,0.0588235294117647,17.0,1.0,0.8158184181581842,0.823017698230177,NEUTRAL,D.melanogaster|ECM_PAIRWISE|MIRNA_CONSERVED,1.0,NOT_SIGNIFICANT
D.melanogaster,MIRNA_CONSERVED,ECM,ECM_PAIRWISE,,Ras85D_EBC_MEL_ECM_0002,Ras85D_EBC_MEL_ECM_0011,6,30,30,0,0,30,30,0.0,0.0,,1.0,0.0192162206525003,52.03936913941946,1.0,0.0,1.0,0.0588235294117647,17.0,1.0,0.8121187881211879,0.8244175582441756,NEUTRAL,D.melanogaster|ECM_PAIRWISE|MIRNA_CONSERVED,1.0,NOT_SIGNIFICANT
D.melanogaster,MIRNA_CONSERVED,ECM,ECM_PAIRWISE,,Ras85D_EBC_MEL_ECM_0002,Ras85D_EBC_MEL_ECM_0014,6,30,30,0,0,30,30,0.0,0.0,,1.0,0.0192162206525003,52.03936913941946,1.0,0.0,1.0,0.0588235294117647,17.0,1.0,0.8214178582141786,0.8225177482251775,NEUTRAL,D.melanogaster|ECM_PAIRWISE|MIRNA_CONSERVED,1.0,NOT_SIGNIFICANT
D.melanogaster,MIRNA_CONSERVED,ECM,ECM_PAIRWISE,,Ras85D_EBC_MEL_ECM_0002,Ras85D_EBC_MEL_ECM_0017,6,30,30,0,0,30,30,0.0,0.0,,1.0,0.0192162206525003,52.03936913941946,1.0,0.0,1.0,0.0588235294117647,17.0,1.0,0.8172182781721827,0.8224177582241776,NEUTRAL,D.melanogaster|ECM_PAIRWISE|MIRNA_CONSERVED,1.0,NOT_SIGNIFICANT
D.melanogaster,MIRNA_CONSERVED,ECM,ECM_PAIRWISE,,Ras85D_EBC_MEL_ECM_0003,Ras85D_EBC_MEL_ECM_0015,6,29,30,7,7,22,23,0.2413793103448276,0.2333333333333333,1.0344827586206895,1.0454545454545454,0.3149840400042038,3.4699383708361324,1.0,0.0327898228229907,1.0333333333333334,0.0607843137254902,17.566666666666666,1.0,0.8142185781421858,0.1951804819518048,ENRICHED,D.melanogaster|ECM_PAIRWISE|MIRNA_CONSERVED,1.0,NOT_SIGNIFICANT
D.melanogaster,MIRNA_CONSERVED,ECM,ECM_PAIRWISE,,Ras85D_EBC_MEL_ECM_0003,Ras85D_EBC_MEL_ECM_0016,6,29,30,7,7,22,23,0.2413793103448276,0.2333333333333333,1.0344827586206895,1.0454545454545454,0.3149840400042038,3.4699383708361324,1.0,0.0327898228229907,1.0333333333333334,0.0607843137254902,17.566666666666666,1.0,0.8146185381461853,0.1946805319468053,ENRICHED,D.melanogaster|ECM_PAIRWISE|MIRNA_CONSERVED,1.0,NOT_SIGNIFICANT
D.melanogaster,MIRNA_CONSERVED,ECM,ECM_PAIRWISE,,Ras85D_EBC_MEL_ECM_0004,Ras85D_EBC_MEL_ECM_0009,6,30,30,0,0,30,30,0.0,0.0,,1.0,0.0192162206525003,52.03936913941946,1.0,0.0,1.0,0.0588235294117647,17.0,1.0,0.8136186381361864,0.8164183581641836,NEUTRAL,D.melanogaster|ECM_PAIRWISE|MIRNA_CONSERVED,1.0,NOT_SIGNIFICANT
D.melanogaster,MIRNA_CONSERVED,ECM,ECM_PAIRWISE,,Ras85D_EBC_MEL_ECM_0004,Ras85D_EBC_MEL_ECM_0010,6,30,30,0,0,30,30,0.0,0.0,,1.0,0.0192162206525003,52.03936913941946,1.0,0.0,1.0,0.0588235294117647,17.0,1.0,0.8163183681631837,0.8146185381461853,NEUTRAL,D.melanogaster|ECM_PAIRWISE|MIRNA_CONSERVED,1.0,NOT_SIGNIFICANT
D.melanogaster,MIRNA_CONSERVED,ECM,ECM_PAIRWISE,,Ras85D_EBC_MEL_ECM_0004,Ras85D_EBC_MEL_ECM_0011,6,30,30,0,0,30,30,0.0,0.0,,1.0,0.0192162206525003,52.03936913941946,1.0,0.0,1.0,0.0588235294117647,17.0,1.0,0.8134186581341866,0.8163183681631837,NEUTRAL,D.melanogaster|ECM_PAIRWISE|MIRNA_CONSERVED,1.0,NOT_SIGNIFICANT
D.melanogaster,MIRNA_CONSERVED,ECM,ECM_PAIRWISE,,Ras85D_EBC_MEL_ECM_0004,Ras85D_EBC_MEL_ECM_0014,6,30,30,0,0,30,30,0.0,0.0,,1.0,0.0192162206525003,52.03936913941946,1.0,0.0,1.0,0.0588235294117647,17.0,1.0,0.8223177682231777,0.8167183281671833,NEUTRAL,D.melanogaster|ECM_PAIRWISE|MIRNA_CONSERVED,1.0,NOT_SIGNIFICANT
D.melanogaster,MIRNA_CONSERVED,ECM,ECM_PAIRWISE,,Ras85D_EBC_MEL_ECM_0004,Ras85D_EBC_MEL_ECM_0017,6,30,30,0,0,30,30,0.0,0.0,,1.0,0.0192162206525003,52.03936913941946,1.0,0.0,1.0,0.0588235294117647,17.0,1.0,0.8207179282071793,0.8157184281571843,NEUTRAL,D.melanogaster|ECM_PAIRWISE|MIRNA_CONSERVED,1.0,NOT_SIGNIFICANT
D.melanogaster,MIRNA_CONSERVED,ECM,ECM_PAIRWISE,,Ras85D_EBC_MEL_ECM_0005,Ras85D_EBC_MEL_ECM_0008,6,29,29,0,0,29,29,0.0,0.0,,1.0,0.0191954740314999,52.095613703469525,1.0,0.0,1.0,0.0588235294117647,17.0,1.0,0.8249175082491751,0.8226177382261773,NEUTRAL,D.melanogaster|ECM_PAIRWISE|MIRNA_CONSERVED,1.0,NOT_SIGNIFICANT
D.melanogaster,MIRNA_CONSERVED,ECM,ECM_PAIRWISE,,Ras85D_EBC_MEL_ECM_0005,Ras85D_EBC_MEL_ECM_0013,6,29,29,0,0,29,29,0.0,0.0,,1.0,0.0191954740314999,52.095613703469525,1.0,0.0,1.0,0.0588235294117647,17.0,1.0,0.8231176882311769,0.824017598240176,NEUTRAL,D.melanogaster|ECM_PAIRWISE|MIRNA_CONSERVED,1.0,NOT_SIGNIFICANT
D.melanogaster,MIRNA_CONSERVED,ECM,ECM_PAIRWISE,,Ras85D_EBC_MEL_ECM_0008,Ras85D_EBC_MEL_ECM_0013,6,29,29,0,0,29,29,0.0,0.0,,1.0,0.0191954740314999,52.095613703469525,1.0,0.0,1.0,0.0588235294117647,17.0,1.0,0.8214178582141786,0.8234176582341766,NEUTRAL,D.melanogaster|ECM_PAIRWISE|MIRNA_CONSERVED,1.0,NOT_SIGNIFICANT
D.melanogaster,MIRNA_CONSERVED,ECM,ECM_PAIRWISE,,Ras85D_EBC_MEL_ECM_0009,Ras85D_EBC_MEL_ECM_0010,6,30,30,0,0,30,30,0.0,0.0,,1.0,0.0192162206525003,52.03936913941946,1.0,0.0,1.0,0.0588235294117647,17.0,1.0,0.8313168683131686,0.8292170782921707,NEUTRAL,D.melanogaster|ECM_PAIRWISE|MIRNA_CONSERVED,1.0,NOT_SIGNIFICANT
D.melanogaster,MIRNA_CONSERVED,ECM,ECM_PAIRWISE,,Ras85D_EBC_MEL_ECM_0009,Ras85D_EBC_MEL_ECM_0011,6,30,30,0,0,30,30,0.0,0.0,,1.0,0.0192162206525003,52.03936913941946,1.0,0.0,1.0,0.0588235294117647,17.0,1.0,0.8124187581241876,0.8185181481851814,NEUTRAL,D.melanogaster|ECM_PAIRWISE|MIRNA_CONSERVED,1.0,NOT_SIGNIFICANT
D.melanogaster,MIRNA_CONSERVED,ECM,ECM_PAIRWISE,,Ras85D_EBC_MEL_ECM_0009,Ras85D_EBC_MEL_ECM_0014,6,30,30,0,0,30,30,0.0,0.0,,1.0,0.0192162206525003,52.03936913941946,1.0,0.0,1.0,0.0588235294117647,17.0,1.0,0.8225177482251775,0.8142185781421858,NEUTRAL,D.melanogaster|ECM_PAIRWISE|MIRNA_CONSERVED,1.0,NOT_SIGNIFICANT
D.melanogaster,MIRNA_CONSERVED,ECM,ECM_PAIRWISE,,Ras85D_EBC_MEL_ECM_0009,Ras85D_EBC_MEL_ECM_0017,6,30,30,0,0,30,30,0.0,0.0,,1.0,0.0192162206525003,52.03936913941946,1.0,0.0,1.0,0.0588235294117647,17.0,1.0,0.8191180881911809,0.8164183581641836,NEUTRAL,D.melanogaster|ECM_PAIRWISE|MIRNA_CONSERVED,1.0,NOT_SIGNIFICANT
D.melanogaster,MIRNA_CONSERVED,ECM,ECM_PAIRWISE,,Ras85D_EBC_MEL_ECM_0010,Ras85D_EBC_MEL_ECM_0011,6,30,30,0,0,30,30,0.0,0.0,,1.0,0.0192162206525003,52.03936913941946,1.0,0.0,1.0,0.0588235294117647,17.0,1.0,0.8136186381361864,0.8207179282071793,NEUTRAL,D.melanogaster|ECM_PAIRWISE|MIRNA_CONSERVED,1.0,NOT_SIGNIFICANT
D.melanogaster,MIRNA_CONSERVED,ECM,ECM_PAIRWISE,,Ras85D_EBC_MEL_ECM_0010,Ras85D_EBC_MEL_ECM_0014,6,30,30,0,0,30,30,0.0,0.0,,1.0,0.0192162206525003,52.03936913941946,1.0,0.0,1.0,0.0588235294117647,17.0,1.0,0.8251174882511749,0.8166183381661833,NEUTRAL,D.melanogaster|ECM_PAIRWISE|MIRNA_CONSERVED,1.0,NOT_SIGNIFICANT
D.melanogaster,MIRNA_CONSERVED,ECM,ECM_PAIRWISE,,Ras85D_EBC_MEL_ECM_0010,Ras85D_EBC_MEL_ECM_0017,6,30,30,0,0,30,30,0.0,0.0,,1.0,0.0192162206525003,52.03936913941946,1.0,0.0,1.0,0.0588235294117647,17.0,1.0,0.8224177582241776,0.8182181781821818,NEUTRAL,D.melanogaster|ECM_PAIRWISE|MIRNA_CONSERVED,1.0,NOT_SIGNIFICANT
D.melanogaster,MIRNA_CONSERVED,ECM,ECM_PAIRWISE,,Ras85D_EBC_MEL_ECM_0011,Ras85D_EBC_MEL_ECM_0014,6,30,30,0,0,30,30,0.0,0.0,,1.0,0.0192162206525003,52.03936913941946,1.0,0.0,1.0,0.0588235294117647,17.0,1.0,0.823017698230177,0.8123187681231877,NEUTRAL,D.melanogaster|ECM_PAIRWISE|MIRNA_CONSERVED,1.0,NOT_SIGNIFICANT
D.melanogaster,MIRNA_CONSERVED,ECM,ECM_PAIRWISE,,Ras85D_EBC_MEL_ECM_0011,Ras85D_EBC_MEL_ECM_0017,6,30,30,0,0,30,30,0.0,0.0,,1.0,0.0192162206525003,52.03936913941946,1.0,0.0,1.0,0.0588235294117647,17.0,1.0,0.8189181081891811,0.813018698130187,NEUTRAL,D.melanogaster|ECM_PAIRWISE|MIRNA_CONSERVED,1.0,NOT_SIGNIFICANT
D.melanogaster,MIRNA_CONSERVED,ECM,ECM_PAIRWISE,,Ras85D_EBC_MEL_ECM_0014,Ras85D_EBC_MEL_ECM_0017,6,30,30,0,0,30,30,0.0,0.0,,1.0,0.0192162206525003,52.03936913941946,1.0,0.0,1.0,0.0588235294117647,17.0,1.0,0.817918208179182,0.8216178382161784,NEUTRAL,D.melanogaster|ECM_PAIRWISE|MIRNA_CONSERVED,1.0,NOT_SIGNIFICANT
D.melanogaster,MIRNA_CONSERVED,ECM,ECM_PAIRWISE,,Ras85D_EBC_MEL_ECM_0015,Ras85D_EBC_MEL_ECM_0016,6,30,30,7,7,23,23,0.2333333333333333,0.2333333333333333,1.0,1.0,0.3022451960703932,3.308572023646321,1.0,0.0,1.0,0.0588235294117647,17.0,1.0,0.8171182881711829,0.8174182581741826,NEUTRAL,D.melanogaster|ECM_PAIRWISE|MIRNA_CONSERVED,1.0,NOT_SIGNIFICANT
D.melanogaster,MIRNA_WEAK,ECM,ECM_PAIRWISE,,Ras85D_EBC_MEL_ECM_0001,Ras85D_EBC_MEL_ECM_0007,37,30,29,0,25,30,4,0.0,0.8620689655172413,0.0,0.0028929604628736,0.0001486036518495,0.0563190751747203,7.842753829821043e-13,-3.964615455547317,0.8571428571428571,0.0205902539464653,39.67741935483872,0.0237976202379762,0.9845015498450156,0.0193980601939806,DEPLETED,D.melanogaster|ECM_PAIRWISE|MIRNA_WEAK,0.936261261091936,NOT_SIGNIFICANT
D.melanogaster,MIRNA_WEAK,ECM,ECM_PAIRWISE,,Ras85D_EBC_MEL_ECM_0005,Ras85D_EBC_MEL_ECM_0007,37,29,29,0,25,29,4,0.0,0.8620689655172413,0.0,0.0029910269192422,0.0001535306343462,0.058270077953682,2.72189691740848e-12,-3.9318256327243257,1.0,0.0222222222222222,44.99999999999999,0.0271972802719728,0.9893010698930108,0.013998600139986,DEPLETED,D.melanogaster|ECM_PAIRWISE|MIRNA_WEAK,0.936261261091936,NOT_SIGNIFICANT
D.melanogaster,MIRNA_WEAK,ECM,ECM_PAIRWISE,,Ras85D_EBC_MEL_ECM_0001,Ras85D_EBC_MEL_ECM_0008,37,30,29,0,22,30,7,0.0,0.7586206896551724,0.0,0.0054644808743169,0.0002964571586081,0.1007246759227225,1.7410913502202718e-10,-3.839452312593311,0.9154315605928508,0.0205902539464653,39.67741935483872,0.0460953904609539,0.971002899710029,0.0360963903609639,DEPLETED,D.melanogaster|ECM_PAIRWISE|MIRNA_WEAK,0.936261261091936,NOT_SIGNIFICANT
D.melanogaster,MIRNA_WEAK,ECM,ECM_PAIRWISE,,Ras85D_EBC_MEL_ECM_0005,Ras85D_EBC_MEL_ECM_0008,37,29,29,0,22,29,7,0.0,0.7586206896551724,0.0,0.0056497175141242,0.0003062821249317,0.1042153798446898,5.552669711513298e-10,-3.80666248977032,1.0,0.0222222222222222,44.99999999999999,0.0556944305569443,0.9788021197880212,0.0278972102789721,DEPLETED,D.melanogaster|ECM_PAIRWISE|MIRNA_WEAK,0.936261261091936,NOT_SIGNIFICANT
D.melanogaster,MIRNA_WEAK,ECM,ECM_PAIRWISE,,Ras85D_EBC_MEL_ECM_0005,Ras85D_EBC_MEL_ECM_0016,37,29,30,0,20,29,10,0.0,0.6666666666666666,0.0,0.0086812732534105,0.0004812568599232,0.1565993372279535,1.43349854501469e-08,-3.6807822438813167,1.0333333333333334,0.0229629629629629,46.49999999999999,0.082991700829917,0.9676032396760323,0.0391960803919608,DEPLETED,D.melanogaster|ECM_PAIRWISE|MIRNA_WEAK,0.936261261091936,NOT_SIGNIFICANT
D.melanogaster,MIRNA_WEAK,ECM,ECM_PAIRWISE,,Ras85D_EBC_MEL_ECM_0001,Ras85D_EBC_MEL_ECM_0016,37,30,30,0,20,30,10,0.0,0.6666666666666666,0.0,0.0083966413434626,0.0004658216614082,0.1513531715927452,1.4334985450146902e-08,-3.713572066704308,0.8823529411764707,0.0204081632653061,41.00000000000001,0.0844915508449155,0.952004799520048,0.0577942205779422,DEPLETED,D.melanogaster|ECM_PAIRWISE|MIRNA_WEAK,0.936261261091936,NOT_SIGNIFICANT
D.melanogaster,MIRNA_WEAK,ECM,ECM_PAIRWISE,,Ras85D_EBC_MEL_ECM_0005,Ras85D_EBC_MEL_ECM_0015,37,29,30,0,18,29,12,0.0,0.6,0.0,0.0114521300961978,0.0006390823269936,0.2052181357559823,1.8700640109964368e-07,-3.578128089821233,1.0333333333333334,0.0229629629629629,46.49999999999999,0.105989401059894,0.9523047695230475,0.0532946705329467,DEPLETED,D.melanogaster|ECM_PAIRWISE|MIRNA_WEAK,0.936261261091936,NOT_SIGNIFICANT
D.melanogaster,MIRNA_WEAK,ECM,ECM_PAIRWISE,,Ras85D_EBC_MEL_ECM_0001,Ras85D_EBC_MEL_ECM_0015,37,30,30,0,18,30,12,0.0,0.6,0.0,0.0110766504209127,0.0006185862907728,0.1983428769393198,1.8700640109964368e-07,-3.610917912644224,0.8823529411764707,0.0204081632653061,41.00000000000001,0.1108889111088891,0.9336066393360664,0.0741925807419258,DEPLETED,D.melanogaster|ECM_PAIRWISE|MIRNA_WEAK,0.936261261091936,NOT_SIGNIFICANT
D.melanogaster,MIRNA_WEAK,ECM,ECM_PAIRWISE,,Ras85D_EBC_MEL_ECM_0005,Ras85D_EBC_MEL_ECM_0011,37,29,30,0,16,29,14,0.0,0.5333333333333333,0.0,0.014894709809964,0.0008336791668892,0.2661124196624234,1.9440445652776143e-06,-3.4637177386434894,1.0333333333333332,0.0219858156028368,46.49999999999999,0.1318868113188681,0.938006199380062,0.0688931106889311,DEPLETED,D.melanogaster|ECM_PAIRWISE|MIRNA_WEAK,0.936261261091936,NOT_SIGNIFICANT
D.melanogaster,MIRNA_WEAK,ECM,ECM_PAIRWISE,,Ras85D_EBC_MEL_ECM_0001,Ras85D_EBC_MEL_ECM_0011,37,30,30,0,16,30,14,0.0,0.5333333333333333,0.0,0.0144063586686537,0.0008069428255247,0.2571968713581722,1.9440445652776148e-06,-3.49650756146648,0.8723404255319148,0.0204081632653061,41.00000000000001,0.1376862313768623,0.9175082491750824,0.0926907309269073,DEPLETED,D.melanogaster|ECM_PAIRWISE|MIRNA_WEAK,0.936261261091936,NOT_SIGNIFICANT
D.melanogaster,MIRNA_WEAK,ECM,ECM_PAIRWISE,,Ras85D_EBC_MEL_ECM_0005,Ras85D_EBC_MEL_ECM_0010,37,29,30,0,14,29,16,0.0,0.4666666666666667,0.0,0.0192869666861484,0.0010795203480883,0.344585523201402,1.6767384375519424e-05,-3.3345060071634838,1.0333333333333334,0.0229629629629629,46.49999999999999,0.156984301569843,0.9253074692530748,0.0832916708329167,DEPLETED,D.melanogaster|ECM_PAIRWISE|MIRNA_WEAK,0.936261261091936,NOT_SIGNIFICANT
D.melanogaster,MIRNA_WEAK,ECM,ECM_PAIRWISE,,Ras85D_EBC_MEL_ECM_0001,Ras85D_EBC_MEL_ECM_0010,37,30,30,0,14,30,16,0.0,0.4666666666666667,0.0,0.0186546071226681,0.0010448998061789,0.3330408952545179,1.6767384375519427e-05,-3.367295829986474,0.894736842105263,0.0212765957446808,41.00000000000001,0.1726827317268273,0.9023097690230976,0.1092890710928907,DEPLETED,D.melanogaster|ECM_PAIRWISE|MIRNA_WEAK,0.936261261091936,NOT_SIGNIFICANT
D.melanogaster,MIRNA_WEAK,ECM,ECM_PAIRWISE,,Ras85D_EBC_MEL_ECM_0002,Ras85D_EBC_MEL_ECM_0005,37,30,29,13,0,17,29,0.4333333333333333,0.0,inf,45.51428571428571,2.5447119477070057,814.0607843446754,4.635688621467135e-05,3.2630470431813383,0.967741935483871,0.021505376344086,43.54838709677419,0.1741825817418258,0.091990800919908,0.9202079792020798,ENRICHED,D.melanogaster|ECM_PAIRWISE|MIRNA_WEAK,0.936261261091936,NOT_SIGNIFICANT
D.melanogaster,MIRNA_WEAK,ECM,ECM_PAIRWISE,,Ras85D_EBC_MEL_ECM_0005,Ras85D_EBC_MEL_ECM_0014,37,29,30,0,13,29,17,0.0,0.4333333333333333,0.0,0.0219711236660389,0.0012284094986899,0.3929717864142075,4.635688621467136e-05,-3.2630470431813383,1.0333333333333334,0.0229629629629629,46.49999999999999,0.1764823517648235,0.917908209179082,0.0914908509149085,DEPLETED,D.melanogaster|ECM_PAIRWISE|MIRNA_WEAK,0.936261261091936,NOT_SIGNIFICANT
D.melanogaster,MIRNA_WEAK,ECM,ECM_PAIRWISE,,Ras85D_EBC_MEL_ECM_0005,Ras85D_EBC_MEL_ECM_0012,37,29,30,0,12,29,18,0.0,0.4,0.0,0.0250847457627118,0.0013998459290469,0.4495098045599037,0.0001236183632391,-3.1860860020452098,1.0333333333333334,0.0229629629629629,46.49999999999999,0.1856814318568143,0.9083091690830916,0.0973902609739026,DEPLETED,D.melanogaster|ECM_PAIRWISE|MIRNA_WEAK,0.936261261091936,NOT_SIGNIFICANT
D.melanogaster,MIRNA_WEAK,ECM,ECM_PAIRWISE,,Ras85D_EBC_MEL_ECM_0001,Ras85D_EBC_MEL_ECM_0002,37,30,30,0,13,30,17,0.0,0.4333333333333333,0.0,0.0212507589556769,0.0011890137022416,0.3798061833441434,4.635688621467135e-05,-3.295836866004329,0.8823529411764707,0.0204081632653061,38.99999999999999,0.1990800919908009,0.8884111588841116,0.1283871612838716,DEPLETED,D.melanogaster|ECM_PAIRWISE|MIRNA_WEAK,0.936261261091936,NOT_SIGNIFICANT
D.melanogaster,MIRNA_WEAK,ECM,ECM_PAIRWISE,,Ras85D_EBC_MEL_ECM_0001,Ras85D_EBC_MEL_ECM_0014,37,30,30,0,13,30,17,0.0,0.4333333333333333,0.0,0.0212507589556769,0.0011890137022416,0.3798061833441434,4.635688621467135e-05,-3.295836866004329,0.8823529411764707,0.0204081632653061,41.00000000000001,0.2003799620037996,0.8874112588741125,0.126987301269873,DEPLETED,D.melanogaster|ECM_PAIRWISE|MIRNA_WEAK,0.936261261091936,NOT_SIGNIFICANT
D.melanogaster,MIRNA_WEAK,ECM,ECM_PAIRWISE,,Ras85D_EBC_MEL_ECM_0004,Ras85D_EBC_MEL_ECM_0005,37,30,29,11,0,19,29,0.3666666666666666,0.0,inf,34.7948717948718,1.9363184717461863,625.249989031898,0.000318805252564,3.102704393106159,0.967741935483871,0.021505376344086,43.54838709677419,0.2006799320067993,0.1014898510148985,0.9057094290570944,ENRICHED,D.melanogaster|ECM_PAIRWISE|MIRNA_WEAK,0.936261261091936,NOT_SIGNIFICANT
D.melanogaster,MIRNA_WEAK,ECM,ECM_PAIRWISE,,Ras85D_EBC_MEL_ECM_0001,Ras85D_EBC_MEL_ECM_0012,37,30,30,0,12,30,18,0.0,0.4,0.0,0.0242622950819672,0.0013549514113088,0.4344502376478861,0.0001236183632391,-3.218875824868201,0.8823529411764707,0.0204081632653061,38.99999999999999,0.2142785721427857,0.8685131486851315,0.1391860813918608,DEPLETED,D.melanogaster|ECM_PAIRWISE|MIRNA_WEAK,0.936261261091936,NOT_SIGNIFICANT
D.melanogaster,MIRNA_WEAK,ECM,ECM_PAIRWISE,,Ras85D_EBC_MEL_ECM_0005,Ras85D_EBC_MEL_ECM_0017,37,29,30,0,10,29,20,0.0,0.3333333333333333,0.0,0.033091202582728,0.0018344507517707,0.5969240042634688,0.0007970131314101,-3.011732614900432,1.0333333333333334,0.0229385342789598,46.49999999999999,0.2195780421957804,0.895010498950105,0.110988901109889,DEPLETED,D.melanogaster|ECM_PAIRWISE|MIRNA_WEAK,0.936261261091936,NOT_SIGNIFICANT
D.melanogaster,MIRNA_WEAK,ECM,ECM_PAIRWISE,,Ras85D_EBC_MEL_ECM_0001,Ras85D_EBC_MEL_ECM_0004,37,30,30,0,11,30,19,0.0,0.3666666666666666,0.0,0.0277975766215253,0.0015480660289262,0.4991423179575355,0.000318805252564,-3.1354942159291497,0.8823529411764707,0.0212765957446808,41.00000000000001,0.2283771622837716,0.8646135386461354,0.1457854214578542,DEPLETED,D.melanogaster|ECM_PAIRWISE|MIRNA_WEAK,0.936261261091936,NOT_SIGNIFICANT
D.melanogaster,MIRNA_WEAK,ECM,ECM_PAIRWISE,,Ras85D_EBC_MEL_ECM_0001,Ras85D_EBC_MEL_ECM_0017,37,30,30,0,10,30,20,0.0,0.3333333333333333,0.0,0.0320062451209992,0.0017756149950733,0.5769267153002373,0.0007970131314101,-3.044522437723423,0.9130434782608696,0.0204081632653061,41.00000000000001,0.2448755124487551,0.8548145185481452,0.154984501549845,DEPLETED,D.melanogaster|ECM_PAIRWISE|MIRNA_WEAK,0.936261261091936,NOT_SIGNIFICANT
D.melanogaster,MIRNA_WEAK,ECM,ECM_PAIRWISE,,Ras85D_EBC_MEL_ECM_0005,Ras85D_EBC_MEL_ECM_0006,37,29,30,0,7,29,23,0.0,0.2333333333333333,0.0,0.0531073446327683,0.0028826430787083,0.9784041856501392,0.0105425350742032,-2.6752603782792197,1.0333333333333334,0.0252032520325203,40.30000000000001,0.2650734926507349,0.8944105589441056,0.1380861913808619,DEPLETED,D.melanogaster|ECM_PAIRWISE|MIRNA_WEAK,0.936261261091936,NOT_SIGNIFICANT
D.melanogaster,MIRNA_WEAK,ECM,ECM_PAIRWISE,,Ras85D_EBC_MEL_ECM_0005,Ras85D_EBC_MEL_ECM_0013,37,29,29,0,7,29,22,0.0,0.2413793103448276,0.0,0.0508474576271186,0.0027565391243858,0.9379384186022086,0.0103818723481086,-2.70805020110221,1.0,0.0222222222222222,44.99999999999999,0.2916708329167083,0.8745125487451255,0.1482851714828517,DEPLETED,D.melanogaster|ECM_PAIRWISE|MIRNA_WEAK,0.936261261091936,NOT_SIGNIFICANT
D.melanogaster,MIRNA_WEAK,ECM,ECM_PAIRWISE,,Ras85D_EBC_MEL_ECM_0001,Ras85D_EBC_MEL_ECM_0013,37,30,29,0,7,30,22,0.0,0.2413793103448276,0.0,0.0491803278688524,0.0026681144274732,0.906522083304503,0.0045750623906919,-2.740840023925201,0.9071989404975876,0.0205902539464653,39.67741935483872,0.3067693230676932,0.8282171782821718,0.204979502049795,DEPLETED,D.melanogaster|ECM_PAIRWISE|MIRNA_WEAK,0.936261261091936,NOT_SIGNIFICANT
D.melanogaster,MIRNA_WEAK,ECM,ECM_PAIRWISE,,Ras85D_EBC_MEL_ECM_0007,Ras85D_EBC_MEL_ECM_0009,37,29,30,25,3,4,27,0.8620689655172413,0.1,8.620689655172413,56.25,11.439219978329408,276.5977493215478,1.975428221270718e-09,2.0187053064920035,1.0333333333333334,0.0229629629629629,46.49999999999999,0.3331666833316668,0.1614838516148385,0.8388161183881612,ENRICHED,D.melanogaster|ECM_PAIRWISE|MIRNA_WEAK,0.936261261091936,NOT_SIGNIFICANT
D.melanogaster,MIRNA_WEAK,ECM,ECM_PAIRWISE,,Ras85D_EBC_MEL_ECM_0001,Ras85D_EBC_MEL_ECM_0006,37,30,30,0,7,30,23,0.0,0.2333333333333333,0.0,0.0513661202185792,0.0027901740738659,0.9456321492708198,0.0105425350742032,-2.70805020110221,0.8823529411764707,0.0204081632653061,38.99999999999999,0.3334666533346665,0.8256174382561744,0.2052794720527947,DEPLETED,D.melanogaster|ECM_PAIRWISE|MIRNA_WEAK,0.936261261091936,NOT_SIGNIFICANT
D.melanogaster,MIRNA_WEAK,ECM,ECM_PAIRWISE,,Ras85D_EBC_MEL_ECM_0003,Ras85D_EBC_MEL_ECM_0005,37,29,29,4,0,25,29,0.1379310344827586,0.0,inf,10.411764705882351,0.5344401381591578,202.8381413567672,0.1119617224880382,2.19722457733622,1.0,0.0222222222222222,44.99999999999999,0.3358664133586641,0.168983101689831,0.8362163783621638,ENRICHED,D.melanogaster|ECM_PAIRWISE|MIRNA_WEAK,0.936261261091936,NOT_SIGNIFICANT
D.melanogaster,MIRNA_WEAK,ECM,ECM_PAIRWISE,,Ras85D_EBC_MEL_ECM_0005,Ras85D_EBC_MEL_ECM_0009,37,29,30,0,3,29,27,0.0,0.1,0.0,0.1331719128329297,0.0065745077024014,2.6975036261807754,0.2372881355932204,-1.9131203262323224,1.0333333333333334,0.0229629629629629,46.49999999999999,0.3476652334766523,0.8222177782221778,0.1813818618138186,DEPLETED,D.melanogaster|ECM_PAIRWISE|MIRNA_WEAK,0.936261261091936,NOT_SIGNIFICANT
D.melanogaster,MIRNA_WEAK,ECM,ECM_PAIRWISE,,Ras85D_EBC_MEL_ECM_0008,Ras85D_EBC_MEL_ECM_0009,37,29,30,22,3,7,27,0.7586206896551724,0.1,7.586206896551723,28.285714285714285,6.5361882059001415,122.40798573254618,2.440523822271372e-07,1.8935421635379972,1.0333333333333332,0.0229629629629629,46.49999999999999,0.3478652134786521,0.1665833416658334,0.8338166183381662,ENRICHED,D.melanogaster|ECM_PAIRWISE|MIRNA_WEAK,0.936261261091936,NOT_SIGNIFICANT
D.melanogaster,MIRNA_WEAK,ECM,ECM_PAIRWISE,,Ras85D_EBC_MEL_ECM_0009,Ras85D_EBC_MEL_ECM_0016,37,30,30,3,20,27,10,0.1,0.6666666666666666,0.15,0.0555555555555555,0.0135110000426045,0.2284375503925653,1.0979873400083272e-05,-1.7676619176489945,1.0,0.0222222222222222,44.99999999999999,0.3491650834916508,0.8297170282971703,0.170982901709829,DEPLETED,D.melanogaster|ECM_PAIRWISE|MIRNA_WEAK,0.936261261091936,NOT_SIGNIFICANT
D.melanogaster,MIRNA_WEAK,ECM,ECM_PAIRWISE,,Ras85D_EBC_MEL_ECM_0009,Ras85D_EBC_MEL_ECM_0015,37,30,30,3,18,27,12,0.1,0.6,0.1666666666666666,0.074074074074074,0.0182901468349915,0.2999958665960019,9.41430621730966e-05,-1.6650077635889111,1.0,0.0222222222222222,44.99999999999999,0.3588641135886411,0.8261173882611739,0.1750824917508249,DEPLETED,D.melanogaster|ECM_PAIRWISE|MIRNA_WEAK,0.936261261091936,NOT_SIGNIFICANT
D.melanogaster,MIRNA_WEAK,ECM,ECM_PAIRWISE,,Ras85D_EBC_MEL_ECM_0009,Ras85D_EBC_MEL_ECM_0011,37,30,30,3,16,27,14,0.1,0.5333333333333333,0.1875,0.0972222222222222,0.0241703032307533,0.3910650356177823,0.0006310253578028,-1.550597412411167,1.0,0.0212765957446808,46.99999999999999,0.3685631436856314,0.8155184481551845,0.1851814818518148,DEPLETED,D.melanogaster|ECM_PAIRWISE|MIRNA_WEAK,0.936261261091936,NOT_SIGNIFICANT
D.melanogaster,MIRNA_WEAK,ECM,ECM_PAIRWISE,,Ras85D_EBC_MEL_ECM_0009,Ras85D_EBC_MEL_ECM_0010,37,30,30,3,14,27,16,0.1,0.4666666666666667,0.2142857142857143,0.1269841269841269,0.0315693756483309,0.510778822031389,0.0034211649722403,-1.421385680931161,1.0,0.024390243902439,41.00000000000001,0.3703629637036296,0.8202179782021798,0.1806819318068193,DEPLETED,D.melanogaster|ECM_PAIRWISE|MIRNA_WEAK,0.936261261091936,NOT_SIGNIFICANT
D.melanogaster,MIRNA_WEAK,ECM,ECM_PAIRWISE,,Ras85D_EBC_MEL_ECM_0003,Ras85D_EBC_MEL_ECM_0007,37,29,29,4,25,25,4,0.1379310344827586,0.8620689655172413,0.16,0.0256,0.0057540319785585,0.1138957868920586,3.8422341785464085e-08,-1.7346010553881064,1.0,0.0222222222222222,43.0,0.3723627637236276,0.8113188681131887,0.1898810118988101,DEPLETED,D.melanogaster|ECM_PAIRWISE|MIRNA_WEAK,0.936261261091936,NOT_SIGNIFICANT
D.melanogaster,MIRNA_WEAK,ECM,ECM_PAIRWISE,,Ras85D_EBC_MEL_ECM_0001,Ras85D_EBC_MEL_ECM_0003,37,30,29,0,4,30,25,0.0,0.1379310344827586,0.0,0.0928961748633879,0.0047718283760563,1.8084680806104636,0.0521855486173059,-2.2300144001592104,0.9010011123470524,0.0205902539464653,39.67741935483872,0.3783621637836216,0.7793220677932207,0.228977102289771,DEPLETED,D.melanogaster|ECM_PAIRWISE|MIRNA_WEAK,0.936261261091936,NOT_SIGNIFICANT
D.melanogaster,MIRNA_WEAK,ECM,ECM_PAIRWISE,,Ras85D_EBC_MEL_ECM_0003,Ras85D_EBC_MEL_ECM_0008,37,29,29,4,22,25,7,0.1379310344827586,0.7586206896551724,0.1818181818181818,0.0509090909090909,0.0131248044866242,0.1974685062799504,3.5082692682292938e-06,-1.6094379124341005,1.0,0.0222222222222222,44.99999999999999,0.3805619438056194,0.808019198080192,0.1940805919408059,DEPLETED,D.melanogaster|ECM_PAIRWISE|MIRNA_WEAK,0.936261261091936,NOT_SIGNIFICANT
D.melanogaster,MIRNA_WEAK,ECM,ECM_PAIRWISE,,Ras85D_EBC_MEL_ECM_0006,Ras85D_EBC_MEL_ECM_0007,37,30,29,7,25,23,4,0.2333333333333333,0.8620689655172413,0.2706666666666666,0.048695652173913,0.0125894032493609,0.1883541652987473,1.3241241459778504e-06,-1.2565652544451065,0.967741935483871,0.0248138957816377,37.79032258064446,0.3908609139086091,0.808019198080192,0.1931806819318068,DEPLETED,D.melanogaster|ECM_PAIRWISE|MIRNA_WEAK,0.936261261091936,NOT_SIGNIFICANT
D.melanogaster,MIRNA_WEAK,ECM,ECM_PAIRWISE,,Ras85D_EBC_MEL_ECM_0001,Ras85D_EBC_MEL_ECM_0009,37,30,30,0,3,30,27,0.0,0.1,0.0,0.1288056206088993,0.0063634645714747,2.6072099112195763,0.2372881355932203,-1.9459101490553132,0.8666666666666666,0.0196078431372549,41.00000000000001,0.3948605139486051,0.7606239376062394,0.2463753624637536,DEPLETED,D.melanogaster|ECM_PAIRWISE|MIRNA_WEAK,0.936261261091936,NOT_SIGNIFICANT
D.melanogaster,MIRNA_WEAK,ECM,ECM_PAIRWISE,,Ras85D_EBC_MEL_ECM_0003,Ras85D_EBC_MEL_ECM_0016,37,29,30,4,20,25,10,0.1379310344827586,0.6666666666666666,0.2068965517241379,0.08,0.0217999944858982,0.2935780559091406,4.904409482795937e-05,-1.4835576665450976,1.0333333333333334,0.0219858156028368,46.49999999999999,0.3958604139586041,0.7967203279672033,0.2036796320367963,DEPLETED,D.melanogaster|ECM_PAIRWISE|MIRNA_WEAK,0.936261261091936,NOT_SIGNIFICANT
D.melanogaster,MIRNA_WEAK,ECM,ECM_PAIRWISE,,Ras85D_EBC_MEL_ECM_0002,Ras85D_EBC_MEL_ECM_0009,37,30,30,13,3,17,27,0.4333333333333333,0.1,4.333333333333333,6.882352941176471,1.7067301960880967,27.75294074920994,0.0074097830383369,1.349926716949016,1.0,0.0222222222222222,44.99999999999999,0.4016598340165983,0.1991800819918008,0.8015198480151985,ENRICHED,D.melanogaster|ECM_PAIRWISE|MIRNA_WEAK,0.936261261091936,NOT_SIGNIFICANT
D.melanogaster,MIRNA_WEAK,ECM,ECM_PAIRWISE,,Ras85D_EBC_MEL_ECM_0009,Ras85D_EBC_MEL_ECM_0014,37,30,30,3,13,27,17,0.1,0.4333333333333333,0.2307692307692307,0.1452991452991453,0.0360322175958404,0.5859156897159524,0.0074097830383369,-1.349926716949016,1.0,0.0222222222222222,44.99999999999999,0.4055594440555944,0.8011198880111989,0.1998800119988001,DEPLETED,D.melanogaster|ECM_PAIRWISE|MIRNA_WEAK,0.936261261091936,NOT_SIGNIFICANT
D.melanogaster,MIRNA_WEAK,ECM,ECM_PAIRWISE,,Ras85D_EBC_MEL_ECM_0003,Ras85D_EBC_MEL_ECM_0015,37,29,30,4,18,25,12,0.1379310344827586,0.6,0.2298850574712643,0.1066666666666666,0.029550845927749,0.3850237589000362,0.0003681767339008,-1.3809035124850142,1.0333333333333334,0.0229629629629629,46.49999999999999,0.4084591540845915,0.7912208779122087,0.2094790520947905,DEPLETED,D.melanogaster|ECM_PAIRWISE|MIRNA_WEAK,0.936261261091936,NOT_SIGNIFICANT
D.melanogaster,MIRNA_WEAK,ECM,ECM_PAIRWISE,,Ras85D_EBC_MEL_ECM_0009,Ras85D_EBC_MEL_ECM_0012,37,30,30,3,12,27,18,0.1,0.4,0.25,0.1666666666666666,0.041152830378731,0.6749906998410041,0.0153316216973899,-1.272965675812887,1.0,0.0222222222222222,44.99999999999999,0.4142585741425857,0.7976202379762024,0.2030796920307969,DEPLETED,D.melanogaster|ECM_PAIRWISE|MIRNA_WEAK,0.936261261091936,NOT_SIGNIFICANT
D.melanogaster,MIRNA_WEAK,ECM,ECM_PAIRWISE,,Ras85D_EBC_MEL_ECM_0003,Ras85D_EBC_MEL_ECM_0011,37,29,30,4,16,25,14,0.1379310344827586,0.5333333333333333,0.2586206896551724,0.14,0.0390752937568299,0.5015957172829727,0.0021521918620873,-1.26649316130727,1.0333333333333332,0.0219858156028368,46.49999999999999,0.4275572442755724,0.7793220677932207,0.2237776222377762,DEPLETED,D.melanogaster|ECM_PAIRWISE|MIRNA_WEAK,0.936261261091936,NOT_SIGNIFICANT
D.melanogaster,MIRNA_WEAK,ECM,ECM_PAIRWISE,,Ras85D_EBC_MEL_ECM_0004,Ras85D_EBC_MEL_ECM_0009,37,30,30,11,3,19,27,0.3666666666666666,0.1,3.666666666666666,5.2105263157894735,1.2783933938876022,21.237269073311285,0.0303414212619112,1.1895840668738364,1.0,0.0212765957446808,44.99999999999999,0.4310568943105689,0.2105789421057894,0.7896210378962104,ENRICHED,D.melanogaster|ECM_PAIRWISE|MIRNA_WEAK,0.936261261091936,NOT_SIGNIFICANT
D.melanogaster,MIRNA_WEAK,ECM,ECM_PAIRWISE,,Ras85D_EBC_MEL_ECM_0007,Ras85D_EBC_MEL_ECM_0013,37,29,29,25,7,4,22,0.8620689655172413,0.2413793103448276,3.571428571428571,19.642857142857142,5.064098669902852,76.19161116031256,3.508269268229294e-06,1.2237754316221157,1.0,0.0222222222222222,44.99999999999999,0.4383561643835616,0.2176782321767823,0.783921607839216,ENRICHED,D.melanogaster|ECM_PAIRWISE|MIRNA_WEAK,0.936261261091936,NOT_SIGNIFICANT
D.melanogaster,MIRNA_WEAK,ECM,ECM_PAIRWISE,,Ras85D_EBC_MEL_ECM_0003,Ras85D_EBC_MEL_ECM_0010,37,29,30,4,14,25,16,0.1379310344827586,0.4666666666666667,0.2955665024630541,0.1828571428571428,0.0510371183762677,0.6551454266553112,0.0101229709088794,-1.1372814298272638,1.0333333333333334,0.0229629629629629,44.43333333333333,0.4496550344965503,0.76992300769923,0.2307769223077692,DEPLETED,D.melanogaster|ECM_PAIRWISE|MIRNA_WEAK,0.936261261091936,NOT_SIGNIFICANT
D.melanogaster,MIRNA_WEAK,ECM,ECM_PAIRWISE,,Ras85D_EBC_MEL_ECM_0006,Ras85D_EBC_MEL_ECM_0008,37,30,29,7,22,23,7,0.2333333333333333,0.7586206896551724,0.3075757575757576,0.0968379446640316,0.0291762154257202,0.321412060814689,7.640708652799931e-05,-1.1314021114911006,0.967741935483871,0.021505376344086,43.54838709677419,0.4586541345865413,0.7833216678332167,0.2276772322767723,DEPLETED,D.melanogaster|ECM_PAIRWISE|MIRNA_WEAK,0.936261261091936,NOT_SIGNIFICANT
D.melanogaster,MIRNA_WEAK,ECM,ECM_PAIRWISE,,Ras85D_EBC_MEL_ECM_0009,Ras85D_EBC_MEL_ECM_0017,37,30,30,3,10,27,20,0.1,0.3333333333333333,0.3,0.2222222222222222,0.054044000170418,0.9137502015702617,0.057466273332082,-1.0986122886681096,1.0,0.0222222222222222,44.99999999999999,0.4753524647535246,0.772022797720228,0.2304769523047695,DEPLETED,D.melanogaster|ECM_PAIRWISE|MIRNA_WEAK,0.936261261091936,NOT_SIGNIFICANT
D.melanogaster,MIRNA_WEAK,ECM,ECM_PAIRWISE,,Ras85D_EBC_MEL_ECM_0002,Ras85D_EBC_MEL_ECM_0003,37,30,29,13,4,17,25,0.4333333333333333,0.1379310344827586,3.1416666666666666,4.779411764705882,1.3303365578116189,17.170675106594818,0.0203727917531508,1.0658224658451187,0.967741935483871,0.0225056264066016,43.54838709677419,0.476952304769523,0.2452754724527547,0.7668233176682332,ENRICHED,D.melanogaster|ECM_PAIRWISE|MIRNA_WEAK,0.936261261091936,NOT_SIGNIFICANT
D.melanogaster,MIRNA_WEAK,ECM,ECM_PAIRWISE,,Ras85D_EBC_MEL_ECM_0003,Ras85D_EBC_MEL_ECM_0014,37,29,30,4,13,25,17,0.1379310344827586,0.4333333333333333,0.3183023872679045,0.2092307692307692,0.058238828339133,0.7516894834830241,0.0203727917531508,-1.0658224658451187,1.0333333333333334,0.0219858156028368,44.43333333333333,0.4771522847715228,0.7645235476452354,0.246975302469753,DEPLETED,D.melanogaster|ECM_PAIRWISE|MIRNA_WEAK,0.936261261091936,NOT_SIGNIFICANT
D.melanogaster,MIRNA_WEAK,ECM,ECM_PAIRWISE,,Ras85D_EBC_MEL_ECM_0008,Ras85D_EBC_MEL_ECM_0013,37,29,29,22,7,7,22,0.7586206896551724,0.2413793103448276,3.1428571428571423,9.877551020408164,2.966608842339077,32.88806153622824,0.0001780247357212,1.0986122886681098,1.0,0.0222222222222222,44.99999999999999,0.4845515448455154,0.2410758924107589,0.771022897710229,ENRICHED,D.melanogaster|ECM_PAIRWISE|MIRNA_WEAK,0.936261261091936,NOT_SIGNIFICANT
D.melanogaster,MIRNA_WEAK,ECM,ECM_PAIRWISE,,Ras85D_EBC_MEL_ECM_0006,Ras85D_EBC_MEL_ECM_0016,37,30,30,7,20,23,10,0.2333333333333333,0.6666666666666666,0.35,0.1521739130434782,0.0488294288946015,0.4742406441195185,0.0016033945713174,-1.0055218656020977,1.0,0.0222222222222222,44.99999999999999,0.490950904909509,0.7576242375762424,0.2451754824517548,DEPLETED,D.melanogaster|ECM_PAIRWISE|MIRNA_WEAK,0.936261261091936,NOT_SIGNIFICANT
D.melanogaster,MIRNA_WEAK,ECM,ECM_PAIRWISE,,Ras85D_EBC_MEL_ECM_0003,Ras85D_EBC_MEL_ECM_0012,37,29,30,4,12,25,18,0.1379310344827586,0.4,0.3448275862068965,0.24,0.0664894033374354,0.8663034575250814,0.0390971376745487,-0.9888614247089904,1.0333333333333334,0.0229629629629629,44.43333333333333,0.4950504949505049,0.7467253274672533,0.2537746225377462,DEPLETED,D.melanogaster|ECM_PAIRWISE|MIRNA_WEAK,0.936261261091936,NOT_SIGNIFICANT
D.melanogaster,MIRNA_WEAK,ECM,ECM_PAIRWISE,,Ras85D_EBC_MEL_ECM_0013,Ras85D_EBC_MEL_ECM_0016,37,29,30,7,20,22,10,0.2413793103448276,0.6666666666666666,0.3620689655172414,0.1590909090909091,0.0508790005755844,0.4974531156085144,0.0016033945713174,-0.9727320427791069,1.0333333333333334,0.0229629629629629,46.49999999999999,0.5001499850014999,0.7503249675032497,0.2537746225377462,DEPLETED,D.melanogaster|ECM_PAIRWISE|MIRNA_WEAK,0.936261261091936,NOT_SIGNIFICANT
D.melanogaster,MIRNA_WEAK,ECM,ECM_PAIRWISE,,Ras85D_EBC_MEL_ECM_0003,Ras85D_EBC_MEL_ECM_0004,37,29,30,4,11,25,19,0.1379310344827586,0.3666666666666666,0.3761755485893417,0.2763636363636363,0.0760338729267191,1.004510970758305,0.071618370064345,-0.9054798157699394,1.0333333333333334,0.0229629629629629,46.49999999999999,0.5113488651134886,0.7409259074092591,0.2595740425957404,DEPLETED,D.melanogaster|ECM_PAIRWISE|MIRNA_WEAK,0.936261261091936,NOT_SIGNIFICANT
D.melanogaster,MIRNA_WEAK,ECM,ECM_PAIRWISE,,Ras85D_EBC_MEL_ECM_0006,Ras85D_EBC_MEL_ECM_0015,37,30,30,7,18,23,12,0.2333333333333333,0.6,0.3888888888888889,0.2028985507246377,0.0663503268777837,0.6204614780871972,0.0082140338053405,-0.9028677115420144,1.0,0.0222222222222222,44.99999999999999,0.5257474252574742,0.7388261173882612,0.2634736526347365,DEPLETED,D.melanogaster|ECM_PAIRWISE|MIRNA_WEAK,0.936261261091936,NOT_SIGNIFICANT
D.melanogaster,MIRNA_WEAK,ECM,ECM_PAIRWISE,,Ras85D_EBC_MEL_ECM_0007,Ras85D_EBC_MEL_ECM_0017,37,29,30,25,10,4,20,0.8620689655172413,0.3333333333333333,2.586206896551724,12.5,3.406249138421605,45.87157123580323,4.9044094827959375e-05,0.9200930178238936,1.0333333333333334,0.0219858156028368,46.49999999999999,0.5262473752624738,0.2692730726927307,0.7323267673232676,ENRICHED,D.melanogaster|ECM_PAIRWISE|MIRNA_WEAK,0.936261261091936,NOT_SIGNIFICANT
D.melanogaster,MIRNA_WEAK,ECM,ECM_PAIRWISE,,Ras85D_EBC_MEL_ECM_0013,Ras85D_EBC_MEL_ECM_0015,37,29,30,7,18,22,12,0.2413793103448276,0.6,0.4022988505747126,0.2121212121212121,0.0691314293104347,0.6508676166627533,0.0082140338053405,-0.8700778887190235,1.0333333333333334,0.0229629629629629,46.49999999999999,0.5361463853614639,0.7333266673332667,0.2694730526947305,DEPLETED,D.melanogaster|ECM_PAIRWISE|MIRNA_WEAK,0.936261261091936,NOT_SIGNIFICANT
D.melanogaster,MIRNA_WEAK,ECM,ECM_PAIRWISE,,Ras85D_EBC_MEL_ECM_0004,Ras85D_EBC_MEL_ECM_0007,37,30,29,11,25,19,4,0.3666666666666666,0.8620689655172413,0.4253333333333333,0.0926315789473684,0.0254850377399806,0.3366920428303461,0.0001390140727483,-0.8291212396181669,0.967741935483871,0.021505376344086,43.54838709677419,0.5501449855014499,0.7270272972702729,0.2735726427357264,DEPLETED,D.melanogaster|ECM_PAIRWISE|MIRNA_WEAK,0.936261261091936,NOT_SIGNIFICANT
D.melanogaster,MIRNA_WEAK,ECM,ECM_PAIRWISE,,Ras85D_EBC_MEL_ECM_0003,Ras85D_EBC_MEL_ECM_0017,37,29,30,4,10,25,20,0.1379310344827586,0.3333333333333333,0.4137931034482758,0.32,0.087199977943593,1.1743122236365626,0.125278403507509,-0.8145080375642126,1.0333333333333334,0.0229629629629629,46.49999999999999,0.5541445855414459,0.7215278472152785,0.2796720327967203,DEPLETED,D.melanogaster|ECM_PAIRWISE|MIRNA_WEAK,0.936261261091936,NOT_SIGNIFICANT
D.melanogaster,MIRNA_WEAK,ECM,ECM_PAIRWISE,,Ras85D_EBC_MEL_ECM_0008,Ras85D_EBC_MEL_ECM_0017,37,29,30,22,10,7,20,0.7586206896551724,0.3333333333333333,2.2758620689655173,6.285714285714286,2.010239696210849,19.6544741187364,0.0016033945713174,0.7949298748698876,1.0333333333333334,0.0229629629629629,46.49999999999999,0.557044295570443,0.2798720127987201,0.7230276972302769,ENRICHED,D.melanogaster|ECM_PAIRWISE|MIRNA_WEAK,0.936261261091936,NOT_SIGNIFICANT
D.melanogaster,MIRNA_WEAK,ECM,ECM_PAIRWISE,,Ras85D_EBC_MEL_ECM_0009,Ras85D_EBC_MEL_ECM_0013,37,30,29,3,7,27,22,0.1,0.2413793103448276,0.4142857142857143,0.3492063492063492,0.0806936815543227,1.5112097004018044,0.1805804037737829,-0.7949298748698876,0.967741935483871,0.021505376344086,43.54838709677419,0.5576442355764424,0.7302269773022698,0.2715728427157284,DEPLETED,D.melanogaster|ECM_PAIRWISE|MIRNA_WEAK,0.936261261091936,NOT_SIGNIFICANT
D.melanogaster,MIRNA_WEAK,ECM,ECM_PAIRWISE,,Ras85D_EBC_MEL_ECM_0006,Ras85D_EBC_MEL_ECM_0011,37,30,30,7,16,23,14,0.2333333333333333,0.5333333333333333,0.4375,0.266304347826087,0.0878331653889893,0.8074171681847155,0.0325942029399336,-0.78845736036427,1.0,0.0222222222222222,44.99999999999999,0.567043295670433,0.712028797120288,0.2912708729127087,DEPLETED,D.melanogaster|ECM_PAIRWISE|MIRNA_WEAK,0.936261261091936,NOT_SIGNIFICANT
D.melanogaster,MIRNA_WEAK,ECM,ECM_PAIRWISE,,Ras85D_EBC_MEL_ECM_0016,Ras85D_EBC_MEL_ECM_0017,37,30,30,20,10,10,20,0.6666666666666666,0.3333333333333333,2.0,4.0,1.3671908337620873,11.702828606576402,0.0193831882617899,0.6690496289808848,1.0,0.024390243902439,41.00000000000001,0.5674432556744325,0.2894710528947105,0.7117288271172882,ENRICHED,D.melanogaster|ECM_PAIRWISE|MIRNA_WEAK,0.936261261091936,NOT_SIGNIFICANT
D.melanogaster,MIRNA_WEAK,ECM,ECM_PAIRWISE,,Ras85D_EBC_MEL_ECM_0006,Ras85D_EBC_MEL_ECM_0009,37,30,30,7,3,23,27,0.2333333333333333,0.1,2.333333333333333,2.739130434782609,0.6345946887072456,11.82303550954176,0.2989793821568606,0.7621400520468967,1.0,0.0222222222222222,44.99999999999999,0.5720427957204279,0.2834716528347165,0.7187281271872813,ENRICHED,D.melanogaster|ECM_PAIRWISE|MIRNA_WEAK,0.936261261091936,NOT_SIGNIFICANT
D.melanogaster,MIRNA_WEAK,ECM,ECM_PAIRWISE,,Ras85D_EBC_MEL_ECM_0011,Ras85D_EBC_MEL_ECM_0013,37,30,29,16,7,14,22,0.5333333333333333,0.2413793103448276,2.209523809523809,3.591836734693877,1.1806273868912165,10.927487598494196,0.0325942029399336,0.7556675375412792,0.967741935483871,0.021505376344086,43.54838709677419,0.5728427157284272,0.2913708629137086,0.7123287671232876,ENRICHED,D.melanogaster|ECM_PAIRWISE|MIRNA_WEAK,0.936261261091936,NOT_SIGNIFICANT
D.melanogaster,MIRNA_WEAK,ECM,ECM_PAIRWISE,,Ras85D_EBC_MEL_ECM_0007,Ras85D_EBC_MEL_ECM_0012,37,29,30,25,12,4,18,0.8620689655172413,0.4,2.155172413793103,9.375,2.59724231786857,33.8399788095735,0.0003681767339008,0.745739630679116,1.0333333333333334,0.0229629629629629,46.49999999999999,0.5763423657634237,0.2895710428957104,0.7110288971102889,ENRICHED,D.melanogaster|ECM_PAIRWISE|MIRNA_WEAK,0.936261261091936,NOT_SIGNIFICANT
D.melanogaster,MIRNA_WEAK,ECM,ECM_PAIRWISE,,Ras85D_EBC_MEL_ECM_0004,Ras85D_EBC_MEL_ECM_0008,37,30,29,11,22,19,7,0.3666666666666666,0.7586206896551724,0.4833333333333333,0.1842105263157894,0.0595603069152878,0.5697337667148623,0.0037563376203938,-0.703958096664161,0.967741935483871,0.0225056264066016,43.54838709677419,0.5817418258174183,0.7126287371262874,0.2881711828817118,DEPLETED,D.melanogaster|ECM_PAIRWISE|MIRNA_WEAK,0.936261261091936,NOT_SIGNIFICANT
D.melanogaster,MIRNA_WEAK,ECM,ECM_PAIRWISE,,Ras85D_EBC_MEL_ECM_0007,Ras85D_EBC_MEL_ECM_0014,37,29,30,25,13,4,17,0.8620689655172413,0.4333333333333333,1.989389920424403,8.173076923076923,2.274954231997384,29.36287044855564,0.0009162440773562,0.6687785895429875,1.0333333333333334,0.0229629629629629,44.43333333333333,0.6060393960603939,0.3014698530146985,0.7007299270072993,ENRICHED,D.melanogaster|ECM_PAIRWISE|MIRNA_WEAK,0.936261261091936,NOT_SIGNIFICANT
D.melanogaster,MIRNA_WEAK,ECM,ECM_PAIRWISE,,Ras85D_EBC_MEL_ECM_0006,Ras85D_EBC_MEL_ECM_0010,37,30,30,7,14,23,16,0.2333333333333333,0.4666666666666667,0.5,0.3478260869565217,0.1147208690794962,1.0545856890575875,0.1033351171720727,-0.6592456288842639,1.0,0.0232558139534883,44.99999999999999,0.6083391660833917,0.6984301569843016,0.3057694230576942,DEPLETED,D.melanogaster|ECM_PAIRWISE|MIRNA_WEAK,0.936261261091936,NOT_SIGNIFICANT
D.melanogaster,MIRNA_WEAK,ECM,ECM_PAIRWISE,,Ras85D_EBC_MEL_ECM_0002,Ras85D_EBC_MEL_ECM_0007,37,30,29,13,25,17,4,0.4333333333333333,0.8620689655172413,0.5026666666666667,0.1223529411764706,0.0340566158799774,0.4395692827288271,0.0009162440773562,-0.6687785895429875,0.967741935483871,0.021505376344086,43.54838709677419,0.6142385761423858,0.6954304569543046,0.305969403059694,DEPLETED,D.melanogaster|ECM_PAIRWISE|MIRNA_WEAK,0.936261261091936,NOT_SIGNIFICANT
D.melanogaster,MIRNA_WEAK,ECM,ECM_PAIRWISE,,Ras85D_EBC_MEL_ECM_0008,Ras85D_EBC_MEL_ECM_0012,37,29,30,22,12,7,18,0.7586206896551724,0.4,1.8965517241379308,4.714285714285714,1.5364107452870093,14.465200705015064,0.0082140338053405,0.62057648772511,1.0333333333333334,0.0229629629629629,46.49999999999999,0.6315368463153684,0.3114688531146885,0.6954304569543046,ENRICHED,D.melanogaster|ECM_PAIRWISE|MIRNA_WEAK,0.936261261091936,NOT_SIGNIFICANT
D.melanogaster,MIRNA_WEAK,ECM,ECM_PAIRWISE,,Ras85D_EBC_MEL_ECM_0002,Ras85D_EBC_MEL_ECM_0006,37,30,30,13,7,17,23,0.4333333333333333,0.2333333333333333,1.8571428571428568,2.5126050420168067,0.826112428145907,7.642039850843704,0.1702217031692847,0.5877866649021191,1.0,0.0222222222222222,44.99999999999999,0.6355364463553644,0.3216678332166783,0.6833316668333167,ENRICHED,D.melanogaster|ECM_PAIRWISE|MIRNA_WEAK,0.936261261091936,NOT_SIGNIFICANT
D.melanogaster,MIRNA_WEAK,ECM,ECM_PAIRWISE,,Ras85D_EBC_MEL_ECM_0010,Ras85D_EBC_MEL_ECM_0013,37,30,29,14,7,16,22,0.4666666666666667,0.2413793103448276,1.9333333333333331,2.75,0.9039178430885874,8.366357692597122,0.1033351171720726,0.626455806061273,0.967741935483871,0.021505376344086,43.54838709677419,0.6393360663933607,0.320967903209679,0.6825317468253175,ENRICHED,D.melanogaster|ECM_PAIRWISE|MIRNA_WEAK,0.936261261091936,NOT_SIGNIFICANT
D.melanogaster,MIRNA_WEAK,ECM,ECM_PAIRWISE,,Ras85D_EBC_MEL_ECM_0006,Ras85D_EBC_MEL_ECM_0014,37,30,30,7,13,23,17,0.2333333333333333,0.4333333333333333,0.5384615384615384,0.3979933110367893,0.1308551145398171,1.2104889914855284,0.1702217031692847,-0.587786664902119,1.0,0.0222222222222222,44.99999999999999,0.6425357464253575,0.6796320367963203,0.3261673832616738,DEPLETED,D.melanogaster|ECM_PAIRWISE|MIRNA_WEAK,0.936261261091936,NOT_SIGNIFICANT
D.melanogaster,MIRNA_WEAK,ECM,ECM_PAIRWISE,,Ras85D_EBC_MEL_ECM_0007,Ras85D_EBC_MEL_ECM_0010,37,29,30,25,14,4,16,0.8620689655172413,0.4666666666666667,1.8472906403940883,7.142857142857143,1.9936374365729583,25.59161822872309,0.0021521918620873,0.5973196255608426,1.0333333333333334,0.0229629629629629,44.43333333333333,0.646935306469353,0.3290670932906709,0.6715328467153284,ENRICHED,D.melanogaster|ECM_PAIRWISE|MIRNA_WEAK,0.936261261091936,NOT_SIGNIFICANT
D.melanogaster,MIRNA_WEAK,ECM,ECM_PAIRWISE,,Ras85D_EBC_MEL_ECM_0004,Ras85D_EBC_MEL_ECM_0016,37,30,30,11,20,19,10,0.3666666666666666,0.6666666666666666,0.55,0.2894736842105263,0.1000978568599215,0.8371309484445761,0.0378872128952835,-0.578077850775158,1.0,0.0222222222222222,44.99999999999999,0.652934706529347,0.6702329767023297,0.3307669233076692,DEPLETED,D.melanogaster|ECM_PAIRWISE|MIRNA_WEAK,0.936261261091936,NOT_SIGNIFICANT
D.melanogaster,MIRNA_WEAK,ECM,ECM_PAIRWISE,,Ras85D_EBC_MEL_ECM_0015,Ras85D_EBC_MEL_ECM_0017,37,30,30,18,10,12,20,0.6,0.3333333333333333,1.8,3.0,1.0461784390194817,8.602738944261889,0.069205806312317,0.5663954749208016,1.0,0.0222222222222222,44.99999999999999,0.6545345465453455,0.3338666133386661,0.6668333166683331,ENRICHED,D.melanogaster|ECM_PAIRWISE|MIRNA_WEAK,0.936261261091936,NOT_SIGNIFICANT
D.melanogaster,MIRNA_WEAK,ECM,ECM_PAIRWISE,,Ras85D_EBC_MEL_ECM_0013,Ras85D_EBC_MEL_ECM_0014,37,29,30,7,13,22,17,0.2413793103448276,0.4333333333333333,0.5570291777188329,0.4160839160839161,0.1363377199174749,1.269830721303834,0.1702217031692847,-0.5549968420791281,1.0333333333333334,0.0229629629629629,44.43333333333333,0.6561343865613438,0.6731326867313269,0.3338666133386661,DEPLETED,D.melanogaster|ECM_PAIRWISE|MIRNA_WEAK,0.936261261091936,NOT_SIGNIFICANT
D.melanogaster,MIRNA_WEAK,ECM,ECM_PAIRWISE,,Ras85D_EBC_MEL_ECM_0002,Ras85D_EBC_MEL_ECM_0013,37,30,29,13,7,17,22,0.4333333333333333,0.2413793103448276,1.7952380952380953,2.403361344537815,0.7875065417957616,7.334727327149807,0.1702217031692847,0.5549968420791281,0.967741935483871,0.021505376344086,43.54838709677419,0.658934106589341,0.3314668533146685,0.6754324567543246,ENRICHED,D.melanogaster|ECM_PAIRWISE|MIRNA_WEAK,0.936261261091936,NOT_SIGNIFICANT
D.melanogaster,MIRNA_WEAK,ECM,ECM_PAIRWISE,,Ras85D_EBC_MEL_ECM_0008,Ras85D_EBC_MEL_ECM_0014,37,29,30,22,13,7,17,0.7586206896551724,0.4333333333333333,1.7506631299734747,4.1098901098901095,1.346682784490977,12.54281773696032,0.0168551064100064,0.5436154465889816,1.0333333333333334,0.0229629629629629,46.49999999999999,0.6705329467053295,0.330966903309669,0.6733326667333267,ENRICHED,D.melanogaster|ECM_PAIRWISE|MIRNA_WEAK,0.936261261091936,NOT_SIGNIFICANT
D.melanogaster,MIRNA_WEAK,ECM,ECM_PAIRWISE,,Ras85D_EBC_MEL_ECM_0002,Ras85D_EBC_MEL_ECM_0008,37,30,29,13,22,17,7,0.4333333333333333,0.7586206896551724,0.5712121212121213,0.2433155080213903,0.0797269019586618,0.7425653698973979,0.0168551064100064,-0.5436154465889815,0.967741935483871,0.0225056264066016,43.54838709677419,0.6714328567143286,0.6752324767523248,0.3330666933306669,DEPLETED,D.melanogaster|ECM_PAIRWISE|MIRNA_WEAK,0.936261261091936,NOT_SIGNIFICANT
D.melanogaster,MIRNA_WEAK,ECM,ECM_PAIRWISE,,Ras85D_EBC_MEL_ECM_0006,Ras85D_EBC_MEL_ECM_0012,37,30,30,7,12,23,18,0.2333333333333333,0.4,0.5833333333333333,0.4565217391304347,0.1492882354750133,1.3960383256961937,0.2668356607208132,-0.5108256237659905,1.0,0.0222222222222222,44.99999999999999,0.6805319468053195,0.6622337766223377,0.3410658934106589,DEPLETED,D.melanogaster|ECM_PAIRWISE|MIRNA_WEAK,0.936261261091936,NOT_SIGNIFICANT
D.melanogaster,MIRNA_WEAK,ECM,ECM_PAIRWISE,,Ras85D_EBC_MEL_ECM_0012,Ras85D_EBC_MEL_ECM_0016,37,30,30,12,20,18,10,0.4,0.6666666666666666,0.6000000000000001,0.3333333333333333,0.1162420487799423,0.9558598826957648,0.069205806312317,-0.494696241836107,1.0,0.0222222222222222,44.99999999999999,0.686031396860314,0.6579342065793421,0.3426657334266573,DEPLETED,D.melanogaster|ECM_PAIRWISE|MIRNA_WEAK,0.936261261091936,NOT_SIGNIFICANT
D.melanogaster,MIRNA_WEAK,ECM,ECM_PAIRWISE,,Ras85D_EBC_MEL_ECM_0012,Ras85D_EBC_MEL_ECM_0013,37,30,29,12,7,18,22,0.4,0.2413793103448276,1.6571428571428573,2.095238095238096,0.6828492201275596,6.428978091117808,0.2668356607208132,0.4780358009429997,0.967741935483871,0.021505376344086,43.54838709677419,0.6907309269073093,0.3501649835016498,0.6539346065393461,ENRICHED,D.melanogaster|ECM_PAIRWISE|MIRNA_WEAK,0.936261261091936,NOT_SIGNIFICANT
D.melanogaster,MIRNA_WEAK,ECM,ECM_PAIRWISE,,Ras85D_EBC_MEL_ECM_0008,Ras85D_EBC_MEL_ECM_0010,37,29,30,22,14,7,16,0.7586206896551724,0.4666666666666667,1.6256157635467978,3.591836734693877,1.1806273868912165,10.927487598494196,0.0325942029399336,0.4721564826068365,1.0333333333333334,0.0229629629629629,44.43333333333333,0.692930706929307,0.3473652634736526,0.6536346365363463,ENRICHED,D.melanogaster|ECM_PAIRWISE|MIRNA_WEAK,0.936261261091936,NOT_SIGNIFICANT
D.melanogaster,MIRNA_WEAK,ECM,ECM_PAIRWISE,,Ras85D_EBC_MEL_ECM_0003,Ras85D_EBC_MEL_ECM_0013,37,29,29,4,7,25,22,0.1379310344827586,0.2413793103448276,0.5714285714285714,0.5028571428571429,0.129640925949513,1.9505052457040009,0.5044979262807406,-0.5108256237659907,1.0,0.0222222222222222,44.99999999999999,0.6935306469353064,0.654934506549345,0.3530646935306469,DEPLETED,D.melanogaster|ECM_PAIRWISE|MIRNA_WEAK,0.936261261091936,NOT_SIGNIFICANT
D.melanogaster,MIRNA_WEAK,ECM,ECM_PAIRWISE,,Ras85D_EBC_MEL_ECM_0007,Ras85D_EBC_MEL_ECM_0011,37,29,30,25,16,4,14,0.8620689655172413,0.5333333333333333,1.6163793103448274,5.46875,1.5263786623761713,19.59358270636612,0.0101229709088794,0.4681078940808363,1.0333333333333334,0.0229629629629629,44.43333333333333,0.6948305169483052,0.3441655834416558,0.6572342765723428,ENRICHED,D.melanogaster|ECM_PAIRWISE|MIRNA_WEAK,0.936261261091936,NOT_SIGNIFICANT
D.melanogaster,MIRNA_WEAK,ECM,ECM_PAIRWISE,,Ras85D_EBC_MEL_ECM_0004,Ras85D_EBC_MEL_ECM_0015,37,30,30,11,18,19,12,0.3666666666666666,0.6,0.611111111111111,0.3859649122807017,0.1361996826181512,1.0937537492616505,0.1204544137220084,-0.4754236967150748,1.0,0.0222222222222222,44.99999999999999,0.6983301669833016,0.6492350764923508,0.3516648335166483,DEPLETED,D.melanogaster|ECM_PAIRWISE|MIRNA_WEAK,0.936261261091936,NOT_SIGNIFICANT
D.melanogaster,MIRNA_WEAK,ECM,ECM_PAIRWISE,,Ras85D_EBC_MEL_ECM_0003,Ras85D_EBC_MEL_ECM_0006,37,29,30,4,7,25,23,0.1379310344827586,0.2333333333333333,0.5911330049261083,0.5257142857142857,0.1359141697737133,2.033456192715048,0.5061775943272465,-0.4780358009429998,1.0333333333333334,0.0229629629629629,44.43333333333333,0.702029797020298,0.6499350064993501,0.3558644135586441,DEPLETED,D.melanogaster|ECM_PAIRWISE|MIRNA_WEAK,0.936261261091936,NOT_SIGNIFICANT
D.melanogaster,MIRNA_WEAK,ECM,ECM_PAIRWISE,,Ras85D_EBC_MEL_ECM_0011,Ras85D_EBC_MEL_ECM_0017,37,30,30,16,10,14,20,0.5333333333333333,0.3333333333333333,1.6,2.2857142857142856,0.8043615568575607,6.495200760624539,0.192316886243639,0.4519851237430572,1.0,0.0222222222222222,46.99999999999999,0.7087291270872913,0.3653634636536346,0.6354364563543645,ENRICHED,D.melanogaster|ECM_PAIRWISE|MIRNA_WEAK,0.936261261091936,NOT_SIGNIFICANT
D.melanogaster,MIRNA_WEAK,ECM,ECM_PAIRWISE,,Ras85D_EBC_MEL_ECM_0014,Ras85D_EBC_MEL_ECM_0016,37,30,30,13,20,17,10,0.4333333333333333,0.6666666666666666,0.65,0.3823529411764705,0.1341046933007137,1.090146571518385,0.1187648991920185,-0.4177352006999786,1.0,0.0222222222222222,44.99999999999999,0.7178282171782822,0.644935506449355,0.3567643235676432,DEPLETED,D.melanogaster|ECM_PAIRWISE|MIRNA_WEAK,0.936261261091936,NOT_SIGNIFICANT
D.melanogaster,MIRNA_WEAK,ECM,ECM_PAIRWISE,,Ras85D_EBC_MEL_ECM_0004,Ras85D_EBC_MEL_ECM_0006,37,30,30,11,7,19,23,0.3666666666666666,0.2333333333333333,1.5714285714285714,1.9022556390977443,0.6171257391168217,5.863596811984813,0.3985089768298216,0.4274440148269395,1.0,0.0222222222222222,44.99999999999999,0.7238276172382762,0.361963803619638,0.6426357364263574,ENRICHED,D.melanogaster|ECM_PAIRWISE|MIRNA_WEAK,0.936261261091936,NOT_SIGNIFICANT
D.melanogaster,MIRNA_WEAK,ECM,ECM_PAIRWISE,,Ras85D_EBC_MEL_ECM_0012,Ras85D_EBC_MEL_ECM_0015,37,30,30,12,18,18,12,0.4,0.6,0.6666666666666667,0.4444444444444444,0.1581927712336545,1.2486718745559684,0.1963629693207716,-0.3920420877760237,1.0,0.0222222222222222,44.99999999999999,0.7282271772822718,0.6377362263773623,0.3625637436256374,DEPLETED,D.melanogaster|ECM_PAIRWISE|MIRNA_WEAK,0.936261261091936,NOT_SIGNIFICANT
D.melanogaster,MIRNA_WEAK,ECM,ECM_PAIRWISE,,Ras85D_EBC_MEL_ECM_0002,Ras85D_EBC_MEL_ECM_0016,37,30,30,13,20,17,10,0.4333333333333333,0.6666666666666666,0.65,0.3823529411764705,0.1341046933007137,1.090146571518385,0.1187648991920185,-0.4177352006999786,1.0,0.0222222222222222,44.99999999999999,0.7346265373462654,0.6345365463453655,0.3673632636736326,DEPLETED,D.melanogaster|ECM_PAIRWISE|MIRNA_WEAK,0.936261261091936,NOT_SIGNIFICANT
D.melanogaster,MIRNA_WEAK,ECM,ECM_PAIRWISE,,Ras85D_EBC_MEL_ECM_0004,Ras85D_EBC_MEL_ECM_0013,37,30,29,11,7,19,22,0.3666666666666666,0.2413793103448276,1.519047619047619,1.8195488721804511,0.5883099703469241,5.627574348775377,0.3985089768298216,0.3946541920039487,0.967741935483871,0.021505376344086,43.54838709677419,0.7431256874312568,0.3722627737226277,0.6317368263173683,ENRICHED,D.melanogaster|ECM_PAIRWISE|MIRNA_WEAK,0.936261261091936,NOT_SIGNIFICANT
D.melanogaster,MIRNA_WEAK,ECM,ECM_PAIRWISE,,Ras85D_EBC_MEL_ECM_0007,Ras85D_EBC_MEL_ECM_0015,37,29,30,25,18,4,12,0.8620689655172413,0.6,1.4367816091954022,4.166666666666667,1.1543299190526983,15.03999058203266,0.0390971376745487,0.3536975429030921,1.0333333333333334,0.0229629629629629,44.43333333333333,0.752024797520248,0.3783621637836216,0.6222377762223777,ENRICHED,D.melanogaster|ECM_PAIRWISE|MIRNA_WEAK,0.936261261091936,NOT_SIGNIFICANT
D.melanogaster,MIRNA_WEAK,ECM,ECM_PAIRWISE,,Ras85D_EBC_MEL_ECM_0004,Ras85D_EBC_MEL_ECM_0011,37,30,30,11,16,19,14,0.3666666666666666,0.5333333333333333,0.6875,0.506578947368421,0.180412038156738,1.4224229853993977,0.2993015946823596,-0.3610133455373305,1.0,0.0212765957446808,44.99999999999999,0.754024597540246,0.6179382061793821,0.3827617238276172,DEPLETED,D.melanogaster|ECM_PAIRWISE|MIRNA_WEAK,0.936261261091936,NOT_SIGNIFICANT
D.melanogaster,MIRNA_WEAK,ECM,ECM_PAIRWISE,,Ras85D_EBC_MEL_ECM_0014,Ras85D_EBC_MEL_ECM_0015,37,30,30,13,18,17,12,0.4333333333333333,0.6,0.7222222222222223,0.5098039215686274,0.1825227678553262,1.4239321565228331,0.3014671232267514,-0.3150810466398954,1.0,0.0232558139534883,43.0,0.756024397560244,0.6248375162483751,0.3762623737626237,DEPLETED,D.melanogaster|ECM_PAIRWISE|MIRNA_WEAK,0.936261261091936,NOT_SIGNIFICANT
D.melanogaster,MIRNA_WEAK,ECM,ECM_PAIRWISE,,Ras85D_EBC_MEL_ECM_0008,Ras85D_EBC_MEL_ECM_0011,37,29,30,22,16,7,14,0.7586206896551724,0.5333333333333333,1.4224137931034482,2.75,0.9039178430885874,8.366357692597122,0.1033351171720727,0.3429447511268304,1.0333333333333332,0.0229629629629629,44.43333333333333,0.7586241375862414,0.3690630936906309,0.6318368163183682,ENRICHED,D.melanogaster|ECM_PAIRWISE|MIRNA_WEAK,0.936261261091936,NOT_SIGNIFICANT
D.melanogaster,MIRNA_WEAK,ECM,ECM_PAIRWISE,,Ras85D_EBC_MEL_ECM_0010,Ras85D_EBC_MEL_ECM_0016,37,30,30,14,20,16,10,0.4666666666666667,0.6666666666666666,0.7000000000000001,0.4375,0.1539598292422675,1.243222020588291,0.192316886243639,-0.3462762367178338,1.0,0.0222222222222222,44.99999999999999,0.7638236176382361,0.6117388261173883,0.38996100389961,DEPLETED,D.melanogaster|ECM_PAIRWISE|MIRNA_WEAK,0.936261261091936,NOT_SIGNIFICANT
D.melanogaster,MIRNA_WEAK,ECM,ECM_PAIRWISE,,Ras85D_EBC_MEL_ECM_0006,Ras85D_EBC_MEL_ECM_0017,37,30,30,7,10,23,20,0.2333333333333333,0.3333333333333333,0.7000000000000001,0.6086956521739131,0.1953177155784063,1.896962576478074,0.567489732503049,-0.3364722366212129,1.0,0.0222222222222222,44.99999999999999,0.7708229177082292,0.6212378762123788,0.3824617538246175,DEPLETED,D.melanogaster|ECM_PAIRWISE|MIRNA_WEAK,0.936261261091936,NOT_SIGNIFICANT
D.melanogaster,MIRNA_WEAK,ECM,ECM_PAIRWISE,,Ras85D_EBC_MEL_ECM_0002,Ras85D_EBC_MEL_ECM_0015,37,30,30,13,18,17,12,0.4333333333333333,0.6,0.7222222222222223,0.5098039215686274,0.1825227678553262,1.4239321565228331,0.3014671232267514,-0.3150810466398954,1.0,0.0222222222222222,44.99999999999999,0.7765223477652234,0.6092390760923908,0.391960803919608,DEPLETED,D.melanogaster|ECM_PAIRWISE|MIRNA_WEAK,0.936261261091936,NOT_SIGNIFICANT
D.melanogaster,MIRNA_WEAK,ECM,ECM_PAIRWISE,,Ras85D_EBC_MEL_ECM_0010,Ras85D_EBC_MEL_ECM_0017,37,30,30,14,10,16,20,0.4666666666666667,0.3333333333333333,1.4,1.75,0.61583931696907,4.972888082353163,0.4295691931947636,0.322773392263051,1.0,0.0222222222222222,44.99999999999999,0.7786221377862214,0.3922607739226077,0.6089391060893911,ENRICHED,D.melanogaster|ECM_PAIRWISE|MIRNA_WEAK,0.936261261091936,NOT_SIGNIFICANT
D.melanogaster,MIRNA_WEAK,ECM,ECM_PAIRWISE,,Ras85D_EBC_MEL_ECM_0013,Ras85D_EBC_MEL_ECM_0017,37,29,30,7,10,22,20,0.2413793103448276,0.3333333333333333,0.7241379310344829,0.6363636363636364,0.203516002302338,1.9898124624340567,0.5674897325030488,-0.303682413798222,1.0333333333333334,0.0229629629629629,44.484999999999246,0.7858214178582141,0.6160383961603839,0.3875612438756124,DEPLETED,D.melanogaster|ECM_PAIRWISE|MIRNA_WEAK,0.936261261091936,NOT_SIGNIFICANT
D.melanogaster,MIRNA_WEAK,ECM,ECM_PAIRWISE,,Ras85D_EBC_MEL_ECM_0003,Ras85D_EBC_MEL_ECM_0009,37,29,30,4,3,25,27,0.1379310344827586,0.1,1.379310344827586,1.44,0.2928440314452328,7.080902382631625,0.7064691994252864,0.2841042511038969,1.0333333333333334,0.0229629629629629,44.43333333333333,0.7944205579442056,0.3908609139086091,0.6105389461053895,ENRICHED,D.melanogaster|ECM_PAIRWISE|MIRNA_WEAK,0.936261261091936,NOT_SIGNIFICANT
D.melanogaster,MIRNA_WEAK,ECM,ECM_PAIRWISE,,Ras85D_EBC_MEL_ECM_0011,Ras85D_EBC_MEL_ECM_0012,37,30,30,16,12,14,18,0.5333333333333333,0.4,1.3333333333333333,1.7142857142857142,0.6158515440189208,4.771889489837493,0.4378954215234297,0.2776317365982795,1.0,0.0222222222222222,46.99999999999999,0.7978202179782021,0.4026597340265973,0.5986401359864013,ENRICHED,D.melanogaster|ECM_PAIRWISE|MIRNA_WEAK,0.936261261091936,NOT_SIGNIFICANT
D.melanogaster,MIRNA_WEAK,ECM,ECM_PAIRWISE,,Ras85D_EBC_MEL_ECM_0007,Ras85D_EBC_MEL_ECM_0016,37,29,30,25,20,4,10,0.8620689655172413,0.6666666666666666,1.293103448275862,3.125,0.8515622846054012,11.467892808950806,0.1252784035075089,0.2510433888430088,1.0333333333333334,0.0219858156028368,46.49999999999999,0.81001899810019,0.4062593740625937,0.593940605939406,ENRICHED,D.melanogaster|ECM_PAIRWISE|MIRNA_WEAK,0.936261261091936,NOT_SIGNIFICANT
D.melanogaster,MIRNA_WEAK,ECM,ECM_PAIRWISE,,Ras85D_EBC_MEL_ECM_0010,Ras85D_EBC_MEL_ECM_0015,37,30,30,14,18,16,12,0.4666666666666667,0.6,0.7777777777777778,0.5833333333333334,0.2095605948397717,1.623767951403036,0.4378954215234297,-0.2436220826577505,1.0,0.0222222222222222,44.99999999999999,0.8122187781221878,0.5901409859014098,0.4108589141085891,DEPLETED,D.melanogaster|ECM_PAIRWISE|MIRNA_WEAK,0.936261261091936,NOT_SIGNIFICANT
D.melanogaster,MIRNA_WEAK,ECM,ECM_PAIRWISE,,Ras85D_EBC_MEL_ECM_0014,Ras85D_EBC_MEL_ECM_0017,37,30,30,13,10,17,20,0.4333333333333333,0.3333333333333333,1.3,1.5294117647058822,0.5364187732028548,4.36058628607354,0.5959098408345824,0.2513144282809061,1.0,0.0222222222222222,44.99999999999999,0.8129187081291871,0.4111588841115888,0.5904409559044096,ENRICHED,D.melanogaster|ECM_PAIRWISE|MIRNA_WEAK,0.936261261091936,NOT_SIGNIFICANT
D.melanogaster,MIRNA_WEAK,ECM,ECM_PAIRWISE,,Ras85D_EBC_MEL_ECM_0002,Ras85D_EBC_MEL_ECM_0017,37,30,30,13,10,17,20,0.4333333333333333,0.3333333333333333,1.3,1.5294117647058822,0.5364187732028548,4.36058628607354,0.5959098408345824,0.2513144282809061,1.0,0.0222222222222222,46.99999999999999,0.8136186381361864,0.4137586241375862,0.5883411658834117,ENRICHED,D.melanogaster|ECM_PAIRWISE|MIRNA_WEAK,0.936261261091936,NOT_SIGNIFICANT
D.melanogaster,MIRNA_WEAK,ECM,ECM_PAIRWISE,,Ras85D_EBC_MEL_ECM_0008,Ras85D_EBC_MEL_ECM_0015,37,29,30,22,18,7,12,0.7586206896551724,0.6,1.264367816091954,2.095238095238096,0.6828492201275596,6.428978091117808,0.2668356607208132,0.2285343999490862,1.0333333333333334,0.0229629629629629,44.43333333333333,0.827017298270173,0.4123587641235876,0.5884411558844116,ENRICHED,D.melanogaster|ECM_PAIRWISE|MIRNA_WEAK,0.936261261091936,NOT_SIGNIFICANT
D.melanogaster,MIRNA_WEAK,ECM,ECM_PAIRWISE,,Ras85D_EBC_MEL_ECM_0004,Ras85D_EBC_MEL_ECM_0010,37,30,30,11,14,19,16,0.3666666666666666,0.4666666666666667,0.7857142857142857,0.6616541353383458,0.2356402131026783,1.857858593174724,0.6009504665206372,-0.2318016140573243,1.0,0.0232558139534883,44.99999999999999,0.8291170882911709,0.5835416458354165,0.4183581641835816,DEPLETED,D.melanogaster|ECM_PAIRWISE|MIRNA_WEAK,0.936261261091936,NOT_SIGNIFICANT
D.melanogaster,MIRNA_WEAK,ECM,ECM_PAIRWISE,,Ras85D_EBC_MEL_ECM_0011,Ras85D_EBC_MEL_ECM_0016,37,30,30,16,20,14,10,0.5333333333333333,0.6666666666666666,0.8,0.5714285714285714,0.2010903892143901,1.6238001901561347,0.4295691931947636,-0.2170645052378275,1.0,0.0222222222222222,46.99999999999999,0.8363163683631637,0.5867413258674132,0.4141585841415858,DEPLETED,D.melanogaster|ECM_PAIRWISE|MIRNA_WEAK,0.936261261091936,NOT_SIGNIFICANT
D.melanogaster,MIRNA_WEAK,ECM,ECM_PAIRWISE,,Ras85D_EBC_MEL_ECM_0002,Ras85D_EBC_MEL_ECM_0011,37,30,30,13,16,17,14,0.4333333333333333,0.5333333333333333,0.8125,0.6691176470588235,0.2418038420793686,1.8515769714634192,0.6058071732731874,-0.2006706954621511,1.0,0.0222222222222222,44.99999999999999,0.8406159384061593,0.5773422657734226,0.4240575942405759,DEPLETED,D.melanogaster|ECM_PAIRWISE|MIRNA_WEAK,0.936261261091936,NOT_SIGNIFICANT
D.melanogaster,MIRNA_WEAK,ECM,ECM_PAIRWISE,,Ras85D_EBC_MEL_ECM_0011,Ras85D_EBC_MEL_ECM_0014,37,30,30,16,13,14,17,0.5333333333333333,0.4333333333333333,1.2307692307692306,1.4945054945054943,0.5400801670208915,4.135583584613864,0.6058071732731874,0.200670695462151,1.0,0.0222222222222222,46.99999999999999,0.8494150584941506,0.4275572442755724,0.5741425857414258,ENRICHED,D.melanogaster|ECM_PAIRWISE|MIRNA_WEAK,0.936261261091936,NOT_SIGNIFICANT
D.melanogaster,MIRNA_WEAK,ECM,ECM_PAIRWISE,,Ras85D_EBC_MEL_ECM_0004,Ras85D_EBC_MEL_ECM_0014,37,30,30,11,13,19,17,0.3666666666666666,0.4333333333333333,0.846153846153846,0.757085020242915,0.2687178298231256,2.1330096639046614,0.7924942425907314,-0.1603426500751793,1.0,0.0222222222222222,44.99999999999999,0.8561143885611439,0.5711428857114289,0.4302569743025697,DEPLETED,D.melanogaster|ECM_PAIRWISE|MIRNA_WEAK,0.936261261091936,NOT_SIGNIFICANT
D.melanogaster,MIRNA_WEAK,ECM,ECM_PAIRWISE,,Ras85D_EBC_MEL_ECM_0012,Ras85D_EBC_MEL_ECM_0017,37,30,30,12,10,18,20,0.4,0.3333333333333333,1.2000000000000002,1.3333333333333333,0.4649681951197694,3.82343953078306,0.7891703517397821,0.1743533871447777,1.0,0.0222222222222222,44.99999999999999,0.8607139286071392,0.4362563743625637,0.5646435356464353,ENRICHED,D.melanogaster|ECM_PAIRWISE|MIRNA_WEAK,0.936261261091936,NOT_SIGNIFICANT
D.melanogaster,MIRNA_WEAK,ECM,ECM_PAIRWISE,,Ras85D_EBC_MEL_ECM_0002,Ras85D_EBC_MEL_ECM_0004,37,30,30,13,11,17,19,0.4333333333333333,0.3666666666666666,1.181818181818182,1.320855614973262,0.4688211295627289,3.721375692332051,0.7924942425907314,0.1603426500751792,1.0,0.0222222222222222,44.99999999999999,0.8609139086091391,0.4360563943605639,0.5656434356564344,ENRICHED,D.melanogaster|ECM_PAIRWISE|MIRNA_WEAK,0.936261261091936,NOT_SIGNIFICANT
D.melanogaster,MIRNA_WEAK,ECM,ECM_PAIRWISE,,Ras85D_EBC_MEL_ECM_0010,Ras85D_EBC_MEL_ECM_0012,37,30,30,14,12,16,18,0.4666666666666667,0.4,1.1666666666666663,1.3125,0.4715113383894863,3.653477890656831,0.7947745256391849,0.1484200051182732,1.0,0.0222222222222222,43.0,0.8677132286771323,0.4326567343265673,0.5681431856814319,ENRICHED,D.melanogaster|ECM_PAIRWISE|MIRNA_WEAK,0.936261261091936,NOT_SIGNIFICANT
D.melanogaster,MIRNA_WEAK,ECM,ECM_PAIRWISE,,Ras85D_EBC_MEL_ECM_0007,Ras85D_EBC_MEL_ECM_0008,37,29,29,25,22,4,7,0.8620689655172413,0.7586206896551724,1.1363636363636362,1.9886363636363635,0.5126876752587596,7.713613526560563,0.5044979262807406,0.125163142954006,1.0,0.0232558139534883,43.0,0.8769123087691231,0.4396560343965603,0.5637436256374363,ENRICHED,D.melanogaster|ECM_PAIRWISE|MIRNA_WEAK,0.936261261091936,NOT_SIGNIFICANT
D.melanogaster,MIRNA_WEAK,ECM,ECM_PAIRWISE,,Ras85D_EBC_MEL_ECM_0008,Ras85D_EBC_MEL_ECM_0016,37,29,30,22,20,7,10,0.7586206896551724,0.6666666666666666,1.137931034482759,1.5714285714285714,0.5025599240527121,4.9136185296841015,0.5674897325030488,0.1258802458890029,1.0333333333333334,0.0229629629629629,44.43333333333333,0.8799120087991201,0.4377562243775622,0.5632436756324367,ENRICHED,D.melanogaster|ECM_PAIRWISE|MIRNA_WEAK,0.936261261091936,NOT_SIGNIFICANT
D.melanogaster,MIRNA_WEAK,ECM,ECM_PAIRWISE,,Ras85D_EBC_MEL_ECM_0010,Ras85D_EBC_MEL_ECM_0011,37,30,30,14,16,16,14,0.4666666666666667,0.5333333333333333,0.875,0.765625,0.2776318960922113,2.111362739208857,0.7965456378184194,-0.1292117314800062,1.0,0.0222222222222222,44.99999999999999,0.8815118488151185,0.5502449755024498,0.4511548845115488,DEPLETED,D.melanogaster|ECM_PAIRWISE|MIRNA_WEAK,0.936261261091936,NOT_SIGNIFICANT
D.melanogaster,MIRNA_WEAK,ECM,ECM_PAIRWISE,,Ras85D_EBC_MEL_ECM_0011,Ras85D_EBC_MEL_ECM_0015,37,30,30,16,18,14,12,0.5333333333333333,0.6,0.888888888888889,0.7619047619047619,0.2737117973417426,2.120839773261108,0.7947745256391852,-0.1144103511777443,1.0,0.0222222222222222,44.99999999999999,0.8938106189381062,0.5603439656034397,0.4407559244075592,DEPLETED,D.melanogaster|ECM_PAIRWISE|MIRNA_WEAK,0.936261261091936,NOT_SIGNIFICANT
D.melanogaster,MIRNA_WEAK,ECM,ECM_PAIRWISE,,Ras85D_EBC_MEL_ECM_0004,Ras85D_EBC_MEL_ECM_0017,37,30,30,11,10,19,20,0.3666666666666666,0.3333333333333333,1.1,1.1578947368421053,0.400391427439686,3.348523793778305,1.0,0.0909717782057267,1.0,0.0222222222222222,44.99999999999999,0.8968103189681031,0.4528547145285471,0.5480451954804519,ENRICHED,D.melanogaster|ECM_PAIRWISE|MIRNA_WEAK,0.936261261091936,NOT_SIGNIFICANT
D.melanogaster,MIRNA_WEAK,ECM,ECM_PAIRWISE,,Ras85D_EBC_MEL_ECM_0015,Ras85D_EBC_MEL_ECM_0016,37,30,30,18,20,12,10,0.6,0.6666666666666666,0.9,0.75,0.2615446097548703,2.150684736065471,0.789170351739782,-0.1026541540600832,1.0,0.0222222222222222,44.99999999999999,0.8969103089691031,0.547045295470453,0.453954604539546,DEPLETED,D.melanogaster|ECM_PAIRWISE|MIRNA_WEAK,0.936261261091936,NOT_SIGNIFICANT
D.melanogaster,MIRNA_WEAK,ECM,ECM_PAIRWISE,,Ras85D_EBC_MEL_ECM_0012,Ras85D_EBC_MEL_ECM_0014,37,30,30,12,13,18,17,0.4,0.4333333333333333,0.9230769230769232,0.8717948717948718,0.3121247331963864,2.435008243994668,1.0,-0.0769610411361284,1.0,0.0222222222222222,44.99999999999999,0.9102089791020898,0.5453454654534546,0.4558544145585441,DEPLETED,D.melanogaster|ECM_PAIRWISE|MIRNA_WEAK,0.936261261091936,NOT_SIGNIFICANT
D.melanogaster,MIRNA_WEAK,ECM,ECM_PAIRWISE,,Ras85D_EBC_MEL_ECM_0002,Ras85D_EBC_MEL_ECM_0012,37,30,30,13,12,17,18,0.4333333333333333,0.4,1.0833333333333333,1.1470588235294117,0.4106762276744841,3.203847352176375,1.0,0.0769610411361284,1.0,0.0222222222222222,46.99999999999999,0.9118088191180882,0.4582541745825417,0.5435456454354565,ENRICHED,D.melanogaster|ECM_PAIRWISE|MIRNA_WEAK,0.936261261091936,NOT_SIGNIFICANT
D.melanogaster,MIRNA_WEAK,ECM,ECM_PAIRWISE,,Ras85D_EBC_MEL_ECM_0002,Ras85D_EBC_MEL_ECM_0010,37,30,30,13,14,17,16,0.4333333333333333,0.4666666666666667,0.9285714285714286,0.8739495798319328,0.3158254263893795,2.418386248442017,1.0,-0.0714589639821448,1.0,0.0222222222222222,44.99999999999999,0.9128087191280873,0.5481451854814519,0.4533546645335466,DEPLETED,D.melanogaster|ECM_PAIRWISE|MIRNA_WEAK,0.936261261091936,NOT_SIGNIFICANT
D.melanogaster,MIRNA_WEAK,ECM,ECM_PAIRWISE,,Ras85D_EBC_MEL_ECM_0004,Ras85D_EBC_MEL_ECM_0012,37,30,30,11,12,19,18,0.3666666666666666,0.4,0.9166666666666664,0.868421052631579,0.3064492858908403,2.460945935838714,1.0,-0.083381608939051,1.0,0.0212765957446808,44.99999999999999,0.9138086191380862,0.5405459454054594,0.4604539546045395,DEPLETED,D.melanogaster|ECM_PAIRWISE|MIRNA_WEAK,0.936261261091936,NOT_SIGNIFICANT
D.melanogaster,MIRNA_WEAK,ECM,ECM_PAIRWISE,,Ras85D_EBC_MEL_ECM_0010,Ras85D_EBC_MEL_ECM_0014,37,30,30,14,13,16,17,0.4666666666666667,0.4333333333333333,1.0769230769230769,1.1442307692307692,0.41349887787537,3.1663061819699894,1.0,0.0714589639821448,1.0,0.0222222222222222,43.0,0.9156084391560844,0.458054194580542,0.5435456454354565,ENRICHED,D.melanogaster|ECM_PAIRWISE|MIRNA_WEAK,0.936261261091936,NOT_SIGNIFICANT
D.melanogaster,MIRNA_WEAK,ECM,ECM_PAIRWISE,,Ras85D_EBC_MEL_ECM_0006,Ras85D_EBC_MEL_ECM_0013,37,30,29,7,7,23,22,0.2333333333333333,0.2413793103448276,0.9666666666666668,0.9565217391304348,0.2881895564499711,3.1747640292716217,1.0,-0.0327898228229908,0.967741935483871,0.0225056264066016,43.54838709677419,0.9917008299170084,0.5367463253674633,0.5209479052094791,DEPLETED,D.melanogaster|ECM_PAIRWISE|MIRNA_WEAK,1.0,NOT_SIGNIFICANT
D.melanogaster,MIRNA_WEAK,ECM,ECM_PAIRWISE,,Ras85D_EBC_MEL_ECM_0001,Ras85D_EBC_MEL_ECM_0005,37,30,29,0,0,30,29,0.0,0.0,,0.9672131147540984,0.0185761440341053,50.3603550680254,1.0,-0.0327898228229908,0.9010011123470524,0.0205902539464653,39.67741935483872,0.9947005299470052,0.4846515348465153,0.5995400459954005,NEUTRAL,D.melanogaster|ECM_PAIRWISE|MIRNA_WEAK,1.0,NOT_SIGNIFICANT
D.melanogaster,MIRNA_WEAK,ECM,ECM_PAIRWISE,,Ras85D_EBC_MEL_ECM_0002,Ras85D_EBC_MEL_ECM_0014,37,30,30,13,13,17,17,0.4333333333333333,0.4333333333333333,1.0,1.0,0.3601415223264216,2.7766862136314,1.0,0.0,1.0,0.0222222222222222,44.99999999999999,1.0,0.5325467453254674,0.532046795320468,NEUTRAL,D.melanogaster|ECM_PAIRWISE|MIRNA_WEAK,1.0,NOT_SIGNIFICANT
D.melanogaster,PAS,ECM,ECM_PAIRWISE,,Ras85D_EBC_MEL_ECM_0006,Ras85D_EBC_MEL_ECM_0008,9,30,29,0,14,30,15,0.0,0.4827586206896552,0.0,0.0175240248728094,0.0009790192129808,0.3136725445947526,5.832133695832843e-06,-3.400085652809465,0.967741935483871,0.0387096774193548,22.258064516129032,0.0063993600639936,0.9969003099690033,0.0038996100389961,DEPLETED,D.melanogaster|ECM_PAIRWISE|PAS,0.1099223410992234,NOT_SIGNIFICANT
D.melanogaster,PAS,ECM,ECM_PAIRWISE,,Ras85D_EBC_MEL_ECM_0001,Ras85D_EBC_MEL_ECM_0008,9,30,29,0,14,30,15,0.0,0.4827586206896552,0.0,0.0175240248728094,0.0009790192129808,0.3136725445947526,5.832133695832843e-06,-3.400085652809465,0.967741935483871,0.0387096774193548,20.37096774193478,0.0067993200679932,0.9963003699630038,0.0043995600439956,DEPLETED,D.melanogaster|ECM_PAIRWISE|PAS,0.1099223410992234,NOT_SIGNIFICANT
D.melanogaster,PAS,ECM,ECM_PAIRWISE,,Ras85D_EBC_MEL_ECM_0002,Ras85D_EBC_MEL_ECM_0008,9,30,29,0,14,30,15,0.0,0.4827586206896552,0.0,0.0175240248728094,0.0009790192129808,0.3136725445947526,5.832133695832843e-06,-3.400085652809465,0.967741935483871,0.0387096774193548,22.258064516129032,0.0068993100689931,0.9966003399660034,0.0041995800419958,DEPLETED,D.melanogaster|ECM_PAIRWISE|PAS,0.1099223410992234,NOT_SIGNIFICANT
D.melanogaster,PAS,ECM,ECM_PAIRWISE,,Ras85D_EBC_MEL_ECM_0005,Ras85D_EBC_MEL_ECM_0008,9,29,29,0,14,29,15,0.0,0.4827586206896552,0.0,0.0181180596142606,0.0010114576171488,0.3245455653507606,1.5293150580183902e-05,-3.367295829986474,1.0,0.04,21.0,0.0075992400759924,0.9965003499650036,0.0044995500449955,DEPLETED,D.melanogaster|ECM_PAIRWISE|PAS,0.1099223410992234,NOT_SIGNIFICANT
D.melanogaster,PAS,ECM,ECM_PAIRWISE,,Ras85D_EBC_MEL_ECM_0004,Ras85D_EBC_MEL_ECM_0008,9,30,29,0,14,30,15,0.0,0.4827586206896552,0.0,0.0175240248728094,0.0009790192129808,0.3136725445947526,5.832133695832843e-06,-3.400085652809465,0.967741935483871,0.041991584852735,22.258064516129032,0.0076992300769923,0.9964003599640036,0.0044995500449955,DEPLETED,D.melanogaster|ECM_PAIRWISE|PAS,0.1099223410992234,NOT_SIGNIFICANT
D.melanogaster,PAS,ECM,ECM_PAIRWISE,,Ras85D_EBC_MEL_ECM_0008,Ras85D_EBC_MEL_ECM_0015,9,29,30,14,0,15,30,0.4827586206896552,0.0,inf,57.064516129032256,3.188038026381761,1021.4304139704258,5.832133695832843e-06,3.400085652809465,1.0333333333333334,0.044927536231884,25.83333333333334,0.0078992100789921,0.0045995400459954,0.9963003699630038,ENRICHED,D.melanogaster|ECM_PAIRWISE|PAS,0.1099223410992234,NOT_SIGNIFICANT
D.melanogaster,PAS,ECM,ECM_PAIRWISE,,Ras85D_EBC_MEL_ECM_0008,Ras85D_EBC_MEL_ECM_0011,9,29,30,14,0,15,30,0.4827586206896552,0.0,inf,57.064516129032256,3.188038026381761,1021.4304139704258,5.832133695832843e-06,3.400085652809465,1.0333333333333334,0.0413333333333333,25.83333333333334,0.0081991800819918,0.0044995500449955,0.9965003499650036,ENRICHED,D.melanogaster|ECM_PAIRWISE|PAS,0.1099223410992234,NOT_SIGNIFICANT
D.melanogaster,PAS,ECM,ECM_PAIRWISE,,Ras85D_EBC_MEL_ECM_0008,Ras85D_EBC_MEL_ECM_0009,9,29,30,14,0,15,30,0.4827586206896552,0.0,inf,57.064516129032256,3.188038026381761,1021.4304139704258,5.832133695832843e-06,3.400085652809465,1.0333333333333334,0.0413333333333333,25.83333333333334,0.0082991700829917,0.0041995800419958,0.9966003399660034,ENRICHED,D.melanogaster|ECM_PAIRWISE|PAS,0.1099223410992234,NOT_SIGNIFICANT
D.melanogaster,PAS,ECM,ECM_PAIRWISE,,Ras85D_EBC_MEL_ECM_0008,Ras85D_EBC_MEL_ECM_0017,9,29,30,14,0,15,30,0.4827586206896552,0.0,inf,57.064516129032256,3.188038026381761,1021.4304139704258,5.832133695832843e-06,3.400085652809465,1.0333333333333334,0.0413333333333333,25.83333333333334,0.0083991600839916,0.0042995700429957,0.9964003599640036,ENRICHED,D.melanogaster|ECM_PAIRWISE|PAS,0.1099223410992234,NOT_SIGNIFICANT
D.melanogaster,PAS,ECM,ECM_PAIRWISE,,Ras85D_EBC_MEL_ECM_0007,Ras85D_EBC_MEL_ECM_0008,9,29,29,0,14,29,15,0.0,0.4827586206896552,0.0,0.0181180596142606,0.0010114576171488,0.3245455653507606,1.5293150580183902e-05,-3.367295829986474,1.0,0.0434782608695652,23.0,0.008999100089991,0.9962003799620038,0.0046995300469953,DEPLETED,D.melanogaster|ECM_PAIRWISE|PAS,0.1099223410992234,NOT_SIGNIFICANT
D.melanogaster,PAS,ECM,ECM_PAIRWISE,,Ras85D_EBC_MEL_ECM_0008,Ras85D_EBC_MEL_ECM_0010,9,29,30,14,0,15,30,0.4827586206896552,0.0,inf,57.064516129032256,3.188038026381761,1021.4304139704258,5.832133695832843e-06,3.400085652809465,1.0333333333333334,0.0413333333333333,25.83333333333334,0.0093990600939906,0.004999500049995,0.995900409959004,ENRICHED,D.melanogaster|ECM_PAIRWISE|PAS,0.1099223410992234,NOT_SIGNIFICANT
D.melanogaster,PAS,ECM,ECM_PAIRWISE,,Ras85D_EBC_MEL_ECM_0008,Ras85D_EBC_MEL_ECM_0013,9,29,29,14,0,15,29,0.4827586206896552,0.0,inf,55.193548387096776,3.081231441012682,988.672172758818,1.5293150580183902e-05,3.367295829986474,1.0,0.04,25.0,0.0096990300969903,0.0040995900409959,0.9965003499650036,ENRICHED,D.melanogaster|ECM_PAIRWISE|PAS,0.1099223410992234,NOT_SIGNIFICANT
D.melanogaster,PAS,ECM,ECM_PAIRWISE,,Ras85D_EBC_MEL_ECM_0003,Ras85D_EBC_MEL_ECM_0015,9,29,30,6,0,23,30,0.2068965517241379,0.0,inf,16.872340425531913,0.9042092660694476,314.83405680248126,0.0105425350742032,2.5977391802845275,1.0333333333333334,0.044927536231884,23.766666666666666,0.2044795520447955,0.1597840215978402,0.9568043195680432,ENRICHED,D.melanogaster|ECM_PAIRWISE|PAS,0.7316068393160684,NOT_SIGNIFICANT
D.melanogaster,PAS,ECM,ECM_PAIRWISE,,Ras85D_EBC_MEL_ECM_0003,Ras85D_EBC_MEL_ECM_0004,9,29,30,6,0,23,30,0.2068965517241379,0.0,inf,16.872340425531913,0.9042092660694476,314.83405680248126,0.0105425350742032,2.5977391802845275,1.0333333333333334,0.044927536231884,23.766666666666666,0.2047795220477952,0.1594840515948405,0.9564043595640436,ENRICHED,D.melanogaster|ECM_PAIRWISE|PAS,0.7316068393160684,NOT_SIGNIFICANT
D.melanogaster,PAS,ECM,ECM_PAIRWISE,,Ras85D_EBC_MEL_ECM_0001,Ras85D_EBC_MEL_ECM_0003,9,30,29,0,6,30,23,0.0,0.2068965517241379,0.0,0.0592686002522068,0.0031762764491116,1.1059386776104938,0.0105425350742032,-2.5977391802845275,0.967741935483871,0.0420757363253857,22.258064516129032,0.204979502049795,0.9517048295170484,0.1698830116988301,DEPLETED,D.melanogaster|ECM_PAIRWISE|PAS,0.7316068393160684,NOT_SIGNIFICANT
D.melanogaster,PAS,ECM,ECM_PAIRWISE,,Ras85D_EBC_MEL_ECM_0003,Ras85D_EBC_MEL_ECM_0006,9,29,30,6,0,23,30,0.2068965517241379,0.0,inf,16.872340425531913,0.9042092660694476,314.83405680248126,0.0105425350742032,2.5977391802845275,1.0333333333333334,0.044927536231884,23.766666666666666,0.204979502049795,0.1613838616138386,0.9544045595440456,ENRICHED,D.melanogaster|ECM_PAIRWISE|PAS,0.7316068393160684,NOT_SIGNIFICANT
D.melanogaster,PAS,ECM,ECM_PAIRWISE,,Ras85D_EBC_MEL_ECM_0003,Ras85D_EBC_MEL_ECM_0010,9,29,30,6,0,23,30,0.2068965517241379,0.0,inf,16.872340425531913,0.9042092660694476,314.83405680248126,0.0105425350742032,2.5977391802845275,1.0333333333333334,0.044927536231884,23.766666666666666,0.2051794820517948,0.1587841215878412,0.9557044295570444,ENRICHED,D.melanogaster|ECM_PAIRWISE|PAS,0.7316068393160684,NOT_SIGNIFICANT
D.melanogaster,PAS,ECM,ECM_PAIRWISE,,Ras85D_EBC_MEL_ECM_0003,Ras85D_EBC_MEL_ECM_0011,9,29,30,6,0,23,30,0.2068965517241379,0.0,inf,16.872340425531913,0.9042092660694476,314.83405680248126,0.0105425350742032,2.5977391802845275,1.0333333333333334,0.044927536231884,23.766666666666666,0.2064793520647935,0.1593840615938406,0.9555044495550444,ENRICHED,D.melanogaster|ECM_PAIRWISE|PAS,0.7316068393160684,NOT_SIGNIFICANT
D.melanogaster,PAS,ECM,ECM_PAIRWISE,,Ras85D_EBC_MEL_ECM_0002,Ras85D_EBC_MEL_ECM_0003,9,30,29,0,6,30,23,0.0,0.2068965517241379,0.0,0.0592686002522068,0.0031762764491116,1.1059386776104938,0.0105425350742032,-2.5977391802845275,0.967741935483871,0.0420757363253857,22.258064516129032,0.2074792520747925,0.9562043795620438,0.1617838216178382,DEPLETED,D.melanogaster|ECM_PAIRWISE|PAS,0.7316068393160684,NOT_SIGNIFICANT
D.melanogaster,PAS,ECM,ECM_PAIRWISE,,Ras85D_EBC_MEL_ECM_0003,Ras85D_EBC_MEL_ECM_0009,9,29,30,6,0,23,30,0.2068965517241379,0.0,inf,16.872340425531913,0.9042092660694476,314.83405680248126,0.0105425350742032,2.5977391802845275,1.0333333333333334,0.0413333333333333,23.766666666666666,0.2080791920807919,0.1610838916108389,0.9555044495550444,ENRICHED,D.melanogaster|ECM_PAIRWISE|PAS,0.7316068393160684,NOT_SIGNIFICANT
D.melanogaster,PAS,ECM,ECM_PAIRWISE,,Ras85D_EBC_MEL_ECM_0003,Ras85D_EBC_MEL_ECM_0017,9,29,30,6,0,23,30,0.2068965517241379,0.0,inf,16.872340425531913,0.9042092660694476,314.83405680248126,0.0105425350742032,2.5977391802845275,1.0333333333333334,0.044927536231884,23.766666666666666,0.2088791120887911,0.1614838516148385,0.9557044295570444,ENRICHED,D.melanogaster|ECM_PAIRWISE|PAS,0.7316068393160684,NOT_SIGNIFICANT
D.melanogaster,PAS,ECM,ECM_PAIRWISE,,Ras85D_EBC_MEL_ECM_0014,Ras85D_EBC_MEL_ECM_0015,9,30,30,6,0,24,30,0.2,0.0,inf,16.183673469387756,0.8682922793871647,301.63954371288503,0.0237207039169572,2.5649493574615367,1.0,0.0434782608695652,23.0,0.3107689231076892,0.155984401559844,0.9596040395960403,ENRICHED,D.melanogaster|ECM_PAIRWISE|PAS,0.7316068393160684,NOT_SIGNIFICANT
D.melanogaster,PAS,ECM,ECM_PAIRWISE,,Ras85D_EBC_MEL_ECM_0006,Ras85D_EBC_MEL_ECM_0012,9,30,30,0,6,30,24,0.0,0.2,0.0,0.0617906683480454,0.0033152151992109,1.1516859285053118,0.0237207039169572,-2.5649493574615367,1.0,0.0434782608695652,21.0,0.3120687931206879,0.9568043195680432,0.1574842515748425,DEPLETED,D.melanogaster|ECM_PAIRWISE|PAS,0.7316068393160684,NOT_SIGNIFICANT
D.melanogaster,PAS,ECM,ECM_PAIRWISE,,Ras85D_EBC_MEL_ECM_0005,Ras85D_EBC_MEL_ECM_0012,9,29,30,0,6,29,24,0.0,0.2,0.0,0.0638852672750977,0.0034250951611215,1.191595322996572,0.0237207039169572,-2.532159534638546,1.0333333333333334,0.0492063492063492,23.766666666666666,0.3136686331366863,0.9585041495850416,0.1572842715728427,DEPLETED,D.melanogaster|ECM_PAIRWISE|PAS,0.7316068393160684,NOT_SIGNIFICANT
D.melanogaster,PAS,ECM,ECM_PAIRWISE,,Ras85D_EBC_MEL_ECM_0007,Ras85D_EBC_MEL_ECM_0016,9,29,30,0,6,29,24,0.0,0.2,0.0,0.0638852672750977,0.0034250951611215,1.191595322996572,0.0237207039169572,-2.532159534638546,1.0333333333333334,0.044927536231884,21.7,0.3138686131386861,0.9584041595840416,0.1573842615738426,DEPLETED,D.melanogaster|ECM_PAIRWISE|PAS,0.7316068393160684,NOT_SIGNIFICANT
D.melanogaster,PAS,ECM,ECM_PAIRWISE,,Ras85D_EBC_MEL_ECM_0013,Ras85D_EBC_MEL_ECM_0016,9,29,30,0,6,29,24,0.0,0.2,0.0,0.0638852672750977,0.0034250951611215,1.191595322996572,0.0237207039169572,-2.532159534638546,1.0333333333333334,0.0492063492063492,23.766666666666666,0.3138686131386861,0.9588041195880412,0.1573842615738426,DEPLETED,D.melanogaster|ECM_PAIRWISE|PAS,0.7316068393160684,NOT_SIGNIFICANT
D.melanogaster,PAS,ECM,ECM_PAIRWISE,,Ras85D_EBC_MEL_ECM_0011,Ras85D_EBC_MEL_ECM_0014,9,30,30,0,6,30,24,0.0,0.2,0.0,0.0617906683480454,0.0033152151992109,1.1516859285053118,0.0237207039169572,-2.5649493574615367,1.0,0.0434782608695652,23.049999999999272,0.313968603139686,0.9577042295770424,0.1593840615938406,DEPLETED,D.melanogaster|ECM_PAIRWISE|PAS,0.7316068393160684,NOT_SIGNIFICANT
D.melanogaster,PAS,ECM,ECM_PAIRWISE,,Ras85D_EBC_MEL_ECM_0010,Ras85D_EBC_MEL_ECM_0012,9,30,30,0,6,30,24,0.0,0.2,0.0,0.0617906683480454,0.0033152151992109,1.1516859285053118,0.0237207039169572,-2.5649493574615367,1.0,0.0434782608695652,23.0,0.3140685931406859,0.9552044795520448,0.1581841815818418,DEPLETED,D.melanogaster|ECM_PAIRWISE|PAS,0.7316068393160684,NOT_SIGNIFICANT
D.melanogaster,PAS,ECM,ECM_PAIRWISE,,Ras85D_EBC_MEL_ECM_0011,Ras85D_EBC_MEL_ECM_0016,9,30,30,0,6,30,24,0.0,0.2,0.0,0.0617906683480454,0.0033152151992109,1.1516859285053118,0.0237207039169572,-2.5649493574615367,1.0,0.0476190476190476,23.0,0.3142685731426857,0.9591040895910408,0.1588841115888411,DEPLETED,D.melanogaster|ECM_PAIRWISE|PAS,0.7316068393160684,NOT_SIGNIFICANT
D.melanogaster,PAS,ECM,ECM_PAIRWISE,,Ras85D_EBC_MEL_ECM_0007,Ras85D_EBC_MEL_ECM_0014,9,29,30,0,6,29,24,0.0,0.2,0.0,0.0638852672750977,0.0034250951611215,1.191595322996572,0.0237207039169572,-2.532159534638546,1.0333333333333334,0.044927536231884,21.7,0.3143685631436856,0.9576042395760423,0.1583841615838416,DEPLETED,D.melanogaster|ECM_PAIRWISE|PAS,0.7316068393160684,NOT_SIGNIFICANT
D.melanogaster,PAS,ECM,ECM_PAIRWISE,,Ras85D_EBC_MEL_ECM_0004,Ras85D_EBC_MEL_ECM_0014,9,30,30,0,6,30,24,0.0,0.2,0.0,0.0617906683480454,0.0033152151992109,1.1516859285053118,0.0237207039169572,-2.5649493574615367,1.0,0.0476190476190476,23.0,0.3146685331466853,0.9582041795820418,0.1574842515748425,DEPLETED,D.melanogaster|ECM_PAIRWISE|PAS,0.7316068393160684,NOT_SIGNIFICANT
D.melanogaster,PAS,ECM,ECM_PAIRWISE,,Ras85D_EBC_MEL_ECM_0011,Ras85D_EBC_MEL_ECM_0012,9,30,30,0,6,30,24,0.0,0.2,0.0,0.0617906683480454,0.0033152151992109,1.1516859285053118,0.0237207039169572,-2.5649493574615367,1.0,0.0476190476190476,25.0,0.3154684531546845,0.9583041695830417,0.1603839616038396,DEPLETED,D.melanogaster|ECM_PAIRWISE|PAS,0.7316068393160684,NOT_SIGNIFICANT
D.melanogaster,PAS,ECM,ECM_PAIRWISE,,Ras85D_EBC_MEL_ECM_0004,Ras85D_EBC_MEL_ECM_0012,9,30,30,0,6,30,24,0.0,0.2,0.0,0.0617906683480454,0.0033152151992109,1.1516859285053118,0.0237207039169572,-2.5649493574615367,1.0,0.0434782608695652,23.0,0.3161683831616838,0.9574042595740426,0.1592840715928407,DEPLETED,D.melanogaster|ECM_PAIRWISE|PAS,0.7316068393160684,NOT_SIGNIFICANT
D.melanogaster,PAS,ECM,ECM_PAIRWISE,,Ras85D_EBC_MEL_ECM_0007,Ras85D_EBC_MEL_ECM_0012,9,29,30,0,6,29,24,0.0,0.2,0.0,0.0638852672750977,0.0034250951611215,1.191595322996572,0.0237207039169572,-2.532159534638546,1.0333333333333334,0.044927536231884,23.766666666666666,0.3162683731626837,0.9564043595640436,0.1582841715828417,DEPLETED,D.melanogaster|ECM_PAIRWISE|PAS,0.7316068393160684,NOT_SIGNIFICANT
D.melanogaster,PAS,ECM,ECM_PAIRWISE,,Ras85D_EBC_MEL_ECM_0002,Ras85D_EBC_MEL_ECM_0012,9,30,30,0,6,30,24,0.0,0.2,0.0,0.0617906683480454,0.0033152151992109,1.1516859285053118,0.0237207039169572,-2.5649493574615367,1.0,0.0434782608695652,23.0,0.3165683431656834,0.957004299570043,0.157984201579842,DEPLETED,D.melanogaster|ECM_PAIRWISE|PAS,0.7316068393160684,NOT_SIGNIFICANT
D.melanogaster,PAS,ECM,ECM_PAIRWISE,,Ras85D_EBC_MEL_ECM_0012,Ras85D_EBC_MEL_ECM_0015,9,30,30,6,0,24,30,0.2,0.0,inf,16.183673469387756,0.8682922793871647,301.63954371288503,0.0237207039169572,2.5649493574615367,1.0,0.0434782608695652,21.0,0.316968303169683,0.1554844515548445,0.9588041195880412,ENRICHED,D.melanogaster|ECM_PAIRWISE|PAS,0.7316068393160684,NOT_SIGNIFICANT
D.melanogaster,PAS,ECM,ECM_PAIRWISE,,Ras85D_EBC_MEL_ECM_0003,Ras85D_EBC_MEL_ECM_0007,9,29,29,6,0,23,29,0.2068965517241379,0.0,inf,16.319148936170212,0.8739253705306435,304.7338262295788,0.0234720592218109,2.5649493574615367,1.0,0.0476190476190476,23.0,0.3172682731726827,0.160983901609839,0.9557044295570444,ENRICHED,D.melanogaster|ECM_PAIRWISE|PAS,0.7316068393160684,NOT_SIGNIFICANT
D.melanogaster,PAS,ECM,ECM_PAIRWISE,,Ras85D_EBC_MEL_ECM_0012,Ras85D_EBC_MEL_ECM_0013,9,30,29,6,0,24,29,0.2,0.0,inf,15.653061224489797,0.8392110817330533,291.96269094974184,0.0237207039169572,2.532159534638546,0.967741935483871,0.0420757363253857,22.258064516129032,0.3174682531746825,0.1588841115888411,0.9573042695730428,ENRICHED,D.melanogaster|ECM_PAIRWISE|PAS,0.7316068393160684,NOT_SIGNIFICANT
D.melanogaster,PAS,ECM,ECM_PAIRWISE,,Ras85D_EBC_MEL_ECM_0006,Ras85D_EBC_MEL_ECM_0014,9,30,30,0,6,30,24,0.0,0.2,0.0,0.0617906683480454,0.0033152151992109,1.1516859285053118,0.0237207039169572,-2.5649493574615367,1.0,0.0434782608695652,23.0,0.3176682331766823,0.9563043695630437,0.15998400159984,DEPLETED,D.melanogaster|ECM_PAIRWISE|PAS,0.7316068393160684,NOT_SIGNIFICANT
D.melanogaster,PAS,ECM,ECM_PAIRWISE,,Ras85D_EBC_MEL_ECM_0010,Ras85D_EBC_MEL_ECM_0016,9,30,30,0,6,30,24,0.0,0.2,0.0,0.0617906683480454,0.0033152151992109,1.1516859285053118,0.0237207039169572,-2.5649493574615367,1.0,0.0434782608695652,25.0,0.3178682131786821,0.957904209579042,0.1595840415958404,DEPLETED,D.melanogaster|ECM_PAIRWISE|PAS,0.7316068393160684,NOT_SIGNIFICANT
D.melanogaster,PAS,ECM,ECM_PAIRWISE,,Ras85D_EBC_MEL_ECM_0001,Ras85D_EBC_MEL_ECM_0014,9,30,30,0,6,30,24,0.0,0.2,0.0,0.0617906683480454,0.0033152151992109,1.1516859285053118,0.0237207039169572,-2.5649493574615367,1.0,0.0434782608695652,23.0,0.317968203179682,0.9556044395560443,0.1671832816718328,DEPLETED,D.melanogaster|ECM_PAIRWISE|PAS,0.7316068393160684,NOT_SIGNIFICANT
D.melanogaster,PAS,ECM,ECM_PAIRWISE,,Ras85D_EBC_MEL_ECM_0009,Ras85D_EBC_MEL_ECM_0016,9,30,30,0,6,30,24,0.0,0.2,0.0,0.0617906683480454,0.0033152151992109,1.1516859285053118,0.0237207039169572,-2.5649493574615367,1.0,0.0476190476190476,23.049999999999272,0.3181681831816818,0.9605039496050396,0.1568843115688431,DEPLETED,D.melanogaster|ECM_PAIRWISE|PAS,0.7316068393160684,NOT_SIGNIFICANT
D.melanogaster,PAS,ECM,ECM_PAIRWISE,,Ras85D_EBC_MEL_ECM_0001,Ras85D_EBC_MEL_ECM_0016,9,30,30,0,6,30,24,0.0,0.2,0.0,0.0617906683480454,0.0033152151992109,1.1516859285053118,0.0237207039169572,-2.5649493574615367,1.0,0.0434782608695652,23.0,0.3182681731826817,0.9577042295770424,0.1673832616738326,DEPLETED,D.melanogaster|ECM_PAIRWISE|PAS,0.7316068393160684,NOT_SIGNIFICANT
D.melanogaster,PAS,ECM,ECM_PAIRWISE,,Ras85D_EBC_MEL_ECM_0006,Ras85D_EBC_MEL_ECM_0016,9,30,30,0,6,30,24,0.0,0.2,0.0,0.0617906683480454,0.0033152151992109,1.1516859285053118,0.0237207039169572,-2.5649493574615367,1.0,0.0434782608695652,21.049999999999272,0.3184681531846815,0.957904209579042,0.1600839916008399,DEPLETED,D.melanogaster|ECM_PAIRWISE|PAS,0.7316068393160684,NOT_SIGNIFICANT
D.melanogaster,PAS,ECM,ECM_PAIRWISE,,Ras85D_EBC_MEL_ECM_0015,Ras85D_EBC_MEL_ECM_0016,9,30,30,0,6,30,24,0.0,0.2,0.0,0.0617906683480454,0.0033152151992109,1.1516859285053118,0.0237207039169572,-2.5649493574615367,1.0,0.0476190476190476,23.0,0.3186681331866813,0.9583041695830417,0.1590840915908409,DEPLETED,D.melanogaster|ECM_PAIRWISE|PAS,0.7316068393160684,NOT_SIGNIFICANT
D.melanogaster,PAS,ECM,ECM_PAIRWISE,,Ras85D_EBC_MEL_ECM_0005,Ras85D_EBC_MEL_ECM_0016,9,29,30,0,6,29,24,0.0,0.2,0.0,0.0638852672750977,0.0034250951611215,1.191595322996572,0.0237207039169572,-2.532159534638546,1.0333333333333334,0.044927536231884,23.766666666666666,0.3190680931906809,0.9582041795820418,0.1598840115988401,DEPLETED,D.melanogaster|ECM_PAIRWISE|PAS,0.7316068393160684,NOT_SIGNIFICANT
D.melanogaster,PAS,ECM,ECM_PAIRWISE,,Ras85D_EBC_MEL_ECM_0003,Ras85D_EBC_MEL_ECM_0005,9,29,29,6,0,23,29,0.2068965517241379,0.0,inf,16.319148936170212,0.8739253705306435,304.7338262295788,0.0234720592218109,2.5649493574615367,1.0,0.0434782608695652,23.0,0.3193680631936806,0.1610838916108389,0.956104389561044,ENRICHED,D.melanogaster|ECM_PAIRWISE|PAS,0.7316068393160684,NOT_SIGNIFICANT
D.melanogaster,PAS,ECM,ECM_PAIRWISE,,Ras85D_EBC_MEL_ECM_0013,Ras85D_EBC_MEL_ECM_0014,9,29,30,0,6,29,24,0.0,0.2,0.0,0.0638852672750977,0.0034250951611215,1.191595322996572,0.0237207039169572,-2.532159534638546,1.0333333333333334,0.044927536231884,25.83333333333334,0.3194680531946805,0.9573042695730428,0.1600839916008399,DEPLETED,D.melanogaster|ECM_PAIRWISE|PAS,0.7316068393160684,NOT_SIGNIFICANT
D.melanogaster,PAS,ECM,ECM_PAIRWISE,,Ras85D_EBC_MEL_ECM_0003,Ras85D_EBC_MEL_ECM_0013,9,29,29,6,0,23,29,0.2068965517241379,0.0,inf,16.319148936170212,0.8739253705306435,304.7338262295788,0.0234720592218109,2.5649493574615367,1.0,0.04,23.0,0.3197680231976802,0.1611838816118388,0.9566043395660434,ENRICHED,D.melanogaster|ECM_PAIRWISE|PAS,0.7316068393160684,NOT_SIGNIFICANT
D.melanogaster,PAS,ECM,ECM_PAIRWISE,,Ras85D_EBC_MEL_ECM_0016,Ras85D_EBC_MEL_ECM_0017,9,30,30,6,0,24,30,0.2,0.0,inf,16.183673469387756,0.8682922793871647,301.63954371288503,0.0237207039169572,2.5649493574615367,1.0,0.04,21.0,0.3198680131986801,0.1582841715828417,0.9648035196480352,ENRICHED,D.melanogaster|ECM_PAIRWISE|PAS,0.7316068393160684,NOT_SIGNIFICANT
D.melanogaster,PAS,ECM,ECM_PAIRWISE,,Ras85D_EBC_MEL_ECM_0002,Ras85D_EBC_MEL_ECM_0016,9,30,30,0,6,30,24,0.0,0.2,0.0,0.0617906683480454,0.0033152151992109,1.1516859285053118,0.0237207039169572,-2.5649493574615367,1.0,0.0434782608695652,23.0,0.3200679932006799,0.958104189581042,0.1616838316168383,DEPLETED,D.melanogaster|ECM_PAIRWISE|PAS,0.7316068393160684,NOT_SIGNIFICANT
D.melanogaster,PAS,ECM,ECM_PAIRWISE,,Ras85D_EBC_MEL_ECM_0012,Ras85D_EBC_MEL_ECM_0017,9,30,30,6,0,24,30,0.2,0.0,inf,16.183673469387756,0.8682922793871647,301.63954371288503,0.0237207039169572,2.5649493574615367,1.0,0.0434782608695652,21.0,0.3203679632036796,0.1564843515648435,0.959004099590041,ENRICHED,D.melanogaster|ECM_PAIRWISE|PAS,0.7316068393160684,NOT_SIGNIFICANT
D.melanogaster,PAS,ECM,ECM_PAIRWISE,,Ras85D_EBC_MEL_ECM_0014,Ras85D_EBC_MEL_ECM_0017,9,30,30,6,0,24,30,0.2,0.0,inf,16.183673469387756,0.8682922793871647,301.63954371288503,0.0237207039169572,2.5649493574615367,1.0,0.0434782608695652,21.0,0.3205679432056794,0.1573842615738426,0.9586041395860414,ENRICHED,D.melanogaster|ECM_PAIRWISE|PAS,0.7316068393160684,NOT_SIGNIFICANT
D.melanogaster,PAS,ECM,ECM_PAIRWISE,,Ras85D_EBC_MEL_ECM_0009,Ras85D_EBC_MEL_ECM_0014,9,30,30,0,6,30,24,0.0,0.2,0.0,0.0617906683480454,0.0033152151992109,1.1516859285053118,0.0237207039169572,-2.5649493574615367,1.0,0.0434782608695652,25.0,0.3207679232076792,0.9576042395760423,0.1580841915808419,DEPLETED,D.melanogaster|ECM_PAIRWISE|PAS,0.7316068393160684,NOT_SIGNIFICANT
D.melanogaster,PAS,ECM,ECM_PAIRWISE,,Ras85D_EBC_MEL_ECM_0009,Ras85D_EBC_MEL_ECM_0012,9,30,30,0,6,30,24,0.0,0.2,0.0,0.0617906683480454,0.0033152151992109,1.1516859285053118,0.0237207039169572,-2.5649493574615367,1.0,0.0434782608695652,25.0,0.320967903209679,0.9568043195680432,0.1574842515748425,DEPLETED,D.melanogaster|ECM_PAIRWISE|PAS,0.7316068393160684,NOT_SIGNIFICANT
D.melanogaster,PAS,ECM,ECM_PAIRWISE,,Ras85D_EBC_MEL_ECM_0001,Ras85D_EBC_MEL_ECM_0012,9,30,30,0,6,30,24,0.0,0.2,0.0,0.0617906683480454,0.0033152151992109,1.1516859285053118,0.0237207039169572,-2.5649493574615367,1.0,0.0434782608695652,23.0,0.3212678732126787,0.9546045395460454,0.1672832716728327,DEPLETED,D.melanogaster|ECM_PAIRWISE|PAS,0.7316068393160684,NOT_SIGNIFICANT
D.melanogaster,PAS,ECM,ECM_PAIRWISE,,Ras85D_EBC_MEL_ECM_0010,Ras85D_EBC_MEL_ECM_0014,9,30,30,0,6,30,24,0.0,0.2,0.0,0.0617906683480454,0.0033152151992109,1.1516859285053118,0.0237207039169572,-2.5649493574615367,1.0,0.0434782608695652,25.0,0.3213678632136786,0.9571042895710428,0.1615838416158384,DEPLETED,D.melanogaster|ECM_PAIRWISE|PAS,0.7316068393160684,NOT_SIGNIFICANT
D.melanogaster,PAS,ECM,ECM_PAIRWISE,,Ras85D_EBC_MEL_ECM_0002,Ras85D_EBC_MEL_ECM_0014,9,30,30,0,6,30,24,0.0,0.2,0.0,0.0617906683480454,0.0033152151992109,1.1516859285053118,0.0237207039169572,-2.5649493574615367,1.0,0.0434782608695652,23.0,0.3217678232176782,0.956004399560044,0.1618838116188381,DEPLETED,D.melanogaster|ECM_PAIRWISE|PAS,0.7316068393160684,NOT_SIGNIFICANT
D.melanogaster,PAS,ECM,ECM_PAIRWISE,,Ras85D_EBC_MEL_ECM_0004,Ras85D_EBC_MEL_ECM_0016,9,30,30,0,6,30,24,0.0,0.2,0.0,0.0617906683480454,0.0033152151992109,1.1516859285053118,0.0237207039169572,-2.5649493574615367,1.0,0.0434782608695652,23.0,0.3218678132186781,0.9574042595740426,0.1637836216378362,DEPLETED,D.melanogaster|ECM_PAIRWISE|PAS,0.7316068393160684,NOT_SIGNIFICANT
D.melanogaster,PAS,ECM,ECM_PAIRWISE,,Ras85D_EBC_MEL_ECM_0005,Ras85D_EBC_MEL_ECM_0014,9,29,30,0,6,29,24,0.0,0.2,0.0,0.0638852672750977,0.0034250951611215,1.191595322996572,0.0237207039169572,-2.532159534638546,1.0333333333333334,0.044927536231884,23.766666666666666,0.3227677232276772,0.9573042695730428,0.1621837816218378,DEPLETED,D.melanogaster|ECM_PAIRWISE|PAS,0.7316068393160684,NOT_SIGNIFICANT
D.melanogaster,PAS,ECM,ECM_PAIRWISE,,Ras85D_EBC_MEL_ECM_0008,Ras85D_EBC_MEL_ECM_0014,9,29,30,14,6,15,24,0.4827586206896552,0.2,2.413793103448276,3.733333333333333,1.1778386441756985,11.83335072821628,0.0291782500882071,0.8351362953479281,1.0333333333333334,0.044927536231884,25.83333333333334,0.4351564843515648,0.2197780221977802,0.7807219278072193,ENRICHED,D.melanogaster|ECM_PAIRWISE|PAS,0.94542926659715,NOT_SIGNIFICANT
D.melanogaster,PAS,ECM,ECM_PAIRWISE,,Ras85D_EBC_MEL_ECM_0008,Ras85D_EBC_MEL_ECM_0012,9,29,30,14,6,15,24,0.4827586206896552,0.2,2.413793103448276,3.733333333333333,1.1778386441756985,11.83335072821628,0.0291782500882071,0.8351362953479281,1.0333333333333334,0.044927536231884,25.83333333333334,0.4376562343765623,0.2201779822017798,0.78002199780022,ENRICHED,D.melanogaster|ECM_PAIRWISE|PAS,0.94542926659715,NOT_SIGNIFICANT
D.melanogaster,PAS,ECM,ECM_PAIRWISE,,Ras85D_EBC_MEL_ECM_0008,Ras85D_EBC_MEL_ECM_0016,9,29,30,14,6,15,24,0.4827586206896552,0.2,2.413793103448276,3.733333333333333,1.1778386441756985,11.83335072821628,0.0291782500882071,0.8351362953479281,1.0333333333333334,0.0492063492063492,23.766666666666666,0.437956204379562,0.2177782221777822,0.7825217478252174,ENRICHED,D.melanogaster|ECM_PAIRWISE|PAS,0.94542926659715,NOT_SIGNIFICANT
D.melanogaster,PAS,ECM,ECM_PAIRWISE,,Ras85D_EBC_MEL_ECM_0003,Ras85D_EBC_MEL_ECM_0008,9,29,29,6,14,23,15,0.2068965517241379,0.4827586206896552,0.4285714285714285,0.2795031055900621,0.0879158941980114,0.8885991179084939,0.0518267291519974,-0.8023464725249373,1.0,0.04,23.0,0.4455554444555544,0.7791220877912208,0.2211778822117788,DEPLETED,D.melanogaster|ECM_PAIRWISE|PAS,0.9468053194680532,NOT_SIGNIFICANT
D.melanogaster,PAS,ECM,ECM_PAIRWISE,,Ras85D_EBC_MEL_ECM_0005,Ras85D_EBC_MEL_ECM_0009,9,29,30,0,0,29,30,0.0,0.0,,1.0338983050847457,0.0198568893854943,53.83248526518887,1.0,0.0327898228229909,1.0333333333333334,0.0413333333333333,21.7,0.999000099990001,0.7531246875312468,0.7661233876612339,NEUTRAL,D.melanogaster|ECM_PAIRWISE|PAS,1.0,NOT_SIGNIFICANT
D.melanogaster,PAS,ECM,ECM_PAIRWISE,,Ras85D_EBC_MEL_ECM_0013,Ras85D_EBC_MEL_ECM_0015,9,29,30,0,0,29,30,0.0,0.0,,1.0338983050847457,0.0198568893854943,53.83248526518887,1.0,0.0327898228229909,1.0333333333333334,0.044927536231884,25.83333333333334,0.999000099990001,0.7659234076592341,0.7625237476252374,NEUTRAL,D.melanogaster|ECM_PAIRWISE|PAS,1.0,NOT_SIGNIFICANT
D.melanogaster,PAS,ECM,ECM_PAIRWISE,,Ras85D_EBC_MEL_ECM_0013,Ras85D_EBC_MEL_ECM_0017,9,29,30,0,0,29,30,0.0,0.0,,1.0338983050847457,0.0198568893854943,53.83248526518887,1.0,0.0327898228229909,1.0333333333333334,0.044927536231884,23.766666666666666,0.999000099990001,0.7581241875812419,0.7639236076392361,NEUTRAL,D.melanogaster|ECM_PAIRWISE|PAS,1.0,NOT_SIGNIFICANT
D.melanogaster,PAS,ECM,ECM_PAIRWISE,,Ras85D_EBC_MEL_ECM_0002,Ras85D_EBC_MEL_ECM_0007,9,30,29,0,0,30,29,0.0,0.0,,0.9672131147540984,0.0185761440341053,50.3603550680254,1.0,-0.0327898228229908,0.967741935483871,0.0420757363253857,22.258064516129032,0.9991000899910008,0.7594240575942406,0.7619238076192381,NEUTRAL,D.melanogaster|ECM_PAIRWISE|PAS,1.0,NOT_SIGNIFICANT
D.melanogaster,PAS,ECM,ECM_PAIRWISE,,Ras85D_EBC_MEL_ECM_0005,Ras85D_EBC_MEL_ECM_0006,9,29,30,0,0,29,30,0.0,0.0,,1.0338983050847457,0.0198568893854943,53.83248526518887,1.0,0.0327898228229909,1.0333333333333334,0.044927536231884,21.7,0.9991000899910008,0.7829217078292171,0.7818218178182181,NEUTRAL,D.melanogaster|ECM_PAIRWISE|PAS,1.0,NOT_SIGNIFICANT
D.melanogaster,PAS,ECM,ECM_PAIRWISE,,Ras85D_EBC_MEL_ECM_0007,Ras85D_EBC_MEL_ECM_0009,9,29,30,0,0,29,30,0.0,0.0,,1.0338983050847457,0.0198568893854943,53.83248526518887,1.0,0.0327898228229909,1.0333333333333334,0.0413333333333333,23.766666666666666,0.9991000899910008,0.7563243675632437,0.7644235576442355,NEUTRAL,D.melanogaster|ECM_PAIRWISE|PAS,1.0,NOT_SIGNIFICANT
D.melanogaster,PAS,ECM,ECM_PAIRWISE,,Ras85D_EBC_MEL_ECM_0007,Ras85D_EBC_MEL_ECM_0010,9,29,30,0,0,29,30,0.0,0.0,,1.0338983050847457,0.0198568893854943,53.83248526518887,1.0,0.0327898228229909,1.0333333333333334,0.0413333333333333,23.766666666666666,0.9991000899910008,0.7615238476152385,0.7594240575942406,NEUTRAL,D.melanogaster|ECM_PAIRWISE|PAS,1.0,NOT_SIGNIFICANT
D.melanogaster,PAS,ECM,ECM_PAIRWISE,,Ras85D_EBC_MEL_ECM_0003,Ras85D_EBC_MEL_ECM_0012,9,29,30,6,6,23,24,0.2068965517241379,0.2,1.0344827586206895,1.0434782608695652,0.2936512789234405,3.707958926312906,1.0,0.0327898228229909,1.0333333333333334,0.044927536231884,23.766666666666666,0.9994000599940006,0.7641235876412359,0.7596240375962404,ENRICHED,D.melanogaster|ECM_PAIRWISE|PAS,1.0,NOT_SIGNIFICANT
D.melanogaster,PAS,ECM,ECM_PAIRWISE,,Ras85D_EBC_MEL_ECM_0003,Ras85D_EBC_MEL_ECM_0016,9,29,30,6,6,23,24,0.2068965517241379,0.2,1.0344827586206895,1.0434782608695652,0.2936512789234405,3.707958926312906,1.0,0.0327898228229909,1.0333333333333334,0.044927536231884,23.766666666666666,0.9994000599940006,0.7589241075892411,0.7614238576142386,ENRICHED,D.melanogaster|ECM_PAIRWISE|PAS,1.0,NOT_SIGNIFICANT
D.melanogaster,PAS,ECM,ECM_PAIRWISE,,Ras85D_EBC_MEL_ECM_0004,Ras85D_EBC_MEL_ECM_0005,9,30,29,0,0,30,29,0.0,0.0,,0.9672131147540984,0.0185761440341053,50.3603550680254,1.0,-0.0327898228229908,0.967741935483871,0.0420757363253857,22.258064516129032,0.9994000599940006,0.7673232676732327,0.7666233376662334,NEUTRAL,D.melanogaster|ECM_PAIRWISE|PAS,1.0,NOT_SIGNIFICANT
D.melanogaster,PAS,ECM,ECM_PAIRWISE,,Ras85D_EBC_MEL_ECM_0005,Ras85D_EBC_MEL_ECM_0010,9,29,30,0,0,29,30,0.0,0.0,,1.0338983050847457,0.0198568893854943,53.83248526518887,1.0,0.0327898228229909,1.0333333333333334,0.044927536231884,23.766666666666666,0.9994000599940006,0.7655234476552345,0.7679232076792321,NEUTRAL,D.melanogaster|ECM_PAIRWISE|PAS,1.0,NOT_SIGNIFICANT
D.melanogaster,PAS,ECM,ECM_PAIRWISE,,Ras85D_EBC_MEL_ECM_0003,Ras85D_EBC_MEL_ECM_0014,9,29,30,6,6,23,24,0.2068965517241379,0.2,1.0344827586206895,1.0434782608695652,0.2936512789234405,3.707958926312906,1.0,0.0327898228229909,1.0333333333333334,0.0492063492063492,23.766666666666666,0.9995000499950004,0.7644235576442355,0.7611238876112388,ENRICHED,D.melanogaster|ECM_PAIRWISE|PAS,1.0,NOT_SIGNIFICANT
D.melanogaster,PAS,ECM,ECM_PAIRWISE,,Ras85D_EBC_MEL_ECM_0011,Ras85D_EBC_MEL_ECM_0013,9,30,29,0,0,30,29,0.0,0.0,,0.9672131147540984,0.0185761440341053,50.3603550680254,1.0,-0.0327898228229908,0.967741935483871,0.0387096774193548,22.258064516129032,0.9995000499950004,0.7612238776122388,0.7649235076492351,NEUTRAL,D.melanogaster|ECM_PAIRWISE|PAS,1.0,NOT_SIGNIFICANT
D.melanogaster,PAS,ECM,ECM_PAIRWISE,,Ras85D_EBC_MEL_ECM_0005,Ras85D_EBC_MEL_ECM_0015,9,29,30,0,0,29,30,0.0,0.0,,1.0338983050847457,0.0198568893854943,53.83248526518887,1.0,0.0327898228229909,1.0333333333333334,0.044927536231884,23.766666666666666,0.9996000399960004,0.7637236276372362,0.7622237776222378,NEUTRAL,D.melanogaster|ECM_PAIRWISE|PAS,1.0,NOT_SIGNIFICANT
D.melanogaster,PAS,ECM,ECM_PAIRWISE,,Ras85D_EBC_MEL_ECM_0006,Ras85D_EBC_MEL_ECM_0013,9,30,29,0,0,30,29,0.0,0.0,,0.9672131147540984,0.0185761440341053,50.3603550680254,1.0,-0.0327898228229908,0.967741935483871,0.0387096774193548,22.258064516129032,0.9996000399960004,0.7590240975902409,0.7634236576342366,NEUTRAL,D.melanogaster|ECM_PAIRWISE|PAS,1.0,NOT_SIGNIFICANT
D.melanogaster,PAS,ECM,ECM_PAIRWISE,,Ras85D_EBC_MEL_ECM_0007,Ras85D_EBC_MEL_ECM_0015,9,29,30,0,0,29,30,0.0,0.0,,1.0338983050847457,0.0198568893854943,53.83248526518887,1.0,0.0327898228229909,1.0333333333333334,0.044927536231884,21.7,0.9996000399960004,0.7637236276372362,0.7612238776122388,NEUTRAL,D.melanogaster|ECM_PAIRWISE|PAS,1.0,NOT_SIGNIFICANT
D.melanogaster,PAS,ECM,ECM_PAIRWISE,,Ras85D_EBC_MEL_ECM_0007,Ras85D_EBC_MEL_ECM_0017,9,29,30,0,0,29,30,0.0,0.0,,1.0338983050847457,0.0198568893854943,53.83248526518887,1.0,0.0327898228229909,1.0333333333333334,0.044927536231884,23.766666666666666,0.9996000399960004,0.7551244875512448,0.7645235476452354,NEUTRAL,D.melanogaster|ECM_PAIRWISE|PAS,1.0,NOT_SIGNIFICANT
D.melanogaster,PAS,ECM,ECM_PAIRWISE,,Ras85D_EBC_MEL_ECM_0002,Ras85D_EBC_MEL_ECM_0005,9,30,29,0,0,30,29,0.0,0.0,,0.9672131147540984,0.0185761440341053,50.3603550680254,1.0,-0.0327898228229908,0.967741935483871,0.0420757363253857,22.258064516129032,0.9997000299970004,0.7634236576342366,0.765023497650235,NEUTRAL,D.melanogaster|ECM_PAIRWISE|PAS,1.0,NOT_SIGNIFICANT
D.melanogaster,PAS,ECM,ECM_PAIRWISE,,Ras85D_EBC_MEL_ECM_0004,Ras85D_EBC_MEL_ECM_0013,9,30,29,0,0,30,29,0.0,0.0,,0.9672131147540984,0.0185761440341053,50.3603550680254,1.0,-0.0327898228229908,0.967741935483871,0.0387096774193548,22.258064516129032,0.9997000299970004,0.7599240075992401,0.7643235676432357,NEUTRAL,D.melanogaster|ECM_PAIRWISE|PAS,1.0,NOT_SIGNIFICANT
D.melanogaster,PAS,ECM,ECM_PAIRWISE,,Ras85D_EBC_MEL_ECM_0005,Ras85D_EBC_MEL_ECM_0017,9,29,30,0,0,29,30,0.0,0.0,,1.0338983050847457,0.0198568893854943,53.83248526518887,1.0,0.0327898228229909,1.0333333333333334,0.0413333333333333,23.766666666666666,0.9997000299970004,0.7564243575642435,0.7641235876412359,NEUTRAL,D.melanogaster|ECM_PAIRWISE|PAS,1.0,NOT_SIGNIFICANT
D.melanogaster,PAS,ECM,ECM_PAIRWISE,,Ras85D_EBC_MEL_ECM_0006,Ras85D_EBC_MEL_ECM_0007,9,30,29,0,0,30,29,0.0,0.0,,0.9672131147540984,0.0185761440341053,50.3603550680254,1.0,-0.0327898228229908,0.967741935483871,0.0460829493087557,20.32258064516129,0.9997000299970004,0.7754224577542246,0.7864213578642136,NEUTRAL,D.melanogaster|ECM_PAIRWISE|PAS,1.0,NOT_SIGNIFICANT
D.melanogaster,PAS,ECM,ECM_PAIRWISE,,Ras85D_EBC_MEL_ECM_0001,Ras85D_EBC_MEL_ECM_0007,9,30,29,0,0,30,29,0.0,0.0,,0.9672131147540984,0.0185761440341053,50.3603550680254,1.0,-0.0327898228229908,0.967741935483871,0.0420757363253857,22.258064516129032,0.9998000199980002,0.7558244175582441,0.7976202379762024,NEUTRAL,D.melanogaster|ECM_PAIRWISE|PAS,1.0,NOT_SIGNIFICANT
D.melanogaster,PAS,ECM,ECM_PAIRWISE,,Ras85D_EBC_MEL_ECM_0005,Ras85D_EBC_MEL_ECM_0011,9,29,30,0,0,29,30,0.0,0.0,,1.0338983050847457,0.0198568893854943,53.83248526518887,1.0,0.0327898228229909,1.0333333333333334,0.044927536231884,23.766666666666666,0.9998000199980002,0.7659234076592341,0.7634236576342366,NEUTRAL,D.melanogaster|ECM_PAIRWISE|PAS,1.0,NOT_SIGNIFICANT
D.melanogaster,PAS,ECM,ECM_PAIRWISE,,Ras85D_EBC_MEL_ECM_0007,Ras85D_EBC_MEL_ECM_0011,9,29,30,0,0,29,30,0.0,0.0,,1.0338983050847457,0.0198568893854943,53.83248526518887,1.0,0.0327898228229909,1.0333333333333334,0.044927536231884,23.766666666666666,0.9998000199980002,0.7643235676432357,0.7637236276372362,NEUTRAL,D.melanogaster|ECM_PAIRWISE|PAS,1.0,NOT_SIGNIFICANT
D.melanogaster,PAS,ECM,ECM_PAIRWISE,,Ras85D_EBC_MEL_ECM_0009,Ras85D_EBC_MEL_ECM_0013,9,30,29,0,0,30,29,0.0,0.0,,0.9672131147540984,0.0185761440341053,50.3603550680254,1.0,-0.0327898228229908,0.967741935483871,0.0420757363253857,22.258064516129032,0.9998000199980002,0.7614238576142386,0.7552244775522448,NEUTRAL,D.melanogaster|ECM_PAIRWISE|PAS,1.0,NOT_SIGNIFICANT
D.melanogaster,PAS,ECM,ECM_PAIRWISE,,Ras85D_EBC_MEL_ECM_0010,Ras85D_EBC_MEL_ECM_0013,9,30,29,0,0,30,29,0.0,0.0,,0.9672131147540984,0.0185761440341053,50.3603550680254,1.0,-0.0327898228229908,0.967741935483871,0.0387096774193548,22.258064516129032,0.9998000199980002,0.7618238176182381,0.7683231676832317,NEUTRAL,D.melanogaster|ECM_PAIRWISE|PAS,1.0,NOT_SIGNIFICANT
D.melanogaster,PAS,ECM,ECM_PAIRWISE,,Ras85D_EBC_MEL_ECM_0001,Ras85D_EBC_MEL_ECM_0013,9,30,29,0,0,30,29,0.0,0.0,,0.9672131147540984,0.0185761440341053,50.3603550680254,1.0,-0.0327898228229908,0.967741935483871,0.0387096774193548,22.258064516129032,0.999900009999,0.7562243775622438,0.8026197380261973,NEUTRAL,D.melanogaster|ECM_PAIRWISE|PAS,1.0,NOT_SIGNIFICANT
D.melanogaster,PAS,ECM,ECM_PAIRWISE,,Ras85D_EBC_MEL_ECM_0002,Ras85D_EBC_MEL_ECM_0013,9,30,29,0,0,30,29,0.0,0.0,,0.9672131147540984,0.0185761440341053,50.3603550680254,1.0,-0.0327898228229908,0.967741935483871,0.0387096774193548,22.258064516129032,0.999900009999,0.7591240875912408,0.7637236276372362,NEUTRAL,D.melanogaster|ECM_PAIRWISE|PAS,1.0,NOT_SIGNIFICANT
D.melanogaster,PAS,ECM,ECM_PAIRWISE,,Ras85D_EBC_MEL_ECM_0004,Ras85D_EBC_MEL_ECM_0007,9,30,29,0,0,30,29,0.0,0.0,,0.9672131147540984,0.0185761440341053,50.3603550680254,1.0,-0.0327898228229908,0.967741935483871,0.0420757363253857,22.258064516129032,0.999900009999,0.7627237276272373,0.767023297670233,NEUTRAL,D.melanogaster|ECM_PAIRWISE|PAS,1.0,NOT_SIGNIFICANT
D.melanogaster,PAS,ECM,ECM_PAIRWISE,,Ras85D_EBC_MEL_ECM_0001,Ras85D_EBC_MEL_ECM_0002,9,30,30,0,0,30,30,0.0,0.0,,1.0,0.0192162206525003,52.03936913941946,1.0,0.0,1.0,0.0434782608695652,23.0,1.0,0.7615238476152385,0.8011198880111989,NEUTRAL,D.melanogaster|ECM_PAIRWISE|PAS,1.0,NOT_SIGNIFICANT
D.melanogaster,PAS,ECM,ECM_PAIRWISE,,Ras85D_EBC_MEL_ECM_0001,Ras85D_EBC_MEL_ECM_0004,9,30,30,0,0,30,30,0.0,0.0,,1.0,0.0192162206525003,52.03936913941946,1.0,0.0,1.0,0.04,23.0,1.0,0.7626237376262374,0.8001199880011999,NEUTRAL,D.melanogaster|ECM_PAIRWISE|PAS,1.0,NOT_SIGNIFICANT
D.melanogaster,PAS,ECM,ECM_PAIRWISE,,Ras85D_EBC_MEL_ECM_0001,Ras85D_EBC_MEL_ECM_0005,9,30,29,0,0,30,29,0.0,0.0,,0.9672131147540984,0.0185761440341053,50.3603550680254,1.0,-0.0327898228229908,0.967741935483871,0.0420757363253857,22.258064516129032,1.0,0.7626237376262374,0.8023197680231977,NEUTRAL,D.melanogaster|ECM_PAIRWISE|PAS,1.0,NOT_SIGNIFICANT
D.melanogaster,PAS,ECM,ECM_PAIRWISE,,Ras85D_EBC_MEL_ECM_0001,Ras85D_EBC_MEL_ECM_0006,9,30,30,0,0,30,30,0.0,0.0,,1.0,0.0192162206525003,52.03936913941946,1.0,0.0,1.0,0.0434782608695652,23.0,1.0,0.7637236276372362,0.7999200079992,NEUTRAL,D.melanogaster|ECM_PAIRWISE|PAS,1.0,NOT_SIGNIFICANT
D.melanogaster,PAS,ECM,ECM_PAIRWISE,,Ras85D_EBC_MEL_ECM_0001,Ras85D_EBC_MEL_ECM_0009,9,30,30,0,0,30,30,0.0,0.0,,1.0,0.0192162206525003,52.03936913941946,1.0,0.0,1.0,0.04,21.0,1.0,0.7528247175282472,0.799020097990201,NEUTRAL,D.melanogaster|ECM_PAIRWISE|PAS,1.0,NOT_SIGNIFICANT
D.melanogaster,PAS,ECM,ECM_PAIRWISE,,Ras85D_EBC_MEL_ECM_0001,Ras85D_EBC_MEL_ECM_0010,9,30,30,0,0,30,30,0.0,0.0,,1.0,0.0192162206525003,52.03936913941946,1.0,0.0,1.0,0.04,23.0,1.0,0.7621237876212379,0.803019698030197,NEUTRAL,D.melanogaster|ECM_PAIRWISE|PAS,1.0,NOT_SIGNIFICANT
D.melanogaster,PAS,ECM,ECM_PAIRWISE,,Ras85D_EBC_MEL_ECM_0001,Ras85D_EBC_MEL_ECM_0011,9,30,30,0,0,30,30,0.0,0.0,,1.0,0.0192162206525003,52.03936913941946,1.0,0.0,1.0,0.04,23.0,1.0,0.762023797620238,0.7985201479852014,NEUTRAL,D.melanogaster|ECM_PAIRWISE|PAS,1.0,NOT_SIGNIFICANT
D.melanogaster,PAS,ECM,ECM_PAIRWISE,,Ras85D_EBC_MEL_ECM_0001,Ras85D_EBC_MEL_ECM_0015,9,30,30,0,0,30,30,0.0,0.0,,1.0,0.0192162206525003,52.03936913941946,1.0,0.0,1.0,0.0434782608695652,23.0,1.0,0.7595240475952405,0.8015198480151985,NEUTRAL,D.melanogaster|ECM_PAIRWISE|PAS,1.0,NOT_SIGNIFICANT
D.melanogaster,PAS,ECM,ECM_PAIRWISE,,Ras85D_EBC_MEL_ECM_0001,Ras85D_EBC_MEL_ECM_0017,9,30,30,0,0,30,30,0.0,0.0,,1.0,0.0192162206525003,52.03936913941946,1.0,0.0,1.0,0.04,23.0,1.0,0.7543245675432457,0.801919808019198,NEUTRAL,D.melanogaster|ECM_PAIRWISE|PAS,1.0,NOT_SIGNIFICANT
D.melanogaster,PAS,ECM,ECM_PAIRWISE,,Ras85D_EBC_MEL_ECM_0002,Ras85D_EBC_MEL_ECM_0004,9,30,30,0,0,30,30,0.0,0.0,,1.0,0.0192162206525003,52.03936913941946,1.0,0.0,1.0,0.0434782608695652,23.0,1.0,0.7654234576542346,0.7609239076092391,NEUTRAL,D.melanogaster|ECM_PAIRWISE|PAS,1.0,NOT_SIGNIFICANT
D.melanogaster,PAS,ECM,ECM_PAIRWISE,,Ras85D_EBC_MEL_ECM_0002,Ras85D_EBC_MEL_ECM_0006,9,30,30,0,0,30,30,0.0,0.0,,1.0,0.0192162206525003,52.03936913941946,1.0,0.0,1.0,0.0476190476190476,23.0,1.0,0.7651234876512348,0.7627237276272373,NEUTRAL,D.melanogaster|ECM_PAIRWISE|PAS,1.0,NOT_SIGNIFICANT
D.melanogaster,PAS,ECM,ECM_PAIRWISE,,Ras85D_EBC_MEL_ECM_0002,Ras85D_EBC_MEL_ECM_0009,9,30,30,0,0,30,30,0.0,0.0,,1.0,0.0192162206525003,52.03936913941946,1.0,0.0,1.0,0.04,23.0,1.0,0.754024597540246,0.7629237076292371,NEUTRAL,D.melanogaster|ECM_PAIRWISE|PAS,1.0,NOT_SIGNIFICANT
D.melanogaster,PAS,ECM,ECM_PAIRWISE,,Ras85D_EBC_MEL_ECM_0002,Ras85D_EBC_MEL_ECM_0010,9,30,30,0,0,30,30,0.0,0.0,,1.0,0.0192162206525003,52.03936913941946,1.0,0.0,1.0,0.0434782608695652,23.0,1.0,0.7661233876612339,0.7654234576542346,NEUTRAL,D.melanogaster|ECM_PAIRWISE|PAS,1.0,NOT_SIGNIFICANT
D.melanogaster,PAS,ECM,ECM_PAIRWISE,,Ras85D_EBC_MEL_ECM_0002,Ras85D_EBC_MEL_ECM_0011,9,30,30,0,0,30,30,0.0,0.0,,1.0,0.0192162206525003,52.03936913941946,1.0,0.0,1.0,0.0434782608695652,23.0,1.0,0.7631236876312368,0.7638236176382361,NEUTRAL,D.melanogaster|ECM_PAIRWISE|PAS,1.0,NOT_SIGNIFICANT
D.melanogaster,PAS,ECM,ECM_PAIRWISE,,Ras85D_EBC_MEL_ECM_0002,Ras85D_EBC_MEL_ECM_0015,9,30,30,0,0,30,30,0.0,0.0,,1.0,0.0192162206525003,52.03936913941946,1.0,0.0,1.0,0.0434782608695652,23.0,1.0,0.7644235576442355,0.7625237476252374,NEUTRAL,D.melanogaster|ECM_PAIRWISE|PAS,1.0,NOT_SIGNIFICANT
D.melanogaster,PAS,ECM,ECM_PAIRWISE,,Ras85D_EBC_MEL_ECM_0002,Ras85D_EBC_MEL_ECM_0017,9,30,30,0,0,30,30,0.0,0.0,,1.0,0.0192162206525003,52.03936913941946,1.0,0.0,1.0,0.0434782608695652,23.0,1.0,0.7547245275472453,0.7665233476652334,NEUTRAL,D.melanogaster|ECM_PAIRWISE|PAS,1.0,NOT_SIGNIFICANT
D.melanogaster,PAS,ECM,ECM_PAIRWISE,,Ras85D_EBC_MEL_ECM_0004,Ras85D_EBC_MEL_ECM_0006,9,30,30,0,0,30,30,0.0,0.0,,1.0,0.0192162206525003,52.03936913941946,1.0,0.0,1.0,0.0476190476190476,23.0,1.0,0.7654234576542346,0.7663233676632337,NEUTRAL,D.melanogaster|ECM_PAIRWISE|PAS,1.0,NOT_SIGNIFICANT
D.melanogaster,PAS,ECM,ECM_PAIRWISE,,Ras85D_EBC_MEL_ECM_0004,Ras85D_EBC_MEL_ECM_0009,9,30,30,0,0,30,30,0.0,0.0,,1.0,0.0192162206525003,52.03936913941946,1.0,0.0,1.0,0.04,23.0,1.0,0.7559244075592441,0.769023097690231,NEUTRAL,D.melanogaster|ECM_PAIRWISE|PAS,1.0,NOT_SIGNIFICANT
D.melanogaster,PAS,ECM,ECM_PAIRWISE,,Ras85D_EBC_MEL_ECM_0004,Ras85D_EBC_MEL_ECM_0010,9,30,30,0,0,30,30,0.0,0.0,,1.0,0.0192162206525003,52.03936913941946,1.0,0.0,1.0,0.0433913043478261,23.0,1.0,0.7644235576442355,0.7692230776922308,NEUTRAL,D.melanogaster|ECM_PAIRWISE|PAS,1.0,NOT_SIGNIFICANT
D.melanogaster,PAS,ECM,ECM_PAIRWISE,,Ras85D_EBC_MEL_ECM_0004,Ras85D_EBC_MEL_ECM_0011,9,30,30,0,0,30,30,0.0,0.0,,1.0,0.0192162206525003,52.03936913941946,1.0,0.0,1.0,0.0434782608695652,25.0,1.0,0.7637236276372362,0.7649235076492351,NEUTRAL,D.melanogaster|ECM_PAIRWISE|PAS,1.0,NOT_SIGNIFICANT
D.melanogaster,PAS,ECM,ECM_PAIRWISE,,Ras85D_EBC_MEL_ECM_0004,Ras85D_EBC_MEL_ECM_0015,9,30,30,0,0,30,30,0.0,0.0,,1.0,0.0192162206525003,52.03936913941946,1.0,0.0,1.0,0.0434782608695652,23.0,1.0,0.7614238576142386,0.7665233476652334,NEUTRAL,D.melanogaster|ECM_PAIRWISE|PAS,1.0,NOT_SIGNIFICANT
D.melanogaster,PAS,ECM,ECM_PAIRWISE,,Ras85D_EBC_MEL_ECM_0004,Ras85D_EBC_MEL_ECM_0017,9,30,30,0,0,30,30,0.0,0.0,,1.0,0.0192162206525003,52.03936913941946,1.0,0.0,1.0,0.04,23.0,1.0,0.7602239776022398,0.7677232276772322,NEUTRAL,D.melanogaster|ECM_PAIRWISE|PAS,1.0,NOT_SIGNIFICANT
D.melanogaster,PAS,ECM,ECM_PAIRWISE,,Ras85D_EBC_MEL_ECM_0005,Ras85D_EBC_MEL_ECM_0007,9,29,29,0,0,29,29,0.0,0.0,,1.0,0.0191954740314999,52.095613703469525,1.0,0.0,1.0,0.0434782608695652,23.0,1.0,0.7618238176182381,0.7642235776422358,NEUTRAL,D.melanogaster|ECM_PAIRWISE|PAS,1.0,NOT_SIGNIFICANT
D.melanogaster,PAS,ECM,ECM_PAIRWISE,,Ras85D_EBC_MEL_ECM_0005,Ras85D_EBC_MEL_ECM_0013,9,29,29,0,0,29,29,0.0,0.0,,1.0,0.0191954740314999,52.095613703469525,1.0,0.0,1.0,0.04,23.0,1.0,0.7601239876012399,0.7636236376362364,NEUTRAL,D.melanogaster|ECM_PAIRWISE|PAS,1.0,NOT_SIGNIFICANT
D.melanogaster,PAS,ECM,ECM_PAIRWISE,,Ras85D_EBC_MEL_ECM_0006,Ras85D_EBC_MEL_ECM_0009,9,30,30,0,0,30,30,0.0,0.0,,1.0,0.0192162206525003,52.03936913941946,1.0,0.0,1.0,0.04,23.0,1.0,0.7583241675832417,0.7716228377162284,NEUTRAL,D.melanogaster|ECM_PAIRWISE|PAS,1.0,NOT_SIGNIFICANT
D.melanogaster,PAS,ECM,ECM_PAIRWISE,,Ras85D_EBC_MEL_ECM_0006,Ras85D_EBC_MEL_ECM_0010,9,30,30,0,0,30,30,0.0,0.0,,1.0,0.0192162206525003,52.03936913941946,1.0,0.0,1.0,0.0434782608695652,23.0,1.0,0.763023697630237,0.7659234076592341,NEUTRAL,D.melanogaster|ECM_PAIRWISE|PAS,1.0,NOT_SIGNIFICANT
D.melanogaster,PAS,ECM,ECM_PAIRWISE,,Ras85D_EBC_MEL_ECM_0006,Ras85D_EBC_MEL_ECM_0011,9,30,30,0,0,30,30,0.0,0.0,,1.0,0.0192162206525003,52.03936913941946,1.0,0.0,1.0,0.0434782608695652,23.0,1.0,0.7657234276572342,0.7658234176582341,NEUTRAL,D.melanogaster|ECM_PAIRWISE|PAS,1.0,NOT_SIGNIFICANT
D.melanogaster,PAS,ECM,ECM_PAIRWISE,,Ras85D_EBC_MEL_ECM_0006,Ras85D_EBC_MEL_ECM_0015,9,30,30,0,0,30,30,0.0,0.0,,1.0,0.0192162206525003,52.03936913941946,1.0,0.0,1.0,0.0434782608695652,23.0,1.0,0.7628237176282372,0.7676232376762324,NEUTRAL,D.melanogaster|ECM_PAIRWISE|PAS,1.0,NOT_SIGNIFICANT
D.melanogaster,PAS,ECM,ECM_PAIRWISE,,Ras85D_EBC_MEL_ECM_0006,Ras85D_EBC_MEL_ECM_0017,9,30,30,0,0,30,30,0.0,0.0,,1.0,0.0192162206525003,52.03936913941946,1.0,0.0,1.0,0.0434782608695652,23.0,1.0,0.7583241675832417,0.7691230876912308,NEUTRAL,D.melanogaster|ECM_PAIRWISE|PAS,1.0,NOT_SIGNIFICANT
D.melanogaster,PAS,ECM,ECM_PAIRWISE,,Ras85D_EBC_MEL_ECM_0007,Ras85D_EBC_MEL_ECM_0013,9,29,29,0,0,29,29,0.0,0.0,,1.0,0.0191954740314999,52.095613703469525,1.0,0.0,1.0,0.04,23.0,1.0,0.7581241875812419,0.7611238876112388,NEUTRAL,D.melanogaster|ECM_PAIRWISE|PAS,1.0,NOT_SIGNIFICANT
D.melanogaster,PAS,ECM,ECM_PAIRWISE,,Ras85D_EBC_MEL_ECM_0009,Ras85D_EBC_MEL_ECM_0010,9,30,30,0,0,30,30,0.0,0.0,,1.0,0.0192162206525003,52.03936913941946,1.0,0.0,1.0,0.0434782608695652,25.0,1.0,0.7809219078092191,0.7694230576942306,NEUTRAL,D.melanogaster|ECM_PAIRWISE|PAS,1.0,NOT_SIGNIFICANT
D.melanogaster,PAS,ECM,ECM_PAIRWISE,,Ras85D_EBC_MEL_ECM_0009,Ras85D_EBC_MEL_ECM_0011,9,30,30,0,0,30,30,0.0,0.0,,1.0,0.0192162206525003,52.03936913941946,1.0,0.0,1.0,0.0434782608695652,25.0,1.0,0.7713228677132287,0.7577242275772422,NEUTRAL,D.melanogaster|ECM_PAIRWISE|PAS,1.0,NOT_SIGNIFICANT
D.melanogaster,PAS,ECM,ECM_PAIRWISE,,Ras85D_EBC_MEL_ECM_0009,Ras85D_EBC_MEL_ECM_0015,9,30,30,0,0,30,30,0.0,0.0,,1.0,0.0192162206525003,52.03936913941946,1.0,0.0,1.0,0.0434782608695652,25.0,1.0,0.7643235676432357,0.7584241575842415,NEUTRAL,D.melanogaster|ECM_PAIRWISE|PAS,1.0,NOT_SIGNIFICANT
D.melanogaster,PAS,ECM,ECM_PAIRWISE,,Ras85D_EBC_MEL_ECM_0009,Ras85D_EBC_MEL_ECM_0017,9,30,30,0,0,30,30,0.0,0.0,,1.0,0.0192162206525003,52.03936913941946,1.0,0.0,1.0,0.0434782608695652,25.0,1.0,0.7601239876012399,0.7585241475852414,NEUTRAL,D.melanogaster|ECM_PAIRWISE|PAS,1.0,NOT_SIGNIFICANT
D.melanogaster,PAS,ECM,ECM_PAIRWISE,,Ras85D_EBC_MEL_ECM_0010,Ras85D_EBC_MEL_ECM_0011,9,30,30,0,0,30,30,0.0,0.0,,1.0,0.0192162206525003,52.03936913941946,1.0,0.0,1.0,0.04,25.0,1.0,0.764023597640236,0.7655234476552345,NEUTRAL,D.melanogaster|ECM_PAIRWISE|PAS,1.0,NOT_SIGNIFICANT
D.melanogaster,PAS,ECM,ECM_PAIRWISE,,Ras85D_EBC_MEL_ECM_0010,Ras85D_EBC_MEL_ECM_0015,9,30,30,0,0,30,30,0.0,0.0,,1.0,0.0192162206525003,52.03936913941946,1.0,0.0,1.0,0.0434782608695652,25.0,1.0,0.7628237176282372,0.7662233776622338,NEUTRAL,D.melanogaster|ECM_PAIRWISE|PAS,1.0,NOT_SIGNIFICANT
D.melanogaster,PAS,ECM,ECM_PAIRWISE,,Ras85D_EBC_MEL_ECM_0010,Ras85D_EBC_MEL_ECM_0017,9,30,30,0,0,30,30,0.0,0.0,,1.0,0.0192162206525003,52.03936913941946,1.0,0.0,1.0,0.0434782608695652,23.0,1.0,0.7577242275772422,0.769023097690231,NEUTRAL,D.melanogaster|ECM_PAIRWISE|PAS,1.0,NOT_SIGNIFICANT
D.melanogaster,PAS,ECM,ECM_PAIRWISE,,Ras85D_EBC_MEL_ECM_0011,Ras85D_EBC_MEL_ECM_0015,9,30,30,0,0,30,30,0.0,0.0,,1.0,0.0192162206525003,52.03936913941946,1.0,0.0,1.0,0.0434782608695652,23.0,1.0,0.7648235176482352,0.7637236276372362,NEUTRAL,D.melanogaster|ECM_PAIRWISE|PAS,1.0,NOT_SIGNIFICANT
D.melanogaster,PAS,ECM,ECM_PAIRWISE,,Ras85D_EBC_MEL_ECM_0011,Ras85D_EBC_MEL_ECM_0017,9,30,30,0,0,30,30,0.0,0.0,,1.0,0.0192162206525003,52.03936913941946,1.0,0.0,1.0,0.0434782608695652,23.0,1.0,0.7576242375762424,0.7688231176882312,NEUTRAL,D.melanogaster|ECM_PAIRWISE|PAS,1.0,NOT_SIGNIFICANT
D.melanogaster,PAS,ECM,ECM_PAIRWISE,,Ras85D_EBC_MEL_ECM_0012,Ras85D_EBC_MEL_ECM_0014,9,30,30,6,6,24,24,0.2,0.2,1.0,1.0,0.2821900328162411,3.5437112715146406,1.0,0.0,1.0,0.0434782608695652,23.0,1.0,0.768023197680232,0.7675232476752325,NEUTRAL,D.melanogaster|ECM_PAIRWISE|PAS,1.0,NOT_SIGNIFICANT
D.melanogaster,PAS,ECM,ECM_PAIRWISE,,Ras85D_EBC_MEL_ECM_0012,Ras85D_EBC_MEL_ECM_0016,9,30,30,6,6,24,24,0.2,0.2,1.0,1.0,0.2821900328162411,3.5437112715146406,1.0,0.0,1.0,0.0434782608695652,23.0,1.0,0.7628237176282372,0.7639236076392361,NEUTRAL,D.melanogaster|ECM_PAIRWISE|PAS,1.0,NOT_SIGNIFICANT
D.melanogaster,PAS,ECM,ECM_PAIRWISE,,Ras85D_EBC_MEL_ECM_0014,Ras85D_EBC_MEL_ECM_0016,9,30,30,6,6,24,24,0.2,0.2,1.0,1.0,0.2821900328162411,3.5437112715146406,1.0,0.0,1.0,0.0476190476190476,23.0,1.0,0.7565243475652434,0.7648235176482352,NEUTRAL,D.melanogaster|ECM_PAIRWISE|PAS,1.0,NOT_SIGNIFICANT
D.melanogaster,PAS,ECM,ECM_PAIRWISE,,Ras85D_EBC_MEL_ECM_0015,Ras85D_EBC_MEL_ECM_0017,9,30,30,0,0,30,30,0.0,0.0,,1.0,0.0192162206525003,52.03936913941946,1.0,0.0,1.0,0.0434782608695652,23.0,1.0,0.7629237076292371,0.766023397660234,NEUTRAL,D.melanogaster|ECM_PAIRWISE|PAS,1.0,NOT_SIGNIFICANT
D.melanogaster,UGUA,ECM,ECM_PAIRWISE,,Ras85D_EBC_MEL_ECM_0006,Ras85D_EBC_MEL_ECM_0008,11,30,29,0,4,30,25,0.0,0.1379310344827586,0.0,0.0928961748633879,0.0047718283760563,1.8084680806104636,0.0521855486173059,-2.2300144001592104,0.967741935483871,0.0744416873449131,12.580645161290324,0.2174782521747825,0.9654034596540346,0.1831816818318168,DEPLETED,D.melanogaster|ECM_PAIRWISE|UGUA,0.7969627279696273,NOT_SIGNIFICANT
D.melanogaster,UGUA,ECM,ECM_PAIRWISE,,Ras85D_EBC_MEL_ECM_0008,Ras85D_EBC_MEL_ECM_0012,11,29,30,4,0,25,30,0.1379310344827586,0.0,inf,10.764705882352942,0.5529541885320097,209.56327872513432,0.0521855486173059,2.2300144001592104,1.0333333333333334,0.0688888888888888,13.433333333333332,0.2207779222077792,0.183981601839816,0.9656034396560343,ENRICHED,D.melanogaster|ECM_PAIRWISE|UGUA,0.7969627279696273,NOT_SIGNIFICANT
D.melanogaster,UGUA,ECM,ECM_PAIRWISE,,Ras85D_EBC_MEL_ECM_0008,Ras85D_EBC_MEL_ECM_0015,11,29,30,4,0,25,30,0.1379310344827586,0.0,inf,10.764705882352942,0.5529541885320097,209.56327872513432,0.0521855486173059,2.2300144001592104,1.0333333333333334,0.0688888888888888,13.433333333333332,0.2208779122087791,0.1830816918308169,0.9663033696630337,ENRICHED,D.melanogaster|ECM_PAIRWISE|UGUA,0.7969627279696273,NOT_SIGNIFICANT
D.melanogaster,UGUA,ECM,ECM_PAIRWISE,,Ras85D_EBC_MEL_ECM_0001,Ras85D_EBC_MEL_ECM_0008,11,30,29,0,4,30,25,0.0,0.1379310344827586,0.0,0.0928961748633879,0.0047718283760563,1.8084680806104636,0.0521855486173059,-2.2300144001592104,0.967741935483871,0.064516129032258,12.580645161290324,0.2211778822117788,0.9636036396360363,0.1903809619038096,DEPLETED,D.melanogaster|ECM_PAIRWISE|UGUA,0.7969627279696273,NOT_SIGNIFICANT
D.melanogaster,UGUA,ECM,ECM_PAIRWISE,,Ras85D_EBC_MEL_ECM_0008,Ras85D_EBC_MEL_ECM_0013,11,29,29,4,0,25,29,0.1379310344827586,0.0,inf,10.411764705882351,0.5344401381591578,202.8381413567672,0.1119617224880382,2.19722457733622,1.0,0.0769230769230769,13.0,0.221977802219778,0.187981201879812,0.9665033496650336,ENRICHED,D.melanogaster|ECM_PAIRWISE|UGUA,0.7969627279696273,NOT_SIGNIFICANT
D.melanogaster,UGUA,ECM,ECM_PAIRWISE,,Ras85D_EBC_MEL_ECM_0008,Ras85D_EBC_MEL_ECM_0011,11,29,30,4,0,25,30,0.1379310344827586,0.0,inf,10.764705882352942,0.5529541885320097,209.56327872513432,0.0521855486173059,2.2300144001592104,1.0333333333333334,0.0794871794871794,15.499999999999998,0.2225777422257774,0.1881811818818118,0.9636036396360363,ENRICHED,D.melanogaster|ECM_PAIRWISE|UGUA,0.7969627279696273,NOT_SIGNIFICANT
D.melanogaster,UGUA,ECM,ECM_PAIRWISE,,Ras85D_EBC_MEL_ECM_0008,Ras85D_EBC_MEL_ECM_0010,11,29,30,4,0,25,30,0.1379310344827586,0.0,inf,10.764705882352942,0.5529541885320097,209.56327872513432,0.0521855486173059,2.2300144001592104,1.0333333333333334,0.0688888888888888,13.433333333333332,0.224977502249775,0.1868813118688131,0.966003399660034,ENRICHED,D.melanogaster|ECM_PAIRWISE|UGUA,0.7969627279696273,NOT_SIGNIFICANT
D.melanogaster,UGUA,ECM,ECM_PAIRWISE,,Ras85D_EBC_MEL_ECM_0008,Ras85D_EBC_MEL_ECM_0014,11,29,30,4,0,25,30,0.1379310344827586,0.0,inf,10.764705882352942,0.5529541885320097,209.56327872513432,0.0521855486173059,2.2300144001592104,1.0333333333333334,0.0688888888888888,13.433333333333332,0.2265773422657734,0.1871812818718128,0.9666033396660334,ENRICHED,D.melanogaster|ECM_PAIRWISE|UGUA,0.7969627279696273,NOT_SIGNIFICANT
D.melanogaster,UGUA,ECM,ECM_PAIRWISE,,Ras85D_EBC_MEL_ECM_0003,Ras85D_EBC_MEL_ECM_0017,11,29,30,0,4,29,26,0.0,0.1333333333333333,0.0,0.0998116760828625,0.005128281524616,1.9426333430897635,0.1123996431757359,-2.1644347545132288,1.0333333333333334,0.0794871794871794,13.433333333333332,0.3650634936506349,0.967003299670033,0.1903809619038096,DEPLETED,D.melanogaster|ECM_PAIRWISE|UGUA,0.7969627279696273,NOT_SIGNIFICANT
D.melanogaster,UGUA,ECM,ECM_PAIRWISE,,Ras85D_EBC_MEL_ECM_0002,Ras85D_EBC_MEL_ECM_0003,11,30,29,4,0,26,29,0.1333333333333333,0.0,inf,10.0188679245283,0.514765178697848,194.99709506975177,0.1123996431757359,2.1644347545132288,0.967741935483871,0.0744416873449131,14.516129032258066,0.3652634736526347,0.1921807819218078,0.9607039296070392,ENRICHED,D.melanogaster|ECM_PAIRWISE|UGUA,0.7969627279696273,NOT_SIGNIFICANT
D.melanogaster,UGUA,ECM,ECM_PAIRWISE,,Ras85D_EBC_MEL_ECM_0003,Ras85D_EBC_MEL_ECM_0008,11,29,29,0,4,29,25,0.0,0.1379310344827586,0.0,0.096045197740113,0.0049300392584505,1.87111694762379,0.1119617224880382,-2.197224577336219,1.0,0.0666666666666666,13.0,0.3653634636536346,0.9649035096490352,0.1891810818918108,DEPLETED,D.melanogaster|ECM_PAIRWISE|UGUA,0.7969627279696273,NOT_SIGNIFICANT
D.melanogaster,UGUA,ECM,ECM_PAIRWISE,,Ras85D_EBC_MEL_ECM_0005,Ras85D_EBC_MEL_ECM_0017,11,29,30,0,4,29,26,0.0,0.1333333333333333,0.0,0.0998116760828625,0.005128281524616,1.9426333430897635,0.1123996431757359,-2.1644347545132288,1.0333333333333334,0.0794871794871794,13.433333333333332,0.3665633436656334,0.9655034496550344,0.1896810318968103,DEPLETED,D.melanogaster|ECM_PAIRWISE|UGUA,0.7969627279696273,NOT_SIGNIFICANT
D.melanogaster,UGUA,ECM,ECM_PAIRWISE,,Ras85D_EBC_MEL_ECM_0007,Ras85D_EBC_MEL_ECM_0008,11,29,29,0,4,29,25,0.0,0.1379310344827586,0.0,0.096045197740113,0.0049300392584505,1.87111694762379,0.1119617224880382,-2.197224577336219,1.0,0.0769230769230769,13.0,0.366963303669633,0.967903209679032,0.1855814418558144,DEPLETED,D.melanogaster|ECM_PAIRWISE|UGUA,0.7969627279696273,NOT_SIGNIFICANT
D.melanogaster,UGUA,ECM,ECM_PAIRWISE,,Ras85D_EBC_MEL_ECM_0002,Ras85D_EBC_MEL_ECM_0005,11,30,29,4,0,26,29,0.1333333333333333,0.0,inf,10.0188679245283,0.514765178697848,194.99709506975177,0.1123996431757359,2.1644347545132288,0.967741935483871,0.0744416873449131,14.516129032258066,0.3672632736726327,0.1898810118988101,0.9611038896110388,ENRICHED,D.melanogaster|ECM_PAIRWISE|UGUA,0.7969627279696273,NOT_SIGNIFICANT
D.melanogaster,UGUA,ECM,ECM_PAIRWISE,,Ras85D_EBC_MEL_ECM_0005,Ras85D_EBC_MEL_ECM_0016,11,29,30,0,4,29,26,0.0,0.1333333333333333,0.0,0.0998116760828625,0.005128281524616,1.9426333430897635,0.1123996431757359,-2.1644347545132288,1.0333333333333334,0.0794871794871794,13.433333333333332,0.3680631936806319,0.9663033696630337,0.1904809519048095,DEPLETED,D.melanogaster|ECM_PAIRWISE|UGUA,0.7969627279696273,NOT_SIGNIFICANT
D.melanogaster,UGUA,ECM,ECM_PAIRWISE,,Ras85D_EBC_MEL_ECM_0009,Ras85D_EBC_MEL_ECM_0013,11,30,29,4,0,26,29,0.1333333333333333,0.0,inf,10.0188679245283,0.514765178697848,194.99709506975177,0.1123996431757359,2.1644347545132288,0.967741935483871,0.0744416873449131,14.516129032258066,0.3692630736926307,0.1893810618938106,0.9634036596340366,ENRICHED,D.melanogaster|ECM_PAIRWISE|UGUA,0.7969627279696273,NOT_SIGNIFICANT
D.melanogaster,UGUA,ECM,ECM_PAIRWISE,,Ras85D_EBC_MEL_ECM_0007,Ras85D_EBC_MEL_ECM_0016,11,29,30,0,4,29,26,0.0,0.1333333333333333,0.0,0.0998116760828625,0.005128281524616,1.9426333430897635,0.1123996431757359,-2.1644347545132288,1.0333333333333334,0.0794871794871794,13.433333333333332,0.3694630536946305,0.9662033796620338,0.1877812218778122,DEPLETED,D.melanogaster|ECM_PAIRWISE|UGUA,0.7969627279696273,NOT_SIGNIFICANT
D.melanogaster,UGUA,ECM,ECM_PAIRWISE,,Ras85D_EBC_MEL_ECM_0004,Ras85D_EBC_MEL_ECM_0012,11,30,30,4,0,26,30,0.1333333333333333,0.0,inf,10.358490566037736,0.5325977735752843,201.46221432058968,0.1123996431757359,2.19722457733622,1.0,0.0666666666666666,13.0,0.3700629937006299,0.1820817918208179,0.9642035796420358,ENRICHED,D.melanogaster|ECM_PAIRWISE|UGUA,0.7969627279696273,NOT_SIGNIFICANT
D.melanogaster,UGUA,ECM,ECM_PAIRWISE,,Ras85D_EBC_MEL_ECM_0005,Ras85D_EBC_MEL_ECM_0008,11,29,29,0,4,29,25,0.0,0.1379310344827586,0.0,0.096045197740113,0.0049300392584505,1.87111694762379,0.1119617224880382,-2.197224577336219,1.0,0.0769230769230769,13.0,0.3701629837016298,0.9657034296570344,0.188981101889811,DEPLETED,D.melanogaster|ECM_PAIRWISE|UGUA,0.7969627279696273,NOT_SIGNIFICANT
D.melanogaster,UGUA,ECM,ECM_PAIRWISE,,Ras85D_EBC_MEL_ECM_0002,Ras85D_EBC_MEL_ECM_0006,11,30,30,4,0,26,30,0.1333333333333333,0.0,inf,10.358490566037736,0.5325977735752843,201.46221432058968,0.1123996431757359,2.19722457733622,1.0,0.0766666666666669,17.0,0.3717628237176282,0.1881811818818118,0.9612038796120388,ENRICHED,D.melanogaster|ECM_PAIRWISE|UGUA,0.7969627279696273,NOT_SIGNIFICANT
D.melanogaster,UGUA,ECM,ECM_PAIRWISE,,Ras85D_EBC_MEL_ECM_0004,Ras85D_EBC_MEL_ECM_0005,11,30,29,4,0,26,29,0.1333333333333333,0.0,inf,10.0188679245283,0.514765178697848,194.99709506975177,0.1123996431757359,2.1644347545132288,0.967741935483871,0.0744416873449131,14.516129032258066,0.3720627937206279,0.1940805919408059,0.9612038796120388,ENRICHED,D.melanogaster|ECM_PAIRWISE|UGUA,0.7969627279696273,NOT_SIGNIFICANT
D.melanogaster,UGUA,ECM,ECM_PAIRWISE,,Ras85D_EBC_MEL_ECM_0013,Ras85D_EBC_MEL_ECM_0016,11,29,30,0,4,29,26,0.0,0.1333333333333333,0.0,0.0998116760828625,0.005128281524616,1.9426333430897635,0.1123996431757359,-2.1644347545132288,1.0333333333333334,0.0794871794871794,13.433333333333332,0.3722627737226277,0.9648035196480352,0.1900809919008099,DEPLETED,D.melanogaster|ECM_PAIRWISE|UGUA,0.7969627279696273,NOT_SIGNIFICANT
D.melanogaster,UGUA,ECM,ECM_PAIRWISE,,Ras85D_EBC_MEL_ECM_0002,Ras85D_EBC_MEL_ECM_0013,11,30,29,4,0,26,29,0.1333333333333333,0.0,inf,10.0188679245283,0.514765178697848,194.99709506975177,0.1123996431757359,2.1644347545132288,0.967741935483871,0.0744416873449131,16.4516129032258,0.3724627537246275,0.192980701929807,0.9614038596140386,ENRICHED,D.melanogaster|ECM_PAIRWISE|UGUA,0.7969627279696273,NOT_SIGNIFICANT
D.melanogaster,UGUA,ECM,ECM_PAIRWISE,,Ras85D_EBC_MEL_ECM_0003,Ras85D_EBC_MEL_ECM_0016,11,29,30,0,4,29,26,0.0,0.1333333333333333,0.0,0.0998116760828625,0.005128281524616,1.9426333430897635,0.1123996431757359,-2.1644347545132288,1.0333333333333334,0.0794871794871794,13.433333333333332,0.3725627437256274,0.9636036396360363,0.1944805519448055,DEPLETED,D.melanogaster|ECM_PAIRWISE|UGUA,0.7969627279696273,NOT_SIGNIFICANT
D.melanogaster,UGUA,ECM,ECM_PAIRWISE,,Ras85D_EBC_MEL_ECM_0004,Ras85D_EBC_MEL_ECM_0011,11,30,30,4,0,26,30,0.1333333333333333,0.0,inf,10.358490566037736,0.5325977735752843,201.46221432058968,0.1123996431757359,2.19722457733622,1.0,0.0769230769230769,13.0,0.3725627437256274,0.1852814718528147,0.9649035096490352,ENRICHED,D.melanogaster|ECM_PAIRWISE|UGUA,0.7969627279696273,NOT_SIGNIFICANT
D.melanogaster,UGUA,ECM,ECM_PAIRWISE,,Ras85D_EBC_MEL_ECM_0005,Ras85D_EBC_MEL_ECM_0009,11,29,30,0,4,29,26,0.0,0.1333333333333333,0.0,0.0998116760828625,0.005128281524616,1.9426333430897635,0.1123996431757359,-2.1644347545132288,1.0333333333333334,0.0688888888888888,13.433333333333332,0.3725627437256274,0.9612038796120388,0.1933806619338066,DEPLETED,D.melanogaster|ECM_PAIRWISE|UGUA,0.7969627279696273,NOT_SIGNIFICANT
D.melanogaster,UGUA,ECM,ECM_PAIRWISE,,Ras85D_EBC_MEL_ECM_0009,Ras85D_EBC_MEL_ECM_0014,11,30,30,4,0,26,30,0.1333333333333333,0.0,inf,10.358490566037736,0.5325977735752843,201.46221432058968,0.1123996431757359,2.19722457733622,1.0,0.0666666666666666,15.0,0.3728627137286271,0.1878812118788121,0.962903709629037,ENRICHED,D.melanogaster|ECM_PAIRWISE|UGUA,0.7969627279696273,NOT_SIGNIFICANT
D.melanogaster,UGUA,ECM,ECM_PAIRWISE,,Ras85D_EBC_MEL_ECM_0002,Ras85D_EBC_MEL_ECM_0014,11,30,30,4,0,26,30,0.1333333333333333,0.0,inf,10.358490566037736,0.5325977735752843,201.46221432058968,0.1123996431757359,2.19722457733622,1.0,0.0666666666666666,15.0,0.3731626837316268,0.186981301869813,0.962003799620038,ENRICHED,D.melanogaster|ECM_PAIRWISE|UGUA,0.7969627279696273,NOT_SIGNIFICANT
D.melanogaster,UGUA,ECM,ECM_PAIRWISE,,Ras85D_EBC_MEL_ECM_0013,Ras85D_EBC_MEL_ECM_0017,11,29,30,0,4,29,26,0.0,0.1333333333333333,0.0,0.0998116760828625,0.005128281524616,1.9426333430897635,0.1123996431757359,-2.1644347545132288,1.0333333333333334,0.0688888888888888,13.433333333333332,0.3735626437356264,0.9633036696330368,0.1900809919008099,DEPLETED,D.melanogaster|ECM_PAIRWISE|UGUA,0.7969627279696273,NOT_SIGNIFICANT
D.melanogaster,UGUA,ECM,ECM_PAIRWISE,,Ras85D_EBC_MEL_ECM_0006,Ras85D_EBC_MEL_ECM_0009,11,30,30,0,4,30,26,0.0,0.1333333333333333,0.0,0.0965391621129326,0.0049637099610584,1.8775895236795368,0.1123996431757359,-2.19722457733622,1.0,0.0666666666666666,15.0,0.3740625937406259,0.9627037296270372,0.1893810618938106,DEPLETED,D.melanogaster|ECM_PAIRWISE|UGUA,0.7969627279696273,NOT_SIGNIFICANT
D.melanogaster,UGUA,ECM,ECM_PAIRWISE,,Ras85D_EBC_MEL_ECM_0007,Ras85D_EBC_MEL_ECM_0017,11,29,30,0,4,29,26,0.0,0.1333333333333333,0.0,0.0998116760828625,0.005128281524616,1.9426333430897635,0.1123996431757359,-2.1644347545132288,1.0333333333333334,0.0688888888888888,13.433333333333332,0.3753624637536246,0.964003599640036,0.1911808819118088,DEPLETED,D.melanogaster|ECM_PAIRWISE|UGUA,0.7969627279696273,NOT_SIGNIFICANT
D.melanogaster,UGUA,ECM,ECM_PAIRWISE,,Ras85D_EBC_MEL_ECM_0004,Ras85D_EBC_MEL_ECM_0013,11,30,29,4,0,26,29,0.1333333333333333,0.0,inf,10.0188679245283,0.514765178697848,194.99709506975177,0.1123996431757359,2.1644347545132288,0.967741935483871,0.0744416873449131,14.516129032258066,0.3757624237576242,0.1927807219278072,0.962003799620038,ENRICHED,D.melanogaster|ECM_PAIRWISE|UGUA,0.7969627279696273,NOT_SIGNIFICANT
D.melanogaster,UGUA,ECM,ECM_PAIRWISE,,Ras85D_EBC_MEL_ECM_0014,Ras85D_EBC_MEL_ECM_0016,11,30,30,0,4,30,26,0.0,0.1333333333333333,0.0,0.0965391621129326,0.0049637099610584,1.8775895236795368,0.1123996431757359,-2.19722457733622,1.0,0.0769230769230769,15.0,0.3757624237576242,0.9653034696530348,0.1885811418858114,DEPLETED,D.melanogaster|ECM_PAIRWISE|UGUA,0.7969627279696273,NOT_SIGNIFICANT
D.melanogaster,UGUA,ECM,ECM_PAIRWISE,,Ras85D_EBC_MEL_ECM_0004,Ras85D_EBC_MEL_ECM_0007,11,30,29,4,0,26,29,0.1333333333333333,0.0,inf,10.0188679245283,0.514765178697848,194.99709506975177,0.1123996431757359,2.1644347545132288,0.967741935483871,0.0744416873449131,14.516129032258066,0.3758624137586241,0.1928807119288071,0.9626037396260374,ENRICHED,D.melanogaster|ECM_PAIRWISE|UGUA,0.7969627279696273,NOT_SIGNIFICANT
D.melanogaster,UGUA,ECM,ECM_PAIRWISE,,Ras85D_EBC_MEL_ECM_0004,Ras85D_EBC_MEL_ECM_0006,11,30,30,4,0,26,30,0.1333333333333333,0.0,inf,10.358490566037736,0.5325977735752843,201.46221432058968,0.1123996431757359,2.19722457733622,1.0,0.0769230769230769,15.0,0.3761623837616238,0.1894810518948105,0.9633036696330368,ENRICHED,D.melanogaster|ECM_PAIRWISE|UGUA,0.7969627279696273,NOT_SIGNIFICANT
D.melanogaster,UGUA,ECM,ECM_PAIRWISE,,Ras85D_EBC_MEL_ECM_0010,Ras85D_EBC_MEL_ECM_0017,11,30,30,0,4,30,26,0.0,0.1333333333333333,0.0,0.0965391621129326,0.0049637099610584,1.8775895236795368,0.1123996431757359,-2.19722457733622,1.0,0.0769230769230769,13.0,0.3762623737626237,0.9647035296470352,0.1856814318568143,DEPLETED,D.melanogaster|ECM_PAIRWISE|UGUA,0.7969627279696273,NOT_SIGNIFICANT
D.melanogaster,UGUA,ECM,ECM_PAIRWISE,,Ras85D_EBC_MEL_ECM_0001,Ras85D_EBC_MEL_ECM_0016,11,30,30,0,4,30,26,0.0,0.1333333333333333,0.0,0.0965391621129326,0.0049637099610584,1.8775895236795368,0.1123996431757359,-2.19722457733622,1.0,0.0769230769230769,13.0,0.3768623137686231,0.9648035196480352,0.1902809719028097,DEPLETED,D.melanogaster|ECM_PAIRWISE|UGUA,0.7969627279696273,NOT_SIGNIFICANT
D.melanogaster,UGUA,ECM,ECM_PAIRWISE,,Ras85D_EBC_MEL_ECM_0003,Ras85D_EBC_MEL_ECM_0009,11,29,30,0,4,29,26,0.0,0.1333333333333333,0.0,0.0998116760828625,0.005128281524616,1.9426333430897635,0.1123996431757359,-2.1644347545132288,1.0333333333333334,0.0688888888888888,13.433333333333332,0.376962303769623,0.9625037496250376,0.1983801619838016,DEPLETED,D.melanogaster|ECM_PAIRWISE|UGUA,0.7969627279696273,NOT_SIGNIFICANT
D.melanogaster,UGUA,ECM,ECM_PAIRWISE,,Ras85D_EBC_MEL_ECM_0002,Ras85D_EBC_MEL_ECM_0012,11,30,30,4,0,26,30,0.1333333333333333,0.0,inf,10.358490566037736,0.5325977735752843,201.46221432058968,0.1123996431757359,2.19722457733622,1.0,0.0666666666666666,15.0,0.3773622637736226,0.1867813218678132,0.9627037296270372,ENRICHED,D.melanogaster|ECM_PAIRWISE|UGUA,0.7969627279696273,NOT_SIGNIFICANT
D.melanogaster,UGUA,ECM,ECM_PAIRWISE,,Ras85D_EBC_MEL_ECM_0009,Ras85D_EBC_MEL_ECM_0012,11,30,30,4,0,26,30,0.1333333333333333,0.0,inf,10.358490566037736,0.5325977735752843,201.46221432058968,0.1123996431757359,2.19722457733622,1.0,0.0666666666666666,13.049999999999272,0.3776622337766223,0.1868813118688131,0.9644035596440356,ENRICHED,D.melanogaster|ECM_PAIRWISE|UGUA,0.7969627279696273,NOT_SIGNIFICANT
D.melanogaster,UGUA,ECM,ECM_PAIRWISE,,Ras85D_EBC_MEL_ECM_0014,Ras85D_EBC_MEL_ECM_0017,11,30,30,0,4,30,26,0.0,0.1333333333333333,0.0,0.0965391621129326,0.0049637099610584,1.8775895236795368,0.1123996431757359,-2.19722457733622,1.0,0.0769230769230769,15.0,0.3776622337766223,0.9662033796620338,0.1904809519048095,DEPLETED,D.melanogaster|ECM_PAIRWISE|UGUA,0.7969627279696273,NOT_SIGNIFICANT
D.melanogaster,UGUA,ECM,ECM_PAIRWISE,,Ras85D_EBC_MEL_ECM_0011,Ras85D_EBC_MEL_ECM_0016,11,30,30,0,4,30,26,0.0,0.1333333333333333,0.0,0.0965391621129326,0.0049637099610584,1.8775895236795368,0.1123996431757359,-2.19722457733622,1.0,0.0769230769230769,13.0,0.3777622237776222,0.9655034496550344,0.1871812818718128,DEPLETED,D.melanogaster|ECM_PAIRWISE|UGUA,0.7969627279696273,NOT_SIGNIFICANT
D.melanogaster,UGUA,ECM,ECM_PAIRWISE,,Ras85D_EBC_MEL_ECM_0006,Ras85D_EBC_MEL_ECM_0016,11,30,30,0,4,30,26,0.0,0.1333333333333333,0.0,0.0965391621129326,0.0049637099610584,1.8775895236795368,0.1123996431757359,-2.19722457733622,1.0,0.0769230769230769,15.0,0.377962203779622,0.9635036496350364,0.1896810318968103,DEPLETED,D.melanogaster|ECM_PAIRWISE|UGUA,0.7969627279696273,NOT_SIGNIFICANT
D.melanogaster,UGUA,ECM,ECM_PAIRWISE,,Ras85D_EBC_MEL_ECM_0001,Ras85D_EBC_MEL_ECM_0009,11,30,30,0,4,30,26,0.0,0.1333333333333333,0.0,0.0965391621129326,0.0049637099610584,1.8775895236795368,0.1123996431757359,-2.19722457733622,1.0,0.0666666666666666,13.0,0.3784621537846215,0.9625037496250376,0.1916808319168083,DEPLETED,D.melanogaster|ECM_PAIRWISE|UGUA,0.7969627279696273,NOT_SIGNIFICANT
D.melanogaster,UGUA,ECM,ECM_PAIRWISE,,Ras85D_EBC_MEL_ECM_0004,Ras85D_EBC_MEL_ECM_0010,11,30,30,4,0,26,30,0.1333333333333333,0.0,inf,10.358490566037736,0.5325977735752843,201.46221432058968,0.1123996431757359,2.19722457733622,1.0,0.0666666666666666,13.049999999999272,0.3784621537846215,0.1901809819018098,0.9628037196280372,ENRICHED,D.melanogaster|ECM_PAIRWISE|UGUA,0.7969627279696273,NOT_SIGNIFICANT
D.melanogaster,UGUA,ECM,ECM_PAIRWISE,,Ras85D_EBC_MEL_ECM_0010,Ras85D_EBC_MEL_ECM_0016,11,30,30,0,4,30,26,0.0,0.1333333333333333,0.0,0.0965391621129326,0.0049637099610584,1.8775895236795368,0.1123996431757359,-2.19722457733622,1.0,0.0769230769230769,15.0,0.3786621337866213,0.9664033596640336,0.1887811218878112,DEPLETED,D.melanogaster|ECM_PAIRWISE|UGUA,0.7969627279696273,NOT_SIGNIFICANT
D.melanogaster,UGUA,ECM,ECM_PAIRWISE,,Ras85D_EBC_MEL_ECM_0007,Ras85D_EBC_MEL_ECM_0009,11,29,30,0,4,29,26,0.0,0.1333333333333333,0.0,0.0998116760828625,0.005128281524616,1.9426333430897635,0.1123996431757359,-2.1644347545132288,1.0333333333333334,0.0688888888888888,13.433333333333332,0.3787621237876212,0.962903709629037,0.1933806619338066,DEPLETED,D.melanogaster|ECM_PAIRWISE|UGUA,0.7969627279696273,NOT_SIGNIFICANT
D.melanogaster,UGUA,ECM,ECM_PAIRWISE,,Ras85D_EBC_MEL_ECM_0012,Ras85D_EBC_MEL_ECM_0016,11,30,30,0,4,30,26,0.0,0.1333333333333333,0.0,0.0965391621129326,0.0049637099610584,1.8775895236795368,0.1123996431757359,-2.19722457733622,1.0,0.0769230769230769,15.0,0.3788621137886211,0.9674032596740326,0.1862813718628137,DEPLETED,D.melanogaster|ECM_PAIRWISE|UGUA,0.7969627279696273,NOT_SIGNIFICANT
D.melanogaster,UGUA,ECM,ECM_PAIRWISE,,Ras85D_EBC_MEL_ECM_0009,Ras85D_EBC_MEL_ECM_0010,11,30,30,4,0,26,30,0.1333333333333333,0.0,inf,10.358490566037736,0.5325977735752843,201.46221432058968,0.1123996431757359,2.19722457733622,1.0,0.0666666666666666,15.0,0.378962103789621,0.1888811118888111,0.9645035496450356,ENRICHED,D.melanogaster|ECM_PAIRWISE|UGUA,0.7969627279696273,NOT_SIGNIFICANT
D.melanogaster,UGUA,ECM,ECM_PAIRWISE,,Ras85D_EBC_MEL_ECM_0002,Ras85D_EBC_MEL_ECM_0010,11,30,30,4,0,26,30,0.1333333333333333,0.0,inf,10.358490566037736,0.5325977735752843,201.46221432058968,0.1123996431757359,2.19722457733622,1.0,0.0666666666666666,15.0,0.3790620937906209,0.188981101889811,0.9617038296170384,ENRICHED,D.melanogaster|ECM_PAIRWISE|UGUA,0.7969627279696273,NOT_SIGNIFICANT
D.melanogaster,UGUA,ECM,ECM_PAIRWISE,,Ras85D_EBC_MEL_ECM_0006,Ras85D_EBC_MEL_ECM_0017,11,30,30,0,4,30,26,0.0,0.1333333333333333,0.0,0.0965391621129326,0.0049637099610584,1.8775895236795368,0.1123996431757359,-2.19722457733622,1.0,0.0666666666666666,13.0,0.3791620837916208,0.9643035696430357,0.1893810618938106,DEPLETED,D.melanogaster|ECM_PAIRWISE|UGUA,0.7969627279696273,NOT_SIGNIFICANT
D.melanogaster,UGUA,ECM,ECM_PAIRWISE,,Ras85D_EBC_MEL_ECM_0009,Ras85D_EBC_MEL_ECM_0011,11,30,30,4,0,26,30,0.1333333333333333,0.0,inf,10.358490566037736,0.5325977735752843,201.46221432058968,0.1123996431757359,2.19722457733622,1.0,0.0769230769230769,15.0,0.3791620837916208,0.1881811818818118,0.9612038796120388,ENRICHED,D.melanogaster|ECM_PAIRWISE|UGUA,0.7969627279696273,NOT_SIGNIFICANT
D.melanogaster,UGUA,ECM,ECM_PAIRWISE,,Ras85D_EBC_MEL_ECM_0015,Ras85D_EBC_MEL_ECM_0016,11,30,30,0,4,30,26,0.0,0.1333333333333333,0.0,0.0965391621129326,0.0049637099610584,1.8775895236795368,0.1123996431757359,-2.19722457733622,1.0,0.0769230769230769,15.0,0.3792620737926207,0.9676032396760323,0.183981601839816,DEPLETED,D.melanogaster|ECM_PAIRWISE|UGUA,0.7969627279696273,NOT_SIGNIFICANT
D.melanogaster,UGUA,ECM,ECM_PAIRWISE,,Ras85D_EBC_MEL_ECM_0002,Ras85D_EBC_MEL_ECM_0007,11,30,29,4,0,26,29,0.1333333333333333,0.0,inf,10.0188679245283,0.514765178697848,194.99709506975177,0.1123996431757359,2.1644347545132288,0.967741935483871,0.0744416873449131,16.4516129032258,0.3794620537946205,0.1947805219478052,0.9611038896110388,ENRICHED,D.melanogaster|ECM_PAIRWISE|UGUA,0.7969627279696273,NOT_SIGNIFICANT
D.melanogaster,UGUA,ECM,ECM_PAIRWISE,,Ras85D_EBC_MEL_ECM_0003,Ras85D_EBC_MEL_ECM_0004,11,29,30,0,4,29,26,0.0,0.1333333333333333,0.0,0.0998116760828625,0.005128281524616,1.9426333430897635,0.1123996431757359,-2.1644347545132288,1.0333333333333334,0.0688888888888888,13.433333333333332,0.3797620237976202,0.961003899610039,0.1999800019998,DEPLETED,D.melanogaster|ECM_PAIRWISE|UGUA,0.7969627279696273,NOT_SIGNIFICANT
D.melanogaster,UGUA,ECM,ECM_PAIRWISE,,Ras85D_EBC_MEL_ECM_0002,Ras85D_EBC_MEL_ECM_0015,11,30,30,4,0,26,30,0.1333333333333333,0.0,inf,10.358490566037736,0.5325977735752843,201.46221432058968,0.1123996431757359,2.19722457733622,1.0,0.0666666666666666,15.0,0.37996200379962,0.1860813918608139,0.9613038696130388,ENRICHED,D.melanogaster|ECM_PAIRWISE|UGUA,0.7969627279696273,NOT_SIGNIFICANT
D.melanogaster,UGUA,ECM,ECM_PAIRWISE,,Ras85D_EBC_MEL_ECM_0012,Ras85D_EBC_MEL_ECM_0017,11,30,30,0,4,30,26,0.0,0.1333333333333333,0.0,0.0965391621129326,0.0049637099610584,1.8775895236795368,0.1123996431757359,-2.19722457733622,1.0,0.0769230769230769,15.0,0.3807619238076192,0.965903409659034,0.1851814818518148,DEPLETED,D.melanogaster|ECM_PAIRWISE|UGUA,0.7969627279696273,NOT_SIGNIFICANT
D.melanogaster,UGUA,ECM,ECM_PAIRWISE,,Ras85D_EBC_MEL_ECM_0002,Ras85D_EBC_MEL_ECM_0011,11,30,30,4,0,26,30,0.1333333333333333,0.0,inf,10.358490566037736,0.5325977735752843,201.46221432058968,0.1123996431757359,2.19722457733622,1.0,0.0769230769230769,15.049999999999272,0.3810618938106189,0.1908809119088091,0.961903809619038,ENRICHED,D.melanogaster|ECM_PAIRWISE|UGUA,0.7969627279696273,NOT_SIGNIFICANT
D.melanogaster,UGUA,ECM,ECM_PAIRWISE,,Ras85D_EBC_MEL_ECM_0001,Ras85D_EBC_MEL_ECM_0004,11,30,30,0,4,30,26,0.0,0.1333333333333333,0.0,0.0965391621129326,0.0049637099610584,1.8775895236795368,0.1123996431757359,-2.19722457733622,1.0,0.0666666666666666,13.0,0.3817618238176182,0.9617038296170384,0.1935806419358064,DEPLETED,D.melanogaster|ECM_PAIRWISE|UGUA,0.7969627279696273,NOT_SIGNIFICANT
D.melanogaster,UGUA,ECM,ECM_PAIRWISE,,Ras85D_EBC_MEL_ECM_0011,Ras85D_EBC_MEL_ECM_0017,11,30,30,0,4,30,26,0.0,0.1333333333333333,0.0,0.0965391621129326,0.0049637099610584,1.8775895236795368,0.1123996431757359,-2.19722457733622,1.0,0.0666666666666666,15.0,0.3818618138186181,0.9633036696330368,0.1892810718928107,DEPLETED,D.melanogaster|ECM_PAIRWISE|UGUA,0.7969627279696273,NOT_SIGNIFICANT
D.melanogaster,UGUA,ECM,ECM_PAIRWISE,,Ras85D_EBC_MEL_ECM_0004,Ras85D_EBC_MEL_ECM_0014,11,30,30,4,0,26,30,0.1333333333333333,0.0,inf,10.358490566037736,0.5325977735752843,201.46221432058968,0.1123996431757359,2.19722457733622,1.0,0.0666666666666666,15.0,0.381961803819618,0.1932806719328067,0.9615038496150384,ENRICHED,D.melanogaster|ECM_PAIRWISE|UGUA,0.7969627279696273,NOT_SIGNIFICANT
D.melanogaster,UGUA,ECM,ECM_PAIRWISE,,Ras85D_EBC_MEL_ECM_0015,Ras85D_EBC_MEL_ECM_0017,11,30,30,0,4,30,26,0.0,0.1333333333333333,0.0,0.0965391621129326,0.0049637099610584,1.8775895236795368,0.1123996431757359,-2.19722457733622,1.0,0.0769230769230769,15.0,0.3842615738426157,0.9648035196480352,0.1860813918608139,DEPLETED,D.melanogaster|ECM_PAIRWISE|UGUA,0.7969627279696273,NOT_SIGNIFICANT
D.melanogaster,UGUA,ECM,ECM_PAIRWISE,,Ras85D_EBC_MEL_ECM_0009,Ras85D_EBC_MEL_ECM_0015,11,30,30,4,0,26,30,0.1333333333333333,0.0,inf,10.358490566037736,0.5325977735752843,201.46221432058968,0.1123996431757359,2.19722457733622,1.0,0.0666666666666666,15.0,0.3844615538446155,0.1877812218778122,0.9626037396260374,ENRICHED,D.melanogaster|ECM_PAIRWISE|UGUA,0.7969627279696273,NOT_SIGNIFICANT
D.melanogaster,UGUA,ECM,ECM_PAIRWISE,,Ras85D_EBC_MEL_ECM_0004,Ras85D_EBC_MEL_ECM_0015,11,30,30,4,0,26,30,0.1333333333333333,0.0,inf,10.358490566037736,0.5325977735752843,201.46221432058968,0.1123996431757359,2.19722457733622,1.0,0.0666666666666666,15.0,0.3865613438656134,0.1895810418958104,0.9625037496250376,ENRICHED,D.melanogaster|ECM_PAIRWISE|UGUA,0.7969627279696273,NOT_SIGNIFICANT
D.melanogaster,UGUA,ECM,ECM_PAIRWISE,,Ras85D_EBC_MEL_ECM_0001,Ras85D_EBC_MEL_ECM_0017,11,30,30,0,4,30,26,0.0,0.1333333333333333,0.0,0.0965391621129326,0.0049637099610584,1.8775895236795368,0.1123996431757359,-2.19722457733622,1.0,0.0666666666666666,13.0,0.3866613338666133,0.9645035496450356,0.1950804919508049,DEPLETED,D.melanogaster|ECM_PAIRWISE|UGUA,0.7969627279696273,NOT_SIGNIFICANT
D.melanogaster,UGUA,ECM,ECM_PAIRWISE,,Ras85D_EBC_MEL_ECM_0001,Ras85D_EBC_MEL_ECM_0002,11,30,30,0,4,30,26,0.0,0.1333333333333333,0.0,0.0965391621129326,0.0049637099610584,1.8775895236795368,0.1123996431757359,-2.19722457733622,1.0,0.0588235294117647,13.0,0.3867613238676132,0.9602039796020398,0.1955804419558044,DEPLETED,D.melanogaster|ECM_PAIRWISE|UGUA,0.7969627279696273,NOT_SIGNIFICANT
D.melanogaster,UGUA,ECM,ECM_PAIRWISE,,Ras85D_EBC_MEL_ECM_0007,Ras85D_EBC_MEL_ECM_0015,11,29,30,0,0,29,30,0.0,0.0,,1.0338983050847457,0.0198568893854943,53.83248526518887,1.0,0.0327898228229909,1.0333333333333334,0.0688888888888888,13.433333333333332,0.9492050794920508,0.6950304969503049,0.7664233576642335,NEUTRAL,D.melanogaster|ECM_PAIRWISE|UGUA,1.0,NOT_SIGNIFICANT
D.melanogaster,UGUA,ECM,ECM_PAIRWISE,,Ras85D_EBC_MEL_ECM_0005,Ras85D_EBC_MEL_ECM_0006,11,29,30,0,0,29,30,0.0,0.0,,1.0338983050847457,0.0198568893854943,53.83248526518887,1.0,0.0327898228229909,1.0333333333333334,0.0688888888888888,13.433333333333332,0.9495050494950504,0.7122287771222878,0.7731226877312268,NEUTRAL,D.melanogaster|ECM_PAIRWISE|UGUA,1.0,NOT_SIGNIFICANT
D.melanogaster,UGUA,ECM,ECM_PAIRWISE,,Ras85D_EBC_MEL_ECM_0001,Ras85D_EBC_MEL_ECM_0013,11,30,29,0,0,30,29,0.0,0.0,,0.9672131147540984,0.0185761440341053,50.3603550680254,1.0,-0.0327898228229908,0.967741935483871,0.0744416873449131,12.580645161290324,0.9515048495150484,0.7594240575942406,0.7192280771922808,NEUTRAL,D.melanogaster|ECM_PAIRWISE|UGUA,1.0,NOT_SIGNIFICANT
D.melanogaster,UGUA,ECM,ECM_PAIRWISE,,Ras85D_EBC_MEL_ECM_0001,Ras85D_EBC_MEL_ECM_0003,11,30,29,0,0,30,29,0.0,0.0,,0.9672131147540984,0.0185761440341053,50.3603550680254,1.0,-0.0327898228229908,0.967741935483871,0.0744416873449131,12.580645161290324,0.9527047295270472,0.7647235276472353,0.7190280971902809,NEUTRAL,D.melanogaster|ECM_PAIRWISE|UGUA,1.0,NOT_SIGNIFICANT
D.melanogaster,UGUA,ECM,ECM_PAIRWISE,,Ras85D_EBC_MEL_ECM_0001,Ras85D_EBC_MEL_ECM_0007,11,30,29,0,0,30,29,0.0,0.0,,0.9672131147540984,0.0185761440341053,50.3603550680254,1.0,-0.0327898228229908,0.967741935483871,0.0744416873449131,12.580645161290324,0.9528047195280472,0.7564243575642435,0.72002799720028,NEUTRAL,D.melanogaster|ECM_PAIRWISE|UGUA,1.0,NOT_SIGNIFICANT
D.melanogaster,UGUA,ECM,ECM_PAIRWISE,,Ras85D_EBC_MEL_ECM_0007,Ras85D_EBC_MEL_ECM_0011,11,29,30,0,0,29,30,0.0,0.0,,1.0338983050847457,0.0198568893854943,53.83248526518887,1.0,0.0327898228229909,1.0333333333333334,0.0794871794871794,13.433333333333332,0.9532046795320468,0.7050294970502949,0.7595240475952405,NEUTRAL,D.melanogaster|ECM_PAIRWISE|UGUA,1.0,NOT_SIGNIFICANT
D.melanogaster,UGUA,ECM,ECM_PAIRWISE,,Ras85D_EBC_MEL_ECM_0012,Ras85D_EBC_MEL_ECM_0013,11,30,29,0,0,30,29,0.0,0.0,,0.9672131147540984,0.0185761440341053,50.3603550680254,1.0,-0.0327898228229908,0.967741935483871,0.0744416873449131,14.516129032258066,0.9532046795320468,0.76002399760024,0.696930306969303,NEUTRAL,D.melanogaster|ECM_PAIRWISE|UGUA,1.0,NOT_SIGNIFICANT
D.melanogaster,UGUA,ECM,ECM_PAIRWISE,,Ras85D_EBC_MEL_ECM_0003,Ras85D_EBC_MEL_ECM_0015,11,29,30,0,0,29,30,0.0,0.0,,1.0338983050847457,0.0198568893854943,53.83248526518887,1.0,0.0327898228229909,1.0333333333333334,0.0688888888888888,13.433333333333332,0.9534046595340466,0.6951304869513049,0.7698230176982301,NEUTRAL,D.melanogaster|ECM_PAIRWISE|UGUA,1.0,NOT_SIGNIFICANT
D.melanogaster,UGUA,ECM,ECM_PAIRWISE,,Ras85D_EBC_MEL_ECM_0001,Ras85D_EBC_MEL_ECM_0005,11,30,29,0,0,30,29,0.0,0.0,,0.9672131147540984,0.0185761440341053,50.3603550680254,1.0,-0.0327898228229908,0.967741935483871,0.0744416873449131,12.580645161290324,0.9535046495350464,0.7619238076192381,0.7207279272072793,NEUTRAL,D.melanogaster|ECM_PAIRWISE|UGUA,1.0,NOT_SIGNIFICANT
D.melanogaster,UGUA,ECM,ECM_PAIRWISE,,Ras85D_EBC_MEL_ECM_0007,Ras85D_EBC_MEL_ECM_0010,11,29,30,0,0,29,30,0.0,0.0,,1.0338983050847457,0.0198568893854943,53.83248526518887,1.0,0.0327898228229909,1.0333333333333334,0.0688888888888888,13.433333333333332,0.9537046295370464,0.7038296170382962,0.7602239776022398,NEUTRAL,D.melanogaster|ECM_PAIRWISE|UGUA,1.0,NOT_SIGNIFICANT
D.melanogaster,UGUA,ECM,ECM_PAIRWISE,,Ras85D_EBC_MEL_ECM_0005,Ras85D_EBC_MEL_ECM_0011,11,29,30,0,0,29,30,0.0,0.0,,1.0338983050847457,0.0198568893854943,53.83248526518887,1.0,0.0327898228229909,1.0333333333333334,0.0794871794871794,15.499999999999998,0.9538046195380462,0.7013298670132987,0.7642235776422358,NEUTRAL,D.melanogaster|ECM_PAIRWISE|UGUA,1.0,NOT_SIGNIFICANT
D.melanogaster,UGUA,ECM,ECM_PAIRWISE,,Ras85D_EBC_MEL_ECM_0013,Ras85D_EBC_MEL_ECM_0015,11,29,30,0,0,29,30,0.0,0.0,,1.0338983050847457,0.0198568893854943,53.83248526518887,1.0,0.0327898228229909,1.0333333333333334,0.0688888888888888,13.433333333333332,0.953904609539046,0.6955304469553044,0.7608239176082392,NEUTRAL,D.melanogaster|ECM_PAIRWISE|UGUA,1.0,NOT_SIGNIFICANT
D.melanogaster,UGUA,ECM,ECM_PAIRWISE,,Ras85D_EBC_MEL_ECM_0013,Ras85D_EBC_MEL_ECM_0014,11,29,30,0,0,29,30,0.0,0.0,,1.0338983050847457,0.0198568893854943,53.83248526518887,1.0,0.0327898228229909,1.0333333333333334,0.0688888888888888,13.433333333333332,0.9543045695430457,0.7086291370862914,0.7577242275772422,NEUTRAL,D.melanogaster|ECM_PAIRWISE|UGUA,1.0,NOT_SIGNIFICANT
D.melanogaster,UGUA,ECM,ECM_PAIRWISE,,Ras85D_EBC_MEL_ECM_0003,Ras85D_EBC_MEL_ECM_0010,11,29,30,0,0,29,30,0.0,0.0,,1.0338983050847457,0.0198568893854943,53.83248526518887,1.0,0.0327898228229909,1.0333333333333334,0.0688888888888888,13.433333333333332,0.9544045595440456,0.7022297770222977,0.7696230376962304,NEUTRAL,D.melanogaster|ECM_PAIRWISE|UGUA,1.0,NOT_SIGNIFICANT
D.melanogaster,UGUA,ECM,ECM_PAIRWISE,,Ras85D_EBC_MEL_ECM_0003,Ras85D_EBC_MEL_ECM_0011,11,29,30,0,0,29,30,0.0,0.0,,1.0338983050847457,0.0198568893854943,53.83248526518887,1.0,0.0327898228229909,1.0333333333333334,0.0794871794871794,13.433333333333332,0.9544045595440456,0.7019298070192981,0.7667233276672333,NEUTRAL,D.melanogaster|ECM_PAIRWISE|UGUA,1.0,NOT_SIGNIFICANT
D.melanogaster,UGUA,ECM,ECM_PAIRWISE,,Ras85D_EBC_MEL_ECM_0005,Ras85D_EBC_MEL_ECM_0014,11,29,30,0,0,29,30,0.0,0.0,,1.0338983050847457,0.0198568893854943,53.83248526518887,1.0,0.0327898228229909,1.0333333333333334,0.0688888888888888,13.433333333333332,0.9547045295470452,0.7102289771022897,0.7635236476352365,NEUTRAL,D.melanogaster|ECM_PAIRWISE|UGUA,1.0,NOT_SIGNIFICANT
D.melanogaster,UGUA,ECM,ECM_PAIRWISE,,Ras85D_EBC_MEL_ECM_0005,Ras85D_EBC_MEL_ECM_0015,11,29,30,0,0,29,30,0.0,0.0,,1.0338983050847457,0.0198568893854943,53.83248526518887,1.0,0.0327898228229909,1.0333333333333334,0.0688888888888888,13.433333333333332,0.9548045195480452,0.6964303569643036,0.7658234176582341,NEUTRAL,D.melanogaster|ECM_PAIRWISE|UGUA,1.0,NOT_SIGNIFICANT
D.melanogaster,UGUA,ECM,ECM_PAIRWISE,,Ras85D_EBC_MEL_ECM_0005,Ras85D_EBC_MEL_ECM_0012,11,29,30,0,0,29,30,0.0,0.0,,1.0338983050847457,0.0198568893854943,53.83248526518887,1.0,0.0327898228229909,1.0333333333333334,0.0688888888888888,13.433333333333332,0.9551044895510448,0.6939306069393061,0.7624237576242375,NEUTRAL,D.melanogaster|ECM_PAIRWISE|UGUA,1.0,NOT_SIGNIFICANT
D.melanogaster,UGUA,ECM,ECM_PAIRWISE,,Ras85D_EBC_MEL_ECM_0007,Ras85D_EBC_MEL_ECM_0014,11,29,30,0,0,29,30,0.0,0.0,,1.0338983050847457,0.0198568893854943,53.83248526518887,1.0,0.0327898228229909,1.0333333333333334,0.0688888888888888,13.433333333333332,0.9552044795520448,0.71002899710029,0.7608239176082392,NEUTRAL,D.melanogaster|ECM_PAIRWISE|UGUA,1.0,NOT_SIGNIFICANT
D.melanogaster,UGUA,ECM,ECM_PAIRWISE,,Ras85D_EBC_MEL_ECM_0011,Ras85D_EBC_MEL_ECM_0013,11,30,29,0,0,30,29,0.0,0.0,,0.9672131147540984,0.0185761440341053,50.3603550680254,1.0,-0.0327898228229908,0.967741935483871,0.0744416873449131,12.580645161290324,0.9552044795520448,0.7578242175782421,0.7045295470452955,NEUTRAL,D.melanogaster|ECM_PAIRWISE|UGUA,1.0,NOT_SIGNIFICANT
D.melanogaster,UGUA,ECM,ECM_PAIRWISE,,Ras85D_EBC_MEL_ECM_0006,Ras85D_EBC_MEL_ECM_0013,11,30,29,0,0,30,29,0.0,0.0,,0.9672131147540984,0.0185761440341053,50.3603550680254,1.0,-0.0327898228229908,0.967741935483871,0.0744416873449131,14.516129032258066,0.9555044495550444,0.7570242975702429,0.708029197080292,NEUTRAL,D.melanogaster|ECM_PAIRWISE|UGUA,1.0,NOT_SIGNIFICANT
D.melanogaster,UGUA,ECM,ECM_PAIRWISE,,Ras85D_EBC_MEL_ECM_0007,Ras85D_EBC_MEL_ECM_0012,11,29,30,0,0,29,30,0.0,0.0,,1.0338983050847457,0.0198568893854943,53.83248526518887,1.0,0.0327898228229909,1.0333333333333334,0.0688888888888888,13.433333333333332,0.9555044495550444,0.6939306069393061,0.7619238076192381,NEUTRAL,D.melanogaster|ECM_PAIRWISE|UGUA,1.0,NOT_SIGNIFICANT
D.melanogaster,UGUA,ECM,ECM_PAIRWISE,,Ras85D_EBC_MEL_ECM_0010,Ras85D_EBC_MEL_ECM_0013,11,30,29,0,0,30,29,0.0,0.0,,0.9672131147540984,0.0185761440341053,50.3603550680254,1.0,-0.0327898228229908,0.967741935483871,0.0744416873449131,14.516129032258066,0.9558044195580442,0.7579242075792421,0.7030296970302969,NEUTRAL,D.melanogaster|ECM_PAIRWISE|UGUA,1.0,NOT_SIGNIFICANT
D.melanogaster,UGUA,ECM,ECM_PAIRWISE,,Ras85D_EBC_MEL_ECM_0006,Ras85D_EBC_MEL_ECM_0007,11,30,29,0,0,30,29,0.0,0.0,,0.9672131147540984,0.0185761440341053,50.3603550680254,1.0,-0.0327898228229908,0.967741935483871,0.0744416873449131,12.580645161290324,0.956004399560044,0.767023297670233,0.7196280371962803,NEUTRAL,D.melanogaster|ECM_PAIRWISE|UGUA,1.0,NOT_SIGNIFICANT
D.melanogaster,UGUA,ECM,ECM_PAIRWISE,,Ras85D_EBC_MEL_ECM_0003,Ras85D_EBC_MEL_ECM_0006,11,29,30,0,0,29,30,0.0,0.0,,1.0338983050847457,0.0198568893854943,53.83248526518887,1.0,0.0327898228229909,1.0333333333333334,0.0688888888888888,13.433333333333332,0.956104389561044,0.7077292270772922,0.7671232876712328,NEUTRAL,D.melanogaster|ECM_PAIRWISE|UGUA,1.0,NOT_SIGNIFICANT
D.melanogaster,UGUA,ECM,ECM_PAIRWISE,,Ras85D_EBC_MEL_ECM_0003,Ras85D_EBC_MEL_ECM_0012,11,29,30,0,0,29,30,0.0,0.0,,1.0338983050847457,0.0198568893854943,53.83248526518887,1.0,0.0327898228229909,1.0333333333333334,0.0688888888888888,13.433333333333332,0.956904309569043,0.6957304269573042,0.7679232076792321,NEUTRAL,D.melanogaster|ECM_PAIRWISE|UGUA,1.0,NOT_SIGNIFICANT
D.melanogaster,UGUA,ECM,ECM_PAIRWISE,,Ras85D_EBC_MEL_ECM_0005,Ras85D_EBC_MEL_ECM_0010,11,29,30,0,0,29,30,0.0,0.0,,1.0338983050847457,0.0198568893854943,53.83248526518887,1.0,0.0327898228229909,1.0333333333333334,0.0688888888888888,13.433333333333332,0.956904309569043,0.7031296870312969,0.7628237176282372,NEUTRAL,D.melanogaster|ECM_PAIRWISE|UGUA,1.0,NOT_SIGNIFICANT
D.melanogaster,UGUA,ECM,ECM_PAIRWISE,,Ras85D_EBC_MEL_ECM_0003,Ras85D_EBC_MEL_ECM_0014,11,29,30,0,0,29,30,0.0,0.0,,1.0338983050847457,0.0198568893854943,53.83248526518887,1.0,0.0327898228229909,1.0333333333333334,0.0688888888888888,13.433333333333332,0.9573042695730428,0.7117288271172882,0.7661233876612339,NEUTRAL,D.melanogaster|ECM_PAIRWISE|UGUA,1.0,NOT_SIGNIFICANT
D.melanogaster,UGUA,ECM,ECM_PAIRWISE,,Ras85D_EBC_MEL_ECM_0001,Ras85D_EBC_MEL_ECM_0006,11,30,30,0,0,30,30,0.0,0.0,,1.0,0.0192162206525003,52.03936913941946,1.0,0.0,1.0,0.0666666666666666,13.0,1.0,0.7558244175582441,0.767023297670233,NEUTRAL,D.melanogaster|ECM_PAIRWISE|UGUA,1.0,NOT_SIGNIFICANT
D.melanogaster,UGUA,ECM,ECM_PAIRWISE,,Ras85D_EBC_MEL_ECM_0001,Ras85D_EBC_MEL_ECM_0010,11,30,30,0,0,30,30,0.0,0.0,,1.0,0.0192162206525003,52.03936913941946,1.0,0.0,1.0,0.0666666666666666,13.0,1.0,0.7554244575542446,0.7727227277272273,NEUTRAL,D.melanogaster|ECM_PAIRWISE|UGUA,1.0,NOT_SIGNIFICANT
D.melanogaster,UGUA,ECM,ECM_PAIRWISE,,Ras85D_EBC_MEL_ECM_0001,Ras85D_EBC_MEL_ECM_0011,11,30,30,0,0,30,30,0.0,0.0,,1.0,0.0192162206525003,52.03936913941946,1.0,0.0,1.0,0.0769230769230769,13.0,1.0,0.7543245675432457,0.7705229477052294,NEUTRAL,D.melanogaster|ECM_PAIRWISE|UGUA,1.0,NOT_SIGNIFICANT
D.melanogaster,UGUA,ECM,ECM_PAIRWISE,,Ras85D_EBC_MEL_ECM_0001,Ras85D_EBC_MEL_ECM_0012,11,30,30,0,0,30,30,0.0,0.0,,1.0,0.0192162206525003,52.03936913941946,1.0,0.0,1.0,0.0666666666666666,13.0,1.0,0.7466253374662534,0.771922807719228,NEUTRAL,D.melanogaster|ECM_PAIRWISE|UGUA,1.0,NOT_SIGNIFICANT
D.melanogaster,UGUA,ECM,ECM_PAIRWISE,,Ras85D_EBC_MEL_ECM_0001,Ras85D_EBC_MEL_ECM_0014,11,30,30,0,0,30,30,0.0,0.0,,1.0,0.0192162206525003,52.03936913941946,1.0,0.0,1.0,0.0666666666666666,13.0,1.0,0.7567243275672433,0.7685231476852314,NEUTRAL,D.melanogaster|ECM_PAIRWISE|UGUA,1.0,NOT_SIGNIFICANT
D.melanogaster,UGUA,ECM,ECM_PAIRWISE,,Ras85D_EBC_MEL_ECM_0001,Ras85D_EBC_MEL_ECM_0015,11,30,30,0,0,30,30,0.0,0.0,,1.0,0.0192162206525003,52.03936913941946,1.0,0.0,1.0,0.0666666666666666,13.0,1.0,0.7428257174282572,0.7707229277072293,NEUTRAL,D.melanogaster|ECM_PAIRWISE|UGUA,1.0,NOT_SIGNIFICANT
D.melanogaster,UGUA,ECM,ECM_PAIRWISE,,Ras85D_EBC_MEL_ECM_0002,Ras85D_EBC_MEL_ECM_0004,11,30,30,4,4,26,26,0.1333333333333333,0.1333333333333333,1.0,1.0,0.2256597670420157,4.4314501123003,1.0,0.0,1.0,0.0769230769230769,15.0,1.0,0.7537246275372462,0.7498250174982501,NEUTRAL,D.melanogaster|ECM_PAIRWISE|UGUA,1.0,NOT_SIGNIFICANT
D.melanogaster,UGUA,ECM,ECM_PAIRWISE,,Ras85D_EBC_MEL_ECM_0002,Ras85D_EBC_MEL_ECM_0008,11,30,29,4,4,26,25,0.1333333333333333,0.1379310344827586,0.9666666666666668,0.9615384615384616,0.2165505589048021,4.269470453891535,1.0,-0.0327898228229907,0.967741935483871,0.0744416873449131,14.516129032258066,1.0,0.2987701229877012,0.7462253774622538,DEPLETED,D.melanogaster|ECM_PAIRWISE|UGUA,1.0,NOT_SIGNIFICANT
D.melanogaster,UGUA,ECM,ECM_PAIRWISE,,Ras85D_EBC_MEL_ECM_0002,Ras85D_EBC_MEL_ECM_0009,11,30,30,4,4,26,26,0.1333333333333333,0.1333333333333333,1.0,1.0,0.2256597670420157,4.4314501123003,1.0,0.0,1.0,0.0666666666666666,15.0,1.0,0.7501249875012499,0.7455254474552545,NEUTRAL,D.melanogaster|ECM_PAIRWISE|UGUA,1.0,NOT_SIGNIFICANT
D.melanogaster,UGUA,ECM,ECM_PAIRWISE,,Ras85D_EBC_MEL_ECM_0002,Ras85D_EBC_MEL_ECM_0016,11,30,30,4,4,26,26,0.1333333333333333,0.1333333333333333,1.0,1.0,0.2256597670420157,4.4314501123003,1.0,0.0,1.0,0.0769230769230769,15.0,1.0,0.7517248275172482,0.748025197480252,NEUTRAL,D.melanogaster|ECM_PAIRWISE|UGUA,1.0,NOT_SIGNIFICANT
D.melanogaster,UGUA,ECM,ECM_PAIRWISE,,Ras85D_EBC_MEL_ECM_0002,Ras85D_EBC_MEL_ECM_0017,11,30,30,4,4,26,26,0.1333333333333333,0.1333333333333333,1.0,1.0,0.2256597670420157,4.4314501123003,1.0,0.0,1.0,0.0769230769230769,15.0,1.0,0.7581241875812419,0.7494250574942506,NEUTRAL,D.melanogaster|ECM_PAIRWISE|UGUA,1.0,NOT_SIGNIFICANT
D.melanogaster,UGUA,ECM,ECM_PAIRWISE,,Ras85D_EBC_MEL_ECM_0003,Ras85D_EBC_MEL_ECM_0005,11,29,29,0,0,29,29,0.0,0.0,,1.0,0.0191954740314999,52.095613703469525,1.0,0.0,1.0,0.0769230769230769,13.0,1.0,0.756024397560244,0.7602239776022398,NEUTRAL,D.melanogaster|ECM_PAIRWISE|UGUA,1.0,NOT_SIGNIFICANT
D.melanogaster,UGUA,ECM,ECM_PAIRWISE,,Ras85D_EBC_MEL_ECM_0003,Ras85D_EBC_MEL_ECM_0007,11,29,29,0,0,29,29,0.0,0.0,,1.0,0.0191954740314999,52.095613703469525,1.0,0.0,1.0,0.0769230769230769,13.0,1.0,0.7522247775222478,0.7627237276272373,NEUTRAL,D.melanogaster|ECM_PAIRWISE|UGUA,1.0,NOT_SIGNIFICANT
D.melanogaster,UGUA,ECM,ECM_PAIRWISE,,Ras85D_EBC_MEL_ECM_0003,Ras85D_EBC_MEL_ECM_0013,11,29,29,0,0,29,29,0.0,0.0,,1.0,0.0191954740314999,52.095613703469525,1.0,0.0,1.0,0.0769230769230769,13.0,1.0,0.7574242575742426,0.7656234376562344,NEUTRAL,D.melanogaster|ECM_PAIRWISE|UGUA,1.0,NOT_SIGNIFICANT
D.melanogaster,UGUA,ECM,ECM_PAIRWISE,,Ras85D_EBC_MEL_ECM_0004,Ras85D_EBC_MEL_ECM_0008,11,30,29,4,4,26,25,0.1333333333333333,0.1379310344827586,0.9666666666666668,0.9615384615384616,0.2165505589048021,4.269470453891535,1.0,-0.0327898228229907,0.967741935483871,0.064516129032258,14.516129032258066,1.0,0.2972702729727027,0.7517248275172482,DEPLETED,D.melanogaster|ECM_PAIRWISE|UGUA,1.0,NOT_SIGNIFICANT
D.melanogaster,UGUA,ECM,ECM_PAIRWISE,,Ras85D_EBC_MEL_ECM_0004,Ras85D_EBC_MEL_ECM_0009,11,30,30,4,4,26,26,0.1333333333333333,0.1333333333333333,1.0,1.0,0.2256597670420157,4.4314501123003,1.0,0.0,1.0,0.0666666666666666,13.0,1.0,0.7531246875312468,0.7513248675132487,NEUTRAL,D.melanogaster|ECM_PAIRWISE|UGUA,1.0,NOT_SIGNIFICANT
D.melanogaster,UGUA,ECM,ECM_PAIRWISE,,Ras85D_EBC_MEL_ECM_0004,Ras85D_EBC_MEL_ECM_0016,11,30,30,4,4,26,26,0.1333333333333333,0.1333333333333333,1.0,1.0,0.2256597670420157,4.4314501123003,1.0,0.0,1.0,0.0769230769230769,15.0,1.0,0.7508249175082492,0.7498250174982501,NEUTRAL,D.melanogaster|ECM_PAIRWISE|UGUA,1.0,NOT_SIGNIFICANT
D.melanogaster,UGUA,ECM,ECM_PAIRWISE,,Ras85D_EBC_MEL_ECM_0004,Ras85D_EBC_MEL_ECM_0017,11,30,30,4,4,26,26,0.1333333333333333,0.1333333333333333,1.0,1.0,0.2256597670420157,4.4314501123003,1.0,0.0,1.0,0.0769230769230769,15.0,1.0,0.7563243675632437,0.7505249475052495,NEUTRAL,D.melanogaster|ECM_PAIRWISE|UGUA,1.0,NOT_SIGNIFICANT
D.melanogaster,UGUA,ECM,ECM_PAIRWISE,,Ras85D_EBC_MEL_ECM_0005,Ras85D_EBC_MEL_ECM_0007,11,29,29,0,0,29,29,0.0,0.0,,1.0,0.0191954740314999,52.095613703469525,1.0,0.0,1.0,0.0769230769230769,13.0,1.0,0.7541245875412459,0.7601239876012399,NEUTRAL,D.melanogaster|ECM_PAIRWISE|UGUA,1.0,NOT_SIGNIFICANT
D.melanogaster,UGUA,ECM,ECM_PAIRWISE,,Ras85D_EBC_MEL_ECM_0005,Ras85D_EBC_MEL_ECM_0013,11,29,29,0,0,29,29,0.0,0.0,,1.0,0.0191954740314999,52.095613703469525,1.0,0.0,1.0,0.0769230769230769,13.0,1.0,0.7542245775422458,0.7597240275972402,NEUTRAL,D.melanogaster|ECM_PAIRWISE|UGUA,1.0,NOT_SIGNIFICANT
D.melanogaster,UGUA,ECM,ECM_PAIRWISE,,Ras85D_EBC_MEL_ECM_0006,Ras85D_EBC_MEL_ECM_0010,11,30,30,0,0,30,30,0.0,0.0,,1.0,0.0192162206525003,52.03936913941946,1.0,0.0,1.0,0.0666666666666666,13.0,1.0,0.7516248375162484,0.7566243375662434,NEUTRAL,D.melanogaster|ECM_PAIRWISE|UGUA,1.0,NOT_SIGNIFICANT
D.melanogaster,UGUA,ECM,ECM_PAIRWISE,,Ras85D_EBC_MEL_ECM_0006,Ras85D_EBC_MEL_ECM_0011,11,30,30,0,0,30,30,0.0,0.0,,1.0,0.0192162206525003,52.03936913941946,1.0,0.0,1.0,0.0769230769230769,15.0,1.0,0.7505249475052495,0.7579242075792421,NEUTRAL,D.melanogaster|ECM_PAIRWISE|UGUA,1.0,NOT_SIGNIFICANT
D.melanogaster,UGUA,ECM,ECM_PAIRWISE,,Ras85D_EBC_MEL_ECM_0006,Ras85D_EBC_MEL_ECM_0012,11,30,30,0,0,30,30,0.0,0.0,,1.0,0.0192162206525003,52.03936913941946,1.0,0.0,1.0,0.0666666666666666,13.0,1.0,0.744025597440256,0.7553244675532447,NEUTRAL,D.melanogaster|ECM_PAIRWISE|UGUA,1.0,NOT_SIGNIFICANT
D.melanogaster,UGUA,ECM,ECM_PAIRWISE,,Ras85D_EBC_MEL_ECM_0006,Ras85D_EBC_MEL_ECM_0014,11,30,30,0,0,30,30,0.0,0.0,,1.0,0.0192162206525003,52.03936913941946,1.0,0.0,1.0,0.0666666666666666,15.0,1.0,0.7554244575542446,0.7574242575742426,NEUTRAL,D.melanogaster|ECM_PAIRWISE|UGUA,1.0,NOT_SIGNIFICANT
D.melanogaster,UGUA,ECM,ECM_PAIRWISE,,Ras85D_EBC_MEL_ECM_0006,Ras85D_EBC_MEL_ECM_0015,11,30,30,0,0,30,30,0.0,0.0,,1.0,0.0192162206525003,52.03936913941946,1.0,0.0,1.0,0.0666666666666666,15.0,1.0,0.7455254474552545,0.7591240875912408,NEUTRAL,D.melanogaster|ECM_PAIRWISE|UGUA,1.0,NOT_SIGNIFICANT
D.melanogaster,UGUA,ECM,ECM_PAIRWISE,,Ras85D_EBC_MEL_ECM_0007,Ras85D_EBC_MEL_ECM_0013,11,29,29,0,0,29,29,0.0,0.0,,1.0,0.0191954740314999,52.095613703469525,1.0,0.0,1.0,0.0769230769230769,13.0,1.0,0.7591240875912408,0.7584241575842415,NEUTRAL,D.melanogaster|ECM_PAIRWISE|UGUA,1.0,NOT_SIGNIFICANT
D.melanogaster,UGUA,ECM,ECM_PAIRWISE,,Ras85D_EBC_MEL_ECM_0008,Ras85D_EBC_MEL_ECM_0009,11,29,30,4,4,25,26,0.1379310344827586,0.1333333333333333,1.0344827586206895,1.04,0.234221084511434,4.617859242929085,1.0,0.0327898228229907,1.0333333333333334,0.0688888888888888,15.499999999999998,1.0,0.7491250874912508,0.2966703329667033,ENRICHED,D.melanogaster|ECM_PAIRWISE|UGUA,1.0,NOT_SIGNIFICANT
D.melanogaster,UGUA,ECM,ECM_PAIRWISE,,Ras85D_EBC_MEL_ECM_0008,Ras85D_EBC_MEL_ECM_0016,11,29,30,4,4,25,26,0.1379310344827586,0.1333333333333333,1.0344827586206895,1.04,0.234221084511434,4.617859242929085,1.0,0.0327898228229907,1.0333333333333334,0.0794871794871794,15.499999999999998,1.0,0.7508249175082492,0.2975702429757024,ENRICHED,D.melanogaster|ECM_PAIRWISE|UGUA,1.0,NOT_SIGNIFICANT
D.melanogaster,UGUA,ECM,ECM_PAIRWISE,,Ras85D_EBC_MEL_ECM_0008,Ras85D_EBC_MEL_ECM_0017,11,29,30,4,4,25,26,0.1379310344827586,0.1333333333333333,1.0344827586206895,1.04,0.234221084511434,4.617859242929085,1.0,0.0327898228229907,1.0333333333333334,0.0794871794871794,13.433333333333332,1.0,0.7543245675432457,0.2923707629237076,ENRICHED,D.melanogaster|ECM_PAIRWISE|UGUA,1.0,NOT_SIGNIFICANT
D.melanogaster,UGUA,ECM,ECM_PAIRWISE,,Ras85D_EBC_MEL_ECM_0009,Ras85D_EBC_MEL_ECM_0016,11,30,30,4,4,26,26,0.1333333333333333,0.1333333333333333,1.0,1.0,0.2256597670420157,4.4314501123003,1.0,0.0,1.0,0.0769230769230769,15.0,1.0,0.752024797520248,0.7485251474852515,NEUTRAL,D.melanogaster|ECM_PAIRWISE|UGUA,1.0,NOT_SIGNIFICANT
D.melanogaster,UGUA,ECM,ECM_PAIRWISE,,Ras85D_EBC_MEL_ECM_0009,Ras85D_EBC_MEL_ECM_0017,11,30,30,4,4,26,26,0.1333333333333333,0.1333333333333333,1.0,1.0,0.2256597670420157,4.4314501123003,1.0,0.0,1.0,0.0769230769230769,15.0,1.0,0.7569243075692431,0.7504249575042495,NEUTRAL,D.melanogaster|ECM_PAIRWISE|UGUA,1.0,NOT_SIGNIFICANT
D.melanogaster,UGUA,ECM,ECM_PAIRWISE,,Ras85D_EBC_MEL_ECM_0010,Ras85D_EBC_MEL_ECM_0011,11,30,30,0,0,30,30,0.0,0.0,,1.0,0.0192162206525003,52.03936913941946,1.0,0.0,1.0,0.0769230769230769,15.0,1.0,0.7524247575242475,0.7503249675032497,NEUTRAL,D.melanogaster|ECM_PAIRWISE|UGUA,1.0,NOT_SIGNIFICANT
D.melanogaster,UGUA,ECM,ECM_PAIRWISE,,Ras85D_EBC_MEL_ECM_0010,Ras85D_EBC_MEL_ECM_0012,11,30,30,0,0,30,30,0.0,0.0,,1.0,0.0192162206525003,52.03936913941946,1.0,0.0,1.0,0.0666666666666666,15.0,1.0,0.7401259874012599,0.7491250874912508,NEUTRAL,D.melanogaster|ECM_PAIRWISE|UGUA,1.0,NOT_SIGNIFICANT
D.melanogaster,UGUA,ECM,ECM_PAIRWISE,,Ras85D_EBC_MEL_ECM_0010,Ras85D_EBC_MEL_ECM_0014,11,30,30,0,0,30,30,0.0,0.0,,1.0,0.0192162206525003,52.03936913941946,1.0,0.0,1.0,0.0666666666666666,15.0,1.0,0.7541245875412459,0.7484251574842515,NEUTRAL,D.melanogaster|ECM_PAIRWISE|UGUA,1.0,NOT_SIGNIFICANT
D.melanogaster,UGUA,ECM,ECM_PAIRWISE,,Ras85D_EBC_MEL_ECM_0010,Ras85D_EBC_MEL_ECM_0015,11,30,30,0,0,30,30,0.0,0.0,,1.0,0.0192162206525003,52.03936913941946,1.0,0.0,1.0,0.0666666666666666,15.0,1.0,0.7415258474152585,0.7494250574942506,NEUTRAL,D.melanogaster|ECM_PAIRWISE|UGUA,1.0,NOT_SIGNIFICANT
D.melanogaster,UGUA,ECM,ECM_PAIRWISE,,Ras85D_EBC_MEL_ECM_0011,Ras85D_EBC_MEL_ECM_0012,11,30,30,0,0,30,30,0.0,0.0,,1.0,0.0192162206525003,52.03936913941946,1.0,0.0,1.0,0.0666666666666666,13.0,1.0,0.7471252874712528,0.7548245175482452,NEUTRAL,D.melanogaster|ECM_PAIRWISE|UGUA,1.0,NOT_SIGNIFICANT
D.melanogaster,UGUA,ECM,ECM_PAIRWISE,,Ras85D_EBC_MEL_ECM_0011,Ras85D_EBC_MEL_ECM_0014,11,30,30,0,0,30,30,0.0,0.0,,1.0,0.0192162206525003,52.03936913941946,1.0,0.0,1.0,0.0666666666666666,13.0,1.0,0.7573242675732427,0.7496250374962504,NEUTRAL,D.melanogaster|ECM_PAIRWISE|UGUA,1.0,NOT_SIGNIFICANT
D.melanogaster,UGUA,ECM,ECM_PAIRWISE,,Ras85D_EBC_MEL_ECM_0011,Ras85D_EBC_MEL_ECM_0015,11,30,30,0,0,30,30,0.0,0.0,,1.0,0.0192162206525003,52.03936913941946,1.0,0.0,1.0,0.0666666666666666,13.0,1.0,0.7469253074692531,0.754024597540246,NEUTRAL,D.melanogaster|ECM_PAIRWISE|UGUA,1.0,NOT_SIGNIFICANT
D.melanogaster,UGUA,ECM,ECM_PAIRWISE,,Ras85D_EBC_MEL_ECM_0012,Ras85D_EBC_MEL_ECM_0014,11,30,30,0,0,30,30,0.0,0.0,,1.0,0.0192162206525003,52.03936913941946,1.0,0.0,1.0,0.0666666666666666,15.0,1.0,0.7576242375762424,0.7446255374462554,NEUTRAL,D.melanogaster|ECM_PAIRWISE|UGUA,1.0,NOT_SIGNIFICANT
D.melanogaster,UGUA,ECM,ECM_PAIRWISE,,Ras85D_EBC_MEL_ECM_0012,Ras85D_EBC_MEL_ECM_0015,11,30,30,0,0,30,30,0.0,0.0,,1.0,0.0192162206525003,52.03936913941946,1.0,0.0,1.0,0.0666666666666666,15.0,1.0,0.7455254474552545,0.7467253274672533,NEUTRAL,D.melanogaster|ECM_PAIRWISE|UGUA,1.0,NOT_SIGNIFICANT
D.melanogaster,UGUA,ECM,ECM_PAIRWISE,,Ras85D_EBC_MEL_ECM_0014,Ras85D_EBC_MEL_ECM_0015,11,30,30,0,0,30,30,0.0,0.0,,1.0,0.0192162206525003,52.03936913941946,1.0,0.0,1.0,0.0666666666666666,15.0,1.0,0.7427257274272573,0.7575242475752425,NEUTRAL,D.melanogaster|ECM_PAIRWISE|UGUA,1.0,NOT_SIGNIFICANT
D.melanogaster,UGUA,ECM,ECM_PAIRWISE,,Ras85D_EBC_MEL_ECM_0016,Ras85D_EBC_MEL_ECM_0017,11,30,30,4,4,26,26,0.1333333333333333,0.1333333333333333,1.0,1.0,0.2256597670420157,4.4314501123003,1.0,0.0,1.0,0.0769230769230769,13.0,1.0,0.7597240275972402,0.7594240575942406,NEUTRAL,D.melanogaster|ECM_PAIRWISE|UGUA,1.0,NOT_SIGNIFICANT
D.melanogaster,CLEAVAGE,RNA_STRUCTURE,STRUCTURE_PAIRWISE_CENTROID,CENTROID,INTERIOR_LOOP,BULGE,12,252,32,2,1,250,31,0.0079365079365079,0.03125,0.2539682539682539,0.248,0.0218475664396949,2.8151419138496374,0.3023133916649283,-1.5260563034950494,0.6521739130434783,0.1304347826086956,1.6956521739130437,0.1696830316968303,0.8984101589841016,0.1696830316968303,DEPLETED,D.melanogaster|STRUCTURE_PAIRWISE_CENTROID|CLEAVAGE,0.9490589402598204,NOT_SIGNIFICANT
D.melanogaster,CLEAVAGE,RNA_STRUCTURE,STRUCTURE_PAIRWISE_CENTROID,CENTROID,HELIX,BULGE,12,434,32,6,1,428,31,0.0138248847926267,0.03125,0.4423963133640553,0.4345794392523364,0.0507128007757929,3.724095023973212,0.3942832466778548,-1.1125014008287768,0.6827586206896551,0.1264367816091953,1.4413793103448276,0.2771722827717228,0.775922407759224,0.2771722827717228,DEPLETED,D.melanogaster|STRUCTURE_PAIRWISE_CENTROID|CLEAVAGE,0.9490589402598204,NOT_SIGNIFICANT
D.melanogaster,CLEAVAGE,RNA_STRUCTURE,STRUCTURE_PAIRWISE_CENTROID,CENTROID,MULTILOOP,BULGE,12,135,32,2,1,133,31,0.0148148148148148,0.03125,0.4740740740740741,0.4661654135338345,0.0409528220106229,5.306354534464119,0.4740048927337002,-0.9053217005035812,0.7279411764705883,0.0808823529411764,2.1838235294117645,0.3898610138986101,0.7010298970102989,0.3762623737626237,DEPLETED,D.melanogaster|STRUCTURE_PAIRWISE_CENTROID|CLEAVAGE,0.9490589402598204,NOT_SIGNIFICANT
D.melanogaster,CLEAVAGE,RNA_STRUCTURE,STRUCTURE_PAIRWISE_CENTROID,CENTROID,HAIRPIN,BULGE,12,105,32,1,1,104,31,0.0095238095238095,0.03125,0.3047619047619048,0.2980769230769231,0.0181129380463355,4.905325234576249,0.4139115500214684,-1.166931532645587,0.9339622641509434,0.1037735849056603,2.179245283018868,0.3924607539246075,0.8869113088691131,0.3874612538746125,DEPLETED,D.melanogaster|STRUCTURE_PAIRWISE_CENTROID|CLEAVAGE,0.9490589402598204,NOT_SIGNIFICANT
D.melanogaster,CLEAVAGE,RNA_STRUCTURE,STRUCTURE_PAIRWISE_CENTROID,CENTROID,INTERIOR_LOOP,EXTERIOR,12,252,6,2,0,250,6,0.0079365079365079,0.0,inf,0.1297405189620758,0.0056455117471956,2.9815901576876898,1.0,-1.9780414272381064,0.1936758893280633,0.0276679841897233,0.3596837944664032,0.4005599440055994,0.8006199380061993,0.4005599440055994,ENRICHED,D.melanogaster|STRUCTURE_PAIRWISE_CENTROID|CLEAVAGE,0.9490589402598204,NOT_SIGNIFICANT
D.melanogaster,CLEAVAGE,RNA_STRUCTURE,STRUCTURE_PAIRWISE_CENTROID,CENTROID,HELIX,INTERIOR_LOOP,12,434,252,6,2,428,250,0.0138248847926267,0.0079365079365079,1.741935483870968,1.7523364485981308,0.350999449538187,8.748398418076247,0.716986123373269,0.4135549026662724,0.9693486590038314,0.264367816091954,5.23448275862069,0.5420457954204579,0.2778722127787221,0.7761223877612239,ENRICHED,D.melanogaster|STRUCTURE_PAIRWISE_CENTROID|CLEAVAGE,0.9490589402598204,NOT_SIGNIFICANT
D.melanogaster,CLEAVAGE,RNA_STRUCTURE,STRUCTURE_PAIRWISE_CENTROID,CENTROID,INTERIOR_LOOP,MULTILOOP,12,252,135,2,2,250,133,0.0079365079365079,0.0148148148148148,0.5357142857142857,0.532,0.0740979146596768,3.819594671454608,0.613350184578646,-0.6207346029914682,0.8959156785243741,0.1791831357048748,5.913043478260869,0.5425457454254574,0.7953204679532047,0.3185681431856814,DEPLETED,D.melanogaster|STRUCTURE_PAIRWISE_CENTROID|CLEAVAGE,0.9490589402598204,NOT_SIGNIFICANT
D.melanogaster,CLEAVAGE,RNA_STRUCTURE,STRUCTURE_PAIRWISE_CENTROID,CENTROID,HAIRPIN,EXTERIOR,12,105,6,1,0,104,6,0.0095238095238095,0.0,inf,0.1866028708133971,0.0069012629832774,5.045544776394657,1.0,-1.618916656388644,0.1981132075471698,0.0660377358490566,0.5943396226415094,0.6471352864713529,0.698030196980302,0.6471352864713529,ENRICHED,D.melanogaster|STRUCTURE_PAIRWISE_CENTROID|CLEAVAGE,0.9490589402598204,NOT_SIGNIFICANT
D.melanogaster,CLEAVAGE,RNA_STRUCTURE,STRUCTURE_PAIRWISE_CENTROID,CENTROID,HAIRPIN,INTERIOR_LOOP,12,105,252,1,2,104,250,0.0095238095238095,0.0079365079365079,1.2000000000000002,1.2019230769230769,0.1078032927790604,13.40050981374882,1.0,0.3591247708494624,1.022911051212938,0.183599419448476,7.160377358490566,0.722027797220278,0.4211578842115788,0.656034396560344,ENRICHED,D.melanogaster|STRUCTURE_PAIRWISE_CENTROID|CLEAVAGE,0.9490589402598204,NOT_SIGNIFICANT
D.melanogaster,CLEAVAGE,RNA_STRUCTURE,STRUCTURE_PAIRWISE_CENTROID,CENTROID,HAIRPIN,MULTILOOP,12,105,135,1,2,104,133,0.0095238095238095,0.0148148148148148,0.6428571428571429,0.6394230769230769,0.057190917970368,7.149069918996855,1.0,-0.2616098321420059,1.2830188679245282,0.1425576519916142,8.9811320754717,0.7268273172682732,0.6794320567943206,0.4227577242275772,DEPLETED,D.melanogaster|STRUCTURE_PAIRWISE_CENTROID|CLEAVAGE,0.9490589402598204,NOT_SIGNIFICANT
D.melanogaster,CLEAVAGE,RNA_STRUCTURE,STRUCTURE_PAIRWISE_CENTROID,CENTROID,HELIX,EXTERIOR,12,434,6,6,0,428,6,0.0138248847926267,0.0,inf,0.1971995332555426,0.010026756775739,3.878388275089833,1.0,-1.564486524571834,0.1770114942528736,0.0482758620689655,0.3057471264367816,0.7495250474952505,0.4443555644435556,0.7495250474952505,ENRICHED,D.melanogaster|STRUCTURE_PAIRWISE_CENTROID|CLEAVAGE,0.9490589402598204,NOT_SIGNIFICANT
D.melanogaster,CLEAVAGE,RNA_STRUCTURE,STRUCTURE_PAIRWISE_CENTROID,CENTROID,MULTILOOP,EXTERIOR,12,135,6,2,0,133,6,0.0148148148148148,0.0,inf,0.2434456928838951,0.0105705857342218,5.606671841452348,1.0,-1.3573068242466382,0.1544117647058823,0.0514705882352941,0.4632352941176471,0.7876212378762124,0.4698530146985301,0.7876212378762124,ENRICHED,D.melanogaster|STRUCTURE_PAIRWISE_CENTROID|CLEAVAGE,0.9490589402598204,NOT_SIGNIFICANT
D.melanogaster,CLEAVAGE,RNA_STRUCTURE,STRUCTURE_PAIRWISE_CENTROID,CENTROID,HELIX,MULTILOOP,12,434,135,6,2,428,133,0.0138248847926267,0.0148148148148148,0.9331797235023042,0.9322429906542056,0.1859494456121381,4.673727263681432,1.0,-0.2071797003251957,0.9379310344827584,0.2233169129720854,5.314942528735632,0.8225177482251775,0.5857414258574143,0.4741525847415258,DEPLETED,D.melanogaster|STRUCTURE_PAIRWISE_CENTROID|CLEAVAGE,0.9490589402598204,NOT_SIGNIFICANT
D.melanogaster,CLEAVAGE,RNA_STRUCTURE,STRUCTURE_PAIRWISE_CENTROID,CENTROID,BULGE,EXTERIOR,12,32,6,1,0,31,6,0.03125,0.0,inf,0.6190476190476191,0.0226013662784053,16.95561011347689,1.0,-0.4519851237430571,0.2121212121212121,0.0707070707070707,1.0606060606060608,0.9486051394860514,0.3115688431156884,0.948105189481052,ENRICHED,D.melanogaster|STRUCTURE_PAIRWISE_CENTROID|CLEAVAGE,0.999700029997,NOT_SIGNIFICANT
D.melanogaster,CLEAVAGE,RNA_STRUCTURE,STRUCTURE_PAIRWISE_CENTROID,CENTROID,HELIX,HAIRPIN,12,434,105,6,1,428,104,0.0138248847926267,0.0095238095238095,1.4516129032258065,1.4579439252336448,0.1736295799218033,12.242156492476592,1.0,0.05443013181681,0.8934865900383141,0.1895274584929757,4.142528735632184,0.9997000299970004,0.4452554744525547,0.6405359464053595,ENRICHED,D.melanogaster|STRUCTURE_PAIRWISE_CENTROID|CLEAVAGE,0.999700029997,NOT_SIGNIFICANT
D.melanogaster,DSE,RNA_STRUCTURE,STRUCTURE_PAIRWISE_CENTROID,CENTROID,HELIX,EXTERIOR,7,434,6,8,0,426,6,0.0184331797235023,0.0,inf,0.2590855803048065,0.013485639595495,4.977542032511518,1.0,-1.2962225379771546,0.5954022988505747,0.1383908045977011,0.981609195402299,0.076992300769923,0.9365063493650636,0.076992300769923,ENRICHED,D.melanogaster|STRUCTURE_PAIRWISE_CENTROID|DSE,0.5894410558944105,NOT_SIGNIFICANT
D.melanogaster,DSE,RNA_STRUCTURE,STRUCTURE_PAIRWISE_CENTROID,CENTROID,HELIX,INTERIOR_LOOP,7,434,252,8,22,426,230,0.0184331797235023,0.0873015873015873,0.2111436950146627,0.19632949210414,0.0860429574292494,0.4479770410212152,4.892199528325374e-05,-1.5154056880752675,1.0367816091954023,0.2598679383712399,8.032022988505664,0.0785921407859214,0.9835016498350164,0.0171982801719828,DEPLETED,D.melanogaster|STRUCTURE_PAIRWISE_CENTROID|DSE,0.5894410558944105,NOT_SIGNIFICANT
D.melanogaster,DSE,RNA_STRUCTURE,STRUCTURE_PAIRWISE_CENTROID,CENTROID,INTERIOR_LOOP,BULGE,7,252,32,22,0,230,32,0.0873015873015873,0.0,inf,6.344902386117137,0.3757632098512151,107.13605066684192,0.1499239998578783,1.7697805625092795,1.9565217391304344,0.0702341137123745,5.869565217391304,0.124987501249875,0.0280971902809719,0.97990200979902,ENRICHED,D.melanogaster|STRUCTURE_PAIRWISE_CENTROID|DSE,0.624937506249375,NOT_SIGNIFICANT
D.melanogaster,DSE,RNA_STRUCTURE,STRUCTURE_PAIRWISE_CENTROID,CENTROID,HELIX,MULTILOOP,7,434,135,8,7,426,128,0.0184331797235023,0.0518518518518518,0.3554970375246873,0.3433936955063715,0.1221710430949198,0.965197866256296,0.0578079531793857,-1.037528002398626,1.0341290893015032,0.2014547597995874,16.570114942528733,0.3551644835516448,0.899010098990101,0.1020897910208979,DEPLETED,D.melanogaster|STRUCTURE_PAIRWISE_CENTROID|DSE,0.9171005976325444,NOT_SIGNIFICANT
D.melanogaster,DSE,RNA_STRUCTURE,STRUCTURE_PAIRWISE_CENTROID,CENTROID,HELIX,HAIRPIN,7,434,105,8,5,426,100,0.0184331797235023,0.0476190476190476,0.3870967741935484,0.3755868544600939,0.1203122039754139,1.1724952297611866,0.1455420459053146,-0.9765888657187716,1.0854754440961336,0.1895274584929757,13.889655172413796,0.464953504649535,0.8715128487151285,0.1300869913008699,DEPLETED,D.melanogaster|STRUCTURE_PAIRWISE_CENTROID|DSE,0.9171005976325444,NOT_SIGNIFICANT
D.melanogaster,DSE,RNA_STRUCTURE,STRUCTURE_PAIRWISE_CENTROID,CENTROID,HAIRPIN,BULGE,7,105,32,5,0,100,32,0.0476190476190476,0.0,inf,3.557213930348259,0.1914697934145312,66.08755731442373,0.5905222255988596,1.2309637401527835,0.9339622641509434,0.0239477503628447,8.405660377358489,0.5065493450654934,0.3203679632036796,0.7409259074092591,ENRICHED,D.melanogaster|STRUCTURE_PAIRWISE_CENTROID|DSE,0.9171005976325444,NOT_SIGNIFICANT
D.melanogaster,DSE,RNA_STRUCTURE,STRUCTURE_PAIRWISE_CENTROID,CENTROID,MULTILOOP,BULGE,7,135,32,7,0,128,32,0.0518518518518518,0.0,inf,3.793774319066148,0.2111571911470402,68.16118127837464,0.34836039816739,1.2919028768326384,1.375,0.0186651583710407,8.007352941176471,0.5521447855214479,0.2811718828117188,0.7726227377262274,ENRICHED,D.melanogaster|STRUCTURE_PAIRWISE_CENTROID|DSE,0.9171005976325444,NOT_SIGNIFICANT
D.melanogaster,DSE,RNA_STRUCTURE,STRUCTURE_PAIRWISE_CENTROID,CENTROID,BULGE,EXTERIOR,7,32,6,0,0,32,6,0.0,0.0,,0.2,0.003628706326262,11.023212242475596,1.0,-1.550597412411167,0.2121212121212121,0.0707070707070707,3.181818181818182,0.6574342565743425,0.9688031196880312,0.6502349765023497,NEUTRAL,D.melanogaster|STRUCTURE_PAIRWISE_CENTROID|DSE,0.9171005976325444,NOT_SIGNIFICANT
D.melanogaster,DSE,RNA_STRUCTURE,STRUCTURE_PAIRWISE_CENTROID,CENTROID,INTERIOR_LOOP,MULTILOOP,7,252,135,22,7,230,128,0.0873015873015873,0.0518518518518518,1.683673469387755,1.7490683229813664,0.7272469863801184,4.2066038852690975,0.2309785473653107,0.4778776856766414,1.0262306863097377,0.0767927724449463,22.0395256916996,0.6795320467953204,0.3536646335366463,0.6514348565143485,ENRICHED,D.melanogaster|STRUCTURE_PAIRWISE_CENTROID|DSE,0.9171005976325444,NOT_SIGNIFICANT
D.melanogaster,DSE,RNA_STRUCTURE,STRUCTURE_PAIRWISE_CENTROID,CENTROID,HAIRPIN,INTERIOR_LOOP,7,105,252,5,22,100,230,0.0476190476190476,0.0873015873015873,0.5454545454545454,0.5227272727272727,0.1924876389083905,1.4195394738201128,0.2720473839213754,-0.538816822356496,0.9179970972423804,0.055506801228609,12.888679245283017,0.6932306769323068,0.6121387861213878,0.3895610438956104,DEPLETED,D.melanogaster|STRUCTURE_PAIRWISE_CENTROID|DSE,0.9171005976325444,NOT_SIGNIFICANT
D.melanogaster,DSE,RNA_STRUCTURE,STRUCTURE_PAIRWISE_CENTROID,CENTROID,HAIRPIN,EXTERIOR,7,105,6,5,0,100,6,0.0476190476190476,0.0,inf,0.7114427860696517,0.0353563044785714,14.3157166823618,1.0,-0.3196336722583832,0.5943396226415094,0.0660377358490566,1.9150943396226416,0.768023197680232,0.4527547245275472,0.6388361163883611,ENRICHED,D.melanogaster|STRUCTURE_PAIRWISE_CENTROID|DSE,0.9171005976325444,NOT_SIGNIFICANT
D.melanogaster,DSE,RNA_STRUCTURE,STRUCTURE_PAIRWISE_CENTROID,CENTROID,MULTILOOP,EXTERIOR,7,135,6,7,0,128,6,0.0518518518518518,0.0,inf,0.7587548638132295,0.0389566367463687,14.778199337598004,1.0,-0.2586945355785286,0.5661764705882354,0.0514705882352941,1.698529411764706,0.7853214678532147,0.3884611538846115,0.6919308069193081,ENRICHED,D.melanogaster|STRUCTURE_PAIRWISE_CENTROID|DSE,0.9171005976325444,NOT_SIGNIFICANT
D.melanogaster,DSE,RNA_STRUCTURE,STRUCTURE_PAIRWISE_CENTROID,CENTROID,INTERIOR_LOOP,EXTERIOR,7,252,6,22,0,230,6,0.0873015873015873,0.0,inf,1.2689804772234274,0.0692056687387213,23.268490586425187,1.0,0.2191831500981129,0.5810276679841898,0.067193675889328,1.2450592885375495,0.7948205179482052,0.0347965203479652,0.975902409759024,ENRICHED,D.melanogaster|STRUCTURE_PAIRWISE_CENTROID|DSE,0.9171005976325444,NOT_SIGNIFICANT
D.melanogaster,DSE,RNA_STRUCTURE,STRUCTURE_PAIRWISE_CENTROID,CENTROID,HELIX,BULGE,7,434,32,8,0,426,32,0.0184331797235023,0.0,inf,1.2954279015240329,0.0731245137476653,22.9489860792481,1.0,0.2543748744340121,2.2,0.1163218390804597,4.475862068965517,0.9263073692630736,0.6521347865213478,0.3604639536046395,ENRICHED,D.melanogaster|STRUCTURE_PAIRWISE_CENTROID|DSE,0.9752024797520248,NOT_SIGNIFICANT
D.melanogaster,DSE,RNA_STRUCTURE,STRUCTURE_PAIRWISE_CENTROID,CENTROID,HAIRPIN,MULTILOOP,7,105,135,5,7,100,128,0.0476190476190476,0.0518518518518518,0.9183673469387756,0.9142857142857144,0.2817583752915321,2.966791551385203,1.0,-0.0609391366798545,0.9979035639412998,0.044242029928432,29.509433962264158,0.9752024797520248,0.5185481451854814,0.4901509849015098,DEPLETED,D.melanogaster|STRUCTURE_PAIRWISE_CENTROID|DSE,0.9752024797520248,NOT_SIGNIFICANT
D.melanogaster,MIRNA_ALL,RNA_STRUCTURE,STRUCTURE_PAIRWISE_CENTROID,CENTROID,INTERIOR_LOOP,EXTERIOR,39,252,6,124,0,128,6,0.492063492063492,0.0,inf,12.59533073929961,0.7020798187767829,225.9605705641055,0.0301388837430656,1.9299735567925007,4.897233201581027,0.5379885814668423,7.055335968379445,0.0400959904009599,0.0400959904009599,0.9643035696430357,ENRICHED,D.melanogaster|STRUCTURE_PAIRWISE_CENTROID|MIRNA_ALL,0.4433556644335567,NOT_SIGNIFICANT
D.melanogaster,MIRNA_ALL,RNA_STRUCTURE,STRUCTURE_PAIRWISE_CENTROID,CENTROID,MULTILOOP,EXTERIOR,39,135,6,67,0,68,6,0.4962962962962963,0.0,inf,12.81021897810219,0.7076364773573934,231.90114630573183,0.0290902645839703,1.9385300417576907,4.6838235294117645,0.5089869281045751,7.875000000000001,0.0948905109489051,0.0945905409459054,0.9148085191480853,ENRICHED,D.melanogaster|STRUCTURE_PAIRWISE_CENTROID|MIRNA_ALL,0.4433556644335567,NOT_SIGNIFICANT
D.melanogaster,MIRNA_ALL,RNA_STRUCTURE,STRUCTURE_PAIRWISE_CENTROID,CENTROID,HELIX,EXTERIOR,39,434,6,176,0,258,6,0.4055299539170507,0.0,inf,8.876208897485494,0.4968443150597214,158.57499422596865,0.0855079000530411,1.737032174899926,4.908045977011494,0.5846743295019157,6.195402298850575,0.1264873512648735,0.1264873512648735,0.8849115088491151,ENRICHED,D.melanogaster|STRUCTURE_PAIRWISE_CENTROID|MIRNA_ALL,0.4433556644335567,NOT_SIGNIFICANT
D.melanogaster,MIRNA_ALL,RNA_STRUCTURE,STRUCTURE_PAIRWISE_CENTROID,CENTROID,BULGE,EXTERIOR,39,32,6,21,0,11,6,0.65625,0.0,inf,24.30434782608696,1.2540481319820067,471.0356071563392,0.0044829518513729,2.210602703282396,3.606060606060606,0.2121212121212121,11.666666666666666,0.142985701429857,0.1316868313168683,0.8883111688831117,ENRICHED,D.melanogaster|STRUCTURE_PAIRWISE_CENTROID|MIRNA_ALL,0.4433556644335567,NOT_SIGNIFICANT
D.melanogaster,MIRNA_ALL,RNA_STRUCTURE,STRUCTURE_PAIRWISE_CENTROID,CENTROID,HAIRPIN,EXTERIOR,39,105,6,52,0,53,6,0.4952380952380952,0.0,inf,12.757009345794392,0.7008201952627824,232.21546489205176,0.0288908873579958,1.9364314051007696,4.556603773584905,0.4916142557651991,8.518867924528303,0.1477852214778522,0.146985301469853,0.8676132386761324,ENRICHED,D.melanogaster|STRUCTURE_PAIRWISE_CENTROID|MIRNA_ALL,0.4433556644335567,NOT_SIGNIFICANT
D.melanogaster,MIRNA_ALL,RNA_STRUCTURE,STRUCTURE_PAIRWISE_CENTROID,CENTROID,HELIX,INTERIOR_LOOP,39,434,252,176,124,258,128,0.4055299539170507,0.492063492063492,0.8241415192507805,0.7041760440110028,0.5151416208505445,0.9625778249877588,0.0311284529541733,-0.1929413818925746,0.9857320166207976,0.6265026259657425,1.688993103448276,0.4387561243875612,0.7736226377362264,0.2265773422657734,DEPLETED,D.melanogaster|STRUCTURE_PAIRWISE_CENTROID|MIRNA_ALL,0.9385311468853116,NOT_SIGNIFICANT
D.melanogaster,MIRNA_ALL,RNA_STRUCTURE,STRUCTURE_PAIRWISE_CENTROID,CENTROID,HELIX,MULTILOOP,39,434,135,176,67,258,68,0.4055299539170507,0.4962962962962963,0.8171125937134603,0.6923521925257434,0.469697473107972,1.0205538371823704,0.0728564602761997,-0.2014978668577647,0.9920115211211598,0.5916975396599221,2.1353527261671053,0.5153484651534846,0.7481251874812519,0.2521747825217478,DEPLETED,D.melanogaster|STRUCTURE_PAIRWISE_CENTROID|MIRNA_ALL,0.9385311468853116,NOT_SIGNIFICANT
D.melanogaster,MIRNA_ALL,RNA_STRUCTURE,STRUCTURE_PAIRWISE_CENTROID,CENTROID,HELIX,BULGE,39,434,32,176,21,258,11,0.4055299539170507,0.65625,0.6179504059688392,0.357327427094869,0.1680743791655642,0.7596808674120578,0.0085187232447896,-0.4735705283824695,1.0199233716475096,0.4101566335476329,10.616896551721617,0.5408459154084592,0.782021797820218,0.2183781621837816,DEPLETED,D.melanogaster|STRUCTURE_PAIRWISE_CENTROID|MIRNA_ALL,0.9385311468853116,NOT_SIGNIFICANT
D.melanogaster,MIRNA_ALL,RNA_STRUCTURE,STRUCTURE_PAIRWISE_CENTROID,CENTROID,HELIX,HAIRPIN,39,434,105,176,52,258,53,0.4055299539170507,0.4952380952380952,0.8188585607940447,0.6952892069171139,0.4532540305078719,1.066569845421448,0.099785167074027,-0.1993992302008435,0.9919077450889012,0.5412911074645126,2.5551395730706075,0.6069393060693931,0.6973302669733027,0.3030696930306969,DEPLETED,D.melanogaster|STRUCTURE_PAIRWISE_CENTROID|MIRNA_ALL,0.9385311468853116,NOT_SIGNIFICANT
D.melanogaster,MIRNA_ALL,RNA_STRUCTURE,STRUCTURE_PAIRWISE_CENTROID,CENTROID,INTERIOR_LOOP,BULGE,39,252,32,124,21,128,11,0.492063492063492,0.65625,0.7498110355253212,0.5074404761904762,0.2349114789698593,1.09613986513386,0.0925605489212482,-0.2806291464898948,1.048142595368982,0.3609706774519716,12.965217391303591,0.7282271772822718,0.6684331566843316,0.3316668333166683,DEPLETED,D.melanogaster|STRUCTURE_PAIRWISE_CENTROID|MIRNA_ALL,0.9385311468853116,NOT_SIGNIFICANT
D.melanogaster,MIRNA_ALL,RNA_STRUCTURE,STRUCTURE_PAIRWISE_CENTROID,CENTROID,MULTILOOP,BULGE,39,135,32,67,21,68,11,0.4962962962962963,0.65625,0.7562610229276896,0.5161064425770309,0.2310354298249786,1.152922130909982,0.1180782456108369,-0.2720726615247046,1.038529411764706,0.3082273449920509,13.353676470588116,0.7467253274672533,0.652034796520348,0.3484651534846515,DEPLETED,D.melanogaster|STRUCTURE_PAIRWISE_CENTROID|MIRNA_ALL,0.9385311468853116,NOT_SIGNIFICANT
D.melanogaster,MIRNA_ALL,RNA_STRUCTURE,STRUCTURE_PAIRWISE_CENTROID,CENTROID,HAIRPIN,BULGE,39,105,32,52,21,53,11,0.4952380952380952,0.65625,0.7546485260770975,0.5139263252470799,0.2255069127737184,1.1712291411970814,0.1560906559949751,-0.2741712981816259,1.0380116592490445,0.269811320754717,13.59433962264151,0.7508249175082492,0.650934906509349,0.3496650334966503,DEPLETED,D.melanogaster|STRUCTURE_PAIRWISE_CENTROID|MIRNA_ALL,0.9385311468853116,NOT_SIGNIFICANT
D.melanogaster,MIRNA_ALL,RNA_STRUCTURE,STRUCTURE_PAIRWISE_CENTROID,CENTROID,INTERIOR_LOOP,MULTILOOP,39,252,135,124,67,128,68,0.492063492063492,0.4962962962962963,0.9914712153518124,0.9832089552238806,0.6472297793329554,1.493596062017928,1.0,-0.0085564849651901,1.0072527725545877,0.4826083824141584,2.424457530047592,0.983901609839016,0.5147485251474853,0.4853514648535146,DEPLETED,D.melanogaster|STRUCTURE_PAIRWISE_CENTROID|MIRNA_ALL,0.9984001599840016,NOT_SIGNIFICANT
D.melanogaster,MIRNA_ALL,RNA_STRUCTURE,STRUCTURE_PAIRWISE_CENTROID,CENTROID,HAIRPIN,INTERIOR_LOOP,39,105,252,52,124,53,128,0.4952380952380952,0.492063492063492,1.006451612903226,1.0127814972611078,0.6423256318199485,1.5968946440580072,1.0,0.0064578483082688,0.9934217236104028,0.3560268347265626,2.1746331236897274,0.9885011498850116,0.4876512348765123,0.5124487551244875,ENRICHED,D.melanogaster|STRUCTURE_PAIRWISE_CENTROID|MIRNA_ALL,0.9984001599840016,NOT_SIGNIFICANT
D.melanogaster,MIRNA_ALL,RNA_STRUCTURE,STRUCTURE_PAIRWISE_CENTROID,CENTROID,HAIRPIN,MULTILOOP,39,105,135,52,67,53,68,0.4952380952380952,0.4962962962962963,0.9978678038379531,0.9957758377921712,0.5979054291832618,1.6584052773783695,1.0,-0.0020986366569212,1.0018092530369604,0.3481058943981278,2.627183951217356,0.9984001599840016,0.5045495450454954,0.4985501449855014,DEPLETED,D.melanogaster|STRUCTURE_PAIRWISE_CENTROID|MIRNA_ALL,0.9984001599840016,NOT_SIGNIFICANT
D.melanogaster,MIRNA_CONSERVED,RNA_STRUCTURE,STRUCTURE_PAIRWISE_CENTROID,CENTROID,HAIRPIN,BULGE,6,105,32,8,0,97,32,0.0761904761904762,0.0,inf,5.666666666666667,0.3181877393711675,100.9187568778486,0.1975666633586472,1.666281811410629,1.1118598382749325,0.020754716981132,9.650943396226412,0.3210678932106789,0.1685831416858314,0.8666133386661334,ENRICHED,D.melanogaster|STRUCTURE_PAIRWISE_CENTROID|MIRNA_CONSERVED,0.9378347879497764,NOT_SIGNIFICANT
D.melanogaster,MIRNA_CONSERVED,RNA_STRUCTURE,STRUCTURE_PAIRWISE_CENTROID,CENTROID,HELIX,EXTERIOR,6,434,6,18,0,416,6,0.0414746543778801,0.0,inf,0.5774309723889556,0.0313320301961662,10.641714749619132,1.0,-0.5185179693891463,0.6275862068965518,0.1448275862068965,0.981609195402299,0.4941505849415059,0.5702429757024298,0.4941505849415059,ENRICHED,D.melanogaster|STRUCTURE_PAIRWISE_CENTROID|MIRNA_CONSERVED,0.9378347879497764,NOT_SIGNIFICANT
D.melanogaster,MIRNA_CONSERVED,RNA_STRUCTURE,STRUCTURE_PAIRWISE_CENTROID,CENTROID,INTERIOR_LOOP,EXTERIOR,6,252,6,10,0,242,6,0.0396825396825396,0.0,inf,0.5628865979381443,0.0296951300882448,10.669807513785017,1.0,-0.5429569019487838,0.5810276679841898,0.0830039525691699,1.3557312252964426,0.5137486251374862,0.5521447855214479,0.5115488451154885,ENRICHED,D.melanogaster|STRUCTURE_PAIRWISE_CENTROID|MIRNA_CONSERVED,0.9378347879497764,NOT_SIGNIFICANT
D.melanogaster,MIRNA_CONSERVED,RNA_STRUCTURE,STRUCTURE_PAIRWISE_CENTROID,CENTROID,HELIX,BULGE,6,434,32,18,0,416,32,0.0414746543778801,0.0,inf,2.887154861944778,0.170097183930156,49.00529805522291,0.6255788696234801,1.0320794430220206,2.3517241379310345,0.1062068965517241,4.627586206896552,0.5584441555844416,0.4023597640235976,0.6398360163983602,ENRICHED,D.melanogaster|STRUCTURE_PAIRWISE_CENTROID|MIRNA_CONSERVED,0.9378347879497764,NOT_SIGNIFICANT
D.melanogaster,MIRNA_CONSERVED,RNA_STRUCTURE,STRUCTURE_PAIRWISE_CENTROID,CENTROID,INTERIOR_LOOP,BULGE,6,252,32,10,0,242,32,0.0396825396825396,0.0,inf,2.814432989690722,0.1610801845399329,49.1744721803182,0.6096856945425895,1.0076405104623831,1.9565217391304344,0.0592885375494071,6.130434782608696,0.593040695930407,0.4012598740125987,0.642935706429357,ENRICHED,D.melanogaster|STRUCTURE_PAIRWISE_CENTROID|MIRNA_CONSERVED,0.9378347879497764,NOT_SIGNIFICANT
D.melanogaster,MIRNA_CONSERVED,RNA_STRUCTURE,STRUCTURE_PAIRWISE_CENTROID,CENTROID,MULTILOOP,BULGE,6,135,32,7,0,128,32,0.0518518518518518,0.0,inf,3.793774319066148,0.2111571911470402,68.16118127837464,0.34836039816739,1.2919028768326384,1.375,0.0161764705882353,8.007352941176471,0.605039496050395,0.3171682831716828,0.7618238176182381,ENRICHED,D.melanogaster|STRUCTURE_PAIRWISE_CENTROID|MIRNA_CONSERVED,0.9378347879497764,NOT_SIGNIFICANT
D.melanogaster,MIRNA_CONSERVED,RNA_STRUCTURE,STRUCTURE_PAIRWISE_CENTROID,CENTROID,HELIX,HAIRPIN,6,434,105,18,8,416,97,0.0414746543778801,0.0761904761904762,0.5443548387096774,0.5246394230769231,0.2216388974100653,1.241869218187091,0.1349376248755001,-0.6342023683886087,1.148768472906404,0.1801099450274862,13.889655172413796,0.651034896510349,0.7463253674632536,0.2582741725827417,DEPLETED,D.melanogaster|STRUCTURE_PAIRWISE_CENTROID|MIRNA_CONSERVED,0.9378347879497764,NOT_SIGNIFICANT
D.melanogaster,MIRNA_CONSERVED,RNA_STRUCTURE,STRUCTURE_PAIRWISE_CENTROID,CENTROID,HAIRPIN,INTERIOR_LOOP,6,105,252,8,10,97,242,0.0761904761904762,0.0396825396825396,1.9200000000000004,1.9958762886597936,0.7649086080031885,5.2078406726699935,0.1839796204471553,0.658641300948246,0.9217440241699002,0.0530398322851153,11.933962264150944,0.6638336166383362,0.2840715928407159,0.7208279172082792,ENRICHED,D.melanogaster|STRUCTURE_PAIRWISE_CENTROID|MIRNA_CONSERVED,0.9378347879497764,NOT_SIGNIFICANT
D.melanogaster,MIRNA_CONSERVED,RNA_STRUCTURE,STRUCTURE_PAIRWISE_CENTROID,CENTROID,BULGE,EXTERIOR,6,32,6,0,0,32,6,0.0,0.0,,0.2,0.003628706326262,11.023212242475596,1.0,-1.550597412411167,0.2121212121212121,0.0707070707070707,3.606060606060606,0.676932306769323,0.9698030196980302,0.6688331166883311,NEUTRAL,D.melanogaster|STRUCTURE_PAIRWISE_CENTROID|MIRNA_CONSERVED,0.9378347879497764,NOT_SIGNIFICANT
D.melanogaster,MIRNA_CONSERVED,RNA_STRUCTURE,STRUCTURE_PAIRWISE_CENTROID,CENTROID,MULTILOOP,EXTERIOR,6,135,6,7,0,128,6,0.0518518518518518,0.0,inf,0.7587548638132295,0.0389566367463687,14.778199337598004,1.0,-0.2586945355785286,0.5661764705882354,0.0514705882352941,1.801470588235294,0.7909209079092091,0.4336566343365663,0.6771322867713229,ENRICHED,D.melanogaster|STRUCTURE_PAIRWISE_CENTROID|MIRNA_CONSERVED,0.9378347879497764,NOT_SIGNIFICANT
D.melanogaster,MIRNA_CONSERVED,RNA_STRUCTURE,STRUCTURE_PAIRWISE_CENTROID,CENTROID,HAIRPIN,MULTILOOP,6,105,135,8,7,97,128,0.0761904761904762,0.0518518518518518,1.469387755102041,1.508100147275405,0.5287188494742417,4.301654946619983,0.5922749414303037,0.3743789345779908,1.0497427101200685,0.0413877054169202,32.075471698113205,0.793920607939206,0.3883611638836116,0.6177382261773823,ENRICHED,D.melanogaster|STRUCTURE_PAIRWISE_CENTROID|MIRNA_CONSERVED,0.9378347879497764,NOT_SIGNIFICANT
D.melanogaster,MIRNA_CONSERVED,RNA_STRUCTURE,STRUCTURE_PAIRWISE_CENTROID,CENTROID,HELIX,MULTILOOP,6,434,135,18,7,416,128,0.0414746543778801,0.0518518518518518,0.7998683344305465,0.7912087912087912,0.3232136929649022,1.936834252112132,0.6316367957115827,-0.2598234338106177,1.036660617059891,0.2004126142057176,17.195402298850574,0.8165183481651834,0.6231376862313769,0.384961503849615,DEPLETED,D.melanogaster|STRUCTURE_PAIRWISE_CENTROID|MIRNA_CONSERVED,0.9378347879497764,NOT_SIGNIFICANT
D.melanogaster,MIRNA_CONSERVED,RNA_STRUCTURE,STRUCTURE_PAIRWISE_CENTROID,CENTROID,INTERIOR_LOOP,MULTILOOP,6,252,135,10,7,242,128,0.0396825396825396,0.0518518518518518,0.7653061224489796,0.755608028335301,0.2809441378589045,2.03223137822331,0.6077628847606344,-0.2842623663702551,1.039262187088274,0.0767927724449463,24.189723320158105,0.8241175882411759,0.6099390060993901,0.3967603239676032,DEPLETED,D.melanogaster|STRUCTURE_PAIRWISE_CENTROID|MIRNA_CONSERVED,0.9378347879497764,NOT_SIGNIFICANT
D.melanogaster,MIRNA_CONSERVED,RNA_STRUCTURE,STRUCTURE_PAIRWISE_CENTROID,CENTROID,HAIRPIN,EXTERIOR,6,105,6,8,0,97,6,0.0761904761904762,0.0,inf,1.1333333333333333,0.0586887466729645,21.885702409046928,1.0,0.1156843989994623,0.4622641509433963,0.0660377358490566,2.047169811320755,0.8753124687531247,0.2278772122787721,0.8224177582241776,ENRICHED,D.melanogaster|STRUCTURE_PAIRWISE_CENTROID|MIRNA_CONSERVED,0.9378347879497764,NOT_SIGNIFICANT
D.melanogaster,MIRNA_CONSERVED,RNA_STRUCTURE,STRUCTURE_PAIRWISE_CENTROID,CENTROID,HELIX,INTERIOR_LOOP,6,434,252,18,10,416,242,0.0414746543778801,0.0396825396825396,1.0451612903225806,1.047115384615385,0.4756520254120823,2.3051528641096657,1.0,0.0244389325596374,1.0367816091954023,0.2411550322399775,8.33639846743295,0.9757024297570244,0.5052494750524947,0.4987501249875012,ENRICHED,D.melanogaster|STRUCTURE_PAIRWISE_CENTROID|MIRNA_CONSERVED,0.9757024297570244,NOT_SIGNIFICANT
D.melanogaster,MIRNA_WEAK,RNA_STRUCTURE,STRUCTURE_PAIRWISE_CENTROID,CENTROID,INTERIOR_LOOP,EXTERIOR,37,252,6,122,0,130,6,0.4841269841269841,0.0,inf,12.203065134099615,0.680209060794315,218.925044152135,0.0308046425676776,1.91377887087252,4.675889328063241,0.5195432586736934,6.778656126482214,0.0275972402759724,0.0275972402759724,0.9766023397660234,ENRICHED,D.melanogaster|STRUCTURE_PAIRWISE_CENTROID|MIRNA_WEAK,0.4139586041395861,NOT_SIGNIFICANT
D.melanogaster,MIRNA_WEAK,RNA_STRUCTURE,STRUCTURE_PAIRWISE_CENTROID,CENTROID,BULGE,EXTERIOR,37,32,6,21,0,11,6,0.65625,0.0,inf,24.30434782608696,1.2540481319820067,471.0356071563392,0.0044829518513729,2.210602703282396,3.606060606060606,0.2121212121212121,11.24242424242424,0.1284871512848715,0.1156884311568843,0.901009899010099,ENRICHED,D.melanogaster|STRUCTURE_PAIRWISE_CENTROID|MIRNA_WEAK,0.6443355664433557,NOT_SIGNIFICANT
D.melanogaster,MIRNA_WEAK,RNA_STRUCTURE,STRUCTURE_PAIRWISE_CENTROID,CENTROID,MULTILOOP,EXTERIOR,37,135,6,62,0,73,6,0.4592592592592592,0.0,inf,11.054421768707485,0.6105684520134879,200.1417535372012,0.0346410803063449,1.8615690006215624,4.477941176470588,0.486111111111111,7.669117647058826,0.1293870612938706,0.1290870912908709,0.8839116088391161,ENRICHED,D.melanogaster|STRUCTURE_PAIRWISE_CENTROID|MIRNA_WEAK,0.6443355664433557,NOT_SIGNIFICANT
D.melanogaster,MIRNA_WEAK,RNA_STRUCTURE,STRUCTURE_PAIRWISE_CENTROID,CENTROID,HAIRPIN,EXTERIOR,37,105,6,47,0,58,6,0.4476190476190476,0.0,inf,10.555555555555555,0.579724558355707,192.1942955158628,0.0378545655465571,1.836347946543787,4.29245283018868,0.4382504288164665,8.254716981132079,0.1934806519348065,0.1928807119288071,0.8241175882411759,ENRICHED,D.melanogaster|STRUCTURE_PAIRWISE_CENTROID|MIRNA_WEAK,0.6443355664433557,NOT_SIGNIFICANT
D.melanogaster,MIRNA_WEAK,RNA_STRUCTURE,STRUCTURE_PAIRWISE_CENTROID,CENTROID,HELIX,EXTERIOR,37,434,6,163,0,271,6,0.3755760368663594,0.0,inf,7.828729281767956,0.4381343797588409,139.88631113802538,0.0890752445158536,1.6605242888638827,4.714942528735632,0.5560664112388249,5.937931034482758,0.2147785221477852,0.2147785221477852,0.8016198380161984,ENRICHED,D.melanogaster|STRUCTURE_PAIRWISE_CENTROID|MIRNA_WEAK,0.6443355664433557,NOT_SIGNIFICANT
D.melanogaster,MIRNA_WEAK,RNA_STRUCTURE,STRUCTURE_PAIRWISE_CENTROID,CENTROID,HELIX,INTERIOR_LOOP,37,434,252,163,122,271,130,0.3755760368663594,0.4841269841269841,0.7757800105764145,0.640917064908354,0.4680627531956619,0.8776060074983689,0.0062694131620501,-0.2532545820086374,0.9881148494578622,0.6180813483274139,1.6943655400022744,0.3238676132386761,0.8362163783621638,0.1638836116388361,DEPLETED,D.melanogaster|STRUCTURE_PAIRWISE_CENTROID|MIRNA_WEAK,0.8096690330966904,NOT_SIGNIFICANT
D.melanogaster,MIRNA_WEAK,RNA_STRUCTURE,STRUCTURE_PAIRWISE_CENTROID,CENTROID,HELIX,BULGE,37,434,32,163,21,271,11,0.3755760368663594,0.65625,0.5723063418915953,0.315058864874363,0.1480919519513186,0.6702733472548997,0.0023932948698658,-0.5500784144185129,1.057606490872211,0.3969410358445174,19.951724137931027,0.4843515648435156,0.8231176882311769,0.1772822717728227,DEPLETED,D.melanogaster|STRUCTURE_PAIRWISE_CENTROID|MIRNA_WEAK,0.8905359464053594,NOT_SIGNIFICANT
D.melanogaster,MIRNA_WEAK,RNA_STRUCTURE,STRUCTURE_PAIRWISE_CENTROID,CENTROID,HELIX,MULTILOOP,37,434,135,163,62,271,73,0.3755760368663594,0.4592592592592592,0.8177865318864278,0.7081895012498512,0.4793434473057561,1.0462902382403978,0.0873516441391655,-0.2010447117576799,0.994775339602926,0.5735894846436183,2.137848193020606,0.5333466653334666,0.7394260573942606,0.2610738926107389,DEPLETED,D.melanogaster|STRUCTURE_PAIRWISE_CENTROID|MIRNA_WEAK,0.8905359464053594,NOT_SIGNIFICANT
D.melanogaster,MIRNA_WEAK,RNA_STRUCTURE,STRUCTURE_PAIRWISE_CENTROID,CENTROID,HELIX,HAIRPIN,37,434,105,163,47,271,58,0.3755760368663594,0.4476190476190476,0.8390528483184625,0.7422469969380545,0.4823819053511806,1.1421046236435328,0.1822142702538413,-0.1758236576799045,1.0062474645030424,0.5184923769870925,2.680459770114943,0.6632336766323368,0.6804319568043196,0.3200679932006799,DEPLETED,D.melanogaster|STRUCTURE_PAIRWISE_CENTROID|MIRNA_WEAK,0.8905359464053594,NOT_SIGNIFICANT
D.melanogaster,MIRNA_WEAK,RNA_STRUCTURE,STRUCTURE_PAIRWISE_CENTROID,CENTROID,HAIRPIN,BULGE,37,105,32,47,21,58,11,0.4476190476190476,0.65625,0.6820861678004535,0.4244663382594417,0.1860706582864122,0.96829706507539,0.0449880706739775,-0.3742547567386083,1.049266247379455,0.2510528776925018,16.5,0.6695330466953304,0.6998300169983002,0.3008699130086991,DEPLETED,D.melanogaster|STRUCTURE_PAIRWISE_CENTROID|MIRNA_WEAK,0.8905359464053594,NOT_SIGNIFICANT
D.melanogaster,MIRNA_WEAK,RNA_STRUCTURE,STRUCTURE_PAIRWISE_CENTROID,CENTROID,MULTILOOP,BULGE,37,135,32,62,21,73,11,0.4592592592592592,0.65625,0.6998236331569665,0.4448793215916503,0.1990571289717545,0.9942754213436428,0.0510623970967398,-0.3490337026608331,1.0705017301038062,0.2997404844290657,18.19852941176471,0.679032096790321,0.7008299170082992,0.2996700329967003,DEPLETED,D.melanogaster|STRUCTURE_PAIRWISE_CENTROID|MIRNA_WEAK,0.8905359464053594,NOT_SIGNIFICANT
D.melanogaster,MIRNA_WEAK,RNA_STRUCTURE,STRUCTURE_PAIRWISE_CENTROID,CENTROID,INTERIOR_LOOP,BULGE,37,252,32,122,21,130,11,0.4841269841269841,0.65625,0.7377173091458806,0.4915750915750915,0.2275600344107991,1.061900308121908,0.0902767447763559,-0.2968238324098754,1.0664961636828645,0.3546747303040209,19.95652173913044,0.7124287571242875,0.6864313568643136,0.3137686231376862,DEPLETED,D.melanogaster|STRUCTURE_PAIRWISE_CENTROID|MIRNA_WEAK,0.8905359464053594,NOT_SIGNIFICANT
D.melanogaster,MIRNA_WEAK,RNA_STRUCTURE,STRUCTURE_PAIRWISE_CENTROID,CENTROID,HAIRPIN,INTERIOR_LOOP,37,105,252,47,122,58,130,0.4476190476190476,0.4841269841269841,0.9245901639344264,0.8634821933295648,0.5466437000686798,1.3639624825156849,0.5619244115154625,-0.0774309243287329,0.9853887926885044,0.3323092780913353,2.150490955804176,0.8647135286471352,0.5549445055494451,0.4451554844515548,DEPLETED,D.melanogaster|STRUCTURE_PAIRWISE_CENTROID|MIRNA_WEAK,0.960118273886897,NOT_SIGNIFICANT
D.melanogaster,MIRNA_WEAK,RNA_STRUCTURE,STRUCTURE_PAIRWISE_CENTROID,CENTROID,INTERIOR_LOOP,MULTILOOP,37,252,135,122,62,130,73,0.4841269841269841,0.4592592592592592,1.054147465437788,1.1049627791563277,0.7266829503928671,1.6801587854246416,0.6700830771893824,0.0522098702509576,1.0045115183455104,0.4747699143129165,2.4728326745718032,0.8961103889611038,0.4533546645335466,0.5467453254674532,ENRICHED,D.melanogaster|STRUCTURE_PAIRWISE_CENTROID|MIRNA_WEAK,0.960118273886897,NOT_SIGNIFICANT
D.melanogaster,MIRNA_WEAK,RNA_STRUCTURE,STRUCTURE_PAIRWISE_CENTROID,CENTROID,HAIRPIN,MULTILOOP,37,105,135,47,62,58,73,0.4476190476190476,0.4592592592592592,0.9746543778801844,0.9541156840934372,0.5715672528996139,1.5927027554760436,0.8964317034872209,-0.0252210540777753,0.99202489787979,0.3229367218585547,2.692624216725014,0.960903909609039,0.5145485451454854,0.4860513948605139,DEPLETED,D.melanogaster|STRUCTURE_PAIRWISE_CENTROID|MIRNA_WEAK,0.960903909609039,NOT_SIGNIFICANT
D.melanogaster,PAS,RNA_STRUCTURE,STRUCTURE_PAIRWISE_CENTROID,CENTROID,HAIRPIN,BULGE,9,105,32,18,0,87,32,0.1714285714285714,0.0,inf,13.742857142857142,0.8047249266411416,234.6964983889488,0.0072235997342155,2.4439863799986377,1.5566037735849056,0.0239477503628447,10.89622641509434,0.1043895610438956,0.0246975302469753,0.9836016398360165,ENRICHED,D.melanogaster|STRUCTURE_PAIRWISE_CENTROID|PAS,0.6879696645720043,NOT_SIGNIFICANT
D.melanogaster,PAS,RNA_STRUCTURE,STRUCTURE_PAIRWISE_CENTROID,CENTROID,INTERIOR_LOOP,EXTERIOR,9,252,6,8,0,244,6,0.0317460317460317,0.0,inf,0.4519427402862985,0.0234973672368349,8.69255855087026,1.0,-0.7542659956159908,0.8023715415019763,0.1075977162933684,1.6877470355731226,0.2111788821117888,0.831016898310169,0.2095790420957904,ENRICHED,D.melanogaster|STRUCTURE_PAIRWISE_CENTROID|PAS,0.6879696645720043,NOT_SIGNIFICANT
D.melanogaster,PAS,RNA_STRUCTURE,STRUCTURE_PAIRWISE_CENTROID,CENTROID,HAIRPIN,INTERIOR_LOOP,9,105,252,18,8,87,244,0.1714285714285714,0.0317460317460317,5.4,6.310344827586207,2.6488707275226644,15.032991768641637,1.4799196033020788e-05,1.6476549632034614,0.940251572327044,0.0450338198647205,7.160377358490566,0.2392760723927607,0.0494950504949505,0.9511048895110488,ENRICHED,D.melanogaster|STRUCTURE_PAIRWISE_CENTROID|PAS,0.6879696645720043,NOT_SIGNIFICANT
D.melanogaster,PAS,RNA_STRUCTURE,STRUCTURE_PAIRWISE_CENTROID,CENTROID,HELIX,HAIRPIN,9,434,105,23,18,411,87,0.0529953917050691,0.1714285714285714,0.3091397849462365,0.2704785077047851,0.1399720305076853,0.5226660130945991,0.0002623635755562,-1.1726772479107828,1.0684350132625997,0.2323442929697942,17.788505747126443,0.2913708629137086,0.9412058794120588,0.0598940105989401,DEPLETED,D.melanogaster|STRUCTURE_PAIRWISE_CENTROID|PAS,0.6879696645720043,NOT_SIGNIFICANT
D.melanogaster,PAS,RNA_STRUCTURE,STRUCTURE_PAIRWISE_CENTROID,CENTROID,MULTILOOP,BULGE,9,135,32,11,0,124,32,0.0814814814814814,0.0,inf,6.004016064257028,0.344642614886714,104.59591281741436,0.1259639429123862,1.719346891659578,1.6985294117647058,0.0269607843137254,9.948529411764705,0.3140685931406859,0.2025797420257974,0.8256174382561744,ENRICHED,D.melanogaster|STRUCTURE_PAIRWISE_CENTROID|PAS,0.6879696645720043,NOT_SIGNIFICANT
D.melanogaster,PAS,RNA_STRUCTURE,STRUCTURE_PAIRWISE_CENTROID,CENTROID,HAIRPIN,EXTERIOR,9,105,6,18,0,87,6,0.1714285714285714,0.0,inf,2.7485714285714287,0.1482564975183636,50.956585542049766,0.5868451269873929,0.8933889675874706,0.8584905660377359,0.0660377358490566,2.443396226415094,0.340965903409659,0.0363963603639636,0.9757024297570244,ENRICHED,D.melanogaster|STRUCTURE_PAIRWISE_CENTROID|PAS,0.6879696645720043,NOT_SIGNIFICANT
D.melanogaster,PAS,RNA_STRUCTURE,STRUCTURE_PAIRWISE_CENTROID,CENTROID,INTERIOR_LOOP,MULTILOOP,9,252,135,8,11,244,124,0.0317460317460317,0.0814814814814814,0.3896103896103896,0.3695976154992548,0.1449487195782993,0.9424187932128936,0.0457871379047244,-0.923015474864402,1.0262306863097377,0.1375126390293225,26.3399209486166,0.3796620337966203,0.8444155584441556,0.1575842415758424,DEPLETED,D.melanogaster|STRUCTURE_PAIRWISE_CENTROID|PAS,0.6879696645720043,NOT_SIGNIFICANT
D.melanogaster,PAS,RNA_STRUCTURE,STRUCTURE_PAIRWISE_CENTROID,CENTROID,HELIX,EXTERIOR,9,434,6,23,0,411,6,0.0529953917050691,0.0,inf,0.7424058323207776,0.0405899181861529,13.57889950248618,1.0,-0.2792882803233121,0.8528735632183908,0.1705747126436781,1.3034482758620691,0.4014598540145985,0.6633336666333367,0.3822617738226177,ENRICHED,D.melanogaster|STRUCTURE_PAIRWISE_CENTROID|PAS,0.6879696645720043,NOT_SIGNIFICANT
D.melanogaster,PAS,RNA_STRUCTURE,STRUCTURE_PAIRWISE_CENTROID,CENTROID,HELIX,INTERIOR_LOOP,9,434,252,23,8,411,244,0.0529953917050691,0.0317460317460317,1.6693548387096775,1.7068126520681266,0.7517722263653168,3.8751224467877385,0.253121345077165,0.4749777152926786,1.031887282165369,0.3078796484110885,4.975989782886335,0.458954104589541,0.2504749525047495,0.7513248675132487,ENRICHED,D.melanogaster|STRUCTURE_PAIRWISE_CENTROID|PAS,0.6879696645720043,NOT_SIGNIFICANT
D.melanogaster,PAS,RNA_STRUCTURE,STRUCTURE_PAIRWISE_CENTROID,CENTROID,HELIX,BULGE,9,434,32,23,0,411,32,0.0529953917050691,0.0,inf,3.712029161603888,0.2204055803178559,62.51729414802554,0.3907416733312888,1.271309132087855,2.806896551724138,0.1458885941644562,5.993103448275862,0.5102489751024898,0.395960403959604,0.6287371262873712,ENRICHED,D.melanogaster|STRUCTURE_PAIRWISE_CENTROID|PAS,0.6879696645720043,NOT_SIGNIFICANT
D.melanogaster,PAS,RNA_STRUCTURE,STRUCTURE_PAIRWISE_CENTROID,CENTROID,BULGE,EXTERIOR,9,32,6,0,0,32,6,0.0,0.0,,0.2,0.003628706326262,11.023212242475596,1.0,-1.550597412411167,0.2121212121212121,0.0707070707070707,4.454545454545455,0.5926407359264073,0.9636036396360363,0.5682431756824318,NEUTRAL,D.melanogaster|STRUCTURE_PAIRWISE_CENTROID|PAS,0.6879696645720043,NOT_SIGNIFICANT
D.melanogaster,PAS,RNA_STRUCTURE,STRUCTURE_PAIRWISE_CENTROID,CENTROID,HELIX,MULTILOOP,9,434,135,23,11,411,124,0.0529953917050691,0.0814814814814814,0.6503979891076664,0.6308338863083388,0.2991643059122386,1.33021013620396,0.2179892112069478,-0.4480377595717232,1.051619644723093,0.2530684887970761,20.321839080459768,0.5960403959604039,0.7316268373162683,0.2708729127087291,DEPLETED,D.melanogaster|STRUCTURE_PAIRWISE_CENTROID|PAS,0.6879696645720043,NOT_SIGNIFICANT
D.melanogaster,PAS,RNA_STRUCTURE,STRUCTURE_PAIRWISE_CENTROID,CENTROID,HAIRPIN,MULTILOOP,9,105,135,18,11,87,124,0.1714285714285714,0.0814814814814814,2.103896103896104,2.3322884012539187,1.0494108379561788,5.18345055137567,0.045120366574972,0.7246394883390594,0.9750943396226414,0.0366576819407008,32.075471698113205,0.5962403759624038,0.2804719528047195,0.7203279672032796,ENRICHED,D.melanogaster|STRUCTURE_PAIRWISE_CENTROID|PAS,0.6879696645720043,NOT_SIGNIFICANT
D.melanogaster,PAS,RNA_STRUCTURE,STRUCTURE_PAIRWISE_CENTROID,CENTROID,INTERIOR_LOOP,BULGE,9,252,32,8,0,244,32,0.0317460317460317,0.0,inf,2.259713701431493,0.1274080169645934,40.07837288493593,0.603548266521011,0.7963314167951762,2.217391304347826,0.0991304347826086,7.695652173913045,0.7425257474252575,0.5107489251074893,0.5138486151384861,ENRICHED,D.melanogaster|STRUCTURE_PAIRWISE_CENTROID|PAS,0.7955633008127758,NOT_SIGNIFICANT
D.melanogaster,PAS,RNA_STRUCTURE,STRUCTURE_PAIRWISE_CENTROID,CENTROID,MULTILOOP,EXTERIOR,9,135,6,11,0,124,6,0.0814814814814814,0.0,inf,1.2008032128514057,0.0635296874671309,22.696921919225318,1.0,0.1687494792484112,0.7720588235294118,0.0514705882352941,2.213235294117647,0.8435156484351565,0.3168683131686831,0.7296270372962703,ENRICHED,D.melanogaster|STRUCTURE_PAIRWISE_CENTROID|PAS,0.8435156484351565,NOT_SIGNIFICANT
D.melanogaster,UGUA,RNA_STRUCTURE,STRUCTURE_PAIRWISE_CENTROID,CENTROID,HELIX,INTERIOR_LOOP,11,434,252,31,6,403,246,0.0714285714285714,0.0238095238095238,3.0,3.1538461538461537,1.2971580317274714,7.668106212844201,0.0078847135580997,1.0362288265688322,1.011297080504582,0.3262685730305579,4.569786535303777,0.1030896910308969,0.0684931506849315,0.9323067693230676,ENRICHED,D.melanogaster|STRUCTURE_PAIRWISE_CENTROID|UGUA,0.8084191580841916,NOT_SIGNIFICANT
D.melanogaster,UGUA,RNA_STRUCTURE,STRUCTURE_PAIRWISE_CENTROID,CENTROID,HELIX,MULTILOOP,11,434,135,31,1,403,134,0.0714285714285714,0.0074074074074074,9.642857142857142,10.307692307692308,1.3936967136793483,76.23503712623668,0.0022999813644994,1.881831292370791,1.0213026819923372,0.2668909447715167,15.9448275862069,0.1077892210778922,0.1051894810518948,0.8968103189681031,ENRICHED,D.melanogaster|STRUCTURE_PAIRWISE_CENTROID|UGUA,0.8084191580841916,NOT_SIGNIFICANT
D.melanogaster,UGUA,RNA_STRUCTURE,STRUCTURE_PAIRWISE_CENTROID,CENTROID,MULTILOOP,EXTERIOR,11,135,6,1,0,134,6,0.0074074074074074,0.0,inf,0.1449814126394052,0.0053686202462706,3.9152722760599343,1.0,-1.868132448012629,0.5661764705882354,0.0514705882352941,1.5955882352941178,0.1816818318168183,0.863013698630137,0.1816818318168183,ENRICHED,D.melanogaster|STRUCTURE_PAIRWISE_CENTROID|UGUA,0.821917808219178,NOT_SIGNIFICANT
D.melanogaster,UGUA,RNA_STRUCTURE,STRUCTURE_PAIRWISE_CENTROID,CENTROID,INTERIOR_LOOP,EXTERIOR,11,252,6,6,0,246,6,0.0238095238095238,0.0,inf,0.3427991886409736,0.0174105288668661,6.749437919519176,1.0,-1.0225299822106702,0.6363636363636365,0.0830039525691699,1.1897233201581028,0.2191780821917808,0.8331166883311669,0.2191780821917808,ENRICHED,D.melanogaster|STRUCTURE_PAIRWISE_CENTROID|UGUA,0.821917808219178,NOT_SIGNIFICANT
D.melanogaster,UGUA,RNA_STRUCTURE,STRUCTURE_PAIRWISE_CENTROID,CENTROID,HAIRPIN,MULTILOOP,11,105,135,5,1,100,134,0.0476190476190476,0.0074074074074074,6.428571428571428,6.7,0.7706423977893718,58.25010423611436,0.088905086265195,1.5484987757542457,0.9979035639412998,0.0513207547169811,21.811320754716977,0.2912708729127087,0.1230876912308769,0.8811118888111189,ENRICHED,D.melanogaster|STRUCTURE_PAIRWISE_CENTROID|UGUA,0.8738126187381262,NOT_SIGNIFICANT
D.melanogaster,UGUA,RNA_STRUCTURE,STRUCTURE_PAIRWISE_CENTROID,CENTROID,INTERIOR_LOOP,MULTILOOP,11,252,135,6,1,246,134,0.0238095238095238,0.0074074074074074,3.214285714285714,3.268292682926829,0.3893768383569755,27.43290306209783,0.4293315249003507,0.8456024658019587,1.015371102327624,0.1668256780700558,18.81422924901186,0.3813618638136186,0.2144785521447855,0.7932206779322067,ENRICHED,D.melanogaster|STRUCTURE_PAIRWISE_CENTROID|UGUA,0.9225952404759524,NOT_SIGNIFICANT
D.melanogaster,UGUA,RNA_STRUCTURE,STRUCTURE_PAIRWISE_CENTROID,CENTROID,MULTILOOP,BULGE,11,135,32,1,1,134,31,0.0074074074074074,0.03125,0.237037037037037,0.2313432835820895,0.0140785779697995,3.8015000501719687,0.3474496789553423,-1.4161473242695717,1.375,0.0269607843137254,7.522058823529413,0.440955904409559,0.8766123387661234,0.2127787221277872,DEPLETED,D.melanogaster|STRUCTURE_PAIRWISE_CENTROID|UGUA,0.9225952404759524,NOT_SIGNIFICANT
D.melanogaster,UGUA,RNA_STRUCTURE,STRUCTURE_PAIRWISE_CENTROID,CENTROID,HAIRPIN,INTERIOR_LOOP,11,105,252,5,6,100,246,0.0476190476190476,0.0238095238095238,2.0,2.05,0.6116787587476504,6.870436384948511,0.3114862199756064,0.7028963099522869,0.9827968923418424,0.0645079041305456,6.482225217130822,0.4920507949205079,0.2164783521647835,0.7881211878812119,ENRICHED,D.melanogaster|STRUCTURE_PAIRWISE_CENTROID|UGUA,0.9225952404759524,NOT_SIGNIFICANT
D.melanogaster,UGUA,RNA_STRUCTURE,STRUCTURE_PAIRWISE_CENTROID,CENTROID,HELIX,HAIRPIN,11,434,105,31,5,403,100,0.0714285714285714,0.0476190476190476,1.5,1.5384615384615383,0.5834178672764028,4.05689307455527,0.5140668856168782,0.3333325166165452,1.0017879948914432,0.2436781609195402,13.402298850574718,0.6852314768523148,0.3537646235376462,0.6466353364663534,ENRICHED,D.melanogaster|STRUCTURE_PAIRWISE_CENTROID|UGUA,0.9987929778450726,NOT_SIGNIFICANT
D.melanogaster,UGUA,RNA_STRUCTURE,STRUCTURE_PAIRWISE_CENTROID,CENTROID,HAIRPIN,EXTERIOR,11,105,6,5,0,100,6,0.0476190476190476,0.0,inf,0.7114427860696517,0.0353563044785714,14.3157166823618,1.0,-0.3196336722583832,0.5943396226415094,0.0660377358490566,1.7830188679245285,0.7604239576042395,0.4071592840715928,0.6571342865713429,ENRICHED,D.melanogaster|STRUCTURE_PAIRWISE_CENTROID|UGUA,0.9987929778450726,NOT_SIGNIFICANT
D.melanogaster,UGUA,RNA_STRUCTURE,STRUCTURE_PAIRWISE_CENTROID,CENTROID,INTERIOR_LOOP,BULGE,11,252,32,6,1,246,31,0.0238095238095238,0.03125,0.7619047619047619,0.7560975609756098,0.0880958093619437,6.489338435662589,0.5710268352590628,-0.570544858467613,1.782608695652174,0.1130434782608696,5.3478260869565215,0.804019598040196,0.7021297870212979,0.3025697430256974,DEPLETED,D.melanogaster|STRUCTURE_PAIRWISE_CENTROID|UGUA,0.9987929778450726,NOT_SIGNIFICANT
D.melanogaster,UGUA,RNA_STRUCTURE,STRUCTURE_PAIRWISE_CENTROID,CENTROID,HELIX,BULGE,11,434,32,31,1,403,31,0.0714285714285714,0.03125,2.2857142857142856,2.3846153846153846,0.3148826140714129,18.058763102286587,0.7143301085750645,0.4656839681012192,2.2,0.1636738397718434,4.475862068965517,0.8667133286671332,0.5637436256374363,0.4371562843715628,ENRICHED,D.melanogaster|STRUCTURE_PAIRWISE_CENTROID|UGUA,0.9987929778450726,NOT_SIGNIFICANT
D.melanogaster,UGUA,RNA_STRUCTURE,STRUCTURE_PAIRWISE_CENTROID,CENTROID,BULGE,EXTERIOR,11,32,6,1,0,31,6,0.03125,0.0,inf,0.6190476190476191,0.0226013662784053,16.95561011347689,1.0,-0.4519851237430571,0.2121212121212121,0.0424242424242424,3.181818181818182,0.91000899910009,0.3948605139486051,0.6964303569643036,ENRICHED,D.melanogaster|STRUCTURE_PAIRWISE_CENTROID|UGUA,0.9987929778450726,NOT_SIGNIFICANT
D.melanogaster,UGUA,RNA_STRUCTURE,STRUCTURE_PAIRWISE_CENTROID,CENTROID,HAIRPIN,BULGE,11,105,32,5,1,100,31,0.0476190476190476,0.03125,1.5238095238095235,1.55,0.1744189629025656,13.774305041259144,1.0,0.132351451484674,1.1415094339622642,0.0345911949685534,7.783018867924528,0.9322067793220676,0.5031496850314968,0.5046495350464953,ENRICHED,D.melanogaster|STRUCTURE_PAIRWISE_CENTROID|UGUA,0.9987929778450726,NOT_SIGNIFICANT
D.melanogaster,UGUA,RNA_STRUCTURE,STRUCTURE_PAIRWISE_CENTROID,CENTROID,HELIX,EXTERIOR,11,434,6,31,0,403,6,0.0714285714285714,0.0,inf,1.0148698884758365,0.0558829101409445,18.43069532236692,1.0,0.0136988443581621,0.6275862068965518,0.1062068965517241,0.949425287356322,1.0,0.0141985801419858,0.9908009199080092,ENRICHED,D.melanogaster|STRUCTURE_PAIRWISE_CENTROID|UGUA,1.0,NOT_SIGNIFICANT
D.melanogaster,CLEAVAGE,RNA_STRUCTURE,STRUCTURE_PAIRWISE_CONSENSUS,CONSENSUS,INTERIOR_LOOP,BULGE,12,124,32,0,1,124,31,0.0,0.03125,0.0,0.0843373493975903,0.0033547415067348,2.1202195427373054,0.2051282051282051,-2.430418464503931,0.792,0.0879999999999999,2.376,0.071992800719928,0.9863013698630136,0.071992800719928,DEPLETED,D.melanogaster|STRUCTURE_PAIRWISE_CONSENSUS|CLEAVAGE,0.6605339466053394,NOT_SIGNIFICANT
D.melanogaster,CLEAVAGE,RNA_STRUCTURE,STRUCTURE_PAIRWISE_CONSENSUS,CONSENSUS,HAIRPIN,BULGE,12,65,32,0,1,65,31,0.0,0.03125,0.0,0.1603053435114503,0.0063491647168642,4.047430536818032,0.3298969072164948,-1.791759469228055,0.5,0.1,3.5,0.1525847415258474,0.974002599740026,0.1524847515248475,DEPLETED,D.melanogaster|STRUCTURE_PAIRWISE_CONSENSUS|CLEAVAGE,0.6605339466053394,NOT_SIGNIFICANT
D.melanogaster,CLEAVAGE,RNA_STRUCTURE,STRUCTURE_PAIRWISE_CONSENSUS,CONSENSUS,HELIX,INTERIOR_LOOP,12,434,124,6,0,428,124,0.0138248847926267,0.0,inf,3.777129521586931,0.211307085428814,67.51646493013479,0.3465963770583059,1.3179170636751538,0.8620689655172413,0.2234993614303959,4.885057471264368,0.1584841515848415,0.1256874312568743,0.916108389161084,ENRICHED,D.melanogaster|STRUCTURE_PAIRWISE_CONSENSUS|CLEAVAGE,0.6605339466053394,NOT_SIGNIFICANT
D.melanogaster,CLEAVAGE,RNA_STRUCTURE,STRUCTURE_PAIRWISE_CONSENSUS,CONSENSUS,INTERIOR_LOOP,EXTERIOR,12,124,6,0,0,124,6,0.0,0.0,,0.0522088353413654,0.0009576413522526,2.846329141165433,1.0,-2.882403588246988,0.168,0.056,0.504,0.2174782521747825,0.9825017498250176,0.2174782521747825,NEUTRAL,D.melanogaster|STRUCTURE_PAIRWISE_CONSENSUS|CLEAVAGE,0.6605339466053394,NOT_SIGNIFICANT
D.melanogaster,CLEAVAGE,RNA_STRUCTURE,STRUCTURE_PAIRWISE_CONSENSUS,CONSENSUS,INTERIOR_LOOP,MULTILOOP,12,124,91,0,1,124,90,0.0,0.0109890109890109,0.0,0.2423025435073627,0.0097580193503544,6.016643386550065,0.4232558139534884,-1.4051374489213704,0.736,0.1472,5.151999999999999,0.2201779822017798,0.9224077592240776,0.1495850414958504,DEPLETED,D.melanogaster|STRUCTURE_PAIRWISE_CONSENSUS|CLEAVAGE,0.6605339466053394,NOT_SIGNIFICANT
D.melanogaster,CLEAVAGE,RNA_STRUCTURE,STRUCTURE_PAIRWISE_CONSENSUS,CONSENSUS,HELIX,BULGE,12,434,32,6,1,428,31,0.0138248847926267,0.03125,0.4423963133640553,0.4345794392523364,0.0507128007757929,3.724095023973212,0.3942832466778548,-1.1125014008287768,0.6827586206896551,0.1264367816091953,1.4413793103448276,0.2771722827717228,0.775922407759224,0.2771722827717228,DEPLETED,D.melanogaster|STRUCTURE_PAIRWISE_CONSENSUS|CLEAVAGE,0.6929307069293071,NOT_SIGNIFICANT
D.melanogaster,CLEAVAGE,RNA_STRUCTURE,STRUCTURE_PAIRWISE_CONSENSUS,CONSENSUS,HAIRPIN,EXTERIOR,12,65,6,0,0,65,6,0.0,0.0,,0.099236641221374,0.0018139369548519,5.429026038947203,1.0,-2.243744592971112,0.3181818181818182,0.0353535353535353,0.7424242424242424,0.4605539446055394,0.962003799620038,0.4605539446055394,NEUTRAL,D.melanogaster|STRUCTURE_PAIRWISE_CONSENSUS|CLEAVAGE,0.8612138786121388,NOT_SIGNIFICANT
D.melanogaster,CLEAVAGE,RNA_STRUCTURE,STRUCTURE_PAIRWISE_CONSENSUS,CONSENSUS,MULTILOOP,BULGE,12,91,32,1,1,90,31,0.0109890109890109,0.03125,0.3516483516483517,0.3444444444444444,0.0209090505514265,5.674192379842298,0.45421831267493,-1.02528101558256,0.5978260869565217,0.1195652173913043,2.510869565217392,0.4683531646835316,0.8671132886711329,0.4523547645235476,DEPLETED,D.melanogaster|STRUCTURE_PAIRWISE_CONSENSUS|CLEAVAGE,0.8612138786121388,NOT_SIGNIFICANT
D.melanogaster,CLEAVAGE,RNA_STRUCTURE,STRUCTURE_PAIRWISE_CONSENSUS,CONSENSUS,HELIX,HAIRPIN,12,434,65,6,0,428,65,0.0138248847926267,0.0,inf,1.9871645274212368,0.1106355241264978,35.692178350656015,1.0,0.6792580683992782,0.7586206896551724,0.1517241379310344,2.579310344827586,0.5446455354464553,0.2446755324467553,0.8542145785421458,ENRICHED,D.melanogaster|STRUCTURE_PAIRWISE_CONSENSUS|CLEAVAGE,0.8612138786121388,NOT_SIGNIFICANT
D.melanogaster,CLEAVAGE,RNA_STRUCTURE,STRUCTURE_PAIRWISE_CONSENSUS,CONSENSUS,HAIRPIN,MULTILOOP,12,65,91,0,1,65,90,0.0,0.0109890109890109,0.0,0.460559796437659,0.0184676665121023,11.48576762287174,1.0,-0.7664784536454948,1.393939393939394,0.1991341991341991,6.96969696969697,0.5741425857414258,0.8474152584741526,0.312968703129687,DEPLETED,D.melanogaster|STRUCTURE_PAIRWISE_CONSENSUS|CLEAVAGE,0.8612138786121388,NOT_SIGNIFICANT
D.melanogaster,CLEAVAGE,RNA_STRUCTURE,STRUCTURE_PAIRWISE_CONSENSUS,CONSENSUS,HAIRPIN,INTERIOR_LOOP,12,65,124,0,0,65,124,0.0,0.0,,1.900763358778626,0.0372857333665212,96.89768766408156,1.0,0.6386589952758757,1.1363636363636365,0.2104377104377104,9.469696969696969,0.6715328467153284,0.4477552244775522,0.8018198180181981,NEUTRAL,D.melanogaster|STRUCTURE_PAIRWISE_CONSENSUS|CLEAVAGE,0.8648365932637506,NOT_SIGNIFICANT
D.melanogaster,CLEAVAGE,RNA_STRUCTURE,STRUCTURE_PAIRWISE_CONSENSUS,CONSENSUS,MULTILOOP,EXTERIOR,12,91,6,1,0,90,6,0.0109890109890109,0.0,inf,0.2154696132596685,0.0079619934915391,5.8310967331997245,1.0,-1.4772661393256172,0.2282608695652174,0.0253623188405797,0.532608695652174,0.7108289171082892,0.6379362063793621,0.7108289171082892,ENRICHED,D.melanogaster|STRUCTURE_PAIRWISE_CONSENSUS|CLEAVAGE,0.8648365932637506,NOT_SIGNIFICANT
D.melanogaster,CLEAVAGE,RNA_STRUCTURE,STRUCTURE_PAIRWISE_CONSENSUS,CONSENSUS,HELIX,EXTERIOR,12,434,6,6,0,428,6,0.0138248847926267,0.0,inf,0.1971995332555426,0.010026756775739,3.878388275089833,1.0,-1.564486524571834,0.1770114942528736,0.0482758620689655,0.3057471264367816,0.7495250474952505,0.4443555644435556,0.7495250474952505,ENRICHED,D.melanogaster|STRUCTURE_PAIRWISE_CONSENSUS|CLEAVAGE,0.8648365932637506,NOT_SIGNIFICANT
D.melanogaster,CLEAVAGE,RNA_STRUCTURE,STRUCTURE_PAIRWISE_CONSENSUS,CONSENSUS,HELIX,MULTILOOP,12,434,91,6,1,428,90,0.0138248847926267,0.0109890109890109,1.2580645161290325,1.2616822429906542,0.1500536952467977,10.608483047750202,1.0,-0.0872203852462167,0.7754789272030651,0.2114942528735632,3.5954022988505754,0.933006699330067,0.497950204979502,0.5840415958404159,ENRICHED,D.melanogaster|STRUCTURE_PAIRWISE_CONSENSUS|CLEAVAGE,0.9486051394860514,NOT_SIGNIFICANT
D.melanogaster,CLEAVAGE,RNA_STRUCTURE,STRUCTURE_PAIRWISE_CONSENSUS,CONSENSUS,BULGE,EXTERIOR,12,32,6,1,0,31,6,0.03125,0.0,inf,0.6190476190476191,0.0226013662784053,16.95561011347689,1.0,-0.4519851237430571,0.2121212121212121,0.0707070707070707,1.0606060606060608,0.9486051394860514,0.3115688431156884,0.948105189481052,ENRICHED,D.melanogaster|STRUCTURE_PAIRWISE_CONSENSUS|CLEAVAGE,0.9486051394860514,NOT_SIGNIFICANT
D.melanogaster,DSE,RNA_STRUCTURE,STRUCTURE_PAIRWISE_CONSENSUS,CONSENSUS,HELIX,EXTERIOR,7,434,6,8,0,426,6,0.0184331797235023,0.0,inf,0.2590855803048065,0.013485639595495,4.977542032511518,1.0,-1.2962225379771546,0.5954022988505747,0.1383908045977011,0.981609195402299,0.076992300769923,0.9365063493650636,0.076992300769923,ENRICHED,D.melanogaster|STRUCTURE_PAIRWISE_CONSENSUS|DSE,0.915908409159084,NOT_SIGNIFICANT
D.melanogaster,DSE,RNA_STRUCTURE,STRUCTURE_PAIRWISE_CONSENSUS,CONSENSUS,HELIX,INTERIOR_LOOP,7,434,124,8,6,426,118,0.0184331797235023,0.0483870967741935,0.380952380952381,0.3693270735524256,0.1256754555315341,1.0853550256244988,0.0948469210920166,-0.9787683071917036,1.0188087774294672,0.2623688155922039,10.63218390804598,0.2304769523047695,0.9274072592740726,0.0740925907409259,DEPLETED,D.melanogaster|STRUCTURE_PAIRWISE_CONSENSUS|DSE,0.915908409159084,NOT_SIGNIFICANT
D.melanogaster,DSE,RNA_STRUCTURE,STRUCTURE_PAIRWISE_CONSENSUS,CONSENSUS,MULTILOOP,BULGE,7,91,32,7,0,84,32,0.0769230769230769,0.0,inf,5.769230769230769,0.3202451591722317,103.93294860309967,0.1882845882765356,1.6827691855196498,1.076086956521739,0.0239130434782608,9.68478260869565,0.3232676732326767,0.165983401659834,0.877012298770123,ENRICHED,D.melanogaster|STRUCTURE_PAIRWISE_CONSENSUS|DSE,0.915908409159084,NOT_SIGNIFICANT
D.melanogaster,DSE,RNA_STRUCTURE,STRUCTURE_PAIRWISE_CONSENSUS,CONSENSUS,HELIX,MULTILOOP,7,434,91,8,7,426,84,0.0184331797235023,0.0769230769230769,0.2396313364055299,0.2253521126760563,0.0795694654811962,0.6382294311071266,0.0073468394585588,-1.428394311085638,1.1783251231527092,0.1789241379310345,12.055172413793104,0.3424657534246575,0.9468053194680532,0.0542945705429457,DEPLETED,D.melanogaster|STRUCTURE_PAIRWISE_CONSENSUS|DSE,0.915908409159084,NOT_SIGNIFICANT
D.melanogaster,DSE,RNA_STRUCTURE,STRUCTURE_PAIRWISE_CONSENSUS,CONSENSUS,HAIRPIN,BULGE,7,65,32,5,0,60,32,0.0769230769230769,0.0,inf,5.909090909090909,0.3166899044945627,110.25724178871116,0.167561368875138,1.704748092238425,0.6428571428571428,0.0333333333333333,10.5,0.352964703529647,0.1877812218778122,0.8737126287371263,ENRICHED,D.melanogaster|STRUCTURE_PAIRWISE_CONSENSUS|DSE,0.915908409159084,NOT_SIGNIFICANT
D.melanogaster,DSE,RNA_STRUCTURE,STRUCTURE_PAIRWISE_CONSENSUS,CONSENSUS,HELIX,HAIRPIN,7,434,65,8,5,426,60,0.0184331797235023,0.0769230769230769,0.2396313364055299,0.2253521126760563,0.0713837985264192,0.7114159758361261,0.018011799276241,-1.450373217804413,1.192118226600985,0.180623973727422,8.648275862068965,0.3663633636636336,0.9508049195080492,0.0508949105089491,DEPLETED,D.melanogaster|STRUCTURE_PAIRWISE_CONSENSUS|DSE,0.915908409159084,NOT_SIGNIFICANT
D.melanogaster,DSE,RNA_STRUCTURE,STRUCTURE_PAIRWISE_CONSENSUS,CONSENSUS,INTERIOR_LOOP,BULGE,7,124,32,6,0,118,32,0.0483870967741935,0.0,inf,3.5654008438818567,0.1956788479255994,64.96401278071106,0.3470929729105359,1.233143181625716,1.848,0.0527999999999999,6.6000000000000005,0.4974502549745025,0.2967703229677032,0.7691230876912308,ENRICHED,D.melanogaster|STRUCTURE_PAIRWISE_CONSENSUS|DSE,0.9924721813532932,NOT_SIGNIFICANT
D.melanogaster,DSE,RNA_STRUCTURE,STRUCTURE_PAIRWISE_CONSENSUS,CONSENSUS,BULGE,EXTERIOR,7,32,6,0,0,32,6,0.0,0.0,,0.2,0.003628706326262,11.023212242475596,1.0,-1.550597412411167,0.2121212121212121,0.0707070707070707,3.181818181818182,0.6574342565743425,0.9688031196880312,0.6502349765023497,NEUTRAL,D.melanogaster|STRUCTURE_PAIRWISE_CONSENSUS|DSE,0.9924721813532932,NOT_SIGNIFICANT
D.melanogaster,DSE,RNA_STRUCTURE,STRUCTURE_PAIRWISE_CONSENSUS,CONSENSUS,INTERIOR_LOOP,EXTERIOR,7,124,6,6,0,118,6,0.0483870967741935,0.0,inf,0.7130801687763713,0.0361147393106012,14.079662121578036,1.0,-0.3174542307854511,0.616,0.056,1.512,0.7322267773222678,0.4132586741325867,0.6813318668133187,ENRICHED,D.melanogaster|STRUCTURE_PAIRWISE_CONSENSUS|DSE,0.9924721813532932,NOT_SIGNIFICANT
D.melanogaster,DSE,RNA_STRUCTURE,STRUCTURE_PAIRWISE_CONSENSUS,CONSENSUS,HAIRPIN,INTERIOR_LOOP,7,65,124,5,6,60,118,0.0769230769230769,0.0483870967741935,1.58974358974359,1.6388888888888888,0.4805447634660645,5.589399769441322,0.5161321856213337,0.4716049106127094,0.8333333333333333,0.0757575757575757,17.045454545454547,0.7631236876312368,0.3486651334866513,0.6597340265973403,ENRICHED,D.melanogaster|STRUCTURE_PAIRWISE_CONSENSUS|DSE,0.9924721813532932,NOT_SIGNIFICANT
D.melanogaster,DSE,RNA_STRUCTURE,STRUCTURE_PAIRWISE_CONSENSUS,CONSENSUS,INTERIOR_LOOP,MULTILOOP,7,124,91,6,7,118,84,0.0483870967741935,0.0769230769230769,0.6290322580645161,0.6101694915254238,0.1979407479606892,1.8809002806351616,0.4012824228868601,-0.4496260038939342,1.1374545454545455,0.0566153846153846,16.928000000000004,0.7774222577742226,0.6607339266073393,0.3463653634636536,DEPLETED,D.melanogaster|STRUCTURE_PAIRWISE_CONSENSUS|DSE,0.9924721813532932,NOT_SIGNIFICANT
D.melanogaster,DSE,RNA_STRUCTURE,STRUCTURE_PAIRWISE_CONSENSUS,CONSENSUS,MULTILOOP,EXTERIOR,7,91,6,7,0,84,6,0.0769230769230769,0.0,inf,1.1538461538461535,0.0590867254761454,22.532318994104035,1.0,0.1321717731084832,0.532608695652174,0.0760869565217391,2.054347826086957,0.9126087391260874,0.2277772222777722,0.8367163283671633,ENRICHED,D.melanogaster|STRUCTURE_PAIRWISE_CONSENSUS|DSE,0.9924721813532932,NOT_SIGNIFICANT
D.melanogaster,DSE,RNA_STRUCTURE,STRUCTURE_PAIRWISE_CONSENSUS,CONSENSUS,HAIRPIN,EXTERIOR,7,65,6,5,0,60,6,0.0769230769230769,0.0,inf,1.181818181818182,0.0584858283678383,23.8808999351385,1.0,0.1541506798272583,0.5303030303030304,0.106060606060606,2.2272727272727275,0.9214078592140786,0.2627737226277372,0.825017498250175,ENRICHED,D.melanogaster|STRUCTURE_PAIRWISE_CONSENSUS|DSE,0.9924721813532932,NOT_SIGNIFICANT
D.melanogaster,DSE,RNA_STRUCTURE,STRUCTURE_PAIRWISE_CONSENSUS,CONSENSUS,HELIX,BULGE,7,434,32,8,0,426,32,0.0184331797235023,0.0,inf,1.2954279015240329,0.0731245137476653,22.9489860792481,1.0,0.2543748744340121,2.2,0.1163218390804597,4.475862068965517,0.9263073692630736,0.6521347865213478,0.3604639536046395,ENRICHED,D.melanogaster|STRUCTURE_PAIRWISE_CONSENSUS|DSE,0.9924721813532932,NOT_SIGNIFICANT
D.melanogaster,DSE,RNA_STRUCTURE,STRUCTURE_PAIRWISE_CONSENSUS,CONSENSUS,HAIRPIN,MULTILOOP,7,65,91,5,7,60,84,0.0769230769230769,0.0769230769230769,1.0,1.0,0.3028490372789017,3.3019751655313123,1.0,0.0219789067187751,1.1794871794871795,0.0606060606060606,23.69696969696969,0.9925007499250076,0.5284471552844715,0.4766523347665233,NEUTRAL,D.melanogaster|STRUCTURE_PAIRWISE_CONSENSUS|DSE,0.9925007499250076,NOT_SIGNIFICANT
D.melanogaster,MIRNA_ALL,RNA_STRUCTURE,STRUCTURE_PAIRWISE_CONSENSUS,CONSENSUS,INTERIOR_LOOP,EXTERIOR,39,124,6,61,0,63,6,0.4919354838709677,0.0,inf,12.590551181102365,0.6943064456523848,228.31702058448784,0.0294131688369007,1.9297807671254297,4.872,0.5413333333333332,7.111999999999999,0.0442955704429557,0.0442955704429557,0.9645035496450356,ENRICHED,D.melanogaster|STRUCTURE_PAIRWISE_CONSENSUS|MIRNA_ALL,0.5361963803619638,NOT_SIGNIFICANT
D.melanogaster,MIRNA_ALL,RNA_STRUCTURE,STRUCTURE_PAIRWISE_CONSENSUS,CONSENSUS,HELIX,EXTERIOR,39,434,6,176,0,258,6,0.4055299539170507,0.0,inf,8.876208897485494,0.4968443150597214,158.57499422596865,0.0855079000530411,1.737032174899926,4.908045977011494,0.5846743295019157,6.195402298850575,0.1264873512648735,0.1264873512648735,0.8849115088491151,ENRICHED,D.melanogaster|STRUCTURE_PAIRWISE_CONSENSUS|MIRNA_ALL,0.5361963803619638,NOT_SIGNIFICANT
D.melanogaster,MIRNA_ALL,RNA_STRUCTURE,STRUCTURE_PAIRWISE_CONSENSUS,CONSENSUS,MULTILOOP,EXTERIOR,39,91,6,45,0,46,6,0.4945054945054945,0.0,inf,12.720430107526882,0.6961601858018234,232.43119244762255,0.0288447450293408,1.934981078523123,4.489130434782608,0.4673913043478261,8.59782608695652,0.1410858914108589,0.1400859914008599,0.8757124287571243,ENRICHED,D.melanogaster|STRUCTURE_PAIRWISE_CONSENSUS|MIRNA_ALL,0.5361963803619638,NOT_SIGNIFICANT
D.melanogaster,MIRNA_ALL,RNA_STRUCTURE,STRUCTURE_PAIRWISE_CONSENSUS,CONSENSUS,BULGE,EXTERIOR,39,32,6,21,0,11,6,0.65625,0.0,inf,24.30434782608696,1.2540481319820067,471.0356071563392,0.0044829518513729,2.210602703282396,3.606060606060606,0.2121212121212121,11.666666666666666,0.142985701429857,0.1316868313168683,0.8883111688831117,ENRICHED,D.melanogaster|STRUCTURE_PAIRWISE_CONSENSUS|MIRNA_ALL,0.5361963803619638,NOT_SIGNIFICANT
D.melanogaster,MIRNA_ALL,RNA_STRUCTURE,STRUCTURE_PAIRWISE_CONSENSUS,CONSENSUS,HAIRPIN,EXTERIOR,39,65,6,30,0,35,6,0.4615384615384615,0.0,inf,11.169014084507042,0.6042483328474104,206.44968109728947,0.0355411156029655,1.867129271202199,4.5606060606060606,0.4831649831649831,8.378787878787879,0.2016798320167983,0.2010798920107989,0.8275172482751725,ENRICHED,D.melanogaster|STRUCTURE_PAIRWISE_CONSENSUS|MIRNA_ALL,0.6050394960503949,NOT_SIGNIFICANT
D.melanogaster,MIRNA_ALL,RNA_STRUCTURE,STRUCTURE_PAIRWISE_CONSENSUS,CONSENSUS,HELIX,INTERIOR_LOOP,39,434,124,176,61,258,63,0.4055299539170507,0.4919354838709677,0.8243559718969555,0.7045367899351888,0.4718689995891836,1.051927735885022,0.0992804746771938,-0.1927485922255036,0.9864912904372556,0.6619769880605058,1.6101119476200805,0.3900609939006099,0.8032196780321967,0.1970802919708029,DEPLETED,D.melanogaster|STRUCTURE_PAIRWISE_CONSENSUS|MIRNA_ALL,0.9330316968303168,NOT_SIGNIFICANT
D.melanogaster,MIRNA_ALL,RNA_STRUCTURE,STRUCTURE_PAIRWISE_CONSENSUS,CONSENSUS,HELIX,BULGE,39,434,32,176,21,258,11,0.4055299539170507,0.65625,0.6179504059688392,0.357327427094869,0.1680743791655642,0.7596808674120578,0.0085187232447896,-0.4735705283824695,1.0199233716475096,0.4101566335476329,10.616896551721617,0.5408459154084592,0.782021797820218,0.2183781621837816,DEPLETED,D.melanogaster|STRUCTURE_PAIRWISE_CONSENSUS|MIRNA_ALL,0.9330316968303168,NOT_SIGNIFICANT
D.melanogaster,MIRNA_ALL,RNA_STRUCTURE,STRUCTURE_PAIRWISE_CONSENSUS,CONSENSUS,HELIX,MULTILOOP,39,434,91,176,45,258,46,0.4055299539170507,0.4945054945054945,0.8200716845878137,0.6973298880275625,0.4431144974448099,1.097388994358276,0.1295897181025201,-0.197948903623197,1.0052862288625686,0.5446444919133354,2.81209025117071,0.5993400659934006,0.7116288371162883,0.2886711328867113,DEPLETED,D.melanogaster|STRUCTURE_PAIRWISE_CONSENSUS|MIRNA_ALL,0.9330316968303168,NOT_SIGNIFICANT
D.melanogaster,MIRNA_ALL,RNA_STRUCTURE,STRUCTURE_PAIRWISE_CONSENSUS,CONSENSUS,HAIRPIN,BULGE,39,65,32,30,21,35,11,0.4615384615384615,0.65625,0.7032967032967034,0.4489795918367347,0.1866976876187782,1.0797277484094856,0.0859273594366472,-0.3434734320801964,1.0333333333333334,0.2837837837837838,13.5,0.6839316068393161,0.6887311268873113,0.3121687831216878,DEPLETED,D.melanogaster|STRUCTURE_PAIRWISE_CONSENSUS|MIRNA_ALL,0.9330316968303168,NOT_SIGNIFICANT
D.melanogaster,MIRNA_ALL,RNA_STRUCTURE,STRUCTURE_PAIRWISE_CONSENSUS,CONSENSUS,HELIX,HAIRPIN,39,434,65,176,30,258,35,0.4055299539170507,0.4615384615384615,0.8786482334869432,0.7958656330749354,0.4712900677348936,1.3439750787747644,0.4191774267134592,-0.1300970963022729,0.9914995990376906,0.5642672341508267,2.4900608519269776,0.7088291170882912,0.640935906409359,0.35996400359964,DEPLETED,D.melanogaster|STRUCTURE_PAIRWISE_CONSENSUS|MIRNA_ALL,0.9330316968303168,NOT_SIGNIFICANT
D.melanogaster,MIRNA_ALL,RNA_STRUCTURE,STRUCTURE_PAIRWISE_CONSENSUS,CONSENSUS,INTERIOR_LOOP,BULGE,39,124,32,61,21,63,11,0.4919354838709677,0.65625,0.7496159754224271,0.5071806500377929,0.225619987720972,1.1401126929006016,0.1142848927963552,-0.2808219361569657,1.044521739130435,0.3638851606323304,13.83359999999974,0.7277272272772722,0.6684331566843316,0.3320667933206679,DEPLETED,D.melanogaster|STRUCTURE_PAIRWISE_CONSENSUS|MIRNA_ALL,0.9330316968303168,NOT_SIGNIFICANT
D.melanogaster,MIRNA_ALL,RNA_STRUCTURE,STRUCTURE_PAIRWISE_CONSENSUS,CONSENSUS,MULTILOOP,BULGE,39,91,32,45,21,46,11,0.4945054945054945,0.65625,0.7535321821036107,0.5124223602484472,0.2218188256341434,1.1837438708456145,0.1495974702222926,-0.2756216247592724,1.0229468599033815,0.2597451274362818,13.038586956521648,0.7464253574642535,0.6474352564743525,0.3530646935306469,DEPLETED,D.melanogaster|STRUCTURE_PAIRWISE_CONSENSUS|MIRNA_ALL,0.9330316968303168,NOT_SIGNIFICANT
D.melanogaster,MIRNA_ALL,RNA_STRUCTURE,STRUCTURE_PAIRWISE_CONSENSUS,CONSENSUS,HAIRPIN,INTERIOR_LOOP,39,65,124,30,61,35,63,0.4615384615384615,0.4919354838709677,0.9382093316519546,0.8852459016393442,0.4851187950963518,1.615398773023438,0.7598617895674247,-0.0626514959232306,0.997882046269143,0.3787878787878788,2.101494396014944,0.8827117288271172,0.5505449455054494,0.4496550344965503,DEPLETED,D.melanogaster|STRUCTURE_PAIRWISE_CONSENSUS|MIRNA_ALL,0.9582970274401132,NOT_SIGNIFICANT
D.melanogaster,MIRNA_ALL,RNA_STRUCTURE,STRUCTURE_PAIRWISE_CONSENSUS,CONSENSUS,HAIRPIN,MULTILOOP,39,65,91,30,45,35,46,0.4615384615384615,0.4945054945054945,0.9333333333333332,0.8761904761904762,0.463060107363336,1.6579051798226203,0.7461166513781814,-0.067851807320924,1.0112893642305405,0.3318903318903319,3.252525252525252,0.8944105589441056,0.5642435756424358,0.4366563343665633,DEPLETED,D.melanogaster|STRUCTURE_PAIRWISE_CONSENSUS|MIRNA_ALL,0.9582970274401132,NOT_SIGNIFICANT
D.melanogaster,MIRNA_ALL,RNA_STRUCTURE,STRUCTURE_PAIRWISE_CONSENSUS,CONSENSUS,INTERIOR_LOOP,MULTILOOP,39,124,91,61,45,63,46,0.4919354838709677,0.4945054945054945,0.9948028673835124,0.9897707231040564,0.5761277288659435,1.7003973862571646,1.0,-0.0052003113976933,1.0175204398756872,0.4628453608247422,3.049419548872176,0.9908009199080092,0.5205479452054794,0.4797520247975202,DEPLETED,D.melanogaster|STRUCTURE_PAIRWISE_CONSENSUS|MIRNA_ALL,0.9908009199080092,NOT_SIGNIFICANT
D.melanogaster,MIRNA_CONSERVED,RNA_STRUCTURE,STRUCTURE_PAIRWISE_CONSENSUS,CONSENSUS,HAIRPIN,MULTILOOP,6,65,91,5,0,60,91,0.0769230769230769,0.0,inf,16.636363636363637,0.9033173694287024,306.3913131841613,0.0114457266160052,2.730029107820985,1.3939393939393938,0.0516273849607182,26.48484848484849,0.1593840615938406,0.1145885411458854,0.9152084791520848,ENRICHED,D.melanogaster|STRUCTURE_PAIRWISE_CONSENSUS|MIRNA_CONSERVED,0.823584308235843,NOT_SIGNIFICANT
D.melanogaster,MIRNA_CONSERVED,RNA_STRUCTURE,STRUCTURE_PAIRWISE_CONSENSUS,CONSENSUS,HELIX,MULTILOOP,6,434,91,18,0,416,91,0.0414746543778801,0.0,inf,8.128451380552221,0.4853931722343966,136.1200066779992,0.053628230053069,2.0573604586045806,1.2454661558109834,0.1789241379310345,12.055172413793104,0.2198780121987801,0.2090790920907909,0.8105189481051894,ENRICHED,D.melanogaster|STRUCTURE_PAIRWISE_CONSENSUS|MIRNA_CONSERVED,0.823584308235843,NOT_SIGNIFICANT
D.melanogaster,MIRNA_CONSERVED,RNA_STRUCTURE,STRUCTURE_PAIRWISE_CONSENSUS,CONSENSUS,INTERIOR_LOOP,EXTERIOR,6,124,6,2,0,122,6,0.0161290322580645,0.0,inf,0.2653061224489796,0.0115150377376141,6.1126450657639495,1.0,-1.272965675812887,0.616,0.056,1.512,0.2466753324667533,0.8414158584141586,0.2466753324667533,ENRICHED,D.melanogaster|STRUCTURE_PAIRWISE_CONSENSUS|MIRNA_CONSERVED,0.823584308235843,NOT_SIGNIFICANT
D.melanogaster,MIRNA_CONSERVED,RNA_STRUCTURE,STRUCTURE_PAIRWISE_CONSENSUS,CONSENSUS,MULTILOOP,EXTERIOR,6,91,6,0,0,91,6,0.0,0.0,,0.0710382513661202,0.0013012085335311,3.878266263333874,1.0,-2.575878427993727,0.532608695652174,0.0760869565217391,2.206521739130435,0.3246675332466753,0.9822017798220178,0.3246675332466753,NEUTRAL,D.melanogaster|STRUCTURE_PAIRWISE_CONSENSUS|MIRNA_CONSERVED,0.823584308235843,NOT_SIGNIFICANT
D.melanogaster,MIRNA_CONSERVED,RNA_STRUCTURE,STRUCTURE_PAIRWISE_CONSENSUS,CONSENSUS,HELIX,INTERIOR_LOOP,6,434,124,18,2,416,122,0.0414746543778801,0.0161290322580645,2.571428571428572,2.639423076923077,0.6039829955535589,11.53435482502142,0.2726700752855756,0.7544477064237409,1.0188087774294672,0.254491451753115,10.63218390804598,0.3451654834516548,0.2094790520947905,0.797020297970203,ENRICHED,D.melanogaster|STRUCTURE_PAIRWISE_CONSENSUS|MIRNA_CONSERVED,0.823584308235843,NOT_SIGNIFICANT
D.melanogaster,MIRNA_CONSERVED,RNA_STRUCTURE,STRUCTURE_PAIRWISE_CONSENSUS,CONSENSUS,HAIRPIN,BULGE,6,65,32,5,0,60,32,0.0769230769230769,0.0,inf,5.909090909090909,0.3166899044945627,110.25724178871116,0.167561368875138,1.704748092238425,0.7857142857142857,0.0333333333333333,10.5,0.3607639236076392,0.1996800319968003,0.8543145685431457,ENRICHED,D.melanogaster|STRUCTURE_PAIRWISE_CONSENSUS|MIRNA_CONSERVED,0.823584308235843,NOT_SIGNIFICANT
D.melanogaster,MIRNA_CONSERVED,RNA_STRUCTURE,STRUCTURE_PAIRWISE_CONSENSUS,CONSENSUS,HAIRPIN,INTERIOR_LOOP,6,65,124,5,2,60,122,0.0769230769230769,0.0161290322580645,4.76923076923077,5.083333333333333,0.958145715957113,26.96904797196253,0.0483979257446091,1.4271163556401456,0.8608815426997246,0.0757575757575757,17.045454545454547,0.4328567143285671,0.1416858314168583,0.8666133386661334,ENRICHED,D.melanogaster|STRUCTURE_PAIRWISE_CONSENSUS|MIRNA_CONSERVED,0.823584308235843,NOT_SIGNIFICANT
D.melanogaster,MIRNA_CONSERVED,RNA_STRUCTURE,STRUCTURE_PAIRWISE_CONSENSUS,CONSENSUS,INTERIOR_LOOP,MULTILOOP,6,124,91,2,0,122,91,0.0161290322580645,0.0,inf,3.73469387755102,0.177141458625162,78.73898333721773,0.5094979352314715,1.3029127521808397,1.2266666666666666,0.0566153846153846,18.4,0.4773522647735226,0.3275672432756724,0.7037296270372962,ENRICHED,D.melanogaster|STRUCTURE_PAIRWISE_CONSENSUS|MIRNA_CONSERVED,0.823584308235843,NOT_SIGNIFICANT
D.melanogaster,MIRNA_CONSERVED,RNA_STRUCTURE,STRUCTURE_PAIRWISE_CONSENSUS,CONSENSUS,HELIX,EXTERIOR,6,434,6,18,0,416,6,0.0414746543778801,0.0,inf,0.5774309723889556,0.0313320301961662,10.641714749619132,1.0,-0.5185179693891463,0.6275862068965518,0.1448275862068965,0.981609195402299,0.4941505849415059,0.5702429757024298,0.4941505849415059,ENRICHED,D.melanogaster|STRUCTURE_PAIRWISE_CONSENSUS|MIRNA_CONSERVED,0.823584308235843,NOT_SIGNIFICANT
D.melanogaster,MIRNA_CONSERVED,RNA_STRUCTURE,STRUCTURE_PAIRWISE_CONSENSUS,CONSENSUS,HELIX,BULGE,6,434,32,18,0,416,32,0.0414746543778801,0.0,inf,2.887154861944778,0.170097183930156,49.00529805522291,0.6255788696234801,1.0320794430220206,2.3517241379310345,0.1062068965517241,4.627586206896552,0.5584441555844416,0.4023597640235976,0.6398360163983602,ENRICHED,D.melanogaster|STRUCTURE_PAIRWISE_CONSENSUS|MIRNA_CONSERVED,0.8376662333766625,NOT_SIGNIFICANT
D.melanogaster,MIRNA_CONSERVED,RNA_STRUCTURE,STRUCTURE_PAIRWISE_CONSENSUS,CONSENSUS,HELIX,HAIRPIN,6,434,65,18,5,416,60,0.0414746543778801,0.0769230769230769,0.5391705069124424,0.5192307692307693,0.1859010961842761,1.4502366970915133,0.2043049108193246,-0.6726686492164046,1.183448275862069,0.1726516052318668,8.951724137931032,0.6754324567543246,0.7551244875512448,0.2501749825017498,DEPLETED,D.melanogaster|STRUCTURE_PAIRWISE_CONSENSUS|MIRNA_CONSERVED,0.8418773507264657,NOT_SIGNIFICANT
D.melanogaster,MIRNA_CONSERVED,RNA_STRUCTURE,STRUCTURE_PAIRWISE_CONSENSUS,CONSENSUS,BULGE,EXTERIOR,6,32,6,0,0,32,6,0.0,0.0,,0.2,0.003628706326262,11.023212242475596,1.0,-1.550597412411167,0.2121212121212121,0.0707070707070707,3.606060606060606,0.676932306769323,0.9698030196980302,0.6688331166883311,NEUTRAL,D.melanogaster|STRUCTURE_PAIRWISE_CONSENSUS|MIRNA_CONSERVED,0.8418773507264657,NOT_SIGNIFICANT
D.melanogaster,MIRNA_CONSERVED,RNA_STRUCTURE,STRUCTURE_PAIRWISE_CONSENSUS,CONSENSUS,MULTILOOP,BULGE,6,91,32,0,0,91,32,0.0,0.0,,0.3551912568306011,0.0069052172898108,18.27036335483037,1.0,-1.02528101558256,1.076086956521739,0.0239130434782608,9.702717391304086,0.7296270372962703,0.8117188281171883,0.4062593740625937,NEUTRAL,D.melanogaster|STRUCTURE_PAIRWISE_CONSENSUS|MIRNA_CONSERVED,0.8418773507264657,NOT_SIGNIFICANT
D.melanogaster,MIRNA_CONSERVED,RNA_STRUCTURE,STRUCTURE_PAIRWISE_CONSENSUS,CONSENSUS,INTERIOR_LOOP,BULGE,6,124,32,2,0,122,32,0.0161290322580645,0.0,inf,1.326530612244898,0.0621390230728591,28.31849260262045,1.0,0.2776317365982795,1.848,0.0527999999999999,7.128000000000001,0.8957104289571043,0.6119388061193881,0.447955204479552,ENRICHED,D.melanogaster|STRUCTURE_PAIRWISE_CONSENSUS|MIRNA_CONSERVED,0.926907309269073,NOT_SIGNIFICANT
D.melanogaster,MIRNA_CONSERVED,RNA_STRUCTURE,STRUCTURE_PAIRWISE_CONSENSUS,CONSENSUS,HAIRPIN,EXTERIOR,6,65,6,5,0,60,6,0.0769230769230769,0.0,inf,1.181818181818182,0.0584858283678383,23.8808999351385,1.0,0.1541506798272583,0.5303030303030304,0.106060606060606,2.43939393939394,0.926907309269073,0.2787721227877212,0.7984201579842016,ENRICHED,D.melanogaster|STRUCTURE_PAIRWISE_CONSENSUS|MIRNA_CONSERVED,0.926907309269073,NOT_SIGNIFICANT
D.melanogaster,MIRNA_WEAK,RNA_STRUCTURE,STRUCTURE_PAIRWISE_CONSENSUS,CONSENSUS,INTERIOR_LOOP,EXTERIOR,37,124,6,60,0,64,6,0.4838709677419355,0.0,inf,12.193798449612403,0.6724165325935266,221.12591440349303,0.0303819097187985,1.9133869573497533,4.648000000000001,0.5164444444444445,6.888,0.0381961803819618,0.0381961803819618,0.9706029397060294,ENRICHED,D.melanogaster|STRUCTURE_PAIRWISE_CONSENSUS|MIRNA_WEAK,0.5729427057294271,NOT_SIGNIFICANT
D.melanogaster,MIRNA_WEAK,RNA_STRUCTURE,STRUCTURE_PAIRWISE_CONSENSUS,CONSENSUS,MULTILOOP,EXTERIOR,37,91,6,45,0,46,6,0.4945054945054945,0.0,inf,12.720430107526882,0.6961601858018234,232.43119244762255,0.0288447450293408,1.934981078523123,4.336956521739131,0.4456521739130434,8.293478260869563,0.116988301169883,0.1154884511548845,0.8995100489951005,ENRICHED,D.melanogaster|STRUCTURE_PAIRWISE_CONSENSUS|MIRNA_WEAK,0.6424357564243576,NOT_SIGNIFICANT
D.melanogaster,MIRNA_WEAK,RNA_STRUCTURE,STRUCTURE_PAIRWISE_CONSENSUS,CONSENSUS,BULGE,EXTERIOR,37,32,6,21,0,11,6,0.65625,0.0,inf,24.30434782608696,1.2540481319820067,471.0356071563392,0.0044829518513729,2.210602703282396,3.606060606060606,0.2121212121212121,11.24242424242424,0.1284871512848715,0.1156884311568843,0.901009899010099,ENRICHED,D.melanogaster|STRUCTURE_PAIRWISE_CONSENSUS|MIRNA_WEAK,0.6424357564243576,NOT_SIGNIFICANT
D.melanogaster,MIRNA_WEAK,RNA_STRUCTURE,STRUCTURE_PAIRWISE_CONSENSUS,CONSENSUS,HELIX,EXTERIOR,37,434,6,163,0,271,6,0.3755760368663594,0.0,inf,7.828729281767956,0.4381343797588409,139.88631113802538,0.0890752445158536,1.6605242888638827,4.714942528735632,0.5560664112388249,5.937931034482758,0.2147785221477852,0.2147785221477852,0.8016198380161984,ENRICHED,D.melanogaster|STRUCTURE_PAIRWISE_CONSENSUS|MIRNA_WEAK,0.668933106689331,NOT_SIGNIFICANT
D.melanogaster,MIRNA_WEAK,RNA_STRUCTURE,STRUCTURE_PAIRWISE_CONSENSUS,CONSENSUS,HAIRPIN,EXTERIOR,37,65,6,28,0,37,6,0.4307692307692308,0.0,inf,9.88,0.5342311808413553,182.71939845642876,0.0747054097201168,1.799306674863438,4.348484848484849,0.459435261707989,8.16666666666667,0.2293770622937706,0.2277772222777722,0.8012198780121987,ENRICHED,D.melanogaster|STRUCTURE_PAIRWISE_CONSENSUS|MIRNA_WEAK,0.668933106689331,NOT_SIGNIFICANT
D.melanogaster,MIRNA_WEAK,RNA_STRUCTURE,STRUCTURE_PAIRWISE_CONSENSUS,CONSENSUS,HELIX,INTERIOR_LOOP,37,434,124,163,60,271,64,0.3755760368663594,0.4838709677419355,0.7761904761904761,0.6415744157441574,0.4290987923596009,0.9592609866692556,0.037362922149093,-0.2528626684858707,0.9865983664483744,0.6493721230348979,1.6102797657774888,0.2675732426757324,0.8652134786521348,0.1352864713528647,DEPLETED,D.melanogaster|STRUCTURE_PAIRWISE_CONSENSUS|MIRNA_WEAK,0.668933106689331,NOT_SIGNIFICANT
D.melanogaster,MIRNA_WEAK,RNA_STRUCTURE,STRUCTURE_PAIRWISE_CONSENSUS,CONSENSUS,HELIX,BULGE,37,434,32,163,21,271,11,0.3755760368663594,0.65625,0.5723063418915953,0.315058864874363,0.1480919519513186,0.6702733472548997,0.0023932948698658,-0.5500784144185129,1.057606490872211,0.3969410358445174,19.951724137931027,0.4843515648435156,0.8231176882311769,0.1772822717728227,DEPLETED,D.melanogaster|STRUCTURE_PAIRWISE_CONSENSUS|MIRNA_WEAK,0.853736054965932,NOT_SIGNIFICANT
D.melanogaster,MIRNA_WEAK,RNA_STRUCTURE,STRUCTURE_PAIRWISE_CONSENSUS,CONSENSUS,HELIX,MULTILOOP,37,434,91,163,45,271,46,0.3755760368663594,0.4945054945054945,0.7594982078853046,0.6148421484214842,0.3902566480875673,0.9686724603618344,0.0446773362038496,-0.2744567896592404,1.0022988505747126,0.532214758421655,2.817250574712641,0.4864513548645136,0.7723227677232277,0.2280771922807719,DEPLETED,D.melanogaster|STRUCTURE_PAIRWISE_CONSENSUS|MIRNA_WEAK,0.853736054965932,NOT_SIGNIFICANT
D.melanogaster,MIRNA_WEAK,RNA_STRUCTURE,STRUCTURE_PAIRWISE_CONSENSUS,CONSENSUS,HAIRPIN,BULGE,37,65,32,28,21,37,11,0.4307692307692308,0.65625,0.6564102564102564,0.3963963963963964,0.1645309431744828,0.9550185517955406,0.0516874940679576,-0.4112960284189574,1.0483870967741935,0.2647058823529412,16.5,0.6372362763723628,0.7183281671832816,0.2828717128287171,DEPLETED,D.melanogaster|STRUCTURE_PAIRWISE_CONSENSUS|MIRNA_WEAK,0.853736054965932,NOT_SIGNIFICANT
D.melanogaster,MIRNA_WEAK,RNA_STRUCTURE,STRUCTURE_PAIRWISE_CONSENSUS,CONSENSUS,HELIX,HAIRPIN,37,434,65,163,28,271,37,0.3755760368663594,0.4307692307692308,0.8718729427254772,0.7948075909330522,0.4687701621953163,1.3476094631244722,0.4134794777366027,-0.1387823859995553,0.9946360153256704,0.550775901875136,2.579310344827586,0.7070292970702929,0.6443355664433557,0.3565643435656434,DEPLETED,D.melanogaster|STRUCTURE_PAIRWISE_CONSENSUS|MIRNA_WEAK,0.853736054965932,NOT_SIGNIFICANT
D.melanogaster,MIRNA_WEAK,RNA_STRUCTURE,STRUCTURE_PAIRWISE_CONSENSUS,CONSENSUS,INTERIOR_LOOP,BULGE,37,124,32,60,21,64,11,0.4838709677419355,0.65625,0.7373271889400922,0.4910714285714285,0.2184407215685296,1.1039660839223573,0.111911438333083,-0.2972157459326422,1.0685714285714287,0.3566315789473684,19.799999999999997,0.7111288871112889,0.6919308069193081,0.3086691330866913,DEPLETED,D.melanogaster|STRUCTURE_PAIRWISE_CONSENSUS|MIRNA_WEAK,0.853736054965932,NOT_SIGNIFICANT
D.melanogaster,MIRNA_WEAK,RNA_STRUCTURE,STRUCTURE_PAIRWISE_CONSENSUS,CONSENSUS,MULTILOOP,BULGE,37,91,32,45,21,46,11,0.4945054945054945,0.65625,0.7535321821036107,0.5124223602484472,0.2218188256341434,1.1837438708456145,0.1495974702222926,-0.2756216247592724,1.076086956521739,0.2499815770081061,16.159239130434525,0.7521247875212479,0.6524347565243476,0.3480651934806519,DEPLETED,D.melanogaster|STRUCTURE_PAIRWISE_CONSENSUS|MIRNA_WEAK,0.853736054965932,NOT_SIGNIFICANT
D.melanogaster,MIRNA_WEAK,RNA_STRUCTURE,STRUCTURE_PAIRWISE_CONSENSUS,CONSENSUS,HAIRPIN,INTERIOR_LOOP,37,65,124,28,60,37,64,0.4307692307692308,0.4838709677419355,0.8902564102564102,0.8072072072072072,0.4411403042685647,1.4770436277583407,0.5405410312169661,-0.1140802824863153,0.9957825679475164,0.350729517396184,2.108347627215552,0.7847215278472153,0.5985401459854015,0.4017598240175982,DEPLETED,D.melanogaster|STRUCTURE_PAIRWISE_CONSENSUS|MIRNA_WEAK,0.853736054965932,NOT_SIGNIFICANT
D.melanogaster,MIRNA_WEAK,RNA_STRUCTURE,STRUCTURE_PAIRWISE_CONSENSUS,CONSENSUS,HAIRPIN,MULTILOOP,37,65,91,28,45,37,46,0.4307692307692308,0.4945054945054945,0.8711111111111112,0.7735735735735736,0.4078010586765186,1.467421579712162,0.5154166820655361,-0.135674403659685,0.9956709956709956,0.3238445056626875,3.2979460847240034,0.7968203179682032,0.6042395760423958,0.3964603539646035,DEPLETED,D.melanogaster|STRUCTURE_PAIRWISE_CONSENSUS|MIRNA_WEAK,0.853736054965932,NOT_SIGNIFICANT
D.melanogaster,MIRNA_WEAK,RNA_STRUCTURE,STRUCTURE_PAIRWISE_CONSENSUS,CONSENSUS,INTERIOR_LOOP,MULTILOOP,37,124,91,60,45,64,46,0.4838709677419355,0.4945054945054945,0.978494623655914,0.9583333333333334,0.557778683550621,1.6465361708187771,0.8910306245799693,-0.0215941211733697,1.0055211267605637,0.4561983471074379,3.0912,0.9653034696530348,0.521947805219478,0.4786521347865213,DEPLETED,D.melanogaster|STRUCTURE_PAIRWISE_CONSENSUS|MIRNA_WEAK,0.9653034696530348,NOT_SIGNIFICANT
D.melanogaster,PAS,RNA_STRUCTURE,STRUCTURE_PAIRWISE_CONSENSUS,CONSENSUS,HAIRPIN,BULGE,9,65,32,14,0,51,32,0.2153846153846154,0.0,inf,18.300970873786408,1.0551909039145726,317.407526619746,0.0039619063072061,2.6741486494265287,1.2999999999999998,0.0384615384615384,12.500000000000002,0.0757924207579242,0.0117988201179882,0.9923007699230078,ENRICHED,D.melanogaster|STRUCTURE_PAIRWISE_CONSENSUS|PAS,0.780921907809219,NOT_SIGNIFICANT
D.melanogaster,PAS,RNA_STRUCTURE,STRUCTURE_PAIRWISE_CONSENSUS,CONSENSUS,HAIRPIN,INTERIOR_LOOP,9,65,124,14,5,51,119,0.2153846153846154,0.0403225806451612,5.341538461538462,6.533333333333333,2.235318897502959,19.09546082759224,0.0004737950437305,1.6080595524639791,0.9164222873900292,0.0653082549634273,9.469696969696969,0.2803719628037196,0.0678932106789321,0.9333066693330668,ENRICHED,D.melanogaster|STRUCTURE_PAIRWISE_CONSENSUS|PAS,0.780921907809219,NOT_SIGNIFICANT
D.melanogaster,PAS,RNA_STRUCTURE,STRUCTURE_PAIRWISE_CONSENSUS,CONSENSUS,HELIX,HAIRPIN,9,434,65,23,14,411,51,0.0529953917050691,0.2153846153846154,0.2460500329163923,0.2038581856100104,0.0987012963538392,0.4210497873424226,5.880939709068113e-05,-1.402839517338674,1.0620689655172415,0.2296532500300373,11.379310344827587,0.2831716828317168,0.9678032196780322,0.0324967503249675,DEPLETED,D.melanogaster|STRUCTURE_PAIRWISE_CONSENSUS|PAS,0.780921907809219,NOT_SIGNIFICANT
D.melanogaster,PAS,RNA_STRUCTURE,STRUCTURE_PAIRWISE_CONSENSUS,CONSENSUS,MULTILOOP,BULGE,9,91,32,7,0,84,32,0.0769230769230769,0.0,inf,5.769230769230769,0.3202451591722317,103.93294860309967,0.1882845882765356,1.6827691855196498,1.315217391304348,0.0275919732441471,11.836956521739127,0.3492650734926507,0.2110788921107889,0.8225177482251775,ENRICHED,D.melanogaster|STRUCTURE_PAIRWISE_CONSENSUS|PAS,0.780921907809219,NOT_SIGNIFICANT
D.melanogaster,PAS,RNA_STRUCTURE,STRUCTURE_PAIRWISE_CONSENSUS,CONSENSUS,HAIRPIN,EXTERIOR,9,65,6,14,0,51,6,0.2153846153846154,0.0,inf,3.6601941747572817,0.1944845697075492,68.88475223033134,0.5907003651100786,1.123551237015362,0.7424242424242424,0.106060606060606,2.863636363636364,0.367963203679632,0.0167983201679832,0.9896010398960104,ENRICHED,D.melanogaster|STRUCTURE_PAIRWISE_CONSENSUS|PAS,0.780921907809219,NOT_SIGNIFICANT
D.melanogaster,PAS,RNA_STRUCTURE,STRUCTURE_PAIRWISE_CONSENSUS,CONSENSUS,HELIX,EXTERIOR,9,434,6,23,0,411,6,0.0529953917050691,0.0,inf,0.7424058323207776,0.0405899181861529,13.57889950248618,1.0,-0.2792882803233121,0.8528735632183908,0.1705747126436781,1.3034482758620691,0.4014598540145985,0.6633336666333367,0.3822617738226177,ENRICHED,D.melanogaster|STRUCTURE_PAIRWISE_CONSENSUS|PAS,0.780921907809219,NOT_SIGNIFICANT
D.melanogaster,PAS,RNA_STRUCTURE,STRUCTURE_PAIRWISE_CONSENSUS,CONSENSUS,INTERIOR_LOOP,EXTERIOR,9,124,6,5,0,119,6,0.0403225806451612,0.0,inf,0.5983263598326359,0.0297649214269852,12.02739384845176,1.0,-0.4845083154486173,0.84,0.0782400000000001,1.848,0.4536546345365463,0.7168283171682832,0.3741625837416258,ENRICHED,D.melanogaster|STRUCTURE_PAIRWISE_CONSENSUS|PAS,0.780921907809219,NOT_SIGNIFICANT
D.melanogaster,PAS,RNA_STRUCTURE,STRUCTURE_PAIRWISE_CONSENSUS,CONSENSUS,HELIX,BULGE,9,434,32,23,0,411,32,0.0529953917050691,0.0,inf,3.712029161603888,0.2204055803178559,62.51729414802554,0.3907416733312888,1.271309132087855,2.806896551724138,0.1458885941644562,5.993103448275862,0.5102489751024898,0.395960403959604,0.6287371262873712,ENRICHED,D.melanogaster|STRUCTURE_PAIRWISE_CONSENSUS|PAS,0.780921907809219,NOT_SIGNIFICANT
D.melanogaster,PAS,RNA_STRUCTURE,STRUCTURE_PAIRWISE_CONSENSUS,CONSENSUS,HAIRPIN,MULTILOOP,9,65,91,14,7,51,84,0.2153846153846154,0.0769230769230769,2.8,3.294117647058824,1.2465859027098631,8.704743932267878,0.0168580725655747,0.9913794639068788,1.0659536541889485,0.0480668756530825,29.27272727272728,0.5347465253474653,0.262973702629737,0.7374262573742626,ENRICHED,D.melanogaster|STRUCTURE_PAIRWISE_CONSENSUS|PAS,0.780921907809219,NOT_SIGNIFICANT
D.melanogaster,PAS,RNA_STRUCTURE,STRUCTURE_PAIRWISE_CONSENSUS,CONSENSUS,BULGE,EXTERIOR,9,32,6,0,0,32,6,0.0,0.0,,0.2,0.003628706326262,11.023212242475596,1.0,-1.550597412411167,0.2121212121212121,0.0707070707070707,4.454545454545455,0.5926407359264073,0.9636036396360363,0.5682431756824318,NEUTRAL,D.melanogaster|STRUCTURE_PAIRWISE_CONSENSUS|PAS,0.780921907809219,NOT_SIGNIFICANT
D.melanogaster,PAS,RNA_STRUCTURE,STRUCTURE_PAIRWISE_CONSENSUS,CONSENSUS,INTERIOR_LOOP,BULGE,9,124,32,5,0,119,32,0.0403225806451612,0.0,inf,2.99163179916318,0.1611944776128702,55.52213049915144,0.5840128224029153,1.0660890969625496,2.024,0.0879999999999999,8.712,0.6232376762323768,0.4407559244075592,0.6123387661233877,ENRICHED,D.melanogaster|STRUCTURE_PAIRWISE_CONSENSUS|PAS,0.780921907809219,NOT_SIGNIFICANT
D.melanogaster,PAS,RNA_STRUCTURE,STRUCTURE_PAIRWISE_CONSENSUS,CONSENSUS,INTERIOR_LOOP,MULTILOOP,9,124,91,5,7,119,84,0.0403225806451612,0.0769230769230769,0.5241935483870968,0.5042016806722689,0.1547510548171377,1.642763179179231,0.3677862471152109,-0.6166800885571004,1.0756923076923075,0.1051428571428571,19.872,0.6247375262473752,0.7311268873112688,0.273972602739726,DEPLETED,D.melanogaster|STRUCTURE_PAIRWISE_CONSENSUS|PAS,0.780921907809219,NOT_SIGNIFICANT
D.melanogaster,PAS,RNA_STRUCTURE,STRUCTURE_PAIRWISE_CONSENSUS,CONSENSUS,HELIX,MULTILOOP,9,434,91,23,7,411,84,0.0529953917050691,0.0769230769230769,0.6889400921658986,0.6715328467153284,0.2790944307516615,1.6157841738477905,0.3315175880337799,-0.4114600534317952,1.057471264367816,0.2229263746505125,15.439080459770112,0.6977302269773022,0.7008299170082992,0.3023697630236976,DEPLETED,D.melanogaster|STRUCTURE_PAIRWISE_CONSENSUS|PAS,0.8050733388199641,NOT_SIGNIFICANT
D.melanogaster,PAS,RNA_STRUCTURE,STRUCTURE_PAIRWISE_CONSENSUS,CONSENSUS,HELIX,INTERIOR_LOOP,9,434,124,23,5,411,119,0.0529953917050691,0.0403225806451612,1.3142857142857145,1.3318734793187348,0.4956753630190202,3.5787273228758885,0.8153529474189376,0.205220035125305,1.0153256704980844,0.3221873911529084,6.226053639846744,0.7532246775322468,0.3908609139086091,0.6143385661433857,ENRICHED,D.melanogaster|STRUCTURE_PAIRWISE_CONSENSUS|PAS,0.8070264402131215,NOT_SIGNIFICANT
D.melanogaster,PAS,RNA_STRUCTURE,STRUCTURE_PAIRWISE_CONSENSUS,CONSENSUS,MULTILOOP,EXTERIOR,9,91,6,7,0,84,6,0.0769230769230769,0.0,inf,1.1538461538461535,0.0590867254761454,22.532318994104035,1.0,0.1321717731084832,0.8369565217391305,0.0760869565217391,2.66304347826087,0.8777122287771223,0.3376662333766623,0.7191280871912809,ENRICHED,D.melanogaster|STRUCTURE_PAIRWISE_CONSENSUS|PAS,0.8777122287771223,NOT_SIGNIFICANT
D.melanogaster,UGUA,RNA_STRUCTURE,STRUCTURE_PAIRWISE_CONSENSUS,CONSENSUS,HELIX,INTERIOR_LOOP,11,434,124,31,3,403,121,0.0714285714285714,0.0241935483870967,2.952380952380952,3.102564102564102,0.9322453795940964,10.325504659203087,0.0557708739711719,0.9501922835498364,0.9946949602122016,0.3103448275862068,8.333333333333332,0.1855814418558144,0.12998700129987,0.8788121187881212,ENRICHED,D.melanogaster|STRUCTURE_PAIRWISE_CONSENSUS|UGUA,0.9750096418929536,NOT_SIGNIFICANT
D.melanogaster,UGUA,RNA_STRUCTURE,STRUCTURE_PAIRWISE_CONSENSUS,CONSENSUS,HELIX,MULTILOOP,11,434,91,31,1,403,90,0.0714285714285714,0.0109890109890109,6.499999999999999,6.923076923076923,0.9327951490838282,51.38212192667928,0.0277570481182613,1.4909649836837795,1.010472541507024,0.2363759296822177,11.63218390804598,0.2288771122887711,0.2090790920907909,0.7921207879212079,ENRICHED,D.melanogaster|STRUCTURE_PAIRWISE_CONSENSUS|UGUA,0.9750096418929536,NOT_SIGNIFICANT
D.melanogaster,UGUA,RNA_STRUCTURE,STRUCTURE_PAIRWISE_CONSENSUS,CONSENSUS,MULTILOOP,EXTERIOR,11,91,6,1,0,90,6,0.0109890109890109,0.0,inf,0.2154696132596685,0.0079619934915391,5.8310967331997245,1.0,-1.4772661393256172,0.6847826086956522,0.0760869565217391,1.9021739130434785,0.3215678432156784,0.7557244275572442,0.3215678432156784,ENRICHED,D.melanogaster|STRUCTURE_PAIRWISE_CONSENSUS|UGUA,0.9750096418929536,NOT_SIGNIFICANT
D.melanogaster,UGUA,RNA_STRUCTURE,STRUCTURE_PAIRWISE_CONSENSUS,CONSENSUS,INTERIOR_LOOP,EXTERIOR,11,124,6,3,0,121,6,0.0241935483870967,0.0,inf,0.3744855967078189,0.0174449726907326,8.038961403253497,1.0,-0.9364934391916744,0.616,0.056,1.512,0.3253674632536746,0.7708229177082292,0.3253674632536746,ENRICHED,D.melanogaster|STRUCTURE_PAIRWISE_CONSENSUS|UGUA,0.9750096418929536,NOT_SIGNIFICANT
D.melanogaster,UGUA,RNA_STRUCTURE,STRUCTURE_PAIRWISE_CONSENSUS,CONSENSUS,HELIX,HAIRPIN,11,434,65,31,1,403,64,0.0714285714285714,0.0153846153846153,4.642857142857142,4.923076923076923,0.6604610340727367,36.69661818060164,0.1036480766729189,1.1588311486611644,1.0013793103448276,0.2217506631299734,8.344827586206899,0.368963103689631,0.2912708729127087,0.7130286971302869,ENRICHED,D.melanogaster|STRUCTURE_PAIRWISE_CONSENSUS|UGUA,0.9750096418929536,NOT_SIGNIFICANT
D.melanogaster,UGUA,RNA_STRUCTURE,STRUCTURE_PAIRWISE_CONSENSUS,CONSENSUS,HAIRPIN,EXTERIOR,11,65,6,1,0,64,6,0.0153846153846153,0.0,inf,0.3023255813953488,0.0111425487962491,8.202859043956249,1.0,-1.1451323043030024,0.5303030303030304,0.0636363636363636,2.2272727272727275,0.4171582841715828,0.67003299670033,0.4162583741625837,ENRICHED,D.melanogaster|STRUCTURE_PAIRWISE_CONSENSUS|UGUA,0.9750096418929536,NOT_SIGNIFICANT
D.melanogaster,UGUA,RNA_STRUCTURE,STRUCTURE_PAIRWISE_CONSENSUS,CONSENSUS,INTERIOR_LOOP,MULTILOOP,11,124,91,3,1,121,90,0.0241935483870967,0.0109890109890109,2.201612903225806,2.231404958677686,0.2283292811889616,21.806962574768,0.6392600413906715,0.5407727001339429,1.0631111111111111,0.096,15.456000000000005,0.6552344765523448,0.3553644635536446,0.6614338566143385,ENRICHED,D.melanogaster|STRUCTURE_PAIRWISE_CONSENSUS|UGUA,0.9750096418929536,NOT_SIGNIFICANT
D.melanogaster,UGUA,RNA_STRUCTURE,STRUCTURE_PAIRWISE_CONSENSUS,CONSENSUS,MULTILOOP,BULGE,11,91,32,1,1,90,31,0.0109890109890109,0.03125,0.3516483516483517,0.3444444444444444,0.0209090505514265,5.674192379842298,0.45421831267493,-1.02528101558256,1.076086956521739,0.0398550724637681,8.249999999999998,0.6888311168883112,0.8127187281271873,0.343965603439656,DEPLETED,D.melanogaster|STRUCTURE_PAIRWISE_CONSENSUS|UGUA,0.9750096418929536,NOT_SIGNIFICANT
D.melanogaster,UGUA,RNA_STRUCTURE,STRUCTURE_PAIRWISE_CONSENSUS,CONSENSUS,HAIRPIN,MULTILOOP,11,65,91,1,1,64,90,0.0153846153846153,0.0109890109890109,1.4,1.40625,0.086345579597992,22.902609163167703,1.0,0.3321338350226148,1.084175084175084,0.0663780663780663,20.90909090909091,0.803919608039196,0.4183581641835816,0.6524347565243476,ENRICHED,D.melanogaster|STRUCTURE_PAIRWISE_CONSENSUS|UGUA,0.9750096418929536,NOT_SIGNIFICANT
D.melanogaster,UGUA,RNA_STRUCTURE,STRUCTURE_PAIRWISE_CONSENSUS,CONSENSUS,HAIRPIN,BULGE,11,65,32,1,1,64,31,0.0153846153846153,0.03125,0.4923076923076923,0.484375,0.0293125516193227,8.004050403798335,1.0,-0.6931471805599453,0.8999999999999999,0.0454545454545454,9.500000000000002,0.8234176582341766,0.7683231676832317,0.4373562643735626,DEPLETED,D.melanogaster|STRUCTURE_PAIRWISE_CONSENSUS|UGUA,0.9750096418929536,NOT_SIGNIFICANT
D.melanogaster,UGUA,RNA_STRUCTURE,STRUCTURE_PAIRWISE_CONSENSUS,CONSENSUS,INTERIOR_LOOP,BULGE,11,124,32,3,1,121,31,0.0241935483870967,0.03125,0.7741935483870968,0.768595041322314,0.0772631334809725,7.645798337841554,1.0,-0.4845083154486173,1.848,0.0879999999999999,6.6000000000000005,0.8255174482551745,0.6921307869213079,0.3186681331866813,DEPLETED,D.melanogaster|STRUCTURE_PAIRWISE_CONSENSUS|UGUA,0.9750096418929536,NOT_SIGNIFICANT
D.melanogaster,UGUA,RNA_STRUCTURE,STRUCTURE_PAIRWISE_CONSENSUS,CONSENSUS,HELIX,BULGE,11,434,32,31,1,403,31,0.0714285714285714,0.03125,2.2857142857142856,2.3846153846153846,0.3148826140714129,18.058763102286587,0.7143301085750645,0.4656839681012192,2.2,0.1636738397718434,4.475862068965517,0.8667133286671332,0.5637436256374363,0.4371562843715628,ENRICHED,D.melanogaster|STRUCTURE_PAIRWISE_CONSENSUS|UGUA,0.9750096418929536,NOT_SIGNIFICANT
D.melanogaster,UGUA,RNA_STRUCTURE,STRUCTURE_PAIRWISE_CONSENSUS,CONSENSUS,HAIRPIN,INTERIOR_LOOP,11,65,124,1,3,64,121,0.0153846153846153,0.0241935483870967,0.635897435897436,0.6302083333333334,0.0642416854742341,6.182318232638382,1.0,-0.208638865111328,1.0026737967914436,0.0823451910408432,10.732323232323234,0.8701129887011299,0.5506449355064493,0.458954104589541,DEPLETED,D.melanogaster|STRUCTURE_PAIRWISE_CONSENSUS|UGUA,0.9750096418929536,NOT_SIGNIFICANT
D.melanogaster,UGUA,RNA_STRUCTURE,STRUCTURE_PAIRWISE_CONSENSUS,CONSENSUS,BULGE,EXTERIOR,11,32,6,1,0,31,6,0.03125,0.0,inf,0.6190476190476191,0.0226013662784053,16.95561011347689,1.0,-0.4519851237430571,0.2121212121212121,0.0424242424242424,3.181818181818182,0.91000899910009,0.3948605139486051,0.6964303569643036,ENRICHED,D.melanogaster|STRUCTURE_PAIRWISE_CONSENSUS|UGUA,0.9750096418929536,NOT_SIGNIFICANT
D.melanogaster,UGUA,RNA_STRUCTURE,STRUCTURE_PAIRWISE_CONSENSUS,CONSENSUS,HELIX,EXTERIOR,11,434,6,31,0,403,6,0.0714285714285714,0.0,inf,1.0148698884758365,0.0558829101409445,18.43069532236692,1.0,0.0136988443581621,0.6275862068965518,0.1062068965517241,0.949425287356322,1.0,0.0141985801419858,0.9908009199080092,ENRICHED,D.melanogaster|STRUCTURE_PAIRWISE_CONSENSUS|UGUA,1.0,NOT_SIGNIFICANT
D.melanogaster,CLEAVAGE,RNA_STRUCTURE,STRUCTURE_PAIRWISE_MFE,MFE,INTERIOR_LOOP,BULGE,12,135,46,0,2,135,44,0.0,0.0434782608695652,0.0,0.0656826568265682,0.0030943886104812,1.3942047851338806,0.0635359116022099,-2.671945196460093,0.8063725490196079,0.1151960784313725,3.1102941176470598,0.0238976102389761,0.9963003699630038,0.0238976102389761,DEPLETED,D.melanogaster|STRUCTURE_PAIRWISE_MFE|CLEAVAGE,0.3247175282471753,NOT_SIGNIFICANT
D.melanogaster,CLEAVAGE,RNA_STRUCTURE,STRUCTURE_PAIRWISE_MFE,MFE,HAIRPIN,BULGE,12,80,46,0,2,80,44,0.0,0.0434782608695652,0.0,0.1105590062111801,0.0051920905113225,2.354214324220277,0.1314285714285714,-2.1537394653964808,0.5802469135802469,0.1160493827160493,4.061728395061729,0.0432956704329567,0.9937006299370064,0.0431956804319568,DEPLETED,D.melanogaster|STRUCTURE_PAIRWISE_MFE|CLEAVAGE,0.3247175282471753,NOT_SIGNIFICANT
D.melanogaster,CLEAVAGE,RNA_STRUCTURE,STRUCTURE_PAIRWISE_MFE,MFE,HELIX,INTERIOR_LOOP,12,574,135,9,0,565,135,0.0156794425087108,0.0,inf,4.552608311229001,0.2633322095608641,78.70758563881985,0.2198587784480917,1.5027238241051422,0.8672463768115941,0.2365217391304348,4.966956521739131,0.0863913608639136,0.0763923607639236,0.961003899610039,ENRICHED,D.melanogaster|STRUCTURE_PAIRWISE_MFE|CLEAVAGE,0.431956804319568,NOT_SIGNIFICANT
D.melanogaster,CLEAVAGE,RNA_STRUCTURE,STRUCTURE_PAIRWISE_MFE,MFE,MULTILOOP,BULGE,12,123,46,1,2,122,44,0.008130081300813,0.0434782608695652,0.1869918699186992,0.180327868852459,0.0159531870677439,2.038347582008785,0.1803050703327073,-1.480959587660969,0.8844086021505376,0.0758064516129032,3.411290322580645,0.1382861713828617,0.8959104089591041,0.1372862713728627,DEPLETED,D.melanogaster|STRUCTURE_PAIRWISE_MFE|CLEAVAGE,0.4717028297170283,NOT_SIGNIFICANT
D.melanogaster,CLEAVAGE,RNA_STRUCTURE,STRUCTURE_PAIRWISE_MFE,MFE,HELIX,BULGE,12,574,46,9,2,565,44,0.0156794425087108,0.0434782608695652,0.3606271777003484,0.3504424778761062,0.0734485879433142,1.6720529793537584,0.1933173689052031,-1.1692213723549518,0.8991304347826087,0.1798260869565217,1.716521739130435,0.1783821617838216,0.825917408259174,0.1783821617838216,DEPLETED,D.melanogaster|STRUCTURE_PAIRWISE_MFE|CLEAVAGE,0.4717028297170283,NOT_SIGNIFICANT
D.melanogaster,CLEAVAGE,RNA_STRUCTURE,STRUCTURE_PAIRWISE_MFE,MFE,INTERIOR_LOOP,EXTERIOR,12,135,6,0,0,135,6,0.0,0.0,,0.047970479704797,0.0008801749159846,2.6144427446378,1.0,-2.9667447366807385,0.1544117647058823,0.0514705882352941,0.4632352941176471,0.1886811318868113,0.9842015798420158,0.1886811318868113,NEUTRAL,D.melanogaster|STRUCTURE_PAIRWISE_MFE|CLEAVAGE,0.4717028297170283,NOT_SIGNIFICANT
D.melanogaster,CLEAVAGE,RNA_STRUCTURE,STRUCTURE_PAIRWISE_MFE,MFE,INTERIOR_LOOP,MULTILOOP,12,135,123,0,1,135,122,0.0,0.008130081300813,0.0,0.3013530135301353,0.0121618182155404,7.467110357532857,0.4767441860465116,-1.1909856087991246,0.911764705882353,0.1302521008403361,6.38235294117647,0.2800719928007199,0.8939106089391061,0.1567843215678432,DEPLETED,D.melanogaster|STRUCTURE_PAIRWISE_MFE|CLEAVAGE,0.5425707429257074,NOT_SIGNIFICANT
D.melanogaster,CLEAVAGE,RNA_STRUCTURE,STRUCTURE_PAIRWISE_MFE,MFE,HELIX,HAIRPIN,12,574,80,9,0,565,80,0.0156794425087108,0.0,inf,2.704686118479222,0.1559141725035756,46.91893547603208,0.6099140640782699,0.9845180930415288,0.7982608695652175,0.2034782608695652,2.9582608695652177,0.2893710628937106,0.1197880211978802,0.9454054594540546,ENRICHED,D.melanogaster|STRUCTURE_PAIRWISE_MFE|CLEAVAGE,0.5425707429257074,NOT_SIGNIFICANT
D.melanogaster,CLEAVAGE,RNA_STRUCTURE,STRUCTURE_PAIRWISE_MFE,MFE,HAIRPIN,EXTERIOR,12,80,6,0,0,80,6,0.0,0.0,,0.0807453416149068,0.0014779532368194,4.411377863712874,1.0,-2.4485390056171257,0.2592592592592592,0.0288065843621399,0.6049382716049383,0.38996100389961,0.9691030896910308,0.38996100389961,NEUTRAL,D.melanogaster|STRUCTURE_PAIRWISE_MFE|CLEAVAGE,0.6499350064993501,NOT_SIGNIFICANT
D.melanogaster,CLEAVAGE,RNA_STRUCTURE,STRUCTURE_PAIRWISE_MFE,MFE,MULTILOOP,EXTERIOR,12,123,6,1,0,122,6,0.008130081300813,0.0,inf,0.1591836734693877,0.0058920247398975,4.300633995581149,1.0,-1.7757591278816138,0.1693548387096774,0.0564516129032258,0.5080645161290324,0.5709429057094291,0.7462253774622538,0.5709429057094291,ENRICHED,D.melanogaster|STRUCTURE_PAIRWISE_MFE|CLEAVAGE,0.7807401078074011,NOT_SIGNIFICANT
D.melanogaster,CLEAVAGE,RNA_STRUCTURE,STRUCTURE_PAIRWISE_MFE,MFE,HAIRPIN,MULTILOOP,12,80,123,0,1,80,122,0.0,0.008130081300813,0.0,0.5072463768115942,0.0204094910601105,12.606825228061105,1.0,-0.6727798777355116,1.09347442680776,0.218694885361552,7.65432098765432,0.5725427457254274,0.798020197980202,0.3207679232076792,DEPLETED,D.melanogaster|STRUCTURE_PAIRWISE_MFE|CLEAVAGE,0.7807401078074011,NOT_SIGNIFICANT
D.melanogaster,CLEAVAGE,RNA_STRUCTURE,STRUCTURE_PAIRWISE_MFE,MFE,HELIX,MULTILOOP,12,574,123,9,1,565,122,0.0156794425087108,0.008130081300813,1.9285714285714284,1.943362831858407,0.2439366052924022,15.48213353105294,1.0,0.3117382153060172,0.9344927536231884,0.2548616600790513,4.528695652173914,0.6662333766623337,0.288971102889711,0.7683231676832317,ENRICHED,D.melanogaster|STRUCTURE_PAIRWISE_MFE|CLEAVAGE,0.8327917208279172,NOT_SIGNIFICANT
D.melanogaster,CLEAVAGE,RNA_STRUCTURE,STRUCTURE_PAIRWISE_MFE,MFE,HAIRPIN,INTERIOR_LOOP,12,80,135,0,0,80,135,0.0,0.0,,1.6832298136645962,0.0330750268481335,85.66168724876599,1.0,0.5182057310636132,1.0074074074074073,0.186556927297668,8.395061728395063,0.7945205479452054,0.4588541145885411,0.7755224477552245,NEUTRAL,D.melanogaster|STRUCTURE_PAIRWISE_MFE|CLEAVAGE,0.916754478398314,NOT_SIGNIFICANT
D.melanogaster,CLEAVAGE,RNA_STRUCTURE,STRUCTURE_PAIRWISE_MFE,MFE,HELIX,EXTERIOR,12,574,6,9,0,565,6,0.0156794425087108,0.0,inf,0.2183908045977011,0.0114637280873918,4.160474076952953,1.0,-1.4640209125755967,0.1826086956521738,0.0527536231884058,0.2556521739130435,0.9215078492150784,0.2010798920107989,0.9215078492150784,ENRICHED,D.melanogaster|STRUCTURE_PAIRWISE_MFE|CLEAVAGE,0.9871012898710128,NOT_SIGNIFICANT
D.melanogaster,CLEAVAGE,RNA_STRUCTURE,STRUCTURE_PAIRWISE_MFE,MFE,BULGE,EXTERIOR,12,46,6,2,0,44,6,0.0434782608695652,0.0,inf,0.7303370786516854,0.0314225956797269,16.974799086938887,1.0,-0.2947995402206448,0.1489361702127659,0.0496453900709219,0.7446808510638299,0.9871012898710128,0.1027897210278972,0.9868013198680132,ENRICHED,D.melanogaster|STRUCTURE_PAIRWISE_MFE|CLEAVAGE,0.9871012898710128,NOT_SIGNIFICANT
D.melanogaster,DSE,RNA_STRUCTURE,STRUCTURE_PAIRWISE_MFE,MFE,HELIX,EXTERIOR,7,574,6,21,0,553,6,0.0365853658536585,0.0,inf,0.5049683830171635,0.0275476233948033,9.25644525455037,1.0,-0.6472597760484746,0.5965217391304348,0.1387826086956521,0.84,0.2973702629737026,0.7579242075792421,0.2973702629737026,ENRICHED,D.melanogaster|STRUCTURE_PAIRWISE_MFE|DSE,1.0,NOT_SIGNIFICANT
D.melanogaster,DSE,RNA_STRUCTURE,STRUCTURE_PAIRWISE_MFE,MFE,HELIX,HAIRPIN,7,574,80,21,5,553,75,0.0365853658536585,0.0625,0.5853658536585366,0.569620253164557,0.2085690598826471,1.5556824823289603,0.2336149765801212,-0.5966160432297196,1.066583850931677,0.2298014676872091,9.43826086956522,0.6213378662133786,0.7618238176182381,0.2456754324567543,DEPLETED,D.melanogaster|STRUCTURE_PAIRWISE_MFE|DSE,1.0,NOT_SIGNIFICANT
D.melanogaster,DSE,RNA_STRUCTURE,STRUCTURE_PAIRWISE_MFE,MFE,HELIX,MULTILOOP,7,574,123,21,7,553,116,0.0365853658536585,0.056910569105691,0.6428571428571428,0.6292947558770343,0.2614073048728975,1.5149228135261434,0.3106755135461916,-0.4809385606009612,1.0390513833992094,0.2402648312909182,14.017391304347829,0.6391360863913609,0.7307269273072693,0.2753724627537246,DEPLETED,D.melanogaster|STRUCTURE_PAIRWISE_MFE|DSE,1.0,NOT_SIGNIFICANT
D.melanogaster,DSE,RNA_STRUCTURE,STRUCTURE_PAIRWISE_MFE,MFE,INTERIOR_LOOP,EXTERIOR,7,135,6,6,0,129,6,0.0444444444444444,0.0,inf,0.6525096525096525,0.0330623367020023,12.87776028826424,1.0,-0.401795379219202,0.5661764705882354,0.0514705882352941,1.4926470588235294,0.6485351464853515,0.4706529347065293,0.6313368663133687,ENRICHED,D.melanogaster|STRUCTURE_PAIRWISE_MFE|DSE,1.0,NOT_SIGNIFICANT
D.melanogaster,DSE,RNA_STRUCTURE,STRUCTURE_PAIRWISE_MFE,MFE,HELIX,BULGE,7,574,46,21,3,553,43,0.0365853658536585,0.0652173913043478,0.5609756097560975,0.5443037974683544,0.1561171693289255,1.8977196756255743,0.4116564421672617,-0.6889324724490427,1.4985507246376812,0.1682864450127877,5.476521739130436,0.654034596540346,0.7783221677832217,0.2273772622737726,DEPLETED,D.melanogaster|STRUCTURE_PAIRWISE_MFE|DSE,1.0,NOT_SIGNIFICANT
D.melanogaster,DSE,RNA_STRUCTURE,STRUCTURE_PAIRWISE_MFE,MFE,HELIX,INTERIOR_LOOP,7,574,135,21,6,553,129,0.0365853658536585,0.0444444444444444,0.823170731707317,0.8164556962025317,0.322999357122079,2.063780899754597,0.6216285943504596,-0.2454643968292726,1.010592885375494,0.328078541374474,10.170434782608696,0.7310268973102689,0.656034396560344,0.3502649735026497,DEPLETED,D.melanogaster|STRUCTURE_PAIRWISE_MFE|DSE,1.0,NOT_SIGNIFICANT
D.melanogaster,DSE,RNA_STRUCTURE,STRUCTURE_PAIRWISE_MFE,MFE,HAIRPIN,INTERIOR_LOOP,7,80,135,5,6,75,129,0.0625,0.0444444444444444,1.40625,1.4333333333333331,0.4229573254088148,4.857332692981956,0.5425509445611445,0.3511516464004471,0.9040835707502374,0.0671604938271604,13.991769547325102,0.8074192580741926,0.3747625237476252,0.6354364563543645,ENRICHED,D.melanogaster|STRUCTURE_PAIRWISE_MFE|DSE,1.0,NOT_SIGNIFICANT
D.melanogaster,DSE,RNA_STRUCTURE,STRUCTURE_PAIRWISE_MFE,MFE,INTERIOR_LOOP,BULGE,7,135,46,6,3,129,43,0.0444444444444444,0.0652173913043478,0.6814814814814816,0.6666666666666666,0.1598175269959855,2.7809493288906197,0.6947906064200513,-0.4434680756197701,1.313235294117647,0.0691176470588235,9.330882352941176,0.8221177882211779,0.66003399660034,0.3510648935106489,DEPLETED,D.melanogaster|STRUCTURE_PAIRWISE_MFE|DSE,1.0,NOT_SIGNIFICANT
D.melanogaster,DSE,RNA_STRUCTURE,STRUCTURE_PAIRWISE_MFE,MFE,INTERIOR_LOOP,MULTILOOP,7,135,123,6,7,129,116,0.0444444444444444,0.056910569105691,0.7809523809523811,0.770764119601329,0.2517585579228742,2.3597105614451688,0.7780466338516632,-0.2354741637716885,1.0520361990950229,0.0739268680445151,20.970588235294123,0.8528147185281472,0.5987401259874012,0.4095590440955904,DEPLETED,D.melanogaster|STRUCTURE_PAIRWISE_MFE|DSE,1.0,NOT_SIGNIFICANT
D.melanogaster,DSE,RNA_STRUCTURE,STRUCTURE_PAIRWISE_MFE,MFE,MULTILOOP,BULGE,7,123,46,7,3,116,43,0.056910569105691,0.0652173913043478,0.8726287262872628,0.8649425287356322,0.2139191723891994,3.497234818459694,1.0,-0.2079939118480815,1.1370967741935485,0.0291563275434243,10.99193548387097,0.8971102889711029,0.5667433256674332,0.4400559944005599,DEPLETED,D.melanogaster|STRUCTURE_PAIRWISE_MFE|DSE,1.0,NOT_SIGNIFICANT
D.melanogaster,DSE,RNA_STRUCTURE,STRUCTURE_PAIRWISE_MFE,MFE,MULTILOOP,EXTERIOR,7,123,6,7,0,116,6,0.056910569105691,0.0,inf,0.8369098712446352,0.0429470635016674,16.30887132852559,1.0,-0.1663212154475134,0.620967741935484,0.0564516129032258,1.75,0.9036096390360964,0.3405659434056594,0.734026597340266,ENRICHED,D.melanogaster|STRUCTURE_PAIRWISE_MFE|DSE,1.0,NOT_SIGNIFICANT
D.melanogaster,DSE,RNA_STRUCTURE,STRUCTURE_PAIRWISE_MFE,MFE,HAIRPIN,MULTILOOP,7,80,123,5,7,75,116,0.0625,0.056910569105691,1.0982142857142858,1.1047619047619048,0.3381714324339368,3.60911286157083,1.0,0.1156774826287584,0.990559186637618,0.0566986739826245,26.02469135802469,0.9453054694530548,0.475952404759524,0.5293470652934706,ENRICHED,D.melanogaster|STRUCTURE_PAIRWISE_MFE|DSE,1.0,NOT_SIGNIFICANT
D.melanogaster,DSE,RNA_STRUCTURE,STRUCTURE_PAIRWISE_MFE,MFE,HAIRPIN,BULGE,7,80,46,5,3,75,43,0.0625,0.0652173913043478,0.9583333333333334,0.9555555555555556,0.2175929210258048,4.196305722853923,1.0,-0.0923164292193229,0.8967452300785633,0.0386831275720164,12.185185185185183,0.9684031596840316,0.4994500549945005,0.5108489151084892,DEPLETED,D.melanogaster|STRUCTURE_PAIRWISE_MFE|DSE,1.0,NOT_SIGNIFICANT
D.melanogaster,DSE,RNA_STRUCTURE,STRUCTURE_PAIRWISE_MFE,MFE,HAIRPIN,EXTERIOR,7,80,6,5,0,75,6,0.0625,0.0,inf,0.9470198675496688,0.0469646067067266,19.09622356968103,1.0,-0.0506437328187549,0.6049382716049383,0.0864197530864197,1.9876543209876545,1.0,0.3298670132986701,0.7656234376562344,ENRICHED,D.melanogaster|STRUCTURE_PAIRWISE_MFE|DSE,1.0,NOT_SIGNIFICANT
D.melanogaster,DSE,RNA_STRUCTURE,STRUCTURE_PAIRWISE_MFE,MFE,BULGE,EXTERIOR,7,46,6,3,0,43,6,0.0652173913043478,0.0,inf,1.0459770114942528,0.0482779316347288,22.661863744540124,1.0,0.041672696400568,0.4468085106382978,0.1063829787234042,2.829787234042553,1.0,0.3023697630236976,0.7949205079492051,ENRICHED,D.melanogaster|STRUCTURE_PAIRWISE_MFE|DSE,1.0,NOT_SIGNIFICANT
D.melanogaster,MIRNA_ALL,RNA_STRUCTURE,STRUCTURE_PAIRWISE_MFE,MFE,HELIX,EXTERIOR,39,574,6,245,0,329,6,0.4268292682926829,0.0,inf,9.685887708649467,0.5430432571308647,172.76049278328225,0.0419078681403375,1.7879842360524836,5.0034782608695645,0.5802898550724638,5.904347826086957,0.0155984401559844,0.0155984401559844,0.9874012598740126,ENRICHED,D.melanogaster|STRUCTURE_PAIRWISE_MFE|MIRNA_ALL,0.233976602339766,NOT_SIGNIFICANT
D.melanogaster,MIRNA_ALL,RNA_STRUCTURE,STRUCTURE_PAIRWISE_MFE,MFE,INTERIOR_LOOP,EXTERIOR,39,135,6,66,0,69,6,0.4888888888888889,0.0,inf,12.43884892086331,0.6871161953464971,225.18020026880296,0.029822182428839,1.923604391541015,4.889705882352941,0.5433006535947712,6.948529411764706,0.0376962303769623,0.0376962303769623,0.9705029497050296,ENRICHED,D.melanogaster|STRUCTURE_PAIRWISE_MFE|MIRNA_ALL,0.273972602739726,NOT_SIGNIFICANT
D.melanogaster,MIRNA_ALL,RNA_STRUCTURE,STRUCTURE_PAIRWISE_MFE,MFE,MULTILOOP,EXTERIOR,39,123,6,65,0,58,6,0.5284552845528455,0.0,inf,14.555555555555555,0.8024789074522746,264.012169744741,0.0131807361289141,2.000825906651428,4.685483870967742,0.5080645161290323,7.849596774193508,0.0547945205479452,0.0546945305469453,0.9528047195280472,ENRICHED,D.melanogaster|STRUCTURE_PAIRWISE_MFE|MIRNA_ALL,0.273972602739726,NOT_SIGNIFICANT
D.melanogaster,MIRNA_ALL,RNA_STRUCTURE,STRUCTURE_PAIRWISE_MFE,MFE,HAIRPIN,EXTERIOR,39,80,6,39,0,41,6,0.4875,0.0,inf,12.373493975903614,0.6745255813160229,226.9793131833683,0.0297778258385158,1.920908846849896,4.753086419753086,0.5089163237311385,8.037037037037038,0.1236876312368763,0.1235876412358764,0.8961103889611038,ENRICHED,D.melanogaster|STRUCTURE_PAIRWISE_MFE|MIRNA_ALL,0.4638286171382861,NOT_SIGNIFICANT
D.melanogaster,MIRNA_ALL,RNA_STRUCTURE,STRUCTURE_PAIRWISE_MFE,MFE,BULGE,EXTERIOR,39,46,6,25,0,21,6,0.5434782608695652,0.0,inf,15.418604651162791,0.8206937871545719,289.6736555215122,0.0232389191355756,2.0275881800695803,4.070921985815604,0.3806146572104018,9.680851063829786,0.1655834416558344,0.163983601639836,0.8574142585741426,ENRICHED,D.melanogaster|STRUCTURE_PAIRWISE_MFE|MIRNA_ALL,0.4967503249675032,NOT_SIGNIFICANT
D.melanogaster,MIRNA_ALL,RNA_STRUCTURE,STRUCTURE_PAIRWISE_MFE,MFE,HELIX,INTERIOR_LOOP,39,574,135,245,66,329,69,0.4268292682926829,0.4888888888888889,0.873059866962306,0.7785299806576402,0.5346386146068608,1.1336796748743627,0.2104381258352096,-0.1356201554885315,0.9914800175669742,0.715999023361898,1.4952984524686808,0.475952404759524,0.7563243675632437,0.2438756124387561,DEPLETED,D.melanogaster|STRUCTURE_PAIRWISE_MFE|MIRNA_ALL,0.9934006599340066,NOT_SIGNIFICANT
D.melanogaster,MIRNA_ALL,RNA_STRUCTURE,STRUCTURE_PAIRWISE_MFE,MFE,HELIX,MULTILOOP,39,574,123,245,65,329,58,0.4268292682926829,0.5284552845528455,0.8076923076923077,0.6644844517184942,0.4495524142065709,0.9821759879877742,0.0454567787463708,-0.2128416705989444,0.9989405297351324,0.592643493476359,2.106128291329165,0.4995500449955004,0.7634236576342366,0.2367763223677632,DEPLETED,D.melanogaster|STRUCTURE_PAIRWISE_MFE|MIRNA_ALL,0.9934006599340066,NOT_SIGNIFICANT
D.melanogaster,MIRNA_ALL,RNA_STRUCTURE,STRUCTURE_PAIRWISE_MFE,MFE,HELIX,HAIRPIN,39,574,80,245,39,329,41,0.4268292682926829,0.4875,0.8755472170106317,0.7828696126568467,0.4899960641933329,1.250795414919213,0.336103273813311,-0.1329246107974125,0.9987133924676458,0.6039259578131726,2.083898050974513,0.6655334466553344,0.67003299670033,0.3300669933006699,DEPLETED,D.melanogaster|STRUCTURE_PAIRWISE_MFE|MIRNA_ALL,0.9934006599340066,NOT_SIGNIFICANT
D.melanogaster,MIRNA_ALL,RNA_STRUCTURE,STRUCTURE_PAIRWISE_MFE,MFE,HELIX,BULGE,39,574,46,245,25,329,21,0.4268292682926829,0.5434782608695652,0.7853658536585366,0.625531914893617,0.3421729833881572,1.1435449189353448,0.163645839544187,-0.2396039440170969,1.0130698287220026,0.4917747683535282,3.678260869565217,0.6664333566643336,0.6905309469053095,0.3095690430956904,DEPLETED,D.melanogaster|STRUCTURE_PAIRWISE_MFE|MIRNA_ALL,0.9934006599340066,NOT_SIGNIFICANT
D.melanogaster,MIRNA_ALL,RNA_STRUCTURE,STRUCTURE_PAIRWISE_MFE,MFE,INTERIOR_LOOP,MULTILOOP,39,135,123,66,65,69,58,0.4888888888888889,0.5284552845528455,0.9251282051282051,0.8535117056856187,0.5233553366571669,1.3919457407187563,0.5357672299183868,-0.0772215151104129,1.0090196078431373,0.5036919786096258,2.3375227634051154,0.8268173182681732,0.5999400059994,0.4001599840015998,DEPLETED,D.melanogaster|STRUCTURE_PAIRWISE_MFE|MIRNA_ALL,0.9934006599340066,NOT_SIGNIFICANT
D.melanogaster,MIRNA_ALL,RNA_STRUCTURE,STRUCTURE_PAIRWISE_MFE,MFE,HAIRPIN,MULTILOOP,39,80,123,39,65,41,58,0.4875,0.5284552845528455,0.9225,0.848780487804878,0.4831354947953821,1.4911517043130995,0.6665817130926297,-0.0799170598015319,1.0029799914857385,0.4199715940128919,2.405643738977072,0.8428157184281572,0.5823417658234177,0.4180581941805819,DEPLETED,D.melanogaster|STRUCTURE_PAIRWISE_MFE|MIRNA_ALL,0.9934006599340066,NOT_SIGNIFICANT
D.melanogaster,MIRNA_ALL,RNA_STRUCTURE,STRUCTURE_PAIRWISE_MFE,MFE,INTERIOR_LOOP,BULGE,39,135,46,66,25,69,21,0.4888888888888889,0.5434782608695652,0.8995555555555556,0.8034782608695652,0.410663024729238,1.572036625687518,0.6091623972789215,-0.1039837885285653,1.0190422322775263,0.4331421445676476,3.8646538918597697,0.8537146285371463,0.5900409959004099,0.4101589841015898,DEPLETED,D.melanogaster|STRUCTURE_PAIRWISE_MFE|MIRNA_ALL,0.9934006599340066,NOT_SIGNIFICANT
D.melanogaster,MIRNA_ALL,RNA_STRUCTURE,STRUCTURE_PAIRWISE_MFE,MFE,HAIRPIN,BULGE,39,80,46,39,25,41,21,0.4875,0.5434782608695652,0.897,0.7990243902439025,0.3861426498171644,1.6533785545495596,0.5824851156241616,-0.1066793332196843,1.0100594421582076,0.3537813439136569,4.167227833894501,0.8666133386661334,0.5724427557244276,0.4282571742825717,DEPLETED,D.melanogaster|STRUCTURE_PAIRWISE_MFE|MIRNA_ALL,0.9934006599340066,NOT_SIGNIFICANT
D.melanogaster,MIRNA_ALL,RNA_STRUCTURE,STRUCTURE_PAIRWISE_MFE,MFE,MULTILOOP,BULGE,39,123,46,65,25,58,21,0.5284552845528455,0.5434782608695652,0.9723577235772358,0.9413793103448276,0.4770824654316039,1.857530029202784,1.0,-0.0267622734181524,1.0158064516129033,0.3494972769166318,4.169354838709677,0.966003399660034,0.5282471752824718,0.4721527847215278,DEPLETED,D.melanogaster|STRUCTURE_PAIRWISE_MFE|MIRNA_ALL,0.9934006599340066,NOT_SIGNIFICANT
D.melanogaster,MIRNA_ALL,RNA_STRUCTURE,STRUCTURE_PAIRWISE_MFE,MFE,HAIRPIN,INTERIOR_LOOP,39,80,135,39,66,41,69,0.4875,0.4888888888888889,0.9971590909090908,0.9944567627494456,0.5718920496002863,1.729249870966579,1.0,-0.0026955446911189,0.9901867679645456,0.4405803310712764,1.9277549154092364,0.9934006599340066,0.4908509149085091,0.5093490650934906,DEPLETED,D.melanogaster|STRUCTURE_PAIRWISE_MFE|MIRNA_ALL,0.9934006599340066,NOT_SIGNIFICANT
D.melanogaster,MIRNA_CONSERVED,RNA_STRUCTURE,STRUCTURE_PAIRWISE_MFE,MFE,HAIRPIN,INTERIOR_LOOP,6,80,135,13,2,67,133,0.1625,0.0148148148148148,10.96875,12.902985074626866,2.829358388556812,58.84267772841774,6.804062907244276e-05,2.204604684633842,0.9040835707502374,0.0671604938271604,13.991769547325102,0.1628837116288371,0.0428957104289571,0.958004199580042,ENRICHED,D.melanogaster|STRUCTURE_PAIRWISE_MFE|MIRNA_CONSERVED,0.7594865513448655,NOT_SIGNIFICANT
D.melanogaster,MIRNA_CONSERVED,RNA_STRUCTURE,STRUCTURE_PAIRWISE_MFE,MFE,INTERIOR_LOOP,EXTERIOR,6,135,6,2,0,133,6,0.0148148148148148,0.0,inf,0.2434456928838951,0.0105705857342218,5.606671841452348,1.0,-1.3573068242466382,0.5661764705882354,0.0514705882352941,1.4926470588235294,0.2010798920107989,0.8759124087591241,0.2010798920107989,ENRICHED,D.melanogaster|STRUCTURE_PAIRWISE_MFE|MIRNA_CONSERVED,0.7594865513448655,NOT_SIGNIFICANT
D.melanogaster,MIRNA_CONSERVED,RNA_STRUCTURE,STRUCTURE_PAIRWISE_MFE,MFE,HELIX,INTERIOR_LOOP,6,574,135,25,2,549,133,0.0435540069686411,0.0148148148148148,2.939895470383276,3.028233151183971,0.7084161680716738,12.94464529640974,0.1380951614051431,0.8806725652289269,1.010592885375494,0.3343928035982009,9.224347826086955,0.2125787421257874,0.1497850214978502,0.855014498550145,ENRICHED,D.melanogaster|STRUCTURE_PAIRWISE_MFE|MIRNA_CONSERVED,0.7594865513448655,NOT_SIGNIFICANT
D.melanogaster,MIRNA_CONSERVED,RNA_STRUCTURE,STRUCTURE_PAIRWISE_MFE,MFE,HAIRPIN,MULTILOOP,6,80,123,13,2,67,121,0.1625,0.016260162601626,9.99375,11.738805970149254,2.5716501732841763,53.58410215991086,0.0001386454959054,2.1122313645028266,1.0853746162388136,0.0527884206045125,29.08641975308642,0.2926707329267073,0.1367863213678632,0.8638136186381362,ENRICHED,D.melanogaster|STRUCTURE_PAIRWISE_MFE|MIRNA_CONSERVED,0.7594865513448655,NOT_SIGNIFICANT
D.melanogaster,MIRNA_CONSERVED,RNA_STRUCTURE,STRUCTURE_PAIRWISE_MFE,MFE,HELIX,HAIRPIN,6,574,80,25,13,549,67,0.0435540069686411,0.1625,0.2680246582685607,0.2346924478072019,0.1146268736967884,0.4805203464192482,0.0002269342709262,-1.323932119404915,1.066583850931677,0.2226323382087758,9.72,0.3448655134486551,0.9546045395460454,0.0457954204579542,DEPLETED,D.melanogaster|STRUCTURE_PAIRWISE_MFE|MIRNA_CONSERVED,0.7594865513448655,NOT_SIGNIFICANT
D.melanogaster,MIRNA_CONSERVED,RNA_STRUCTURE,STRUCTURE_PAIRWISE_MFE,MFE,MULTILOOP,EXTERIOR,6,123,6,2,0,121,6,0.016260162601626,0.0,inf,0.2674897119341564,0.0116093341410852,6.163208425313621,1.0,-1.264933504115623,0.5080645161290324,0.0564516129032258,1.8629032258064515,0.3567643235676432,0.7117288271172882,0.3567643235676432,ENRICHED,D.melanogaster|STRUCTURE_PAIRWISE_MFE|MIRNA_CONSERVED,0.7594865513448655,NOT_SIGNIFICANT
D.melanogaster,MIRNA_CONSERVED,RNA_STRUCTURE,STRUCTURE_PAIRWISE_MFE,MFE,HAIRPIN,BULGE,6,80,46,13,1,67,45,0.1625,0.0217391304347826,7.475,8.73134328358209,1.10312616859139,69.10937090097526,0.0171823420848198,1.652923024373839,0.9670781893004116,0.0341321713870733,13.345679012345675,0.3723627637236276,0.2186781321867813,0.8203179682031797,ENRICHED,D.melanogaster|STRUCTURE_PAIRWISE_MFE|MIRNA_CONSERVED,0.7594865513448655,NOT_SIGNIFICANT
D.melanogaster,MIRNA_CONSERVED,RNA_STRUCTURE,STRUCTURE_PAIRWISE_MFE,MFE,HAIRPIN,EXTERIOR,6,80,6,13,0,67,6,0.1625,0.0,inf,2.6,0.138105377711402,48.94813013093762,0.5846809881412809,0.8472978603872037,0.6049382716049383,0.0864197530864197,2.1604938271604937,0.4050594940505949,0.0192980701929807,0.987901209879012,ENRICHED,D.melanogaster|STRUCTURE_PAIRWISE_MFE|MIRNA_CONSERVED,0.7594865513448655,NOT_SIGNIFICANT
D.melanogaster,MIRNA_CONSERVED,RNA_STRUCTURE,STRUCTURE_PAIRWISE_MFE,MFE,HELIX,MULTILOOP,6,574,123,25,2,549,121,0.0435540069686411,0.016260162601626,2.6785714285714284,2.755009107468124,0.6438640123014847,11.788320262071595,0.2011685738558149,0.7882992450979118,1.117470355731225,0.2295652173913043,14.448695652173914,0.4800519948005199,0.3226677332266773,0.6823317668233176,ENRICHED,D.melanogaster|STRUCTURE_PAIRWISE_MFE|MIRNA_CONSERVED,0.7941705829417058,NOT_SIGNIFICANT
D.melanogaster,MIRNA_CONSERVED,RNA_STRUCTURE,STRUCTURE_PAIRWISE_MFE,MFE,HELIX,EXTERIOR,6,574,6,25,0,549,6,0.0435540069686411,0.0,inf,0.6032757051865332,0.0330693950789378,11.005389593597544,1.0,-0.4766342590177113,0.6208695652173913,0.1533101449275363,0.8643478260869566,0.5294470552944706,0.5441455854414559,0.5294470552944706,ENRICHED,D.melanogaster|STRUCTURE_PAIRWISE_MFE|MIRNA_CONSERVED,0.7941705829417058,NOT_SIGNIFICANT
D.melanogaster,MIRNA_CONSERVED,RNA_STRUCTURE,STRUCTURE_PAIRWISE_MFE,MFE,BULGE,EXTERIOR,6,46,6,1,0,45,6,0.0217391304347826,0.0,inf,0.4285714285714285,0.015736117417046,11.67209576034247,1.0,-0.8056251639866356,0.4468085106382978,0.1489361702127659,3.1276595744680846,0.6882311768823117,0.5436456354364564,0.6257374262573743,ENRICHED,D.melanogaster|STRUCTURE_PAIRWISE_MFE|MIRNA_CONSERVED,0.9208007770651506,NOT_SIGNIFICANT
D.melanogaster,MIRNA_CONSERVED,RNA_STRUCTURE,STRUCTURE_PAIRWISE_MFE,MFE,INTERIOR_LOOP,BULGE,6,135,46,2,1,133,45,0.0148148148148148,0.0217391304347826,0.6814814814814816,0.6766917293233082,0.0599214721797693,7.641863256643577,1.0,-0.5516816602600026,1.4975490196078431,0.0691176470588235,9.330882352941176,0.7437256274372562,0.7091290870912909,0.3078692130786921,DEPLETED,D.melanogaster|STRUCTURE_PAIRWISE_MFE|MIRNA_CONSERVED,0.9208007770651506,NOT_SIGNIFICANT
D.melanogaster,MIRNA_CONSERVED,RNA_STRUCTURE,STRUCTURE_PAIRWISE_MFE,MFE,MULTILOOP,BULGE,6,123,46,2,1,121,45,0.016260162601626,0.0217391304347826,0.7479674796747968,0.743801652892562,0.0658251993731221,8.404697655524417,1.0,-0.4593083401289876,1.1370967741935485,0.025268817204301,11.750000000000002,0.8383161683831617,0.6118388161183882,0.4054594540545945,DEPLETED,D.melanogaster|STRUCTURE_PAIRWISE_MFE|MIRNA_CONSERVED,0.9208007770651506,NOT_SIGNIFICANT
D.melanogaster,MIRNA_CONSERVED,RNA_STRUCTURE,STRUCTURE_PAIRWISE_MFE,MFE,HELIX,BULGE,6,574,46,25,1,549,45,0.0435540069686411,0.0217391304347826,2.0034843205574915,2.0491803278688523,0.2713491197138821,15.475045655399152,0.7124838146997032,0.3289909049689243,1.607536231884058,0.1586700767263427,5.476521739130436,0.8594140585941406,0.5561443855614439,0.4568543145685431,ENRICHED,D.melanogaster|STRUCTURE_PAIRWISE_MFE|MIRNA_CONSERVED,0.9208007770651506,NOT_SIGNIFICANT
D.melanogaster,MIRNA_CONSERVED,RNA_STRUCTURE,STRUCTURE_PAIRWISE_MFE,MFE,INTERIOR_LOOP,MULTILOOP,6,135,123,2,2,133,121,0.0148148148148148,0.016260162601626,0.9111111111111112,0.9097744360902256,0.1261901198057594,6.559067586569573,1.0,-0.092373320131015,1.1143790849673203,0.0781512605042016,22.794117647058822,0.9765023497650236,0.5404459554044595,0.4738526147385261,DEPLETED,D.melanogaster|STRUCTURE_PAIRWISE_MFE|MIRNA_CONSERVED,0.9765023497650236,NOT_SIGNIFICANT
D.melanogaster,MIRNA_WEAK,RNA_STRUCTURE,STRUCTURE_PAIRWISE_MFE,MFE,INTERIOR_LOOP,EXTERIOR,37,135,6,65,0,70,6,0.4814814814814814,0.0,inf,12.078014184397164,0.6671725741990092,218.6517136344177,0.0307406217390423,1.908452586520413,4.6838235294117645,0.5204248366013071,6.74264705882353,0.0303969603039696,0.0303969603039696,0.9766023397660234,ENRICHED,D.melanogaster|STRUCTURE_PAIRWISE_MFE|MIRNA_WEAK,0.2614738526147385,NOT_SIGNIFICANT
D.melanogaster,MIRNA_WEAK,RNA_STRUCTURE,STRUCTURE_PAIRWISE_MFE,MFE,HELIX,EXTERIOR,37,574,6,228,0,346,6,0.397212543554007,0.0,inf,8.572871572871573,0.480592162423639,152.92410644883728,0.0862401072004852,1.7162234991521677,4.7843478260869565,0.5559420289855072,5.636521739130434,0.0437956204379562,0.0437956204379562,0.9624037596240376,ENRICHED,D.melanogaster|STRUCTURE_PAIRWISE_MFE|MIRNA_WEAK,0.2614738526147385,NOT_SIGNIFICANT
D.melanogaster,MIRNA_WEAK,RNA_STRUCTURE,STRUCTURE_PAIRWISE_MFE,MFE,MULTILOOP,EXTERIOR,37,123,6,63,0,60,6,0.5121951219512195,0.0,inf,13.644628099173554,0.7522995295067856,247.47573095893745,0.0279183070866141,1.969815669908868,4.459677419354838,0.4758064516129032,7.620967741935485,0.0522947705229477,0.0518948105189481,0.9548045195480452,ENRICHED,D.melanogaster|STRUCTURE_PAIRWISE_MFE|MIRNA_WEAK,0.2614738526147385,NOT_SIGNIFICANT
D.melanogaster,MIRNA_WEAK,RNA_STRUCTURE,STRUCTURE_PAIRWISE_MFE,MFE,BULGE,EXTERIOR,37,46,6,24,0,22,6,0.5217391304347826,0.0,inf,14.155555555555557,0.7536950841861322,265.8631551283066,0.0251165605358346,1.9875828454558813,4.021276595744681,0.3475177304964538,9.680851063829786,0.1611838816118388,0.1591840815918408,0.8615138486151385,ENRICHED,D.melanogaster|STRUCTURE_PAIRWISE_MFE|MIRNA_WEAK,0.5738426157384262,NOT_SIGNIFICANT
D.melanogaster,MIRNA_WEAK,RNA_STRUCTURE,STRUCTURE_PAIRWISE_MFE,MFE,HAIRPIN,EXTERIOR,37,80,6,35,0,45,6,0.4375,0.0,inf,10.142857142857142,0.5526572632356924,186.1507264341044,0.076972160400599,1.81414087142419,4.580246913580248,0.4814253647586981,7.864197530864197,0.1912808719128087,0.1907809219078092,0.8376162383761624,ENRICHED,D.melanogaster|STRUCTURE_PAIRWISE_MFE|MIRNA_WEAK,0.5738426157384262,NOT_SIGNIFICANT
D.melanogaster,MIRNA_WEAK,RNA_STRUCTURE,STRUCTURE_PAIRWISE_MFE,MFE,HELIX,INTERIOR_LOOP,37,574,135,228,65,346,70,0.397212543554007,0.4814814814814814,0.8249798981506299,0.7096487327701201,0.4868857080463471,1.0343317037235749,0.0806201488816614,-0.1922290873682453,0.98932211313698,0.6988950637463224,1.5173944664031618,0.3220677932206779,0.8378162183781622,0.1622837716228377,DEPLETED,D.melanogaster|STRUCTURE_PAIRWISE_MFE|MIRNA_WEAK,0.8051694830516948,NOT_SIGNIFICANT
D.melanogaster,MIRNA_WEAK,RNA_STRUCTURE,STRUCTURE_PAIRWISE_MFE,MFE,HELIX,MULTILOOP,37,574,123,228,63,346,60,0.397212543554007,0.5121951219512195,0.7755102040816326,0.6275805119735756,0.4244420520606914,0.9279412751324112,0.020630582258758,-0.2535921707567001,0.998389694041868,0.5848486956521739,2.2039944385530794,0.4332566743325667,0.8011198880111989,0.1990800919908009,DEPLETED,D.melanogaster|STRUCTURE_PAIRWISE_MFE|MIRNA_WEAK,0.9284071592840716,NOT_SIGNIFICANT
D.melanogaster,MIRNA_WEAK,RNA_STRUCTURE,STRUCTURE_PAIRWISE_MFE,MFE,HELIX,BULGE,37,574,46,228,24,346,22,0.397212543554007,0.5217391304347826,0.7613240418118468,0.6040462427745664,0.3307812829608859,1.1030607903326128,0.1184369629903058,-0.2713593463037138,1.036241234221599,0.4787499792960662,3.787246376811594,0.6264373562643736,0.7219278072192781,0.2788721127887211,DEPLETED,D.melanogaster|STRUCTURE_PAIRWISE_MFE|MIRNA_WEAK,0.9520833630922624,NOT_SIGNIFICANT
D.melanogaster,MIRNA_WEAK,RNA_STRUCTURE,STRUCTURE_PAIRWISE_MFE,MFE,HAIRPIN,MULTILOOP,37,80,123,35,63,45,60,0.4375,0.5121951219512195,0.8541666666666666,0.7407407407407407,0.4206694718045731,1.3043419638685945,0.3173158756067508,-0.1556747984846777,0.9989397710082822,0.3968907178783722,2.497824054263933,0.7065293470652935,0.6495350464953504,0.3506649335066493,DEPLETED,D.melanogaster|STRUCTURE_PAIRWISE_MFE|MIRNA_WEAK,0.9520833630922624,NOT_SIGNIFICANT
D.melanogaster,MIRNA_WEAK,RNA_STRUCTURE,STRUCTURE_PAIRWISE_MFE,MFE,HELIX,HAIRPIN,37,574,80,228,35,346,45,0.397212543554007,0.4375,0.9079143852663016,0.847233691164327,0.5282988625793794,1.35870996189411,0.5431801057724048,-0.0979173722720224,0.9910297482837528,0.595969144460028,2.2070374812593694,0.7564243575642435,0.6175382461753824,0.382961703829617,DEPLETED,D.melanogaster|STRUCTURE_PAIRWISE_MFE|MIRNA_WEAK,0.9520833630922624,NOT_SIGNIFICANT
D.melanogaster,MIRNA_WEAK,RNA_STRUCTURE,STRUCTURE_PAIRWISE_MFE,MFE,HAIRPIN,BULGE,37,80,46,35,24,45,22,0.4375,0.5217391304347826,0.8385416666666667,0.7129629629629629,0.3443113797773287,1.47632700053557,0.458532951547687,-0.1734419740316914,1.0294703305455994,0.3326153846153846,4.4485596707818935,0.7832216778322167,0.6245375462453755,0.3761623837616238,DEPLETED,D.melanogaster|STRUCTURE_PAIRWISE_MFE|MIRNA_WEAK,0.9520833630922624,NOT_SIGNIFICANT
D.melanogaster,MIRNA_WEAK,RNA_STRUCTURE,STRUCTURE_PAIRWISE_MFE,MFE,HAIRPIN,INTERIOR_LOOP,37,80,135,35,65,45,70,0.4375,0.4814814814814814,0.9086538461538464,0.8376068376068376,0.4803772920823964,1.460487883106241,0.5730658030078293,-0.0943117150962228,0.997491043766152,0.4142295444723701,1.9542602712001615,0.8092190780921907,0.5882411758824118,0.4120587941205879,DEPLETED,D.melanogaster|STRUCTURE_PAIRWISE_MFE|MIRNA_WEAK,0.9520833630922624,NOT_SIGNIFICANT
D.melanogaster,MIRNA_WEAK,RNA_STRUCTURE,STRUCTURE_PAIRWISE_MFE,MFE,INTERIOR_LOOP,MULTILOOP,37,135,123,65,63,70,60,0.4814814814814814,0.5121951219512195,0.9400352733686066,0.8843537414965986,0.5423953786710062,1.4419030302494706,0.708519551723043,-0.0613630833884548,1.0098039215686274,0.5032941176470588,2.4548573975044548,0.8717128287171283,0.5734426557344265,0.4266573342665733,DEPLETED,D.melanogaster|STRUCTURE_PAIRWISE_MFE|MIRNA_WEAK,0.9520833630922624,NOT_SIGNIFICANT
D.melanogaster,MIRNA_WEAK,RNA_STRUCTURE,STRUCTURE_PAIRWISE_MFE,MFE,INTERIOR_LOOP,BULGE,37,135,46,65,24,70,22,0.4814814814814814,0.5217391304347826,0.9228395061728396,0.8511904761904762,0.4356374194587443,1.6631381841751625,0.7331781750654174,-0.0791302589354685,1.036764705882353,0.4209893048128342,4.052807486631016,0.8886111388861114,0.5872412758724127,0.4130586941305869,DEPLETED,D.melanogaster|STRUCTURE_PAIRWISE_MFE|MIRNA_WEAK,0.9520833630922624,NOT_SIGNIFICANT
D.melanogaster,MIRNA_WEAK,RNA_STRUCTURE,STRUCTURE_PAIRWISE_MFE,MFE,MULTILOOP,BULGE,37,123,46,63,24,60,22,0.5121951219512195,0.5217391304347826,0.9817073170731708,0.9625,0.4885931616068229,1.896068800785818,1.0,-0.0177671755470137,1.022238514173998,0.3391341256366723,4.337813620071685,0.9783021697830216,0.5244475552444755,0.4757524247575243,DEPLETED,D.melanogaster|STRUCTURE_PAIRWISE_MFE|MIRNA_WEAK,0.9783021697830218,NOT_SIGNIFICANT
D.melanogaster,PAS,RNA_STRUCTURE,STRUCTURE_PAIRWISE_MFE,MFE,HAIRPIN,BULGE,9,80,46,14,0,66,46,0.175,0.0,inf,20.278195488721803,1.1799990095814692,348.47928594844035,0.0019850359714735,2.822994277024094,1.0776014109347445,0.0386831275720164,14.506172839506176,0.0660933906609339,0.0144985501449855,0.9902009799020098,ENRICHED,D.melanogaster|STRUCTURE_PAIRWISE_MFE|PAS,0.623000199980002,NOT_SIGNIFICANT
D.melanogaster,PAS,RNA_STRUCTURE,STRUCTURE_PAIRWISE_MFE,MFE,INTERIOR_LOOP,BULGE,9,135,46,9,0,126,46,0.0666666666666666,0.0,inf,6.984189723320158,0.3985136916845739,122.40208331396484,0.1143285671332963,1.881931695140447,1.2671568627450982,0.1151960784313725,11.404411764705882,0.2084791520847915,0.1647835216478352,0.8653134686531346,ENRICHED,D.melanogaster|STRUCTURE_PAIRWISE_MFE|PAS,0.623000199980002,NOT_SIGNIFICANT
D.melanogaster,PAS,RNA_STRUCTURE,STRUCTURE_PAIRWISE_MFE,MFE,HELIX,EXTERIOR,9,574,6,29,0,545,6,0.0505226480836236,0.0,inf,0.7030247479376719,0.0386728066166916,12.7801377622152,1.0,-0.3309224478363177,0.84,0.1679999999999999,1.1321739130434785,0.2322767723227677,0.8064193580641936,0.2322767723227677,ENRICHED,D.melanogaster|STRUCTURE_PAIRWISE_MFE|PAS,0.623000199980002,NOT_SIGNIFICANT
D.melanogaster,PAS,RNA_STRUCTURE,STRUCTURE_PAIRWISE_MFE,MFE,HELIX,HAIRPIN,9,574,80,29,14,545,66,0.0505226480836236,0.175,0.2887008461921354,0.2508519003931848,0.1261851216119361,0.4986853848300283,0.0002311796028983,-1.2496792722056662,1.037312252964427,0.2765217391304348,12.255652173913044,0.2374762523747625,0.9728027197280272,0.0277972202779722,DEPLETED,D.melanogaster|STRUCTURE_PAIRWISE_MFE|PAS,0.623000199980002,NOT_SIGNIFICANT
D.melanogaster,PAS,RNA_STRUCTURE,STRUCTURE_PAIRWISE_MFE,MFE,MULTILOOP,BULGE,9,123,46,8,0,115,46,0.065040650406504,0.0,inf,6.8441558441558445,0.3871026996242616,121.0078598381254,0.1091017553824185,1.8630793801612375,1.1370967741935485,0.0344574780058651,13.266129032258064,0.2652734726527347,0.1604839516048395,0.8591140885911409,ENRICHED,D.melanogaster|STRUCTURE_PAIRWISE_MFE|PAS,0.623000199980002,NOT_SIGNIFICANT
D.melanogaster,PAS,RNA_STRUCTURE,STRUCTURE_PAIRWISE_MFE,MFE,HELIX,BULGE,9,574,46,29,0,545,46,0.0505226480836236,0.0,inf,5.029330889092575,0.3024150195418708,83.64058514785049,0.1567236227990582,1.5733150048184277,1.4222608695652177,0.1985093167701863,7.274782608695653,0.3026697330266973,0.2725727427257274,0.7413258674132587,ENRICHED,D.melanogaster|STRUCTURE_PAIRWISE_MFE|PAS,0.623000199980002,NOT_SIGNIFICANT
D.melanogaster,PAS,RNA_STRUCTURE,STRUCTURE_PAIRWISE_MFE,MFE,HAIRPIN,EXTERIOR,9,80,6,14,0,66,6,0.175,0.0,inf,2.8345864661654137,0.1510484377224156,53.194065131173126,0.5833680724030552,0.9187568243693486,0.7777777777777778,0.0864197530864197,2.506172839506173,0.3042695730426957,0.0298970102989701,0.9805019498050196,ENRICHED,D.melanogaster|STRUCTURE_PAIRWISE_MFE|PAS,0.623000199980002,NOT_SIGNIFICANT
D.melanogaster,PAS,RNA_STRUCTURE,STRUCTURE_PAIRWISE_MFE,MFE,BULGE,EXTERIOR,9,46,6,0,0,46,6,0.0,0.0,,0.1397849462365591,0.0025474795646154,7.670260231236682,1.0,-1.9042374526547452,0.4468085106382978,0.0893617021276595,3.723404255319149,0.3322667733226677,0.9724027597240276,0.3322667733226677,NEUTRAL,D.melanogaster|STRUCTURE_PAIRWISE_MFE|PAS,0.623000199980002,NOT_SIGNIFICANT
D.melanogaster,PAS,RNA_STRUCTURE,STRUCTURE_PAIRWISE_MFE,MFE,HAIRPIN,INTERIOR_LOOP,9,80,135,14,9,66,126,0.175,0.0666666666666666,2.625,2.9696969696969697,1.2210053413624231,7.222818601257574,0.0207687655638644,0.9410625818836468,0.9720597790773228,0.0578969774372073,7.435626102292768,0.4223577642235776,0.1654834516548345,0.8356164383561644,ENRICHED,D.melanogaster|STRUCTURE_PAIRWISE_MFE|PAS,0.7039296070392961,NOT_SIGNIFICANT
D.melanogaster,PAS,RNA_STRUCTURE,STRUCTURE_PAIRWISE_MFE,MFE,HAIRPIN,MULTILOOP,9,80,123,14,8,66,115,0.175,0.065040650406504,2.6906249999999994,3.0492424242424243,1.2153058169274882,7.650649928843858,0.0197518676094342,0.959914896862856,1.002979991485739,0.0493827160493827,26.02469135802469,0.4803519648035196,0.2236776322367763,0.7768223177682232,ENRICHED,D.melanogaster|STRUCTURE_PAIRWISE_MFE|PAS,0.7205279472052795,NOT_SIGNIFICANT
D.melanogaster,PAS,RNA_STRUCTURE,STRUCTURE_PAIRWISE_MFE,MFE,HELIX,INTERIOR_LOOP,9,574,135,29,9,545,126,0.0505226480836236,0.0666666666666666,0.7578397212543554,0.744954128440367,0.3440411425878629,1.6130531636593994,0.5226707144389292,-0.3086166903220195,1.0156521739130435,0.3899412455934195,4.96695652173913,0.5865413458654135,0.7311268873112688,0.2720727927207279,DEPLETED,D.melanogaster|STRUCTURE_PAIRWISE_MFE|PAS,0.7998291079982912,NOT_SIGNIFICANT
D.melanogaster,PAS,RNA_STRUCTURE,STRUCTURE_PAIRWISE_MFE,MFE,HELIX,MULTILOOP,9,574,123,29,8,545,115,0.0505226480836236,0.065040650406504,0.7767857142857142,0.7649082568807339,0.3409022061392897,1.7162829424614,0.5074918682249208,-0.2897643753428102,1.0528900255754476,0.2820066889632107,17.899130434782606,0.7195280471952805,0.6706329367063294,0.3322667733226677,DEPLETED,D.melanogaster|STRUCTURE_PAIRWISE_MFE|PAS,0.8994100589941006,NOT_SIGNIFICANT
D.melanogaster,PAS,RNA_STRUCTURE,STRUCTURE_PAIRWISE_MFE,MFE,INTERIOR_LOOP,MULTILOOP,9,135,123,9,8,126,115,0.0666666666666666,0.065040650406504,1.025,1.0267857142857142,0.3833032280688666,2.75053489210846,1.0,0.0188523149792094,1.0520361990950229,0.1381461675579322,22.794117647058822,0.9882011798820118,0.5149485051494851,0.4911508849115088,ENRICHED,D.melanogaster|STRUCTURE_PAIRWISE_MFE|PAS,1.0,NOT_SIGNIFICANT
D.melanogaster,PAS,RNA_STRUCTURE,STRUCTURE_PAIRWISE_MFE,MFE,INTERIOR_LOOP,EXTERIOR,9,135,6,9,0,126,6,0.0666666666666666,0.0,inf,0.9762845849802372,0.0510425171668159,18.673287364630387,1.0,-0.0223057575142981,0.875,0.1086601307189542,1.801470588235294,1.0,0.4126587341265873,0.6725327467253275,ENRICHED,D.melanogaster|STRUCTURE_PAIRWISE_MFE|PAS,1.0,NOT_SIGNIFICANT
D.melanogaster,PAS,RNA_STRUCTURE,STRUCTURE_PAIRWISE_MFE,MFE,MULTILOOP,EXTERIOR,9,123,6,8,0,115,6,0.065040650406504,0.0,inf,0.9567099567099568,0.0495938595753901,18.455791686803117,1.0,-0.0411580724935075,0.7338709677419355,0.0564516129032258,2.314516129032258,1.0,0.4237576242375762,0.6342365763423657,ENRICHED,D.melanogaster|STRUCTURE_PAIRWISE_MFE|PAS,1.0,NOT_SIGNIFICANT
D.melanogaster,UGUA,RNA_STRUCTURE,STRUCTURE_PAIRWISE_MFE,MFE,HELIX,MULTILOOP,11,574,123,37,1,537,122,0.0644599303135888,0.008130081300813,7.928571428571427,8.405959031657355,1.1421671812348615,61.86497773951726,0.0078083656033862,1.6847873496758872,1.0390513833992094,0.2917371288780163,14.017391304347829,0.1078892110788921,0.105989401059894,0.8951104889511049,ENRICHED,D.melanogaster|STRUCTURE_PAIRWISE_MFE|UGUA,0.8266900582669006,NOT_SIGNIFICANT
D.melanogaster,UGUA,RNA_STRUCTURE,STRUCTURE_PAIRWISE_MFE,MFE,MULTILOOP,EXTERIOR,11,123,6,1,0,122,6,0.008130081300813,0.0,inf,0.1591836734693877,0.0058920247398975,4.300633995581149,1.0,-1.7757591278816138,0.620967741935484,0.0564516129032258,1.6370967741935485,0.200979902009799,0.8627137286271372,0.200979902009799,ENRICHED,D.melanogaster|STRUCTURE_PAIRWISE_MFE|UGUA,0.8266900582669006,NOT_SIGNIFICANT
D.melanogaster,UGUA,RNA_STRUCTURE,STRUCTURE_PAIRWISE_MFE,MFE,HELIX,HAIRPIN,11,574,80,37,1,537,79,0.0644599303135888,0.0125,5.156794425087107,5.443202979515829,0.7364348692853019,40.23228653602992,0.0721309864844497,1.258954938743289,0.9860869565217392,0.2633648393194707,9.43826086956522,0.2462753724627537,0.2130786921307869,0.7881211878812119,ENRICHED,D.melanogaster|STRUCTURE_PAIRWISE_MFE|UGUA,0.8266900582669006,NOT_SIGNIFICANT
D.melanogaster,UGUA,RNA_STRUCTURE,STRUCTURE_PAIRWISE_MFE,MFE,HELIX,INTERIOR_LOOP,11,574,135,37,4,537,131,0.0644599303135888,0.0296296296296296,2.175522648083624,2.2565176908752327,0.7903158501420374,6.442831797334913,0.1510277345909789,0.6785483811387926,0.993391304347826,0.3609798030046761,5.28231884057971,0.2828717128287171,0.1725827417258274,0.8287171282871713,ENRICHED,D.melanogaster|STRUCTURE_PAIRWISE_MFE|UGUA,0.8266900582669006,NOT_SIGNIFICANT
D.melanogaster,UGUA,RNA_STRUCTURE,STRUCTURE_PAIRWISE_MFE,MFE,HAIRPIN,EXTERIOR,11,80,6,1,0,79,6,0.0125,0.0,inf,0.2452830188679245,0.0090555872821725,6.643827448210358,1.0,-1.349926716949016,0.6049382716049383,0.0864197530864197,1.9876543209876545,0.3314668533146685,0.7539246075392461,0.3314668533146685,ENRICHED,D.melanogaster|STRUCTURE_PAIRWISE_MFE|UGUA,0.8266900582669006,NOT_SIGNIFICANT
D.melanogaster,UGUA,RNA_STRUCTURE,STRUCTURE_PAIRWISE_MFE,MFE,INTERIOR_LOOP,MULTILOOP,11,135,123,4,1,131,122,0.0296296296296296,0.008130081300813,3.644444444444445,3.725190839694657,0.4106308032446216,33.79446130805273,0.3728512890768469,1.0062389685370945,1.0333333333333332,0.118925831202046,19.14705882352941,0.3540645935406459,0.2080791920807919,0.8164183581641836,ENRICHED,D.melanogaster|STRUCTURE_PAIRWISE_MFE|UGUA,0.8266900582669006,NOT_SIGNIFICANT
D.melanogaster,UGUA,RNA_STRUCTURE,STRUCTURE_PAIRWISE_MFE,MFE,INTERIOR_LOOP,EXTERIOR,11,135,6,4,0,131,6,0.0296296296296296,0.0,inf,0.4448669201520912,0.0215786015592634,9.17142735603493,1.0,-0.7695201593445192,0.6691176470588235,0.0514705882352941,1.3897058823529411,0.3858614138586141,0.7215278472152785,0.3857614238576142,ENRICHED,D.melanogaster|STRUCTURE_PAIRWISE_MFE|UGUA,0.8266900582669006,NOT_SIGNIFICANT
D.melanogaster,UGUA,RNA_STRUCTURE,STRUCTURE_PAIRWISE_MFE,MFE,MULTILOOP,BULGE,11,123,46,1,1,122,45,0.008130081300813,0.0217391304347826,0.3739837398373984,0.3688524590163934,0.0225907026986957,6.022483600312943,0.4714708368554522,-0.9701339638949784,1.1370967741935485,0.0421146953405017,9.475806451612902,0.5733426657334266,0.808019198080192,0.2533746625337466,DEPLETED,D.melanogaster|STRUCTURE_PAIRWISE_MFE|UGUA,0.8266900582669006,NOT_SIGNIFICANT
D.melanogaster,UGUA,RNA_STRUCTURE,STRUCTURE_PAIRWISE_MFE,MFE,BULGE,EXTERIOR,11,46,6,1,0,45,6,0.0217391304347826,0.0,inf,0.4285714285714285,0.015736117417046,11.67209576034247,1.0,-0.8056251639866356,0.4468085106382978,0.0496453900709219,2.5319148936170217,0.5969403059694031,0.5967403259674032,0.5696430356964304,ENRICHED,D.melanogaster|STRUCTURE_PAIRWISE_MFE|UGUA,0.8266900582669006,NOT_SIGNIFICANT
D.melanogaster,UGUA,RNA_STRUCTURE,STRUCTURE_PAIRWISE_MFE,MFE,HAIRPIN,INTERIOR_LOOP,11,80,135,1,4,79,131,0.0125,0.0296296296296296,0.421875,0.4145569620253164,0.0455198645555647,3.7754390625191374,0.6531376731170142,-0.5804065576044964,1.0074074074074073,0.0730005367686527,9.066666666666666,0.6031396860313969,0.6785321467853215,0.3432656734326567,DEPLETED,D.melanogaster|STRUCTURE_PAIRWISE_MFE|UGUA,0.8266900582669006,NOT_SIGNIFICANT
D.melanogaster,UGUA,RNA_STRUCTURE,STRUCTURE_PAIRWISE_MFE,MFE,HELIX,BULGE,11,574,46,37,1,537,45,0.0644599303135888,0.0217391304347826,2.965156794425087,3.100558659217877,0.415662049986691,23.12807724342112,0.3484230758847711,0.714653385780909,1.3350724637681162,0.215494071146245,5.476521739130436,0.6062393760623938,0.3723627637236276,0.6287371262873712,ENRICHED,D.melanogaster|STRUCTURE_PAIRWISE_MFE|UGUA,0.8266900582669006,NOT_SIGNIFICANT
D.melanogaster,UGUA,RNA_STRUCTURE,STRUCTURE_PAIRWISE_MFE,MFE,HAIRPIN,MULTILOOP,11,80,123,1,1,79,122,0.0125,0.008130081300813,1.5375,1.5443037974683544,0.0952072053314844,25.049303890096635,1.0,0.425832410932598,0.990559186637618,0.0665593129361245,22.96296296296296,0.7591240875912408,0.3968603139686031,0.6823317668233176,ENRICHED,D.melanogaster|STRUCTURE_PAIRWISE_MFE|UGUA,0.948905109489051,NOT_SIGNIFICANT
D.melanogaster,UGUA,RNA_STRUCTURE,STRUCTURE_PAIRWISE_MFE,MFE,HAIRPIN,BULGE,11,80,46,1,1,79,45,0.0125,0.0217391304347826,0.5750000000000001,0.569620253164557,0.0347800829109946,9.329110389000354,1.0,-0.5443015529623801,0.9670781893004116,0.0446343779677112,11.024691358024691,0.8229177082291771,0.6966303369663034,0.4174582541745825,DEPLETED,D.melanogaster|STRUCTURE_PAIRWISE_MFE|UGUA,0.9495204325721274,NOT_SIGNIFICANT
D.melanogaster,UGUA,RNA_STRUCTURE,STRUCTURE_PAIRWISE_MFE,MFE,INTERIOR_LOOP,BULGE,11,135,46,4,1,131,45,0.0296296296296296,0.0217391304347826,1.3629629629629632,1.3740458015267176,0.1496280940851114,12.617963733597156,1.0,0.0361050046421163,1.175,0.1016435986159169,8.639705882352942,0.9873012698730128,0.5445455454454554,0.4932506749325067,ENRICHED,D.melanogaster|STRUCTURE_PAIRWISE_MFE|UGUA,0.9968003199680032,NOT_SIGNIFICANT
D.melanogaster,UGUA,RNA_STRUCTURE,STRUCTURE_PAIRWISE_MFE,MFE,HELIX,EXTERIOR,11,574,6,37,0,537,6,0.0644599303135888,0.0,inf,0.9069767441860463,0.0501308543636413,16.409192002339733,1.0,-0.0909717782057266,0.6208695652173913,0.1060869565217391,0.8643478260869566,0.9968003199680032,0.0076992300769923,0.9968003199680032,ENRICHED,D.melanogaster|STRUCTURE_PAIRWISE_MFE|UGUA,0.9968003199680032,NOT_SIGNIFICANT
