IEL_ID,region_id,species,alignment37_start,alignment37_end,alignment37_length,IEL_alignment3_start,IEL_alignment3_end,IEL_alignment3_length,IEL_alignment3_label,IEL_projection_class,IEL_support_type,IEL_projection_resolved,n_deletion_events,n_insertion_events,n_all_pairs,n_informative_topological_pairs,n_independent_recurrent_pairs,n_probable_ancestral_remodeling_pairs,n_ambiguous_ancestral_pairs,independent_fraction,remodeling_fraction,IEL_local_composition,IEL_topological_hotspot_class,ecm_n_overlap,ecm_overlap_ids,ecm_overlap_subtypes,ecm_overlap_relations,ecm_overlap_total_length,ecm_nearest_id,ecm_nearest_subtype,ecm_nearest_distance,ecm_nearest_relation,ecm_left_id,ecm_left_subtype,ecm_left_distance,ecm_right_id,ecm_right_subtype,ecm_right_distance,mast_nearest_distance,mast_n_within_25,ugua_n_overlap,ugua_overlap_ids,ugua_overlap_subtypes,ugua_overlap_relations,ugua_overlap_total_length,ugua_nearest_id,ugua_nearest_subtype,ugua_nearest_distance,ugua_nearest_relation,ugua_left_id,ugua_left_subtype,ugua_left_distance,ugua_right_id,ugua_right_subtype,ugua_right_distance,pas_n_overlap,pas_overlap_ids,pas_overlap_subtypes,pas_overlap_relations,pas_overlap_total_length,pas_nearest_id,pas_nearest_subtype,pas_nearest_distance,pas_nearest_relation,pas_left_id,pas_left_subtype,pas_left_distance,pas_right_id,pas_right_subtype,pas_right_distance,cleavage_n_overlap,cleavage_overlap_ids,cleavage_overlap_subtypes,cleavage_nearest_id,cleavage_nearest_subtype,cleavage_nearest_distance,cleavage_nearest_side,cleavage_nearest_boundary,dse_n_overlap,dse_overlap_ids,dse_overlap_subtypes,dse_overlap_relations,dse_overlap_total_length,dse_nearest_id,dse_nearest_subtype,dse_nearest_distance,dse_nearest_relation,dse_left_id,dse_left_subtype,dse_left_distance,dse_right_id,dse_right_subtype,dse_right_distance,structure_mfe_n_overlap,structure_mfe_overlap_types,structure_mfe_overlap_ids,structure_mfe_primary_type,structure_mfe_primary_relation,structure_mfe_nearest_type,structure_mfe_nearest_id,structure_mfe_nearest_distance,structure_mfe_boundary_distance,structure_mfe_near_boundary,structure_centroid_n_overlap,structure_centroid_overlap_types,structure_centroid_overlap_ids,structure_centroid_primary_type,structure_centroid_primary_relation,structure_centroid_nearest_type,structure_centroid_nearest_id,structure_centroid_nearest_distance,structure_centroid_boundary_distance,structure_centroid_near_boundary,ECM_context,APA_feature_profile,APA_context_class,structure_consensus_type,structure_model_agreement,architectural_formula,architectural_domain_class
IEL_001,0,D.melanogaster,1,1,1,2,2,1,<2,before_sequence,label_point,True,4,1,,,0,,,,,mixed_deletion_insertion,exact_coordinate_hotspot,1,Ras85D_EBC_MEL_ECM_0001,ECM_15,inside_at_left_boundary,1,Ras85D_EBC_MEL_ECM_0001,ECM_15,0,inside_at_left_boundary,,,,Ras85D_EBC_MEL_ECM_0002,ECM_07,43,,0,0,,,,0,Ras85D_EBC_MEL_UGUA_0001,UGUA,57,upstream,,,,Ras85D_EBC_MEL_UGUA_0001,UGUA,57,0,,,,0,Ras85D_EBC_MEL_PAS_0001,1.5,217,upstream,,,,Ras85D_EBC_MEL_PAS_0001,1.5,217,0,,,Ras85D_EBC_MEL_CLV_0001,weak,3,upstream,5|5,0,,,,0,Ras85D_EBC_MEL_DSE_0001,down-st,26,upstream,,,,Ras85D_EBC_MEL_DSE_0001,down-st,26,1,exterior,Ras85D_CTX_MEL_MFE_EXTERIOR_0001,exterior,inside_at_left_boundary,exterior,Ras85D_CTX_MEL_MFE_EXTERIOR_0001,0,0,True,1,exterior,Ras85D_CTX_MEL_CENTROID_EXTERIOR_0001,exterior,inside_at_left_boundary,exterior,Ras85D_CTX_MEL_CENTROID_EXTERIOR_0001,0,0,True,inside_ECM,CLEAVAGE,partial_APA_neighborhood,exterior,MFE_centroid_agreement,ECM+APA+RNA_STRUCTURE,composite_ECM_APA_structure_domain
IEL_001,0,D.yakuba,1,1,1,2,2,1,<2,before_sequence,label_point,True,4,1,,,0,,,,,mixed_deletion_insertion,exact_coordinate_hotspot,1,Ras85D_EBC_YAK_ECM_0001,ECM_15,inside_at_left_boundary,1,Ras85D_EBC_YAK_ECM_0001,ECM_15,0,inside_at_left_boundary,,,,Ras85D_EBC_YAK_ECM_0002,ECM_07,43,,0,0,,,,0,Ras85D_EBC_YAK_UGUA_0001,UGUA,57,upstream,,,,Ras85D_EBC_YAK_UGUA_0001,UGUA,57,0,,,,0,Ras85D_EBC_YAK_PAS_0001,1.5,221,upstream,,,,Ras85D_EBC_YAK_PAS_0001,1.5,221,0,,,Ras85D_EBC_YAK_CLV_0001,weak,4,upstream,6|6,0,,,,0,Ras85D_EBC_YAK_DSE_0001,down-st,26,upstream,,,,Ras85D_EBC_YAK_DSE_0001,down-st,26,1,exterior,Ras85D_CTX_YAK_MFE_EXTERIOR_0001,exterior,inside_at_left_boundary,exterior,Ras85D_CTX_YAK_MFE_EXTERIOR_0001,0,0,True,1,exterior,Ras85D_CTX_YAK_CENTROID_EXTERIOR_0001,exterior,inside_at_left_boundary,exterior,Ras85D_CTX_YAK_CENTROID_EXTERIOR_0001,0,0,True,inside_ECM,CLEAVAGE,partial_APA_neighborhood,exterior,MFE_centroid_agreement,ECM+APA+RNA_STRUCTURE,composite_ECM_APA_structure_domain
IEL_001,0,D.virilis,1,1,1,2,2,1,<2,before_sequence,label_point,True,4,1,,,0,,,,,mixed_deletion_insertion,exact_coordinate_hotspot,1,Ras85D_EBC_VIR_ECM_0001,ECM_15,inside_at_left_boundary,1,Ras85D_EBC_VIR_ECM_0001,ECM_15,0,inside_at_left_boundary,,,,Ras85D_EBC_VIR_ECM_0002,ECM_07,41,,0,0,,,,0,Ras85D_EBC_VIR_UGUA_0001,UGUA,57,upstream,,,,Ras85D_EBC_VIR_UGUA_0001,UGUA,57,0,,,,0,Ras85D_EBC_VIR_PAS_0001,2.5,88,upstream,,,,Ras85D_EBC_VIR_PAS_0001,2.5,88,0,,,Ras85D_EBC_VIR_CLV_0001,weak,111,upstream,113|113,0,,,,0,Ras85D_EBC_VIR_DSE_0001,down-st,25,upstream,,,,Ras85D_EBC_VIR_DSE_0001,down-st,25,1,stem,Ras85D_CTX_VIR_MFE_STEM_0001,stem,inside_at_left_boundary,stem,Ras85D_CTX_VIR_MFE_STEM_0001,0,0,True,1,exterior,Ras85D_CTX_VIR_CENTROID_EXTERIOR_0001,exterior,inside_at_left_boundary,exterior,Ras85D_CTX_VIR_CENTROID_EXTERIOR_0001,0,0,True,inside_ECM,DSE,partial_APA_neighborhood,MFE:stem|centroid:exterior,MFE_centroid_disagreement,ECM+APA+RNA_STRUCTURE,composite_ECM_APA_structure_domain
IEL_002,1,D.melanogaster,81,84,4,56,57,2,56|57,between_columns,between_columns,True,7,1,,,14,,,1.0,,mixed_deletion_insertion,recurrent_breakpoint_hotspot,1,Ras85D_EBC_MEL_ECM_0002,ECM_07,inside,2,Ras85D_EBC_MEL_ECM_0002,ECM_07,0,inside,Ras85D_EBC_MEL_ECM_0001,ECM_15,25,Ras85D_EBC_MEL_ECM_0003,ECM_10,138,,0,0,,,,0,Ras85D_EBC_MEL_UGUA_0001,UGUA,2,upstream,,,,Ras85D_EBC_MEL_UGUA_0001,UGUA,2,0,,,,0,Ras85D_EBC_MEL_PAS_0001,1.5,162,upstream,,,,Ras85D_EBC_MEL_PAS_0001,1.5,162,0,,,Ras85D_EBC_MEL_CLV_0002,weak,16,downstream,40|40,0,,,,0,Ras85D_EBC_MEL_DSE_0001,down-st,22,downstream,Ras85D_EBC_MEL_DSE_0001,down-st,22,Ras85D_EBC_MEL_DSE_0002,down-st,507,1,stem,Ras85D_CTX_MEL_MFE_STEM_0007,stem,inside_at_right_boundary,stem,Ras85D_CTX_MEL_MFE_STEM_0007,0,0,True,1,stem,Ras85D_CTX_MEL_CENTROID_STEM_0004,stem,inside_at_right_boundary,stem,Ras85D_CTX_MEL_CENTROID_STEM_0004,0,0,True,inside_ECM,UGUA+CLEAVAGE+DSE,cleavage_DSE_neighborhood,stem,MFE_centroid_agreement,ECM+APA+RNA_STRUCTURE,composite_ECM_APA_structure_domain
IEL_002,1,D.yakuba,81,84,4,56,57,2,56|57,between_columns,between_columns,True,7,1,,,14,,,1.0,,mixed_deletion_insertion,recurrent_breakpoint_hotspot,1,Ras85D_EBC_YAK_ECM_0002,ECM_07,inside,2,Ras85D_EBC_YAK_ECM_0002,ECM_07,0,inside,Ras85D_EBC_YAK_ECM_0001,ECM_15,25,Ras85D_EBC_YAK_ECM_0003,ECM_10,138,,0,0,,,,0,Ras85D_EBC_YAK_UGUA_0001,UGUA,2,upstream,,,,Ras85D_EBC_YAK_UGUA_0001,UGUA,2,0,,,,0,Ras85D_EBC_YAK_PAS_0001,1.5,166,upstream,,,,Ras85D_EBC_YAK_PAS_0001,1.5,166,0,,,Ras85D_EBC_YAK_CLV_0001,weak,50,downstream,6|6,0,,,,0,Ras85D_EBC_YAK_DSE_0001,down-st,22,downstream,Ras85D_EBC_YAK_DSE_0001,down-st,22,Ras85D_EBC_YAK_DSE_0002,down-st,143,1,stem,Ras85D_CTX_YAK_MFE_STEM_0007,stem,inside_at_right_boundary,stem,Ras85D_CTX_YAK_MFE_STEM_0007,0,0,True,1,multiloop,Ras85D_CTX_YAK_CENTROID_MULTILOOP_0001,multiloop,inside,multiloop,Ras85D_CTX_YAK_CENTROID_MULTILOOP_0001,0,11,False,inside_ECM,UGUA+DSE,partial_APA_neighborhood,MFE:stem|centroid:multiloop,MFE_centroid_disagreement,ECM+APA+RNA_STRUCTURE,composite_ECM_APA_structure_domain
IEL_002,1,D.virilis,81,84,4,56,57,2,56|57,between_columns,between_columns,True,7,1,,,14,,,1.0,,mixed_deletion_insertion,recurrent_breakpoint_hotspot,1,Ras85D_EBC_VIR_ECM_0002,ECM_07,inside,2,Ras85D_EBC_VIR_ECM_0002,ECM_07,0,inside,Ras85D_EBC_VIR_ECM_0001,ECM_15,20,Ras85D_EBC_VIR_ECM_0003,ECM_11,103,,0,0,,,,0,Ras85D_EBC_VIR_UGUA_0001,UGUA,2,upstream,,,,Ras85D_EBC_VIR_UGUA_0001,UGUA,2,0,,,,0,Ras85D_EBC_VIR_PAS_0001,2.5,33,upstream,,,,Ras85D_EBC_VIR_PAS_0001,2.5,33,0,,,Ras85D_EBC_VIR_CLV_0001,weak,56,upstream,113|113,0,,,,0,Ras85D_EBC_VIR_DSE_0001,down-st,24,downstream,Ras85D_EBC_VIR_DSE_0001,down-st,24,Ras85D_EBC_VIR_DSE_0002,down-st,57,1,stem,Ras85D_CTX_VIR_MFE_STEM_0005,stem,inside,stem,Ras85D_CTX_VIR_MFE_STEM_0005,0,1,True,1,internal_loop,Ras85D_CTX_VIR_CENTROID_INTERNAL_LOOP_0001,internal_loop,inside,internal_loop,Ras85D_CTX_VIR_CENTROID_INTERNAL_LOOP_0001,0,5,False,inside_ECM,UGUA+DSE,partial_APA_neighborhood,MFE:stem|centroid:internal_loop,MFE_centroid_disagreement,ECM+APA+RNA_STRUCTURE,composite_ECM_APA_structure_domain
IEL_003,2,D.melanogaster,92,93,2,56,57,2,56|57,between_columns,between_columns,True,7,1,,,10,,,1.0,,mixed_deletion_insertion,recurrent_breakpoint_hotspot,1,Ras85D_EBC_MEL_ECM_0002,ECM_07,inside,2,Ras85D_EBC_MEL_ECM_0002,ECM_07,0,inside,Ras85D_EBC_MEL_ECM_0001,ECM_15,25,Ras85D_EBC_MEL_ECM_0003,ECM_10,138,,0,0,,,,0,Ras85D_EBC_MEL_UGUA_0001,UGUA,2,upstream,,,,Ras85D_EBC_MEL_UGUA_0001,UGUA,2,0,,,,0,Ras85D_EBC_MEL_PAS_0001,1.5,162,upstream,,,,Ras85D_EBC_MEL_PAS_0001,1.5,162,0,,,Ras85D_EBC_MEL_CLV_0002,weak,16,downstream,40|40,0,,,,0,Ras85D_EBC_MEL_DSE_0001,down-st,22,downstream,Ras85D_EBC_MEL_DSE_0001,down-st,22,Ras85D_EBC_MEL_DSE_0002,down-st,507,1,stem,Ras85D_CTX_MEL_MFE_STEM_0007,stem,inside_at_right_boundary,stem,Ras85D_CTX_MEL_MFE_STEM_0007,0,0,True,1,stem,Ras85D_CTX_MEL_CENTROID_STEM_0004,stem,inside_at_right_boundary,stem,Ras85D_CTX_MEL_CENTROID_STEM_0004,0,0,True,inside_ECM,UGUA+CLEAVAGE+DSE,cleavage_DSE_neighborhood,stem,MFE_centroid_agreement,ECM+APA+RNA_STRUCTURE,composite_ECM_APA_structure_domain
IEL_003,2,D.yakuba,92,93,2,56,57,2,56|57,between_columns,between_columns,True,7,1,,,10,,,1.0,,mixed_deletion_insertion,recurrent_breakpoint_hotspot,1,Ras85D_EBC_YAK_ECM_0002,ECM_07,inside,2,Ras85D_EBC_YAK_ECM_0002,ECM_07,0,inside,Ras85D_EBC_YAK_ECM_0001,ECM_15,25,Ras85D_EBC_YAK_ECM_0003,ECM_10,138,,0,0,,,,0,Ras85D_EBC_YAK_UGUA_0001,UGUA,2,upstream,,,,Ras85D_EBC_YAK_UGUA_0001,UGUA,2,0,,,,0,Ras85D_EBC_YAK_PAS_0001,1.5,166,upstream,,,,Ras85D_EBC_YAK_PAS_0001,1.5,166,0,,,Ras85D_EBC_YAK_CLV_0001,weak,50,downstream,6|6,0,,,,0,Ras85D_EBC_YAK_DSE_0001,down-st,22,downstream,Ras85D_EBC_YAK_DSE_0001,down-st,22,Ras85D_EBC_YAK_DSE_0002,down-st,143,1,stem,Ras85D_CTX_YAK_MFE_STEM_0007,stem,inside_at_right_boundary,stem,Ras85D_CTX_YAK_MFE_STEM_0007,0,0,True,1,multiloop,Ras85D_CTX_YAK_CENTROID_MULTILOOP_0001,multiloop,inside,multiloop,Ras85D_CTX_YAK_CENTROID_MULTILOOP_0001,0,11,False,inside_ECM,UGUA+DSE,partial_APA_neighborhood,MFE:stem|centroid:multiloop,MFE_centroid_disagreement,ECM+APA+RNA_STRUCTURE,composite_ECM_APA_structure_domain
IEL_003,2,D.virilis,92,93,2,56,57,2,56|57,between_columns,between_columns,True,7,1,,,10,,,1.0,,mixed_deletion_insertion,recurrent_breakpoint_hotspot,1,Ras85D_EBC_VIR_ECM_0002,ECM_07,inside,2,Ras85D_EBC_VIR_ECM_0002,ECM_07,0,inside,Ras85D_EBC_VIR_ECM_0001,ECM_15,20,Ras85D_EBC_VIR_ECM_0003,ECM_11,103,,0,0,,,,0,Ras85D_EBC_VIR_UGUA_0001,UGUA,2,upstream,,,,Ras85D_EBC_VIR_UGUA_0001,UGUA,2,0,,,,0,Ras85D_EBC_VIR_PAS_0001,2.5,33,upstream,,,,Ras85D_EBC_VIR_PAS_0001,2.5,33,0,,,Ras85D_EBC_VIR_CLV_0001,weak,56,upstream,113|113,0,,,,0,Ras85D_EBC_VIR_DSE_0001,down-st,24,downstream,Ras85D_EBC_VIR_DSE_0001,down-st,24,Ras85D_EBC_VIR_DSE_0002,down-st,57,1,stem,Ras85D_CTX_VIR_MFE_STEM_0005,stem,inside,stem,Ras85D_CTX_VIR_MFE_STEM_0005,0,1,True,1,internal_loop,Ras85D_CTX_VIR_CENTROID_INTERNAL_LOOP_0001,internal_loop,inside,internal_loop,Ras85D_CTX_VIR_CENTROID_INTERNAL_LOOP_0001,0,5,False,inside_ECM,UGUA+DSE,partial_APA_neighborhood,MFE:stem|centroid:internal_loop,MFE_centroid_disagreement,ECM+APA+RNA_STRUCTURE,composite_ECM_APA_structure_domain
IEL_004,3,D.melanogaster,121,126,6,80,81,2,80|81,between_columns,between_columns,True,13,2,,,31,,,1.0,,mixed_deletion_insertion,complex_mosaic_hotspot,0,,,,0,Ras85D_EBC_MEL_ECM_0002,ECM_07,6,downstream,Ras85D_EBC_MEL_ECM_0002,ECM_07,6,Ras85D_EBC_MEL_ECM_0003,ECM_10,114,,0,0,,,,0,Ras85D_EBC_MEL_UGUA_0001,UGUA,18,downstream,Ras85D_EBC_MEL_UGUA_0001,UGUA,18,Ras85D_EBC_MEL_UGUA_0002,UGUA,159,0,,,,0,Ras85D_EBC_MEL_PAS_0001,1.5,138,upstream,,,,Ras85D_EBC_MEL_PAS_0001,1.5,138,0,,,Ras85D_EBC_MEL_CLV_0002,weak,40,downstream,40|40,0,,,,0,Ras85D_EBC_MEL_DSE_0001,down-st,46,downstream,Ras85D_EBC_MEL_DSE_0001,down-st,46,Ras85D_EBC_MEL_DSE_0002,down-st,483,1,stem,Ras85D_CTX_MEL_MFE_STEM_0010,stem,inside,stem,Ras85D_CTX_MEL_MFE_STEM_0010,0,2,True,1,stem,Ras85D_CTX_MEL_CENTROID_STEM_0007,stem,inside,stem,Ras85D_CTX_MEL_CENTROID_STEM_0007,0,2,True,ECM_interface,UGUA,partial_APA_neighborhood,stem,MFE_centroid_agreement,ECM_INTERFACE+APA+RNA_STRUCTURE,composite_interface_APA_structure_domain
IEL_004,3,D.yakuba,121,126,6,80,81,2,80|81,between_columns,between_columns,True,13,2,,,31,,,1.0,,mixed_deletion_insertion,complex_mosaic_hotspot,0,,,,0,Ras85D_EBC_YAK_ECM_0002,ECM_07,6,downstream,Ras85D_EBC_YAK_ECM_0002,ECM_07,6,Ras85D_EBC_YAK_ECM_0003,ECM_10,114,,0,0,,,,0,Ras85D_EBC_YAK_UGUA_0001,UGUA,18,downstream,Ras85D_EBC_YAK_UGUA_0001,UGUA,18,Ras85D_EBC_YAK_UGUA_0002,UGUA,159,0,,,,0,Ras85D_EBC_YAK_PAS_0001,1.5,142,upstream,,,,Ras85D_EBC_YAK_PAS_0001,1.5,142,0,,,Ras85D_EBC_YAK_CLV_0001,weak,74,downstream,6|6,0,,,,0,Ras85D_EBC_YAK_DSE_0001,down-st,46,downstream,Ras85D_EBC_YAK_DSE_0001,down-st,46,Ras85D_EBC_YAK_DSE_0002,down-st,119,1,stem,Ras85D_CTX_YAK_MFE_STEM_0011,stem,inside,stem,Ras85D_CTX_YAK_MFE_STEM_0011,0,2,True,1,stem,Ras85D_CTX_YAK_CENTROID_STEM_0003,stem,inside,stem,Ras85D_CTX_YAK_CENTROID_STEM_0003,0,2,True,ECM_interface,UGUA,partial_APA_neighborhood,stem,MFE_centroid_agreement,ECM_INTERFACE+APA+RNA_STRUCTURE,composite_interface_APA_structure_domain
IEL_004,3,D.virilis,121,126,6,79,79,1,79-79,direct,label_interval,True,13,2,,,31,,,1.0,,mixed_deletion_insertion,complex_mosaic_hotspot,0,,,,0,Ras85D_EBC_VIR_ECM_0002,ECM_07,5,downstream,Ras85D_EBC_VIR_ECM_0002,ECM_07,5,Ras85D_EBC_VIR_ECM_0003,ECM_11,81,,0,0,,,,0,Ras85D_EBC_VIR_UGUA_0001,UGUA,17,downstream,Ras85D_EBC_VIR_UGUA_0001,UGUA,17,Ras85D_EBC_VIR_UGUA_0002,UGUA,22,0,,,,0,Ras85D_EBC_VIR_PAS_0001,2.5,11,upstream,,,,Ras85D_EBC_VIR_PAS_0001,2.5,11,0,,,Ras85D_EBC_VIR_CLV_0001,weak,34,upstream,113|113,0,,,,0,Ras85D_EBC_VIR_DSE_0002,down-st,35,upstream,Ras85D_EBC_VIR_DSE_0001,down-st,47,Ras85D_EBC_VIR_DSE_0002,down-st,35,1,stem,Ras85D_CTX_VIR_MFE_STEM_0007,stem,inside_at_right_boundary,stem,Ras85D_CTX_VIR_MFE_STEM_0007,0,0,True,1,internal_loop,Ras85D_CTX_VIR_CENTROID_INTERNAL_LOOP_0003,internal_loop,inside_at_left_boundary,internal_loop,Ras85D_CTX_VIR_CENTROID_INTERNAL_LOOP_0003,0,0,True,ECM_interface,UGUA+PAS,partial_APA_neighborhood,MFE:stem|centroid:internal_loop,MFE_centroid_disagreement,ECM_INTERFACE+APA+RNA_STRUCTURE,composite_interface_APA_structure_domain
IEL_005,4,D.melanogaster,223,225,3,94,117,24,94|117,between_columns,between_columns,True,10,1,,,18,,,1.0,,mixed_deletion_insertion,mixed_recurrent_and_nested,0,,,,0,Ras85D_EBC_MEL_ECM_0002,ECM_07,20,downstream,Ras85D_EBC_MEL_ECM_0002,ECM_07,20,Ras85D_EBC_MEL_ECM_0003,ECM_10,78,,0,0,,,,0,Ras85D_EBC_MEL_UGUA_0001,UGUA,32,downstream,Ras85D_EBC_MEL_UGUA_0001,UGUA,32,Ras85D_EBC_MEL_UGUA_0002,UGUA,123,0,,,,0,Ras85D_EBC_MEL_PAS_0001,1.5,102,upstream,,,,Ras85D_EBC_MEL_PAS_0001,1.5,102,0,,,Ras85D_EBC_MEL_CLV_0002,weak,54,downstream,40|40,0,,,,0,Ras85D_EBC_MEL_DSE_0001,down-st,60,downstream,Ras85D_EBC_MEL_DSE_0001,down-st,60,Ras85D_EBC_MEL_DSE_0002,down-st,447,2,internal_loop;stem,Ras85D_CTX_MEL_MFE_INTERNAL_LOOP_0007;Ras85D_CTX_MEL_MFE_STEM_0011,stem,crosses_right_boundary,stem,Ras85D_CTX_MEL_MFE_STEM_0011,0,0,True,2,internal_loop;stem,Ras85D_CTX_MEL_CENTROID_INTERNAL_LOOP_0004;Ras85D_CTX_MEL_CENTROID_STEM_0008,stem,crosses_right_boundary,stem,Ras85D_CTX_MEL_CENTROID_STEM_0008,0,0,True,between_ECM,none,APA_distant,stem,MFE_centroid_agreement,ECM_INTERFACE+RNA_STRUCTURE,ECM_interface_structure_domain
IEL_005,4,D.yakuba,223,225,3,94,117,24,94|117,between_columns,between_columns,True,10,1,,,18,,,1.0,,mixed_deletion_insertion,mixed_recurrent_and_nested,0,,,,0,Ras85D_EBC_YAK_ECM_0002,ECM_07,20,downstream,Ras85D_EBC_YAK_ECM_0002,ECM_07,20,Ras85D_EBC_YAK_ECM_0003,ECM_10,78,,0,0,,,,0,Ras85D_EBC_YAK_UGUA_0001,UGUA,32,downstream,Ras85D_EBC_YAK_UGUA_0001,UGUA,32,Ras85D_EBC_YAK_UGUA_0002,UGUA,123,0,,,,0,Ras85D_EBC_YAK_PAS_0001,1.5,106,upstream,,,,Ras85D_EBC_YAK_PAS_0001,1.5,106,0,,,Ras85D_EBC_YAK_CLV_0001,weak,88,downstream,6|6,0,,,,0,Ras85D_EBC_YAK_DSE_0001,down-st,60,downstream,Ras85D_EBC_YAK_DSE_0001,down-st,60,Ras85D_EBC_YAK_DSE_0002,down-st,83,1,hairpin_loop,Ras85D_CTX_YAK_MFE_HAIRPIN_LOOP_0002,hairpin_loop,inside,hairpin_loop,Ras85D_CTX_YAK_MFE_HAIRPIN_LOOP_0002,0,1,True,1,hairpin_loop,Ras85D_CTX_YAK_CENTROID_HAIRPIN_LOOP_0002,hairpin_loop,inside,hairpin_loop,Ras85D_CTX_YAK_CENTROID_HAIRPIN_LOOP_0002,0,1,True,between_ECM,none,APA_distant,hairpin_loop,MFE_centroid_agreement,ECM_INTERFACE+RNA_STRUCTURE,ECM_interface_structure_domain
IEL_005,4,D.virilis,223,225,3,117,117,1,117-117,direct,label_interval,True,10,1,,,18,,,1.0,,mixed_deletion_insertion,mixed_recurrent_and_nested,0,,,,0,Ras85D_EBC_VIR_ECM_0002,ECM_07,43,downstream,Ras85D_EBC_VIR_ECM_0002,ECM_07,43,Ras85D_EBC_VIR_ECM_0003,ECM_11,43,,0,0,,,,0,Ras85D_EBC_VIR_UGUA_0002,UGUA,13,downstream,Ras85D_EBC_VIR_UGUA_0002,UGUA,13,Ras85D_EBC_VIR_UGUA_0003,UGUA,123,0,,,,0,Ras85D_EBC_VIR_PAS_0001,2.5,22,downstream,Ras85D_EBC_VIR_PAS_0001,2.5,22,Ras85D_EBC_VIR_PAS_0002,1.5,39,0,,,Ras85D_EBC_VIR_CLV_0001,weak,4,downstream,113|113,1,Ras85D_EBC_VIR_DSE_0002,down-st,inside,1,Ras85D_EBC_VIR_DSE_0002,down-st,0,inside,Ras85D_EBC_VIR_DSE_0001,down-st,85,Ras85D_EBC_VIR_DSE_0003,down-st,83,1,stem,Ras85D_CTX_VIR_MFE_STEM_0011,stem,inside,stem,Ras85D_CTX_VIR_MFE_STEM_0011,0,2,True,1,stem,Ras85D_CTX_VIR_CENTROID_STEM_0007,stem,inside,stem,Ras85D_CTX_VIR_CENTROID_STEM_0007,0,2,True,between_ECM,UGUA+PAS+CLEAVAGE+DSE,complete_APA_neighborhood,stem,MFE_centroid_agreement,ECM_INTERFACE+APA+RNA_STRUCTURE,composite_interface_APA_structure_domain
IEL_006,5,D.melanogaster,236,239,4,126,136,11,126|136,between_columns,between_columns,True,10,1,,,41,,,1.0,,mixed_deletion_insertion,recurrent_breakpoint_hotspot,0,,,,0,Ras85D_EBC_MEL_ECM_0002,ECM_07,52,downstream,Ras85D_EBC_MEL_ECM_0002,ECM_07,52,Ras85D_EBC_MEL_ECM_0003,ECM_10,59,,0,0,,,,0,Ras85D_EBC_MEL_UGUA_0001,UGUA,64,downstream,Ras85D_EBC_MEL_UGUA_0001,UGUA,64,Ras85D_EBC_MEL_UGUA_0002,UGUA,104,0,,,,0,Ras85D_EBC_MEL_PAS_0001,1.5,83,upstream,,,,Ras85D_EBC_MEL_PAS_0001,1.5,83,0,,,Ras85D_EBC_MEL_CLV_0002,weak,86,downstream,40|40,0,,,,0,Ras85D_EBC_MEL_DSE_0001,down-st,92,downstream,Ras85D_EBC_MEL_DSE_0001,down-st,92,Ras85D_EBC_MEL_DSE_0002,down-st,428,1,stem,Ras85D_CTX_MEL_MFE_STEM_0014,stem,inside_at_left_boundary,stem,Ras85D_CTX_MEL_MFE_STEM_0014,0,0,True,1,stem,Ras85D_CTX_MEL_CENTROID_STEM_0011,stem,inside_at_left_boundary,stem,Ras85D_CTX_MEL_CENTROID_STEM_0011,0,0,True,between_ECM,none,APA_distant,stem,MFE_centroid_agreement,ECM_INTERFACE+RNA_STRUCTURE,ECM_interface_structure_domain
IEL_006,5,D.yakuba,236,239,4,126,136,11,126|136,between_columns,between_columns,True,10,1,,,41,,,1.0,,mixed_deletion_insertion,recurrent_breakpoint_hotspot,0,,,,0,Ras85D_EBC_YAK_ECM_0002,ECM_07,52,downstream,Ras85D_EBC_YAK_ECM_0002,ECM_07,52,Ras85D_EBC_YAK_ECM_0003,ECM_10,59,,0,0,,,,0,Ras85D_EBC_YAK_UGUA_0001,UGUA,64,downstream,Ras85D_EBC_YAK_UGUA_0001,UGUA,64,Ras85D_EBC_YAK_UGUA_0002,UGUA,104,0,,,,0,Ras85D_EBC_YAK_PAS_0001,1.5,87,upstream,,,,Ras85D_EBC_YAK_PAS_0001,1.5,87,0,,,Ras85D_EBC_YAK_CLV_0001,weak,120,downstream,6|6,0,,,,0,Ras85D_EBC_YAK_DSE_0002,down-st,64,upstream,Ras85D_EBC_YAK_DSE_0001,down-st,92,Ras85D_EBC_YAK_DSE_0002,down-st,64,1,stem,Ras85D_CTX_YAK_MFE_STEM_0013,stem,inside_at_left_boundary,stem,Ras85D_CTX_YAK_MFE_STEM_0013,0,0,True,1,stem,Ras85D_CTX_YAK_CENTROID_STEM_0006,stem,inside_at_left_boundary,stem,Ras85D_CTX_YAK_CENTROID_STEM_0006,0,0,True,between_ECM,none,APA_distant,stem,MFE_centroid_agreement,ECM_INTERFACE+RNA_STRUCTURE,ECM_interface_structure_domain
IEL_006,5,D.virilis,236,239,4,128,130,3,128-130,partially_gapped,label_interval,True,10,1,,,41,,,1.0,,mixed_deletion_insertion,recurrent_breakpoint_hotspot,0,,,,0,Ras85D_EBC_VIR_ECM_0003,ECM_11,30,upstream,Ras85D_EBC_VIR_ECM_0002,ECM_07,54,Ras85D_EBC_VIR_ECM_0003,ECM_11,30,,0,0,,,,0,Ras85D_EBC_VIR_UGUA_0002,UGUA,24,downstream,Ras85D_EBC_VIR_UGUA_0002,UGUA,24,Ras85D_EBC_VIR_UGUA_0003,UGUA,110,0,,,,0,Ras85D_EBC_VIR_PAS_0002,1.5,26,upstream,Ras85D_EBC_VIR_PAS_0001,2.5,33,Ras85D_EBC_VIR_PAS_0002,1.5,26,0,,,Ras85D_EBC_VIR_CLV_0001,weak,15,downstream,113|113,0,,,,0,Ras85D_EBC_VIR_DSE_0002,down-st,9,downstream,Ras85D_EBC_VIR_DSE_0002,down-st,9,Ras85D_EBC_VIR_DSE_0003,down-st,70,2,multiloop;stem,Ras85D_CTX_VIR_MFE_MULTILOOP_0001;Ras85D_CTX_VIR_MFE_STEM_0012,stem,crosses_left_boundary,multiloop,Ras85D_CTX_VIR_MFE_MULTILOOP_0001,0,0,True,2,multiloop;stem,Ras85D_CTX_VIR_CENTROID_MULTILOOP_0003;Ras85D_CTX_VIR_CENTROID_STEM_0008,stem,crosses_left_boundary,multiloop,Ras85D_CTX_VIR_CENTROID_MULTILOOP_0003,0,0,True,between_ECM,UGUA+CLEAVAGE+DSE,cleavage_DSE_neighborhood,stem,MFE_centroid_agreement,ECM_INTERFACE+APA+RNA_STRUCTURE,composite_interface_APA_structure_domain
IEL_007,6,D.melanogaster,242,243,2,126,136,11,126|136,between_columns,between_columns,True,8,2,,,16,,,1.0,,mixed_deletion_insertion,recurrent_breakpoint_hotspot,0,,,,0,Ras85D_EBC_MEL_ECM_0002,ECM_07,52,downstream,Ras85D_EBC_MEL_ECM_0002,ECM_07,52,Ras85D_EBC_MEL_ECM_0003,ECM_10,59,,0,0,,,,0,Ras85D_EBC_MEL_UGUA_0001,UGUA,64,downstream,Ras85D_EBC_MEL_UGUA_0001,UGUA,64,Ras85D_EBC_MEL_UGUA_0002,UGUA,104,0,,,,0,Ras85D_EBC_MEL_PAS_0001,1.5,83,upstream,,,,Ras85D_EBC_MEL_PAS_0001,1.5,83,0,,,Ras85D_EBC_MEL_CLV_0002,weak,86,downstream,40|40,0,,,,0,Ras85D_EBC_MEL_DSE_0001,down-st,92,downstream,Ras85D_EBC_MEL_DSE_0001,down-st,92,Ras85D_EBC_MEL_DSE_0002,down-st,428,1,stem,Ras85D_CTX_MEL_MFE_STEM_0014,stem,inside_at_left_boundary,stem,Ras85D_CTX_MEL_MFE_STEM_0014,0,0,True,1,stem,Ras85D_CTX_MEL_CENTROID_STEM_0011,stem,inside_at_left_boundary,stem,Ras85D_CTX_MEL_CENTROID_STEM_0011,0,0,True,between_ECM,none,APA_distant,stem,MFE_centroid_agreement,ECM_INTERFACE+RNA_STRUCTURE,ECM_interface_structure_domain
IEL_007,6,D.yakuba,242,243,2,126,136,11,126|136,between_columns,between_columns,True,8,2,,,16,,,1.0,,mixed_deletion_insertion,recurrent_breakpoint_hotspot,0,,,,0,Ras85D_EBC_YAK_ECM_0002,ECM_07,52,downstream,Ras85D_EBC_YAK_ECM_0002,ECM_07,52,Ras85D_EBC_YAK_ECM_0003,ECM_10,59,,0,0,,,,0,Ras85D_EBC_YAK_UGUA_0001,UGUA,64,downstream,Ras85D_EBC_YAK_UGUA_0001,UGUA,64,Ras85D_EBC_YAK_UGUA_0002,UGUA,104,0,,,,0,Ras85D_EBC_YAK_PAS_0001,1.5,87,upstream,,,,Ras85D_EBC_YAK_PAS_0001,1.5,87,0,,,Ras85D_EBC_YAK_CLV_0001,weak,120,downstream,6|6,0,,,,0,Ras85D_EBC_YAK_DSE_0002,down-st,64,upstream,Ras85D_EBC_YAK_DSE_0001,down-st,92,Ras85D_EBC_YAK_DSE_0002,down-st,64,1,stem,Ras85D_CTX_YAK_MFE_STEM_0013,stem,inside_at_left_boundary,stem,Ras85D_CTX_YAK_MFE_STEM_0013,0,0,True,1,stem,Ras85D_CTX_YAK_CENTROID_STEM_0006,stem,inside_at_left_boundary,stem,Ras85D_CTX_YAK_CENTROID_STEM_0006,0,0,True,between_ECM,none,APA_distant,stem,MFE_centroid_agreement,ECM_INTERFACE+RNA_STRUCTURE,ECM_interface_structure_domain
IEL_007,6,D.virilis,242,243,2,133,133,1,133-133,direct,label_interval,True,8,2,,,16,,,1.0,,mixed_deletion_insertion,recurrent_breakpoint_hotspot,0,,,,0,Ras85D_EBC_VIR_ECM_0003,ECM_11,27,upstream,Ras85D_EBC_VIR_ECM_0002,ECM_07,59,Ras85D_EBC_VIR_ECM_0003,ECM_11,27,,0,0,,,,0,Ras85D_EBC_VIR_UGUA_0002,UGUA,29,downstream,Ras85D_EBC_VIR_UGUA_0002,UGUA,29,Ras85D_EBC_VIR_UGUA_0003,UGUA,107,0,,,,0,Ras85D_EBC_VIR_PAS_0002,1.5,23,upstream,Ras85D_EBC_VIR_PAS_0001,2.5,38,Ras85D_EBC_VIR_PAS_0002,1.5,23,0,,,Ras85D_EBC_VIR_CLV_0001,weak,20,downstream,113|113,0,,,,0,Ras85D_EBC_VIR_DSE_0002,down-st,14,downstream,Ras85D_EBC_VIR_DSE_0002,down-st,14,Ras85D_EBC_VIR_DSE_0003,down-st,67,1,hairpin_loop,Ras85D_CTX_VIR_MFE_HAIRPIN_LOOP_0002,hairpin_loop,inside_at_left_boundary,hairpin_loop,Ras85D_CTX_VIR_MFE_HAIRPIN_LOOP_0002,0,0,True,1,hairpin_loop,Ras85D_CTX_VIR_CENTROID_HAIRPIN_LOOP_0002,hairpin_loop,inside_at_left_boundary,hairpin_loop,Ras85D_CTX_VIR_CENTROID_HAIRPIN_LOOP_0002,0,0,True,between_ECM,PAS+CLEAVAGE+DSE,core_APA_neighborhood,hairpin_loop,MFE_centroid_agreement,ECM_INTERFACE+APA+RNA_STRUCTURE,composite_interface_APA_structure_domain
IEL_008,7,D.melanogaster,285,288,4,164,165,2,164|165,between_columns,between_columns,True,9,2,,,25,,,1.0,,mixed_deletion_insertion,complex_mosaic_hotspot,0,,,,0,Ras85D_EBC_MEL_ECM_0003,ECM_10,30,upstream,Ras85D_EBC_MEL_ECM_0002,ECM_07,90,Ras85D_EBC_MEL_ECM_0003,ECM_10,30,,0,0,,,,0,Ras85D_EBC_MEL_UGUA_0002,UGUA,75,upstream,Ras85D_EBC_MEL_UGUA_0001,UGUA,102,Ras85D_EBC_MEL_UGUA_0002,UGUA,75,0,,,,0,Ras85D_EBC_MEL_PAS_0001,1.5,54,upstream,,,,Ras85D_EBC_MEL_PAS_0001,1.5,54,0,,,Ras85D_EBC_MEL_CLV_0003,weak,82,upstream,247|247,0,,,,0,Ras85D_EBC_MEL_DSE_0001,down-st,130,downstream,Ras85D_EBC_MEL_DSE_0001,down-st,130,Ras85D_EBC_MEL_DSE_0002,down-st,399,2,multiloop;stem,Ras85D_CTX_MEL_MFE_MULTILOOP_0004;Ras85D_CTX_MEL_MFE_STEM_0017,multiloop,crosses_right_boundary,multiloop,Ras85D_CTX_MEL_MFE_MULTILOOP_0004,0,0,True,1,multiloop,Ras85D_CTX_MEL_CENTROID_MULTILOOP_0005,multiloop,inside,multiloop,Ras85D_CTX_MEL_CENTROID_MULTILOOP_0005,0,3,False,between_ECM,none,APA_distant,multiloop,MFE_centroid_agreement,ECM_INTERFACE+RNA_STRUCTURE,ECM_interface_structure_domain
IEL_008,7,D.yakuba,285,288,4,164,165,2,164|165,between_columns,between_columns,True,9,2,,,25,,,1.0,,mixed_deletion_insertion,complex_mosaic_hotspot,0,,,,0,Ras85D_EBC_YAK_ECM_0003,ECM_10,30,upstream,Ras85D_EBC_YAK_ECM_0002,ECM_07,90,Ras85D_EBC_YAK_ECM_0003,ECM_10,30,,0,0,,,,0,Ras85D_EBC_YAK_UGUA_0002,UGUA,75,upstream,Ras85D_EBC_YAK_UGUA_0001,UGUA,102,Ras85D_EBC_YAK_UGUA_0002,UGUA,75,0,,,,0,Ras85D_EBC_YAK_PAS_0001,1.5,58,upstream,,,,Ras85D_EBC_YAK_PAS_0001,1.5,58,0,,,Ras85D_EBC_YAK_CLV_0002,weak,113,upstream,278|278,0,,,,0,Ras85D_EBC_YAK_DSE_0002,down-st,35,upstream,Ras85D_EBC_YAK_DSE_0001,down-st,130,Ras85D_EBC_YAK_DSE_0002,down-st,35,2,multiloop;stem,Ras85D_CTX_YAK_MFE_MULTILOOP_0003;Ras85D_CTX_YAK_MFE_STEM_0016,multiloop,crosses_right_boundary,multiloop,Ras85D_CTX_YAK_MFE_MULTILOOP_0003,0,0,True,1,multiloop,Ras85D_CTX_YAK_CENTROID_MULTILOOP_0003,multiloop,inside,multiloop,Ras85D_CTX_YAK_CENTROID_MULTILOOP_0003,0,3,False,between_ECM,none,APA_distant,multiloop,MFE_centroid_agreement,ECM_INTERFACE+RNA_STRUCTURE,ECM_interface_structure_domain
IEL_008,7,D.virilis,285,288,4,164,165,2,164|165,between_columns,between_columns,True,9,2,,,25,,,1.0,,mixed_deletion_insertion,complex_mosaic_hotspot,1,Ras85D_EBC_VIR_ECM_0003,ECM_11,inside,2,Ras85D_EBC_VIR_ECM_0003,ECM_11,0,inside,Ras85D_EBC_VIR_ECM_0002,ECM_07,90,Ras85D_EBC_VIR_ECM_0004,ECM_10,31,,0,0,,,,0,Ras85D_EBC_VIR_UGUA_0002,UGUA,60,downstream,Ras85D_EBC_VIR_UGUA_0002,UGUA,60,Ras85D_EBC_VIR_UGUA_0003,UGUA,75,0,,,,0,Ras85D_EBC_VIR_PAS_0002,1.5,3,downstream,Ras85D_EBC_VIR_PAS_0002,1.5,3,Ras85D_EBC_VIR_PAS_0003,1.5,62,0,,,Ras85D_EBC_VIR_CLV_0001,weak,51,downstream,113|113,0,,,,0,Ras85D_EBC_VIR_DSE_0003,down-st,35,upstream,Ras85D_EBC_VIR_DSE_0002,down-st,45,Ras85D_EBC_VIR_DSE_0003,down-st,35,2,internal_loop;stem,Ras85D_CTX_VIR_MFE_INTERNAL_LOOP_0009;Ras85D_CTX_VIR_MFE_STEM_0014,stem,crosses_right_boundary,stem,Ras85D_CTX_VIR_MFE_STEM_0014,0,0,True,1,internal_loop,Ras85D_CTX_VIR_CENTROID_INTERNAL_LOOP_0005,internal_loop,coincident,internal_loop,Ras85D_CTX_VIR_CENTROID_INTERNAL_LOOP_0005,0,0,True,inside_ECM,PAS,partial_APA_neighborhood,MFE:stem|centroid:internal_loop,MFE_centroid_disagreement,ECM+APA+RNA_STRUCTURE,composite_ECM_APA_structure_domain
IEL_009,8,D.melanogaster,329,330,2,169,170,2,169|170,between_columns,between_columns,True,9,1,,,16,,,1.0,,mixed_deletion_insertion,recurrent_breakpoint_hotspot,0,,,,0,Ras85D_EBC_MEL_ECM_0003,ECM_10,25,upstream,Ras85D_EBC_MEL_ECM_0002,ECM_07,95,Ras85D_EBC_MEL_ECM_0003,ECM_10,25,,0,0,,,,0,Ras85D_EBC_MEL_UGUA_0002,UGUA,70,upstream,Ras85D_EBC_MEL_UGUA_0001,UGUA,107,Ras85D_EBC_MEL_UGUA_0002,UGUA,70,0,,,,0,Ras85D_EBC_MEL_PAS_0001,1.5,49,upstream,,,,Ras85D_EBC_MEL_PAS_0001,1.5,49,0,,,Ras85D_EBC_MEL_CLV_0003,weak,77,upstream,247|247,0,,,,0,Ras85D_EBC_MEL_DSE_0001,down-st,135,downstream,Ras85D_EBC_MEL_DSE_0001,down-st,135,Ras85D_EBC_MEL_DSE_0002,down-st,394,1,stem,Ras85D_CTX_MEL_MFE_STEM_0017,stem,inside,stem,Ras85D_CTX_MEL_MFE_STEM_0017,0,4,False,1,stem,Ras85D_CTX_MEL_CENTROID_STEM_0014,stem,inside_at_left_boundary,stem,Ras85D_CTX_MEL_CENTROID_STEM_0014,0,0,True,between_ECM,none,APA_distant,stem,MFE_centroid_agreement,ECM_INTERFACE+RNA_STRUCTURE,ECM_interface_structure_domain
IEL_009,8,D.yakuba,329,330,2,169,170,2,169|170,between_columns,between_columns,True,9,1,,,16,,,1.0,,mixed_deletion_insertion,recurrent_breakpoint_hotspot,0,,,,0,Ras85D_EBC_YAK_ECM_0003,ECM_10,25,upstream,Ras85D_EBC_YAK_ECM_0002,ECM_07,95,Ras85D_EBC_YAK_ECM_0003,ECM_10,25,,0,0,,,,0,Ras85D_EBC_YAK_UGUA_0002,UGUA,70,upstream,Ras85D_EBC_YAK_UGUA_0001,UGUA,107,Ras85D_EBC_YAK_UGUA_0002,UGUA,70,0,,,,0,Ras85D_EBC_YAK_PAS_0001,1.5,53,upstream,,,,Ras85D_EBC_YAK_PAS_0001,1.5,53,0,,,Ras85D_EBC_YAK_CLV_0002,weak,108,upstream,278|278,0,,,,0,Ras85D_EBC_YAK_DSE_0002,down-st,30,upstream,Ras85D_EBC_YAK_DSE_0001,down-st,135,Ras85D_EBC_YAK_DSE_0002,down-st,30,1,stem,Ras85D_CTX_YAK_MFE_STEM_0016,stem,inside,stem,Ras85D_CTX_YAK_MFE_STEM_0016,0,4,False,1,stem,Ras85D_CTX_YAK_CENTROID_STEM_0009,stem,inside_at_left_boundary,stem,Ras85D_CTX_YAK_CENTROID_STEM_0009,0,0,True,between_ECM,none,APA_distant,stem,MFE_centroid_agreement,ECM_INTERFACE+RNA_STRUCTURE,ECM_interface_structure_domain
IEL_009,8,D.virilis,329,330,2,167,169,3,167|169,between_columns,between_columns,True,9,1,,,16,,,1.0,,mixed_deletion_insertion,recurrent_breakpoint_hotspot,1,Ras85D_EBC_VIR_ECM_0003,ECM_11,inside,3,Ras85D_EBC_VIR_ECM_0003,ECM_11,0,inside,Ras85D_EBC_VIR_ECM_0002,ECM_07,93,Ras85D_EBC_VIR_ECM_0004,ECM_10,27,,0,0,,,,0,Ras85D_EBC_VIR_UGUA_0002,UGUA,63,downstream,Ras85D_EBC_VIR_UGUA_0002,UGUA,63,Ras85D_EBC_VIR_UGUA_0003,UGUA,71,0,,,,0,Ras85D_EBC_VIR_PAS_0002,1.5,6,downstream,Ras85D_EBC_VIR_PAS_0002,1.5,6,Ras85D_EBC_VIR_PAS_0003,1.5,58,0,,,Ras85D_EBC_VIR_CLV_0001,weak,54,downstream,113|113,0,,,,0,Ras85D_EBC_VIR_DSE_0003,down-st,31,upstream,Ras85D_EBC_VIR_DSE_0002,down-st,48,Ras85D_EBC_VIR_DSE_0003,down-st,31,1,stem,Ras85D_CTX_VIR_MFE_STEM_0015,stem,inside,stem,Ras85D_CTX_VIR_MFE_STEM_0015,0,1,True,1,stem,Ras85D_CTX_VIR_CENTROID_STEM_0012,stem,inside,stem,Ras85D_CTX_VIR_CENTROID_STEM_0012,0,1,True,inside_ECM,PAS,partial_APA_neighborhood,stem,MFE_centroid_agreement,ECM+APA+RNA_STRUCTURE,composite_ECM_APA_structure_domain
IEL_010,9,D.melanogaster,346,351,6,169,170,2,169|170,between_columns,between_columns,True,11,1,,,30,,,1.0,,mixed_deletion_insertion,recurrent_breakpoint_hotspot,0,,,,0,Ras85D_EBC_MEL_ECM_0003,ECM_10,25,upstream,Ras85D_EBC_MEL_ECM_0002,ECM_07,95,Ras85D_EBC_MEL_ECM_0003,ECM_10,25,,0,0,,,,0,Ras85D_EBC_MEL_UGUA_0002,UGUA,70,upstream,Ras85D_EBC_MEL_UGUA_0001,UGUA,107,Ras85D_EBC_MEL_UGUA_0002,UGUA,70,0,,,,0,Ras85D_EBC_MEL_PAS_0001,1.5,49,upstream,,,,Ras85D_EBC_MEL_PAS_0001,1.5,49,0,,,Ras85D_EBC_MEL_CLV_0003,weak,77,upstream,247|247,0,,,,0,Ras85D_EBC_MEL_DSE_0001,down-st,135,downstream,Ras85D_EBC_MEL_DSE_0001,down-st,135,Ras85D_EBC_MEL_DSE_0002,down-st,394,1,stem,Ras85D_CTX_MEL_MFE_STEM_0017,stem,inside,stem,Ras85D_CTX_MEL_MFE_STEM_0017,0,4,False,1,stem,Ras85D_CTX_MEL_CENTROID_STEM_0014,stem,inside_at_left_boundary,stem,Ras85D_CTX_MEL_CENTROID_STEM_0014,0,0,True,between_ECM,none,APA_distant,stem,MFE_centroid_agreement,ECM_INTERFACE+RNA_STRUCTURE,ECM_interface_structure_domain
IEL_010,9,D.yakuba,346,351,6,169,170,2,169|170,between_columns,between_columns,True,11,1,,,30,,,1.0,,mixed_deletion_insertion,recurrent_breakpoint_hotspot,0,,,,0,Ras85D_EBC_YAK_ECM_0003,ECM_10,25,upstream,Ras85D_EBC_YAK_ECM_0002,ECM_07,95,Ras85D_EBC_YAK_ECM_0003,ECM_10,25,,0,0,,,,0,Ras85D_EBC_YAK_UGUA_0002,UGUA,70,upstream,Ras85D_EBC_YAK_UGUA_0001,UGUA,107,Ras85D_EBC_YAK_UGUA_0002,UGUA,70,0,,,,0,Ras85D_EBC_YAK_PAS_0001,1.5,53,upstream,,,,Ras85D_EBC_YAK_PAS_0001,1.5,53,0,,,Ras85D_EBC_YAK_CLV_0002,weak,108,upstream,278|278,0,,,,0,Ras85D_EBC_YAK_DSE_0002,down-st,30,upstream,Ras85D_EBC_YAK_DSE_0001,down-st,135,Ras85D_EBC_YAK_DSE_0002,down-st,30,1,stem,Ras85D_CTX_YAK_MFE_STEM_0016,stem,inside,stem,Ras85D_CTX_YAK_MFE_STEM_0016,0,4,False,1,stem,Ras85D_CTX_YAK_CENTROID_STEM_0009,stem,inside_at_left_boundary,stem,Ras85D_CTX_YAK_CENTROID_STEM_0009,0,0,True,between_ECM,none,APA_distant,stem,MFE_centroid_agreement,ECM_INTERFACE+RNA_STRUCTURE,ECM_interface_structure_domain
IEL_010,9,D.virilis,346,351,6,167,169,3,167|169,between_columns,between_columns,True,11,1,,,30,,,1.0,,mixed_deletion_insertion,recurrent_breakpoint_hotspot,1,Ras85D_EBC_VIR_ECM_0003,ECM_11,inside,3,Ras85D_EBC_VIR_ECM_0003,ECM_11,0,inside,Ras85D_EBC_VIR_ECM_0002,ECM_07,93,Ras85D_EBC_VIR_ECM_0004,ECM_10,27,,0,0,,,,0,Ras85D_EBC_VIR_UGUA_0002,UGUA,63,downstream,Ras85D_EBC_VIR_UGUA_0002,UGUA,63,Ras85D_EBC_VIR_UGUA_0003,UGUA,71,0,,,,0,Ras85D_EBC_VIR_PAS_0002,1.5,6,downstream,Ras85D_EBC_VIR_PAS_0002,1.5,6,Ras85D_EBC_VIR_PAS_0003,1.5,58,0,,,Ras85D_EBC_VIR_CLV_0001,weak,54,downstream,113|113,0,,,,0,Ras85D_EBC_VIR_DSE_0003,down-st,31,upstream,Ras85D_EBC_VIR_DSE_0002,down-st,48,Ras85D_EBC_VIR_DSE_0003,down-st,31,1,stem,Ras85D_CTX_VIR_MFE_STEM_0015,stem,inside,stem,Ras85D_CTX_VIR_MFE_STEM_0015,0,1,True,1,stem,Ras85D_CTX_VIR_CENTROID_STEM_0012,stem,inside,stem,Ras85D_CTX_VIR_CENTROID_STEM_0012,0,1,True,inside_ECM,PAS,partial_APA_neighborhood,stem,MFE_centroid_agreement,ECM+APA+RNA_STRUCTURE,composite_ECM_APA_structure_domain
IEL_011,10,D.melanogaster,371,373,3,183,194,12,183|194,between_columns,between_columns,True,13,2,,,29,,,1.0,,mixed_deletion_insertion,recurrent_breakpoint_hotspot,0,,,,0,Ras85D_EBC_MEL_ECM_0003,ECM_10,1,upstream,Ras85D_EBC_MEL_ECM_0002,ECM_07,109,Ras85D_EBC_MEL_ECM_0003,ECM_10,1,,0,0,,,,0,Ras85D_EBC_MEL_UGUA_0002,UGUA,46,upstream,Ras85D_EBC_MEL_UGUA_0001,UGUA,121,Ras85D_EBC_MEL_UGUA_0002,UGUA,46,0,,,,0,Ras85D_EBC_MEL_PAS_0001,1.5,25,upstream,,,,Ras85D_EBC_MEL_PAS_0001,1.5,25,0,,,Ras85D_EBC_MEL_CLV_0003,weak,53,upstream,247|247,0,,,,0,Ras85D_EBC_MEL_DSE_0001,down-st,149,downstream,Ras85D_EBC_MEL_DSE_0001,down-st,149,Ras85D_EBC_MEL_DSE_0002,down-st,370,1,internal_loop,Ras85D_CTX_MEL_MFE_INTERNAL_LOOP_0010,internal_loop,inside_at_right_boundary,internal_loop,Ras85D_CTX_MEL_MFE_INTERNAL_LOOP_0010,0,0,True,1,internal_loop,Ras85D_CTX_MEL_CENTROID_INTERNAL_LOOP_0007,internal_loop,inside,internal_loop,Ras85D_CTX_MEL_CENTROID_INTERNAL_LOOP_0007,0,1,True,ECM_interface,PAS,partial_APA_neighborhood,internal_loop,MFE_centroid_agreement,ECM_INTERFACE+APA+RNA_STRUCTURE,composite_interface_APA_structure_domain
IEL_011,10,D.yakuba,371,373,3,183,194,12,183|194,between_columns,between_columns,True,13,2,,,29,,,1.0,,mixed_deletion_insertion,recurrent_breakpoint_hotspot,0,,,,0,Ras85D_EBC_YAK_ECM_0003,ECM_10,1,upstream,Ras85D_EBC_YAK_ECM_0002,ECM_07,109,Ras85D_EBC_YAK_ECM_0003,ECM_10,1,,0,0,,,,0,Ras85D_EBC_YAK_UGUA_0002,UGUA,46,upstream,Ras85D_EBC_YAK_UGUA_0001,UGUA,121,Ras85D_EBC_YAK_UGUA_0002,UGUA,46,0,,,,0,Ras85D_EBC_YAK_PAS_0001,1.5,29,upstream,,,,Ras85D_EBC_YAK_PAS_0001,1.5,29,0,,,Ras85D_EBC_YAK_CLV_0002,weak,84,upstream,278|278,0,,,,0,Ras85D_EBC_YAK_DSE_0002,down-st,6,upstream,Ras85D_EBC_YAK_DSE_0001,down-st,149,Ras85D_EBC_YAK_DSE_0002,down-st,6,1,internal_loop,Ras85D_CTX_YAK_MFE_INTERNAL_LOOP_0009,internal_loop,inside_at_right_boundary,internal_loop,Ras85D_CTX_YAK_MFE_INTERNAL_LOOP_0009,0,0,True,1,internal_loop,Ras85D_CTX_YAK_CENTROID_INTERNAL_LOOP_0003,internal_loop,inside_at_right_boundary,internal_loop,Ras85D_CTX_YAK_CENTROID_INTERNAL_LOOP_0003,0,0,True,ECM_interface,DSE,partial_APA_neighborhood,internal_loop,MFE_centroid_agreement,ECM_INTERFACE+APA+RNA_STRUCTURE,composite_interface_APA_structure_domain
IEL_011,10,D.virilis,371,373,3,184,184,1,184-184,direct,label_interval,True,13,2,,,29,,,1.0,,mixed_deletion_insertion,recurrent_breakpoint_hotspot,1,Ras85D_EBC_VIR_ECM_0003,ECM_11,inside,1,Ras85D_EBC_VIR_ECM_0003,ECM_11,0,inside,Ras85D_EBC_VIR_ECM_0002,ECM_07,110,Ras85D_EBC_VIR_ECM_0004,ECM_10,12,,0,0,,,,0,Ras85D_EBC_VIR_UGUA_0003,UGUA,56,upstream,Ras85D_EBC_VIR_UGUA_0002,UGUA,80,Ras85D_EBC_VIR_UGUA_0003,UGUA,56,0,,,,0,Ras85D_EBC_VIR_PAS_0002,1.5,23,downstream,Ras85D_EBC_VIR_PAS_0002,1.5,23,Ras85D_EBC_VIR_PAS_0003,1.5,43,0,,,Ras85D_EBC_VIR_CLV_0001,weak,71,downstream,113|113,0,,,,0,Ras85D_EBC_VIR_DSE_0003,down-st,16,upstream,Ras85D_EBC_VIR_DSE_0002,down-st,65,Ras85D_EBC_VIR_DSE_0003,down-st,16,1,stem,Ras85D_CTX_VIR_MFE_STEM_0018,stem,inside_at_left_boundary,stem,Ras85D_CTX_VIR_MFE_STEM_0018,0,0,True,1,stem,Ras85D_CTX_VIR_CENTROID_STEM_0013,stem,inside_at_left_boundary,stem,Ras85D_CTX_VIR_CENTROID_STEM_0013,0,0,True,inside_ECM,PAS+DSE,partial_APA_neighborhood,stem,MFE_centroid_agreement,ECM+APA+RNA_STRUCTURE,composite_ECM_APA_structure_domain
IEL_012,11,D.melanogaster,397,400,4,207,208,2,207|208,between_columns,between_columns,True,8,2,,,0,,,,,mixed_deletion_insertion,exact_coordinate_hotspot,1,Ras85D_EBC_MEL_ECM_0003,ECM_10,inside,2,Ras85D_EBC_MEL_ECM_0003,ECM_10,0,inside,Ras85D_EBC_MEL_ECM_0002,ECM_07,133,Ras85D_EBC_MEL_ECM_0004,ECM_05,29,,0,0,,,,0,Ras85D_EBC_MEL_UGUA_0002,UGUA,32,upstream,Ras85D_EBC_MEL_UGUA_0001,UGUA,145,Ras85D_EBC_MEL_UGUA_0002,UGUA,32,0,,,,0,Ras85D_EBC_MEL_PAS_0001,1.5,11,upstream,,,,Ras85D_EBC_MEL_PAS_0001,1.5,11,0,,,Ras85D_EBC_MEL_CLV_0003,weak,39,upstream,247|247,0,,,,0,Ras85D_EBC_MEL_DSE_0001,down-st,173,downstream,Ras85D_EBC_MEL_DSE_0001,down-st,173,Ras85D_EBC_MEL_DSE_0002,down-st,356,2,bulge;stem,Ras85D_CTX_MEL_MFE_BULGE_0002;Ras85D_CTX_MEL_MFE_STEM_0019,stem,crosses_right_boundary,stem,Ras85D_CTX_MEL_MFE_STEM_0019,0,0,True,2,bulge;stem,Ras85D_CTX_MEL_CENTROID_BULGE_0001;Ras85D_CTX_MEL_CENTROID_STEM_0017,stem,crosses_right_boundary,stem,Ras85D_CTX_MEL_CENTROID_STEM_0017,0,0,True,inside_ECM,PAS,partial_APA_neighborhood,stem,MFE_centroid_agreement,ECM+APA+RNA_STRUCTURE,composite_ECM_APA_structure_domain
IEL_012,11,D.yakuba,397,400,4,207,208,2,207|208,between_columns,between_columns,True,8,2,,,0,,,,,mixed_deletion_insertion,exact_coordinate_hotspot,1,Ras85D_EBC_YAK_ECM_0003,ECM_10,inside,2,Ras85D_EBC_YAK_ECM_0003,ECM_10,0,inside,Ras85D_EBC_YAK_ECM_0002,ECM_07,133,Ras85D_EBC_YAK_ECM_0004,ECM_05,29,,0,0,,,,0,Ras85D_EBC_YAK_UGUA_0002,UGUA,32,upstream,Ras85D_EBC_YAK_UGUA_0001,UGUA,145,Ras85D_EBC_YAK_UGUA_0002,UGUA,32,0,,,,0,Ras85D_EBC_YAK_PAS_0001,1.5,15,upstream,,,,Ras85D_EBC_YAK_PAS_0001,1.5,15,0,,,Ras85D_EBC_YAK_CLV_0002,weak,70,upstream,278|278,0,,,,0,Ras85D_EBC_YAK_DSE_0002,down-st,4,downstream,Ras85D_EBC_YAK_DSE_0002,down-st,4,Ras85D_EBC_YAK_DSE_0003,down-st,87,1,stem,Ras85D_CTX_YAK_MFE_STEM_0018,stem,inside_at_right_boundary,stem,Ras85D_CTX_YAK_MFE_STEM_0018,0,0,True,1,stem,Ras85D_CTX_YAK_CENTROID_STEM_0011,stem,inside_at_right_boundary,stem,Ras85D_CTX_YAK_CENTROID_STEM_0011,0,0,True,inside_ECM,PAS+DSE,partial_APA_neighborhood,stem,MFE_centroid_agreement,ECM+APA+RNA_STRUCTURE,composite_ECM_APA_structure_domain
IEL_012,11,D.virilis,397,400,4,207,207,1,207-207,direct,label_interval,True,8,2,,,0,,,,,mixed_deletion_insertion,exact_coordinate_hotspot,1,Ras85D_EBC_VIR_ECM_0004,ECM_10,inside,1,Ras85D_EBC_VIR_ECM_0004,ECM_10,0,inside,Ras85D_EBC_VIR_ECM_0003,ECM_11,18,Ras85D_EBC_VIR_ECM_0005,ECM_05,30,,0,0,,,,0,Ras85D_EBC_VIR_UGUA_0003,UGUA,33,upstream,Ras85D_EBC_VIR_UGUA_0002,UGUA,103,Ras85D_EBC_VIR_UGUA_0003,UGUA,33,0,,,,0,Ras85D_EBC_VIR_PAS_0003,1.5,20,upstream,Ras85D_EBC_VIR_PAS_0002,1.5,46,Ras85D_EBC_VIR_PAS_0003,1.5,20,0,,,Ras85D_EBC_VIR_CLV_0002,strong,71,upstream,278|278,0,,,,0,Ras85D_EBC_VIR_DSE_0003,down-st,4,downstream,Ras85D_EBC_VIR_DSE_0003,down-st,4,Ras85D_EBC_VIR_DSE_0004,down-st,88,1,internal_loop,Ras85D_CTX_VIR_MFE_INTERNAL_LOOP_0015,internal_loop,inside_at_left_boundary,internal_loop,Ras85D_CTX_VIR_MFE_INTERNAL_LOOP_0015,0,0,True,1,internal_loop,Ras85D_CTX_VIR_CENTROID_INTERNAL_LOOP_0008,internal_loop,inside_at_left_boundary,internal_loop,Ras85D_CTX_VIR_CENTROID_INTERNAL_LOOP_0008,0,0,True,inside_ECM,PAS+DSE,partial_APA_neighborhood,internal_loop,MFE_centroid_agreement,ECM+APA+RNA_STRUCTURE,composite_ECM_APA_structure_domain
IEL_013,12,D.melanogaster,445,450,6,233,234,2,233|234,between_columns,between_columns,True,9,1,,,20,,,1.0,,mixed_deletion_insertion,recurrent_deletion_hotspot,0,,,,0,Ras85D_EBC_MEL_ECM_0004,ECM_05,3,upstream,Ras85D_EBC_MEL_ECM_0003,ECM_10,9,Ras85D_EBC_MEL_ECM_0004,ECM_05,3,,0,0,,,,0,Ras85D_EBC_MEL_UGUA_0002,UGUA,6,upstream,Ras85D_EBC_MEL_UGUA_0001,UGUA,171,Ras85D_EBC_MEL_UGUA_0002,UGUA,6,0,,,,0,Ras85D_EBC_MEL_PAS_0001,1.5,9,downstream,Ras85D_EBC_MEL_PAS_0001,1.5,9,Ras85D_EBC_MEL_PAS_0002,2.5,137,0,,,Ras85D_EBC_MEL_CLV_0003,weak,13,upstream,247|247,0,,,,0,Ras85D_EBC_MEL_DSE_0001,down-st,199,downstream,Ras85D_EBC_MEL_DSE_0001,down-st,199,Ras85D_EBC_MEL_DSE_0002,down-st,330,1,multiloop,Ras85D_CTX_MEL_MFE_MULTILOOP_0006,multiloop,inside_at_right_boundary,multiloop,Ras85D_CTX_MEL_MFE_MULTILOOP_0006,0,0,True,1,hairpin_loop,Ras85D_CTX_MEL_CENTROID_HAIRPIN_LOOP_0003,hairpin_loop,inside,hairpin_loop,Ras85D_CTX_MEL_CENTROID_HAIRPIN_LOOP_0003,0,17,False,ECM_interface,UGUA+PAS+CLEAVAGE,PAS_cleavage_neighborhood,MFE:multiloop|centroid:hairpin_loop,MFE_centroid_disagreement,ECM_INTERFACE+APA+RNA_STRUCTURE,composite_interface_APA_structure_domain
IEL_013,12,D.yakuba,445,450,6,233,234,2,233|234,between_columns,between_columns,True,9,1,,,20,,,1.0,,mixed_deletion_insertion,recurrent_deletion_hotspot,0,,,,0,Ras85D_EBC_YAK_ECM_0004,ECM_05,3,upstream,Ras85D_EBC_YAK_ECM_0003,ECM_10,9,Ras85D_EBC_YAK_ECM_0004,ECM_05,3,,0,0,,,,0,Ras85D_EBC_YAK_UGUA_0002,UGUA,6,upstream,Ras85D_EBC_YAK_UGUA_0001,UGUA,171,Ras85D_EBC_YAK_UGUA_0002,UGUA,6,0,,,,0,Ras85D_EBC_YAK_PAS_0001,1.5,5,downstream,Ras85D_EBC_YAK_PAS_0001,1.5,5,Ras85D_EBC_YAK_PAS_0002,2.5,153,0,,,Ras85D_EBC_YAK_CLV_0002,weak,44,upstream,278|278,0,,,,0,Ras85D_EBC_YAK_DSE_0002,down-st,30,downstream,Ras85D_EBC_YAK_DSE_0002,down-st,30,Ras85D_EBC_YAK_DSE_0003,down-st,61,1,stem,Ras85D_CTX_YAK_MFE_STEM_0021,stem,inside,stem,Ras85D_CTX_YAK_MFE_STEM_0021,0,3,False,1,stem,Ras85D_CTX_YAK_CENTROID_STEM_0014,stem,inside,stem,Ras85D_CTX_YAK_CENTROID_STEM_0014,0,3,False,ECM_interface,UGUA+PAS,partial_APA_neighborhood,stem,MFE_centroid_agreement,ECM_INTERFACE+APA+RNA_STRUCTURE,composite_interface_APA_structure_domain
IEL_013,12,D.virilis,445,450,6,233,235,3,233|235,between_columns,between_columns,True,9,1,,,20,,,1.0,,mixed_deletion_insertion,recurrent_deletion_hotspot,0,,,,0,Ras85D_EBC_VIR_ECM_0005,ECM_05,2,upstream,Ras85D_EBC_VIR_ECM_0004,ECM_10,9,Ras85D_EBC_VIR_ECM_0005,ECM_05,2,,0,0,,,,0,Ras85D_EBC_VIR_UGUA_0003,UGUA,5,upstream,Ras85D_EBC_VIR_UGUA_0002,UGUA,129,Ras85D_EBC_VIR_UGUA_0003,UGUA,5,0,,,,0,Ras85D_EBC_VIR_PAS_0003,1.5,1,downstream,Ras85D_EBC_VIR_PAS_0003,1.5,1,Ras85D_EBC_VIR_PAS_0004,1.5,22,0,,,Ras85D_EBC_VIR_CLV_0002,strong,43,upstream,278|278,0,,,,0,Ras85D_EBC_VIR_DSE_0003,down-st,30,downstream,Ras85D_EBC_VIR_DSE_0003,down-st,30,Ras85D_EBC_VIR_DSE_0004,down-st,60,1,stem,Ras85D_CTX_VIR_MFE_STEM_0026,stem,inside,stem,Ras85D_CTX_VIR_MFE_STEM_0026,0,3,False,1,stem,Ras85D_CTX_VIR_CENTROID_STEM_0021,stem,inside_at_left_boundary,stem,Ras85D_CTX_VIR_CENTROID_STEM_0021,0,0,True,ECM_interface,UGUA+PAS,partial_APA_neighborhood,stem,MFE_centroid_agreement,ECM_INTERFACE+APA+RNA_STRUCTURE,composite_interface_APA_structure_domain
IEL_014,13,D.melanogaster,684,688,5,394,395,2,394|395,between_columns,between_columns,True,11,2,,,17,,,1.0,,mixed_deletion_insertion,recurrent_breakpoint_hotspot,1,Ras85D_EBC_MEL_ECM_0008,ECM_16,inside,2,Ras85D_EBC_MEL_ECM_0008,ECM_16,0,inside,Ras85D_EBC_MEL_ECM_0007,ECM_17,24,Ras85D_EBC_MEL_ECM_0009,ECM_02,30,,0,0,,,,0,Ras85D_EBC_MEL_UGUA_0004,UGUA,6,upstream,Ras85D_EBC_MEL_UGUA_0003,UGUA,121,Ras85D_EBC_MEL_UGUA_0004,UGUA,6,1,Ras85D_EBC_MEL_PAS_0003,2.5,crosses_left_boundary,1,Ras85D_EBC_MEL_PAS_0003,2.5,0,crosses_left_boundary,Ras85D_EBC_MEL_PAS_0002,2.5,12,Ras85D_EBC_MEL_PAS_0004,1.5,9,0,,,Ras85D_EBC_MEL_CLV_0005,strong,9,upstream,404|404,0,,,,0,Ras85D_EBC_MEL_DSE_0002,down-st,169,upstream,Ras85D_EBC_MEL_DSE_0001,down-st,360,Ras85D_EBC_MEL_DSE_0002,down-st,169,1,multiloop,Ras85D_CTX_MEL_MFE_MULTILOOP_0008,multiloop,inside,multiloop,Ras85D_CTX_MEL_MFE_MULTILOOP_0008,0,3,False,1,multiloop,Ras85D_CTX_MEL_CENTROID_MULTILOOP_0007,multiloop,inside,multiloop,Ras85D_CTX_MEL_CENTROID_MULTILOOP_0007,0,3,False,inside_ECM,UGUA+PAS+CLEAVAGE,PAS_cleavage_neighborhood,multiloop,MFE_centroid_agreement,ECM+APA+RNA_STRUCTURE,composite_ECM_APA_structure_domain
IEL_014,13,D.yakuba,684,688,5,394,395,2,394|395,between_columns,between_columns,True,11,2,,,17,,,1.0,,mixed_deletion_insertion,recurrent_breakpoint_hotspot,1,Ras85D_EBC_YAK_ECM_0008,ECM_16,inside,2,Ras85D_EBC_YAK_ECM_0008,ECM_16,0,inside,Ras85D_EBC_YAK_ECM_0007,ECM_17,24,Ras85D_EBC_YAK_ECM_0009,ECM_02,30,,0,0,,,,0,Ras85D_EBC_YAK_UGUA_0004,UGUA,6,upstream,Ras85D_EBC_YAK_UGUA_0003,UGUA,121,Ras85D_EBC_YAK_UGUA_0004,UGUA,6,1,Ras85D_EBC_YAK_PAS_0002,2.5,inside,2,Ras85D_EBC_YAK_PAS_0002,2.5,0,inside,Ras85D_EBC_YAK_PAS_0001,1.5,166,Ras85D_EBC_YAK_PAS_0003,2.5,16,0,,,Ras85D_EBC_YAK_CLV_0003,strong,4,downstream,390|390,0,,,,0,Ras85D_EBC_YAK_DSE_0004,down-st,85,downstream,Ras85D_EBC_YAK_DSE_0004,down-st,85,Ras85D_EBC_YAK_DSE_0005,down-st,185,1,stem,Ras85D_CTX_YAK_MFE_STEM_0042,stem,inside,stem,Ras85D_CTX_YAK_MFE_STEM_0042,0,2,True,1,multiloop,Ras85D_CTX_YAK_CENTROID_MULTILOOP_0007,multiloop,inside,multiloop,Ras85D_CTX_YAK_CENTROID_MULTILOOP_0007,0,3,False,inside_ECM,UGUA+PAS+CLEAVAGE,PAS_cleavage_neighborhood,MFE:stem|centroid:multiloop,MFE_centroid_disagreement,ECM+APA+RNA_STRUCTURE,composite_ECM_APA_structure_domain
IEL_014,13,D.virilis,684,688,5,392,393,2,392-393,partially_gapped,label_interval,True,11,2,,,17,,,1.0,,mixed_deletion_insertion,recurrent_breakpoint_hotspot,0,,,,0,Ras85D_EBC_VIR_ECM_0007,ECM_02,32,upstream,Ras85D_EBC_VIR_ECM_0006,ECM_04,51,Ras85D_EBC_VIR_ECM_0007,ECM_02,32,,0,0,,,,0,Ras85D_EBC_VIR_UGUA_0005,UGUA,8,upstream,Ras85D_EBC_VIR_UGUA_0004,UGUA,119,Ras85D_EBC_VIR_UGUA_0005,UGUA,8,0,,,,0,Ras85D_EBC_VIR_PAS_0005,2.5,10,upstream,Ras85D_EBC_VIR_PAS_0004,1.5,130,Ras85D_EBC_VIR_PAS_0005,2.5,10,0,,,Ras85D_EBC_VIR_CLV_0003,weak,42,upstream,435|435,1,Ras85D_EBC_VIR_DSE_0005,down-st,crosses_right_boundary,1,Ras85D_EBC_VIR_DSE_0005,down-st,0,crosses_right_boundary,Ras85D_EBC_VIR_DSE_0004,down-st,92,Ras85D_EBC_VIR_DSE_0006,down-st,74,1,hairpin_loop,Ras85D_CTX_VIR_MFE_HAIRPIN_LOOP_0003,hairpin_loop,inside_at_left_boundary,hairpin_loop,Ras85D_CTX_VIR_MFE_HAIRPIN_LOOP_0003,0,0,True,1,hairpin_loop,Ras85D_CTX_VIR_CENTROID_HAIRPIN_LOOP_0003,hairpin_loop,inside_at_left_boundary,hairpin_loop,Ras85D_CTX_VIR_CENTROID_HAIRPIN_LOOP_0003,0,0,True,between_ECM,UGUA+PAS+DSE,partial_APA_neighborhood,hairpin_loop,MFE_centroid_agreement,ECM_INTERFACE+APA+RNA_STRUCTURE,composite_interface_APA_structure_domain
IEL_015,14,D.melanogaster,912,916,5,534,536,3,534|536,between_columns,between_columns,True,8,1,,,14,,,1.0,,mixed_deletion_insertion,recurrent_breakpoint_hotspot,0,,,,0,Ras85D_EBC_MEL_ECM_0010,ECM_12,32,downstream,Ras85D_EBC_MEL_ECM_0010,ECM_12,32,Ras85D_EBC_MEL_ECM_0011,ECM_06,199,,0,0,,,,0,Ras85D_EBC_MEL_UGUA_0006,UGUA,12,downstream,Ras85D_EBC_MEL_UGUA_0006,UGUA,12,Ras85D_EBC_MEL_UGUA_0007,UGUA,25,0,,,,0,Ras85D_EBC_MEL_PAS_0005,1.5,9,upstream,Ras85D_EBC_MEL_PAS_0004,1.5,125,Ras85D_EBC_MEL_PAS_0005,1.5,9,0,,,Ras85D_EBC_MEL_CLV_0007,weak,15,upstream,551|551,0,,,,0,Ras85D_EBC_MEL_DSE_0002,down-st,28,upstream,Ras85D_EBC_MEL_DSE_0001,down-st,500,Ras85D_EBC_MEL_DSE_0002,down-st,28,1,stem,Ras85D_CTX_MEL_MFE_STEM_0048,stem,inside,stem,Ras85D_CTX_MEL_MFE_STEM_0048,0,3,False,1,stem,Ras85D_CTX_MEL_CENTROID_STEM_0040,stem,inside,stem,Ras85D_CTX_MEL_CENTROID_STEM_0040,0,3,False,between_ECM,UGUA+PAS+CLEAVAGE,PAS_cleavage_neighborhood,stem,MFE_centroid_agreement,ECM_INTERFACE+APA+RNA_STRUCTURE,composite_interface_APA_structure_domain
IEL_015,14,D.yakuba,912,916,5,534,536,3,534|536,between_columns,between_columns,True,8,1,,,14,,,1.0,,mixed_deletion_insertion,recurrent_breakpoint_hotspot,0,,,,0,Ras85D_EBC_YAK_ECM_0010,ECM_12,32,downstream,Ras85D_EBC_YAK_ECM_0010,ECM_12,32,Ras85D_EBC_YAK_ECM_0011,ECM_06,199,,0,0,,,,0,Ras85D_EBC_YAK_UGUA_0006,UGUA,12,downstream,Ras85D_EBC_YAK_UGUA_0006,UGUA,12,Ras85D_EBC_YAK_UGUA_0007,UGUA,25,0,,,,0,Ras85D_EBC_YAK_PAS_0005,1.5,25,upstream,Ras85D_EBC_YAK_PAS_0004,1.5,110,Ras85D_EBC_YAK_PAS_0005,1.5,25,0,,,Ras85D_EBC_YAK_CLV_0005,weak,48,upstream,584|584,0,,,,0,Ras85D_EBC_YAK_DSE_0005,down-st,44,upstream,Ras85D_EBC_YAK_DSE_0004,down-st,225,Ras85D_EBC_YAK_DSE_0005,down-st,44,2,multiloop;stem,Ras85D_CTX_YAK_MFE_MULTILOOP_0011;Ras85D_CTX_YAK_MFE_STEM_0054,multiloop,contains,multiloop,Ras85D_CTX_YAK_MFE_MULTILOOP_0011,0,0,True,1,multiloop,Ras85D_CTX_YAK_CENTROID_MULTILOOP_0009,multiloop,inside,multiloop,Ras85D_CTX_YAK_CENTROID_MULTILOOP_0009,0,7,False,between_ECM,UGUA+PAS,partial_APA_neighborhood,multiloop,MFE_centroid_agreement,ECM_INTERFACE+APA+RNA_STRUCTURE,composite_interface_APA_structure_domain
IEL_015,14,D.virilis,912,916,5,535,536,2,535|536,between_columns,between_columns,True,8,1,,,14,,,1.0,,mixed_deletion_insertion,recurrent_breakpoint_hotspot,0,,,,0,Ras85D_EBC_VIR_ECM_0008,ECM_12,33,downstream,Ras85D_EBC_VIR_ECM_0008,ECM_12,33,Ras85D_EBC_VIR_ECM_0009,ECM_06,197,,0,1,Ras85D_EBC_VIR_UGUA_0008,UGUA,inside,2,Ras85D_EBC_VIR_UGUA_0008,UGUA,0,inside,Ras85D_EBC_VIR_UGUA_0007,UGUA,17,Ras85D_EBC_VIR_UGUA_0009,UGUA,38,0,,,,0,Ras85D_EBC_VIR_PAS_0007,1.5,29,downstream,Ras85D_EBC_VIR_PAS_0007,1.5,29,Ras85D_EBC_VIR_PAS_0008,1.5,227,0,,,Ras85D_EBC_VIR_CLV_0004,strong,31,downstream,504|504,1,Ras85D_EBC_VIR_DSE_0007,down-st,inside_at_right_boundary,2,Ras85D_EBC_VIR_DSE_0007,down-st,0,inside_at_right_boundary,Ras85D_EBC_VIR_DSE_0006,down-st,64,Ras85D_EBC_VIR_DSE_0008,down-st,105,1,internal_loop,Ras85D_CTX_VIR_MFE_INTERNAL_LOOP_0033,internal_loop,inside_at_left_boundary,internal_loop,Ras85D_CTX_VIR_MFE_INTERNAL_LOOP_0033,0,0,True,1,internal_loop,Ras85D_CTX_VIR_CENTROID_INTERNAL_LOOP_0030,internal_loop,inside,internal_loop,Ras85D_CTX_VIR_CENTROID_INTERNAL_LOOP_0030,0,1,True,between_ECM,UGUA+DSE,partial_APA_neighborhood,internal_loop,MFE_centroid_agreement,ECM_INTERFACE+APA+RNA_STRUCTURE,composite_interface_APA_structure_domain
IEL_016,15,D.melanogaster,957,959,3,568,569,2,568|569,between_columns,between_columns,True,11,1,,,35,,,1.0,,mixed_deletion_insertion,recurrent_breakpoint_hotspot,0,,,,0,Ras85D_EBC_MEL_ECM_0010,ECM_12,66,downstream,Ras85D_EBC_MEL_ECM_0010,ECM_12,66,Ras85D_EBC_MEL_ECM_0011,ECM_06,166,,0,0,,,,0,Ras85D_EBC_MEL_UGUA_0007,UGUA,4,downstream,Ras85D_EBC_MEL_UGUA_0007,UGUA,4,Ras85D_EBC_MEL_UGUA_0008,UGUA,7,0,,,,0,Ras85D_EBC_MEL_PAS_0005,1.5,18,downstream,Ras85D_EBC_MEL_PAS_0005,1.5,18,Ras85D_EBC_MEL_PAS_0006,2.5,52,0,,,Ras85D_EBC_MEL_CLV_0007,weak,17,downstream,551|551,1,Ras85D_EBC_MEL_DSE_0002,down-st,crosses_right_boundary,1,Ras85D_EBC_MEL_DSE_0002,down-st,0,crosses_right_boundary,Ras85D_EBC_MEL_DSE_0001,down-st,534,Ras85D_EBC_MEL_DSE_0003,down-st,82,1,hairpin_loop,Ras85D_CTX_MEL_MFE_HAIRPIN_LOOP_0008,hairpin_loop,inside_at_right_boundary,hairpin_loop,Ras85D_CTX_MEL_MFE_HAIRPIN_LOOP_0008,0,0,True,1,hairpin_loop,Ras85D_CTX_MEL_CENTROID_HAIRPIN_LOOP_0007,hairpin_loop,inside_at_right_boundary,hairpin_loop,Ras85D_CTX_MEL_CENTROID_HAIRPIN_LOOP_0007,0,0,True,between_ECM,UGUA+PAS+CLEAVAGE+DSE,complete_APA_neighborhood,hairpin_loop,MFE_centroid_agreement,ECM_INTERFACE+APA+RNA_STRUCTURE,composite_interface_APA_structure_domain
IEL_016,15,D.yakuba,957,959,3,568,569,2,568|569,between_columns,between_columns,True,11,1,,,35,,,1.0,,mixed_deletion_insertion,recurrent_breakpoint_hotspot,0,,,,0,Ras85D_EBC_YAK_ECM_0010,ECM_12,66,downstream,Ras85D_EBC_YAK_ECM_0010,ECM_12,66,Ras85D_EBC_YAK_ECM_0011,ECM_06,166,,0,0,,,,0,Ras85D_EBC_YAK_UGUA_0007,UGUA,4,downstream,Ras85D_EBC_YAK_UGUA_0007,UGUA,4,Ras85D_EBC_YAK_UGUA_0008,UGUA,669,0,,,,0,Ras85D_EBC_YAK_PAS_0005,1.5,2,downstream,Ras85D_EBC_YAK_PAS_0005,1.5,2,Ras85D_EBC_YAK_PAS_0006,2.5,85,0,,,Ras85D_EBC_YAK_CLV_0005,weak,15,upstream,584|584,0,,,,0,Ras85D_EBC_YAK_DSE_0005,down-st,11,upstream,Ras85D_EBC_YAK_DSE_0004,down-st,259,Ras85D_EBC_YAK_DSE_0005,down-st,11,1,hairpin_loop,Ras85D_CTX_YAK_MFE_HAIRPIN_LOOP_0008,hairpin_loop,inside_at_right_boundary,hairpin_loop,Ras85D_CTX_YAK_MFE_HAIRPIN_LOOP_0008,0,0,True,1,hairpin_loop,Ras85D_CTX_YAK_CENTROID_HAIRPIN_LOOP_0009,hairpin_loop,inside_at_right_boundary,hairpin_loop,Ras85D_CTX_YAK_CENTROID_HAIRPIN_LOOP_0009,0,0,True,between_ECM,UGUA+PAS+CLEAVAGE+DSE,complete_APA_neighborhood,hairpin_loop,MFE_centroid_agreement,ECM_INTERFACE+APA+RNA_STRUCTURE,composite_interface_APA_structure_domain
IEL_016,15,D.virilis,957,959,3,585,586,2,585|586,between_columns,between_columns,True,11,1,,,35,,,1.0,,mixed_deletion_insertion,recurrent_breakpoint_hotspot,0,,,,0,Ras85D_EBC_VIR_ECM_0008,ECM_12,83,downstream,Ras85D_EBC_VIR_ECM_0008,ECM_12,83,Ras85D_EBC_VIR_ECM_0009,ECM_06,147,,0,0,,,,0,Ras85D_EBC_VIR_UGUA_0009,UGUA,8,downstream,Ras85D_EBC_VIR_UGUA_0009,UGUA,8,Ras85D_EBC_VIR_UGUA_0010,UGUA,346,0,,,,0,Ras85D_EBC_VIR_PAS_0007,1.5,79,downstream,Ras85D_EBC_VIR_PAS_0007,1.5,79,Ras85D_EBC_VIR_PAS_0008,1.5,177,0,,,Ras85D_EBC_VIR_CLV_0005,weak,3,upstream,589|589,0,,,,0,Ras85D_EBC_VIR_DSE_0007,down-st,49,downstream,Ras85D_EBC_VIR_DSE_0007,down-st,49,Ras85D_EBC_VIR_DSE_0008,down-st,55,2,internal_loop;stem,Ras85D_CTX_VIR_MFE_INTERNAL_LOOP_0035;Ras85D_CTX_VIR_MFE_STEM_0056,stem,crosses_right_boundary,stem,Ras85D_CTX_VIR_MFE_STEM_0056,0,0,True,1,hairpin_loop,Ras85D_CTX_VIR_CENTROID_HAIRPIN_LOOP_0006,hairpin_loop,inside,hairpin_loop,Ras85D_CTX_VIR_CENTROID_HAIRPIN_LOOP_0006,0,5,False,between_ECM,UGUA+CLEAVAGE,partial_APA_neighborhood,MFE:stem|centroid:hairpin_loop,MFE_centroid_disagreement,ECM_INTERFACE+APA+RNA_STRUCTURE,composite_interface_APA_structure_domain
IEL_017,16,D.melanogaster,989,991,3,605,606,2,605|606,between_columns,between_columns,True,9,1,,,5,,,1.0,,mixed_deletion_insertion,mixed_recurrent_and_nested,0,,,,0,Ras85D_EBC_MEL_ECM_0010,ECM_12,103,downstream,Ras85D_EBC_MEL_ECM_0010,ECM_12,103,Ras85D_EBC_MEL_ECM_0011,ECM_06,129,,0,0,,,,0,Ras85D_EBC_MEL_UGUA_0008,UGUA,26,downstream,Ras85D_EBC_MEL_UGUA_0008,UGUA,26,Ras85D_EBC_MEL_UGUA_0009,UGUA,54,0,,,,0,Ras85D_EBC_MEL_PAS_0006,2.5,15,upstream,Ras85D_EBC_MEL_PAS_0005,1.5,55,Ras85D_EBC_MEL_PAS_0006,2.5,15,0,,,Ras85D_EBC_MEL_CLV_0007,weak,54,downstream,551|551,0,,,,0,Ras85D_EBC_MEL_DSE_0002,down-st,37,downstream,Ras85D_EBC_MEL_DSE_0002,down-st,37,Ras85D_EBC_MEL_DSE_0003,down-st,45,1,stem,Ras85D_CTX_MEL_MFE_STEM_0054,stem,inside_at_left_boundary,stem,Ras85D_CTX_MEL_MFE_STEM_0054,0,0,True,1,stem,Ras85D_CTX_MEL_CENTROID_STEM_0045,stem,inside_at_left_boundary,stem,Ras85D_CTX_MEL_CENTROID_STEM_0045,0,0,True,between_ECM,PAS,partial_APA_neighborhood,stem,MFE_centroid_agreement,ECM_INTERFACE+APA+RNA_STRUCTURE,composite_interface_APA_structure_domain
IEL_017,16,D.yakuba,989,991,3,605,606,2,605|606,between_columns,between_columns,True,9,1,,,5,,,1.0,,mixed_deletion_insertion,mixed_recurrent_and_nested,0,,,,0,Ras85D_EBC_YAK_ECM_0010,ECM_12,103,downstream,Ras85D_EBC_YAK_ECM_0010,ECM_12,103,Ras85D_EBC_YAK_ECM_0011,ECM_06,129,,0,0,,,,0,Ras85D_EBC_YAK_UGUA_0007,UGUA,41,downstream,Ras85D_EBC_YAK_UGUA_0007,UGUA,41,Ras85D_EBC_YAK_UGUA_0008,UGUA,632,0,,,,0,Ras85D_EBC_YAK_PAS_0005,1.5,39,downstream,Ras85D_EBC_YAK_PAS_0005,1.5,39,Ras85D_EBC_YAK_PAS_0006,2.5,48,0,,,Ras85D_EBC_YAK_CLV_0005,weak,21,downstream,584|584,0,,,,0,Ras85D_EBC_YAK_DSE_0005,down-st,21,downstream,Ras85D_EBC_YAK_DSE_0005,down-st,21,Ras85D_EBC_YAK_DSE_0006,down-st,61,1,hairpin_loop,Ras85D_CTX_YAK_MFE_HAIRPIN_LOOP_0009,hairpin_loop,inside,hairpin_loop,Ras85D_CTX_YAK_MFE_HAIRPIN_LOOP_0009,0,3,False,1,hairpin_loop,Ras85D_CTX_YAK_CENTROID_HAIRPIN_LOOP_0010,hairpin_loop,inside,hairpin_loop,Ras85D_CTX_YAK_CENTROID_HAIRPIN_LOOP_0010,0,3,False,between_ECM,CLEAVAGE+DSE,cleavage_DSE_neighborhood,hairpin_loop,MFE_centroid_agreement,ECM_INTERFACE+APA+RNA_STRUCTURE,composite_interface_APA_structure_domain
IEL_017,16,D.virilis,989,991,3,611,613,3,611-613,partially_gapped,label_interval,True,9,1,,,5,,,1.0,,mixed_deletion_insertion,mixed_recurrent_and_nested,0,,,,0,Ras85D_EBC_VIR_ECM_0008,ECM_12,109,downstream,Ras85D_EBC_VIR_ECM_0008,ECM_12,109,Ras85D_EBC_VIR_ECM_0009,ECM_06,120,,0,0,,,,0,Ras85D_EBC_VIR_UGUA_0009,UGUA,34,downstream,Ras85D_EBC_VIR_UGUA_0009,UGUA,34,Ras85D_EBC_VIR_UGUA_0010,UGUA,319,0,,,,0,Ras85D_EBC_VIR_PAS_0007,1.5,105,downstream,Ras85D_EBC_VIR_PAS_0007,1.5,105,Ras85D_EBC_VIR_PAS_0008,1.5,150,0,,,Ras85D_EBC_VIR_CLV_0005,weak,22,downstream,589|589,0,,,,0,Ras85D_EBC_VIR_DSE_0008,down-st,28,upstream,Ras85D_EBC_VIR_DSE_0007,down-st,75,Ras85D_EBC_VIR_DSE_0008,down-st,28,1,hairpin_loop,Ras85D_CTX_VIR_MFE_HAIRPIN_LOOP_0007,hairpin_loop,inside,hairpin_loop,Ras85D_CTX_VIR_MFE_HAIRPIN_LOOP_0007,0,2,True,1,hairpin_loop,Ras85D_CTX_VIR_CENTROID_HAIRPIN_LOOP_0007,hairpin_loop,inside,hairpin_loop,Ras85D_CTX_VIR_CENTROID_HAIRPIN_LOOP_0007,0,2,True,between_ECM,CLEAVAGE,partial_APA_neighborhood,hairpin_loop,MFE_centroid_agreement,ECM_INTERFACE+APA+RNA_STRUCTURE,composite_interface_APA_structure_domain
IEL_018,17,D.melanogaster,1022,1023,2,621,636,16,621|636,between_columns,between_columns,True,7,1,,,13,,,1.0,,mixed_deletion_insertion,recurrent_breakpoint_hotspot,0,,,,0,Ras85D_EBC_MEL_ECM_0011,ECM_06,99,upstream,Ras85D_EBC_MEL_ECM_0010,ECM_12,119,Ras85D_EBC_MEL_ECM_0011,ECM_06,99,,0,0,,,,0,Ras85D_EBC_MEL_UGUA_0009,UGUA,24,upstream,Ras85D_EBC_MEL_UGUA_0008,UGUA,42,Ras85D_EBC_MEL_UGUA_0009,UGUA,24,1,Ras85D_EBC_MEL_PAS_0006,2.5,inside_at_left_boundary,16,Ras85D_EBC_MEL_PAS_0006,2.5,0,inside_at_left_boundary,Ras85D_EBC_MEL_PAS_0005,1.5,71,Ras85D_EBC_MEL_PAS_0007,1.5,245,0,,,Ras85D_EBC_MEL_CLV_0008,weak,25,upstream,661|661,0,,,,0,Ras85D_EBC_MEL_DSE_0003,down-st,15,upstream,Ras85D_EBC_MEL_DSE_0002,down-st,53,Ras85D_EBC_MEL_DSE_0003,down-st,15,1,hairpin_loop,Ras85D_CTX_MEL_MFE_HAIRPIN_LOOP_0009,hairpin_loop,inside,hairpin_loop,Ras85D_CTX_MEL_MFE_HAIRPIN_LOOP_0009,0,2,True,1,hairpin_loop,Ras85D_CTX_MEL_CENTROID_HAIRPIN_LOOP_0008,hairpin_loop,inside,hairpin_loop,Ras85D_CTX_MEL_CENTROID_HAIRPIN_LOOP_0008,0,2,True,between_ECM,UGUA+PAS+CLEAVAGE+DSE,complete_APA_neighborhood,hairpin_loop,MFE_centroid_agreement,ECM_INTERFACE+APA+RNA_STRUCTURE,composite_interface_APA_structure_domain
IEL_018,17,D.yakuba,1022,1023,2,621,636,16,621|636,between_columns,between_columns,True,7,1,,,13,,,1.0,,mixed_deletion_insertion,recurrent_breakpoint_hotspot,0,,,,0,Ras85D_EBC_YAK_ECM_0011,ECM_06,99,upstream,Ras85D_EBC_YAK_ECM_0010,ECM_12,119,Ras85D_EBC_YAK_ECM_0011,ECM_06,99,,0,0,,,,0,Ras85D_EBC_YAK_UGUA_0007,UGUA,57,downstream,Ras85D_EBC_YAK_UGUA_0007,UGUA,57,Ras85D_EBC_YAK_UGUA_0008,UGUA,602,0,,,,0,Ras85D_EBC_YAK_PAS_0006,2.5,18,upstream,Ras85D_EBC_YAK_PAS_0005,1.5,55,Ras85D_EBC_YAK_PAS_0006,2.5,18,0,,,Ras85D_EBC_YAK_CLV_0005,weak,37,downstream,584|584,0,,,,0,Ras85D_EBC_YAK_DSE_0006,down-st,31,upstream,Ras85D_EBC_YAK_DSE_0005,down-st,37,Ras85D_EBC_YAK_DSE_0006,down-st,31,1,stem,Ras85D_CTX_YAK_MFE_STEM_0059,stem,inside,stem,Ras85D_CTX_YAK_MFE_STEM_0059,0,1,True,1,stem,Ras85D_CTX_YAK_CENTROID_STEM_0037,stem,inside,stem,Ras85D_CTX_YAK_CENTROID_STEM_0037,0,1,True,between_ECM,PAS,partial_APA_neighborhood,stem,MFE_centroid_agreement,ECM_INTERFACE+APA+RNA_STRUCTURE,composite_interface_APA_structure_domain
IEL_018,17,D.virilis,1022,1023,2,642,643,2,642-643,partially_gapped,label_interval,True,7,1,,,13,,,1.0,,mixed_deletion_insertion,recurrent_breakpoint_hotspot,0,,,,0,Ras85D_EBC_VIR_ECM_0009,ECM_06,90,upstream,Ras85D_EBC_VIR_ECM_0008,ECM_12,140,Ras85D_EBC_VIR_ECM_0009,ECM_06,90,,0,0,,,,0,Ras85D_EBC_VIR_UGUA_0009,UGUA,65,downstream,Ras85D_EBC_VIR_UGUA_0009,UGUA,65,Ras85D_EBC_VIR_UGUA_0010,UGUA,289,0,,,,0,Ras85D_EBC_VIR_PAS_0008,1.5,120,upstream,Ras85D_EBC_VIR_PAS_0007,1.5,136,Ras85D_EBC_VIR_PAS_0008,1.5,120,0,,,Ras85D_EBC_VIR_CLV_0005,weak,53,downstream,589|589,1,Ras85D_EBC_VIR_DSE_0008,down-st,inside,2,Ras85D_EBC_VIR_DSE_0008,down-st,0,inside,Ras85D_EBC_VIR_DSE_0007,down-st,106,Ras85D_EBC_VIR_DSE_0009,down-st,25,1,stem,Ras85D_CTX_VIR_MFE_STEM_0061,stem,inside,stem,Ras85D_CTX_VIR_MFE_STEM_0061,0,4,False,2,multiloop;stem,Ras85D_CTX_VIR_CENTROID_MULTILOOP_0013;Ras85D_CTX_VIR_CENTROID_STEM_0054,multiloop,contains,multiloop,Ras85D_CTX_VIR_CENTROID_MULTILOOP_0013,0,0,True,between_ECM,DSE,partial_APA_neighborhood,MFE:stem|centroid:multiloop,MFE_centroid_disagreement,ECM_INTERFACE+APA+RNA_STRUCTURE,composite_interface_APA_structure_domain
IEL_019,18,D.melanogaster,1169,1188,20,621,636,16,621|636,between_columns,between_columns,True,8,1,,,24,,,1.0,,mixed_deletion_insertion,recurrent_breakpoint_hotspot,0,,,,0,Ras85D_EBC_MEL_ECM_0011,ECM_06,99,upstream,Ras85D_EBC_MEL_ECM_0010,ECM_12,119,Ras85D_EBC_MEL_ECM_0011,ECM_06,99,,0,0,,,,0,Ras85D_EBC_MEL_UGUA_0009,UGUA,24,upstream,Ras85D_EBC_MEL_UGUA_0008,UGUA,42,Ras85D_EBC_MEL_UGUA_0009,UGUA,24,1,Ras85D_EBC_MEL_PAS_0006,2.5,inside_at_left_boundary,16,Ras85D_EBC_MEL_PAS_0006,2.5,0,inside_at_left_boundary,Ras85D_EBC_MEL_PAS_0005,1.5,71,Ras85D_EBC_MEL_PAS_0007,1.5,245,0,,,Ras85D_EBC_MEL_CLV_0008,weak,25,upstream,661|661,0,,,,0,Ras85D_EBC_MEL_DSE_0003,down-st,15,upstream,Ras85D_EBC_MEL_DSE_0002,down-st,53,Ras85D_EBC_MEL_DSE_0003,down-st,15,1,hairpin_loop,Ras85D_CTX_MEL_MFE_HAIRPIN_LOOP_0009,hairpin_loop,inside,hairpin_loop,Ras85D_CTX_MEL_MFE_HAIRPIN_LOOP_0009,0,2,True,1,hairpin_loop,Ras85D_CTX_MEL_CENTROID_HAIRPIN_LOOP_0008,hairpin_loop,inside,hairpin_loop,Ras85D_CTX_MEL_CENTROID_HAIRPIN_LOOP_0008,0,2,True,between_ECM,UGUA+PAS+CLEAVAGE+DSE,complete_APA_neighborhood,hairpin_loop,MFE_centroid_agreement,ECM_INTERFACE+APA+RNA_STRUCTURE,composite_interface_APA_structure_domain
IEL_019,18,D.yakuba,1169,1188,20,621,636,16,621|636,between_columns,between_columns,True,8,1,,,24,,,1.0,,mixed_deletion_insertion,recurrent_breakpoint_hotspot,0,,,,0,Ras85D_EBC_YAK_ECM_0011,ECM_06,99,upstream,Ras85D_EBC_YAK_ECM_0010,ECM_12,119,Ras85D_EBC_YAK_ECM_0011,ECM_06,99,,0,0,,,,0,Ras85D_EBC_YAK_UGUA_0007,UGUA,57,downstream,Ras85D_EBC_YAK_UGUA_0007,UGUA,57,Ras85D_EBC_YAK_UGUA_0008,UGUA,602,0,,,,0,Ras85D_EBC_YAK_PAS_0006,2.5,18,upstream,Ras85D_EBC_YAK_PAS_0005,1.5,55,Ras85D_EBC_YAK_PAS_0006,2.5,18,0,,,Ras85D_EBC_YAK_CLV_0005,weak,37,downstream,584|584,0,,,,0,Ras85D_EBC_YAK_DSE_0006,down-st,31,upstream,Ras85D_EBC_YAK_DSE_0005,down-st,37,Ras85D_EBC_YAK_DSE_0006,down-st,31,1,stem,Ras85D_CTX_YAK_MFE_STEM_0059,stem,inside,stem,Ras85D_CTX_YAK_MFE_STEM_0059,0,1,True,1,stem,Ras85D_CTX_YAK_CENTROID_STEM_0037,stem,inside,stem,Ras85D_CTX_YAK_CENTROID_STEM_0037,0,1,True,between_ECM,PAS,partial_APA_neighborhood,stem,MFE_centroid_agreement,ECM_INTERFACE+APA+RNA_STRUCTURE,composite_interface_APA_structure_domain
IEL_019,18,D.virilis,1169,1188,20,683,684,2,683|684,between_columns,between_columns,True,8,1,,,24,,,1.0,,mixed_deletion_insertion,recurrent_breakpoint_hotspot,0,,,,0,Ras85D_EBC_VIR_ECM_0009,ECM_06,49,upstream,Ras85D_EBC_VIR_ECM_0008,ECM_12,181,Ras85D_EBC_VIR_ECM_0009,ECM_06,49,,0,0,,,,0,Ras85D_EBC_VIR_UGUA_0009,UGUA,106,downstream,Ras85D_EBC_VIR_UGUA_0009,UGUA,106,Ras85D_EBC_VIR_UGUA_0010,UGUA,248,0,,,,0,Ras85D_EBC_VIR_PAS_0008,1.5,79,upstream,Ras85D_EBC_VIR_PAS_0007,1.5,177,Ras85D_EBC_VIR_PAS_0008,1.5,79,0,,,Ras85D_EBC_VIR_CLV_0005,weak,94,downstream,589|589,0,,,,0,Ras85D_EBC_VIR_DSE_0009,down-st,11,downstream,Ras85D_EBC_VIR_DSE_0009,down-st,11,Ras85D_EBC_VIR_DSE_0010,down-st,195,2,hairpin_loop;stem,Ras85D_CTX_VIR_MFE_HAIRPIN_LOOP_0009;Ras85D_CTX_VIR_MFE_STEM_0066,stem,crosses_right_boundary,stem,Ras85D_CTX_VIR_MFE_STEM_0066,0,0,True,1,internal_loop,Ras85D_CTX_VIR_CENTROID_INTERNAL_LOOP_0033,internal_loop,inside,internal_loop,Ras85D_CTX_VIR_CENTROID_INTERNAL_LOOP_0033,0,9,False,between_ECM,DSE,partial_APA_neighborhood,MFE:stem|centroid:internal_loop,MFE_centroid_disagreement,ECM_INTERFACE+APA+RNA_STRUCTURE,composite_interface_APA_structure_domain
IEL_020,19,D.melanogaster,1224,1224,1,621,636,16,621|636,between_columns,between_columns,True,7,1,,,11,,,1.0,,mixed_deletion_insertion,recurrent_breakpoint_hotspot,0,,,,0,Ras85D_EBC_MEL_ECM_0011,ECM_06,99,upstream,Ras85D_EBC_MEL_ECM_0010,ECM_12,119,Ras85D_EBC_MEL_ECM_0011,ECM_06,99,,0,0,,,,0,Ras85D_EBC_MEL_UGUA_0009,UGUA,24,upstream,Ras85D_EBC_MEL_UGUA_0008,UGUA,42,Ras85D_EBC_MEL_UGUA_0009,UGUA,24,1,Ras85D_EBC_MEL_PAS_0006,2.5,inside_at_left_boundary,16,Ras85D_EBC_MEL_PAS_0006,2.5,0,inside_at_left_boundary,Ras85D_EBC_MEL_PAS_0005,1.5,71,Ras85D_EBC_MEL_PAS_0007,1.5,245,0,,,Ras85D_EBC_MEL_CLV_0008,weak,25,upstream,661|661,0,,,,0,Ras85D_EBC_MEL_DSE_0003,down-st,15,upstream,Ras85D_EBC_MEL_DSE_0002,down-st,53,Ras85D_EBC_MEL_DSE_0003,down-st,15,1,hairpin_loop,Ras85D_CTX_MEL_MFE_HAIRPIN_LOOP_0009,hairpin_loop,inside,hairpin_loop,Ras85D_CTX_MEL_MFE_HAIRPIN_LOOP_0009,0,2,True,1,hairpin_loop,Ras85D_CTX_MEL_CENTROID_HAIRPIN_LOOP_0008,hairpin_loop,inside,hairpin_loop,Ras85D_CTX_MEL_CENTROID_HAIRPIN_LOOP_0008,0,2,True,between_ECM,UGUA+PAS+CLEAVAGE+DSE,complete_APA_neighborhood,hairpin_loop,MFE_centroid_agreement,ECM_INTERFACE+APA+RNA_STRUCTURE,composite_interface_APA_structure_domain
IEL_020,19,D.yakuba,1224,1224,1,621,636,16,621|636,between_columns,between_columns,True,7,1,,,11,,,1.0,,mixed_deletion_insertion,recurrent_breakpoint_hotspot,0,,,,0,Ras85D_EBC_YAK_ECM_0011,ECM_06,99,upstream,Ras85D_EBC_YAK_ECM_0010,ECM_12,119,Ras85D_EBC_YAK_ECM_0011,ECM_06,99,,0,0,,,,0,Ras85D_EBC_YAK_UGUA_0007,UGUA,57,downstream,Ras85D_EBC_YAK_UGUA_0007,UGUA,57,Ras85D_EBC_YAK_UGUA_0008,UGUA,602,0,,,,0,Ras85D_EBC_YAK_PAS_0006,2.5,18,upstream,Ras85D_EBC_YAK_PAS_0005,1.5,55,Ras85D_EBC_YAK_PAS_0006,2.5,18,0,,,Ras85D_EBC_YAK_CLV_0005,weak,37,downstream,584|584,0,,,,0,Ras85D_EBC_YAK_DSE_0006,down-st,31,upstream,Ras85D_EBC_YAK_DSE_0005,down-st,37,Ras85D_EBC_YAK_DSE_0006,down-st,31,1,stem,Ras85D_CTX_YAK_MFE_STEM_0059,stem,inside,stem,Ras85D_CTX_YAK_MFE_STEM_0059,0,1,True,1,stem,Ras85D_CTX_YAK_CENTROID_STEM_0037,stem,inside,stem,Ras85D_CTX_YAK_CENTROID_STEM_0037,0,1,True,between_ECM,PAS,partial_APA_neighborhood,stem,MFE_centroid_agreement,ECM_INTERFACE+APA+RNA_STRUCTURE,composite_interface_APA_structure_domain
IEL_020,19,D.virilis,1224,1224,1,701,702,2,701|702,between_columns,between_columns,True,7,1,,,11,,,1.0,,mixed_deletion_insertion,recurrent_breakpoint_hotspot,0,,,,0,Ras85D_EBC_VIR_ECM_0009,ECM_06,31,upstream,Ras85D_EBC_VIR_ECM_0008,ECM_12,199,Ras85D_EBC_VIR_ECM_0009,ECM_06,31,,0,0,,,,0,Ras85D_EBC_VIR_UGUA_0009,UGUA,124,downstream,Ras85D_EBC_VIR_UGUA_0009,UGUA,124,Ras85D_EBC_VIR_UGUA_0010,UGUA,230,0,,,,0,Ras85D_EBC_VIR_PAS_0008,1.5,61,upstream,Ras85D_EBC_VIR_PAS_0007,1.5,195,Ras85D_EBC_VIR_PAS_0008,1.5,61,0,,,Ras85D_EBC_VIR_CLV_0006,weak,102,upstream,804|804,0,,,,0,Ras85D_EBC_VIR_DSE_0009,down-st,29,downstream,Ras85D_EBC_VIR_DSE_0009,down-st,29,Ras85D_EBC_VIR_DSE_0010,down-st,177,1,stem,Ras85D_CTX_VIR_MFE_STEM_0067,stem,inside_at_right_boundary,stem,Ras85D_CTX_VIR_MFE_STEM_0067,0,0,True,1,internal_loop,Ras85D_CTX_VIR_CENTROID_INTERNAL_LOOP_0033,internal_loop,inside,internal_loop,Ras85D_CTX_VIR_CENTROID_INTERNAL_LOOP_0033,0,9,False,between_ECM,none,APA_distant,MFE:stem|centroid:internal_loop,MFE_centroid_disagreement,ECM_INTERFACE+RNA_STRUCTURE,ECM_interface_structure_domain
IEL_021,20,D.melanogaster,1228,1228,1,621,636,16,621|636,between_columns,between_columns,True,7,1,,,5,,,1.0,,mixed_deletion_insertion,mixed_recurrent_and_nested,0,,,,0,Ras85D_EBC_MEL_ECM_0011,ECM_06,99,upstream,Ras85D_EBC_MEL_ECM_0010,ECM_12,119,Ras85D_EBC_MEL_ECM_0011,ECM_06,99,,0,0,,,,0,Ras85D_EBC_MEL_UGUA_0009,UGUA,24,upstream,Ras85D_EBC_MEL_UGUA_0008,UGUA,42,Ras85D_EBC_MEL_UGUA_0009,UGUA,24,1,Ras85D_EBC_MEL_PAS_0006,2.5,inside_at_left_boundary,16,Ras85D_EBC_MEL_PAS_0006,2.5,0,inside_at_left_boundary,Ras85D_EBC_MEL_PAS_0005,1.5,71,Ras85D_EBC_MEL_PAS_0007,1.5,245,0,,,Ras85D_EBC_MEL_CLV_0008,weak,25,upstream,661|661,0,,,,0,Ras85D_EBC_MEL_DSE_0003,down-st,15,upstream,Ras85D_EBC_MEL_DSE_0002,down-st,53,Ras85D_EBC_MEL_DSE_0003,down-st,15,1,hairpin_loop,Ras85D_CTX_MEL_MFE_HAIRPIN_LOOP_0009,hairpin_loop,inside,hairpin_loop,Ras85D_CTX_MEL_MFE_HAIRPIN_LOOP_0009,0,2,True,1,hairpin_loop,Ras85D_CTX_MEL_CENTROID_HAIRPIN_LOOP_0008,hairpin_loop,inside,hairpin_loop,Ras85D_CTX_MEL_CENTROID_HAIRPIN_LOOP_0008,0,2,True,between_ECM,UGUA+PAS+CLEAVAGE+DSE,complete_APA_neighborhood,hairpin_loop,MFE_centroid_agreement,ECM_INTERFACE+APA+RNA_STRUCTURE,composite_interface_APA_structure_domain
IEL_021,20,D.yakuba,1228,1228,1,621,636,16,621|636,between_columns,between_columns,True,7,1,,,5,,,1.0,,mixed_deletion_insertion,mixed_recurrent_and_nested,0,,,,0,Ras85D_EBC_YAK_ECM_0011,ECM_06,99,upstream,Ras85D_EBC_YAK_ECM_0010,ECM_12,119,Ras85D_EBC_YAK_ECM_0011,ECM_06,99,,0,0,,,,0,Ras85D_EBC_YAK_UGUA_0007,UGUA,57,downstream,Ras85D_EBC_YAK_UGUA_0007,UGUA,57,Ras85D_EBC_YAK_UGUA_0008,UGUA,602,0,,,,0,Ras85D_EBC_YAK_PAS_0006,2.5,18,upstream,Ras85D_EBC_YAK_PAS_0005,1.5,55,Ras85D_EBC_YAK_PAS_0006,2.5,18,0,,,Ras85D_EBC_YAK_CLV_0005,weak,37,downstream,584|584,0,,,,0,Ras85D_EBC_YAK_DSE_0006,down-st,31,upstream,Ras85D_EBC_YAK_DSE_0005,down-st,37,Ras85D_EBC_YAK_DSE_0006,down-st,31,1,stem,Ras85D_CTX_YAK_MFE_STEM_0059,stem,inside,stem,Ras85D_CTX_YAK_MFE_STEM_0059,0,1,True,1,stem,Ras85D_CTX_YAK_CENTROID_STEM_0037,stem,inside,stem,Ras85D_CTX_YAK_CENTROID_STEM_0037,0,1,True,between_ECM,PAS,partial_APA_neighborhood,stem,MFE_centroid_agreement,ECM_INTERFACE+APA+RNA_STRUCTURE,composite_interface_APA_structure_domain
IEL_021,20,D.virilis,1228,1228,1,705,705,1,705-705,direct,label_interval,True,7,1,,,5,,,1.0,,mixed_deletion_insertion,mixed_recurrent_and_nested,0,,,,0,Ras85D_EBC_VIR_ECM_0009,ECM_06,28,upstream,Ras85D_EBC_VIR_ECM_0008,ECM_12,203,Ras85D_EBC_VIR_ECM_0009,ECM_06,28,,0,0,,,,0,Ras85D_EBC_VIR_UGUA_0009,UGUA,128,downstream,Ras85D_EBC_VIR_UGUA_0009,UGUA,128,Ras85D_EBC_VIR_UGUA_0010,UGUA,227,0,,,,0,Ras85D_EBC_VIR_PAS_0008,1.5,58,upstream,Ras85D_EBC_VIR_PAS_0007,1.5,199,Ras85D_EBC_VIR_PAS_0008,1.5,58,0,,,Ras85D_EBC_VIR_CLV_0006,weak,99,upstream,804|804,0,,,,0,Ras85D_EBC_VIR_DSE_0009,down-st,33,downstream,Ras85D_EBC_VIR_DSE_0009,down-st,33,Ras85D_EBC_VIR_DSE_0010,down-st,174,1,stem,Ras85D_CTX_VIR_MFE_STEM_0068,stem,inside,stem,Ras85D_CTX_VIR_MFE_STEM_0068,0,1,True,1,internal_loop,Ras85D_CTX_VIR_CENTROID_INTERNAL_LOOP_0033,internal_loop,inside,internal_loop,Ras85D_CTX_VIR_CENTROID_INTERNAL_LOOP_0033,0,6,False,between_ECM,none,APA_distant,MFE:stem|centroid:internal_loop,MFE_centroid_disagreement,ECM_INTERFACE+RNA_STRUCTURE,ECM_interface_structure_domain
IEL_022,21,D.melanogaster,1245,1245,1,642,642,1,642-642,direct,label_interval,True,7,1,,,4,,,1.0,,mixed_deletion_insertion,exact_coordinate_hotspot,0,,,,0,Ras85D_EBC_MEL_ECM_0011,ECM_06,93,upstream,Ras85D_EBC_MEL_ECM_0010,ECM_12,140,Ras85D_EBC_MEL_ECM_0011,ECM_06,93,,0,0,,,,0,Ras85D_EBC_MEL_UGUA_0009,UGUA,18,upstream,Ras85D_EBC_MEL_UGUA_0008,UGUA,63,Ras85D_EBC_MEL_UGUA_0009,UGUA,18,0,,,,0,Ras85D_EBC_MEL_PAS_0006,2.5,2,downstream,Ras85D_EBC_MEL_PAS_0006,2.5,2,Ras85D_EBC_MEL_PAS_0007,1.5,239,0,,,Ras85D_EBC_MEL_CLV_0008,weak,19,upstream,661|661,0,,,,0,Ras85D_EBC_MEL_DSE_0003,down-st,9,upstream,Ras85D_EBC_MEL_DSE_0002,down-st,74,Ras85D_EBC_MEL_DSE_0003,down-st,9,1,stem,Ras85D_CTX_MEL_MFE_STEM_0057,stem,inside_at_right_boundary,stem,Ras85D_CTX_MEL_MFE_STEM_0057,0,0,True,1,stem,Ras85D_CTX_MEL_CENTROID_STEM_0048,stem,inside_at_right_boundary,stem,Ras85D_CTX_MEL_CENTROID_STEM_0048,0,0,True,between_ECM,UGUA+PAS+CLEAVAGE+DSE,complete_APA_neighborhood,stem,MFE_centroid_agreement,ECM_INTERFACE+APA+RNA_STRUCTURE,composite_interface_APA_structure_domain
IEL_022,21,D.yakuba,1245,1245,1,642,642,1,642-642,direct,label_interval,True,7,1,,,4,,,1.0,,mixed_deletion_insertion,exact_coordinate_hotspot,0,,,,0,Ras85D_EBC_YAK_ECM_0011,ECM_06,93,upstream,Ras85D_EBC_YAK_ECM_0010,ECM_12,140,Ras85D_EBC_YAK_ECM_0011,ECM_06,93,,0,0,,,,0,Ras85D_EBC_YAK_UGUA_0007,UGUA,78,downstream,Ras85D_EBC_YAK_UGUA_0007,UGUA,78,Ras85D_EBC_YAK_UGUA_0008,UGUA,596,0,,,,0,Ras85D_EBC_YAK_PAS_0006,2.5,12,upstream,Ras85D_EBC_YAK_PAS_0005,1.5,76,Ras85D_EBC_YAK_PAS_0006,2.5,12,0,,,Ras85D_EBC_YAK_CLV_0005,weak,58,downstream,584|584,0,,,,0,Ras85D_EBC_YAK_DSE_0006,down-st,25,upstream,Ras85D_EBC_YAK_DSE_0005,down-st,58,Ras85D_EBC_YAK_DSE_0006,down-st,25,1,multiloop,Ras85D_CTX_YAK_MFE_MULTILOOP_0014,multiloop,inside,multiloop,Ras85D_CTX_YAK_MFE_MULTILOOP_0014,0,4,False,1,multiloop,Ras85D_CTX_YAK_CENTROID_MULTILOOP_0012,multiloop,inside,multiloop,Ras85D_CTX_YAK_CENTROID_MULTILOOP_0012,0,4,False,between_ECM,PAS+DSE,partial_APA_neighborhood,multiloop,MFE_centroid_agreement,ECM_INTERFACE+APA+RNA_STRUCTURE,composite_interface_APA_structure_domain
IEL_022,21,D.virilis,1245,1245,1,721,721,1,721-721,direct,label_interval,True,7,1,,,4,,,1.0,,mixed_deletion_insertion,exact_coordinate_hotspot,0,,,,0,Ras85D_EBC_VIR_ECM_0009,ECM_06,12,upstream,Ras85D_EBC_VIR_ECM_0008,ECM_12,219,Ras85D_EBC_VIR_ECM_0009,ECM_06,12,,0,0,,,,0,Ras85D_EBC_VIR_UGUA_0009,UGUA,144,downstream,Ras85D_EBC_VIR_UGUA_0009,UGUA,144,Ras85D_EBC_VIR_UGUA_0010,UGUA,211,0,,,,0,Ras85D_EBC_VIR_PAS_0008,1.5,42,upstream,Ras85D_EBC_VIR_PAS_0007,1.5,215,Ras85D_EBC_VIR_PAS_0008,1.5,42,0,,,Ras85D_EBC_VIR_CLV_0006,weak,83,upstream,804|804,0,,,,0,Ras85D_EBC_VIR_DSE_0009,down-st,49,downstream,Ras85D_EBC_VIR_DSE_0009,down-st,49,Ras85D_EBC_VIR_DSE_0010,down-st,158,1,internal_loop,Ras85D_CTX_VIR_MFE_INTERNAL_LOOP_0038,internal_loop,coincident,internal_loop,Ras85D_CTX_VIR_MFE_INTERNAL_LOOP_0038,0,0,True,1,stem,Ras85D_CTX_VIR_CENTROID_STEM_0059,stem,inside_at_right_boundary,stem,Ras85D_CTX_VIR_CENTROID_STEM_0059,0,0,True,between_ECM,none,APA_distant,MFE:internal_loop|centroid:stem,MFE_centroid_disagreement,ECM_INTERFACE+RNA_STRUCTURE,ECM_interface_structure_domain
IEL_023,22,D.melanogaster,1291,1291,1,751,752,2,751|752,between_columns,between_columns,True,9,1,,,0,,,,,mixed_deletion_insertion,exact_coordinate_hotspot,1,Ras85D_EBC_MEL_ECM_0011,ECM_06,inside,2,Ras85D_EBC_MEL_ECM_0011,ECM_06,0,inside,Ras85D_EBC_MEL_ECM_0010,ECM_12,249,Ras85D_EBC_MEL_ECM_0012,ECM_14,123,,0,0,,,,0,Ras85D_EBC_MEL_UGUA_0009,UGUA,88,downstream,Ras85D_EBC_MEL_UGUA_0009,UGUA,88,Ras85D_EBC_MEL_UGUA_0010,UGUA,486,0,,,,0,Ras85D_EBC_MEL_PAS_0006,2.5,111,downstream,Ras85D_EBC_MEL_PAS_0006,2.5,111,Ras85D_EBC_MEL_PAS_0007,1.5,129,0,,,Ras85D_EBC_MEL_CLV_0009,weak,18,upstream,770|770,0,,,,0,Ras85D_EBC_MEL_DSE_0003,down-st,95,downstream,Ras85D_EBC_MEL_DSE_0003,down-st,95,Ras85D_EBC_MEL_DSE_0004,down-st,430,1,stem,Ras85D_CTX_MEL_MFE_STEM_0063,stem,inside,stem,Ras85D_CTX_MEL_MFE_STEM_0063,0,1,True,1,stem,Ras85D_CTX_MEL_CENTROID_STEM_0054,stem,inside,stem,Ras85D_CTX_MEL_CENTROID_STEM_0054,0,1,True,inside_ECM,CLEAVAGE,partial_APA_neighborhood,stem,MFE_centroid_agreement,ECM+APA+RNA_STRUCTURE,composite_ECM_APA_structure_domain
IEL_023,22,D.yakuba,1291,1291,1,751,752,2,751|752,between_columns,between_columns,True,9,1,,,0,,,,,mixed_deletion_insertion,exact_coordinate_hotspot,1,Ras85D_EBC_YAK_ECM_0011,ECM_06,inside,2,Ras85D_EBC_YAK_ECM_0011,ECM_06,0,inside,Ras85D_EBC_YAK_ECM_0010,ECM_12,249,Ras85D_EBC_YAK_ECM_0012,ECM_14,123,,0,0,,,,0,Ras85D_EBC_YAK_UGUA_0007,UGUA,187,downstream,Ras85D_EBC_YAK_UGUA_0007,UGUA,187,Ras85D_EBC_YAK_UGUA_0008,UGUA,486,0,,,,0,Ras85D_EBC_YAK_PAS_0006,2.5,92,downstream,Ras85D_EBC_YAK_PAS_0006,2.5,92,Ras85D_EBC_YAK_PAS_0007,1.5,145,0,,,Ras85D_EBC_YAK_CLV_0006,weak,12,downstream,739|739,0,,,,0,Ras85D_EBC_YAK_DSE_0006,down-st,79,downstream,Ras85D_EBC_YAK_DSE_0006,down-st,79,Ras85D_EBC_YAK_DSE_0007,down-st,446,1,multiloop,Ras85D_CTX_YAK_MFE_MULTILOOP_0016,multiloop,coincident,multiloop,Ras85D_CTX_YAK_MFE_MULTILOOP_0016,0,0,True,1,multiloop,Ras85D_CTX_YAK_CENTROID_MULTILOOP_0012,multiloop,inside,multiloop,Ras85D_CTX_YAK_CENTROID_MULTILOOP_0012,0,15,False,inside_ECM,CLEAVAGE,partial_APA_neighborhood,multiloop,MFE_centroid_agreement,ECM+APA+RNA_STRUCTURE,composite_ECM_APA_structure_domain
IEL_023,22,D.virilis,1291,1291,1,751,752,2,751|752,between_columns,between_columns,True,9,1,,,0,,,,,mixed_deletion_insertion,exact_coordinate_hotspot,1,Ras85D_EBC_VIR_ECM_0009,ECM_06,inside,2,Ras85D_EBC_VIR_ECM_0009,ECM_06,0,inside,Ras85D_EBC_VIR_ECM_0008,ECM_12,249,Ras85D_EBC_VIR_ECM_0010,ECM_14,123,,0,0,,,,0,Ras85D_EBC_VIR_UGUA_0009,UGUA,174,downstream,Ras85D_EBC_VIR_UGUA_0009,UGUA,174,Ras85D_EBC_VIR_UGUA_0010,UGUA,180,0,,,,0,Ras85D_EBC_VIR_PAS_0008,1.5,11,upstream,Ras85D_EBC_VIR_PAS_0007,1.5,245,Ras85D_EBC_VIR_PAS_0008,1.5,11,0,,,Ras85D_EBC_VIR_CLV_0006,weak,52,upstream,804|804,0,,,,0,Ras85D_EBC_VIR_DSE_0009,down-st,79,downstream,Ras85D_EBC_VIR_DSE_0009,down-st,79,Ras85D_EBC_VIR_DSE_0010,down-st,127,1,multiloop,Ras85D_CTX_VIR_MFE_MULTILOOP_0012,multiloop,inside_at_right_boundary,multiloop,Ras85D_CTX_VIR_MFE_MULTILOOP_0012,0,0,True,1,multiloop,Ras85D_CTX_VIR_CENTROID_MULTILOOP_0014,multiloop,inside_at_right_boundary,multiloop,Ras85D_CTX_VIR_CENTROID_MULTILOOP_0014,0,0,True,inside_ECM,PAS,partial_APA_neighborhood,multiloop,MFE_centroid_agreement,ECM+APA+RNA_STRUCTURE,composite_ECM_APA_structure_domain
IEL_024,23,D.melanogaster,1305,1306,2,764,765,2,764|765,between_columns,between_columns,True,11,1,,,28,,,1.0,,mixed_deletion_insertion,recurrent_deletion_hotspot,1,Ras85D_EBC_MEL_ECM_0011,ECM_06,crosses_right_boundary,1,Ras85D_EBC_MEL_ECM_0011,ECM_06,0,crosses_right_boundary,Ras85D_EBC_MEL_ECM_0010,ECM_12,262,Ras85D_EBC_MEL_ECM_0012,ECM_14,110,,0,0,,,,0,Ras85D_EBC_MEL_UGUA_0009,UGUA,101,downstream,Ras85D_EBC_MEL_UGUA_0009,UGUA,101,Ras85D_EBC_MEL_UGUA_0010,UGUA,473,0,,,,0,Ras85D_EBC_MEL_PAS_0007,1.5,116,upstream,Ras85D_EBC_MEL_PAS_0006,2.5,124,Ras85D_EBC_MEL_PAS_0007,1.5,116,0,,,Ras85D_EBC_MEL_CLV_0009,weak,5,upstream,770|770,0,,,,0,Ras85D_EBC_MEL_DSE_0003,down-st,108,downstream,Ras85D_EBC_MEL_DSE_0003,down-st,108,Ras85D_EBC_MEL_DSE_0004,down-st,417,1,stem,Ras85D_CTX_MEL_MFE_STEM_0064,stem,inside_at_right_boundary,stem,Ras85D_CTX_MEL_MFE_STEM_0064,0,0,True,1,multiloop,Ras85D_CTX_MEL_CENTROID_MULTILOOP_0012,multiloop,inside,multiloop,Ras85D_CTX_MEL_CENTROID_MULTILOOP_0012,0,1,True,crosses_ECM_boundary,CLEAVAGE,partial_APA_neighborhood,MFE:stem|centroid:multiloop,MFE_centroid_disagreement,ECM+APA+RNA_STRUCTURE,composite_ECM_APA_structure_domain
IEL_024,23,D.yakuba,1305,1306,2,764,765,2,764|765,between_columns,between_columns,True,11,1,,,28,,,1.0,,mixed_deletion_insertion,recurrent_deletion_hotspot,1,Ras85D_EBC_YAK_ECM_0011,ECM_06,crosses_right_boundary,1,Ras85D_EBC_YAK_ECM_0011,ECM_06,0,crosses_right_boundary,Ras85D_EBC_YAK_ECM_0010,ECM_12,262,Ras85D_EBC_YAK_ECM_0012,ECM_14,110,,0,0,,,,0,Ras85D_EBC_YAK_UGUA_0007,UGUA,200,downstream,Ras85D_EBC_YAK_UGUA_0007,UGUA,200,Ras85D_EBC_YAK_UGUA_0008,UGUA,473,0,,,,0,Ras85D_EBC_YAK_PAS_0006,2.5,105,downstream,Ras85D_EBC_YAK_PAS_0006,2.5,105,Ras85D_EBC_YAK_PAS_0007,1.5,132,0,,,Ras85D_EBC_YAK_CLV_0006,weak,25,downstream,739|739,0,,,,0,Ras85D_EBC_YAK_DSE_0006,down-st,92,downstream,Ras85D_EBC_YAK_DSE_0006,down-st,92,Ras85D_EBC_YAK_DSE_0007,down-st,433,1,hairpin_loop,Ras85D_CTX_YAK_MFE_HAIRPIN_LOOP_0011,hairpin_loop,inside_at_right_boundary,hairpin_loop,Ras85D_CTX_YAK_MFE_HAIRPIN_LOOP_0011,0,0,True,1,multiloop,Ras85D_CTX_YAK_CENTROID_MULTILOOP_0012,multiloop,inside,multiloop,Ras85D_CTX_YAK_CENTROID_MULTILOOP_0012,0,2,True,crosses_ECM_boundary,CLEAVAGE,partial_APA_neighborhood,MFE:hairpin_loop|centroid:multiloop,MFE_centroid_disagreement,ECM+APA+RNA_STRUCTURE,composite_ECM_APA_structure_domain
IEL_024,23,D.virilis,1305,1306,2,764,765,2,764|765,between_columns,between_columns,True,11,1,,,28,,,1.0,,mixed_deletion_insertion,recurrent_deletion_hotspot,1,Ras85D_EBC_VIR_ECM_0009,ECM_06,crosses_right_boundary,1,Ras85D_EBC_VIR_ECM_0009,ECM_06,0,crosses_right_boundary,Ras85D_EBC_VIR_ECM_0008,ECM_12,262,Ras85D_EBC_VIR_ECM_0010,ECM_14,110,,0,0,,,,0,Ras85D_EBC_VIR_UGUA_0010,UGUA,167,upstream,Ras85D_EBC_VIR_UGUA_0009,UGUA,187,Ras85D_EBC_VIR_UGUA_0010,UGUA,167,1,Ras85D_EBC_VIR_PAS_0008,1.5,inside,2,Ras85D_EBC_VIR_PAS_0008,1.5,0,inside,Ras85D_EBC_VIR_PAS_0007,1.5,258,Ras85D_EBC_VIR_PAS_0009,2.5,21,0,,,Ras85D_EBC_VIR_CLV_0006,weak,39,upstream,804|804,0,,,,0,Ras85D_EBC_VIR_DSE_0009,down-st,92,downstream,Ras85D_EBC_VIR_DSE_0009,down-st,92,Ras85D_EBC_VIR_DSE_0010,down-st,114,1,stem,Ras85D_CTX_VIR_MFE_STEM_0076,stem,inside_at_left_boundary,stem,Ras85D_CTX_VIR_MFE_STEM_0076,0,0,True,1,stem,Ras85D_CTX_VIR_CENTROID_STEM_0065,stem,inside_at_left_boundary,stem,Ras85D_CTX_VIR_CENTROID_STEM_0065,0,0,True,crosses_ECM_boundary,PAS,partial_APA_neighborhood,stem,MFE_centroid_agreement,ECM+APA+RNA_STRUCTURE,composite_ECM_APA_structure_domain
IEL_025,24,D.melanogaster,1333,1333,1,784,784,1,784-784,direct,label_interval,True,10,1,,,15,,,1.0,,mixed_deletion_insertion,mixed_recurrent_and_nested,0,,,,0,Ras85D_EBC_MEL_ECM_0011,ECM_06,20,downstream,Ras85D_EBC_MEL_ECM_0011,ECM_06,20,Ras85D_EBC_MEL_ECM_0012,ECM_14,91,,0,0,,,,0,Ras85D_EBC_MEL_UGUA_0009,UGUA,121,downstream,Ras85D_EBC_MEL_UGUA_0009,UGUA,121,Ras85D_EBC_MEL_UGUA_0010,UGUA,454,0,,,,0,Ras85D_EBC_MEL_PAS_0007,1.5,97,upstream,Ras85D_EBC_MEL_PAS_0006,2.5,144,Ras85D_EBC_MEL_PAS_0007,1.5,97,0,,,Ras85D_EBC_MEL_CLV_0009,weak,14,downstream,770|770,0,,,,0,Ras85D_EBC_MEL_DSE_0003,down-st,128,downstream,Ras85D_EBC_MEL_DSE_0003,down-st,128,Ras85D_EBC_MEL_DSE_0004,down-st,398,1,multiloop,Ras85D_CTX_MEL_MFE_MULTILOOP_0014,multiloop,inside,multiloop,Ras85D_CTX_MEL_MFE_MULTILOOP_0014,0,8,False,1,internal_loop,Ras85D_CTX_MEL_CENTROID_INTERNAL_LOOP_0032,internal_loop,inside,internal_loop,Ras85D_CTX_MEL_CENTROID_INTERNAL_LOOP_0032,0,9,False,between_ECM,CLEAVAGE,partial_APA_neighborhood,MFE:multiloop|centroid:internal_loop,MFE_centroid_disagreement,ECM_INTERFACE+APA+RNA_STRUCTURE,composite_interface_APA_structure_domain
IEL_025,24,D.yakuba,1333,1333,1,784,784,1,784-784,direct,label_interval,True,10,1,,,15,,,1.0,,mixed_deletion_insertion,mixed_recurrent_and_nested,0,,,,0,Ras85D_EBC_YAK_ECM_0011,ECM_06,20,downstream,Ras85D_EBC_YAK_ECM_0011,ECM_06,20,Ras85D_EBC_YAK_ECM_0012,ECM_14,91,,0,0,,,,0,Ras85D_EBC_YAK_UGUA_0007,UGUA,220,downstream,Ras85D_EBC_YAK_UGUA_0007,UGUA,220,Ras85D_EBC_YAK_UGUA_0008,UGUA,454,0,,,,0,Ras85D_EBC_YAK_PAS_0007,1.5,113,upstream,Ras85D_EBC_YAK_PAS_0006,2.5,125,Ras85D_EBC_YAK_PAS_0007,1.5,113,0,,,Ras85D_EBC_YAK_CLV_0006,weak,45,downstream,739|739,0,,,,0,Ras85D_EBC_YAK_DSE_0006,down-st,112,downstream,Ras85D_EBC_YAK_DSE_0006,down-st,112,Ras85D_EBC_YAK_DSE_0007,down-st,414,1,stem,Ras85D_CTX_YAK_MFE_STEM_0067,stem,inside,stem,Ras85D_CTX_YAK_MFE_STEM_0067,0,3,False,1,multiloop,Ras85D_CTX_YAK_CENTROID_MULTILOOP_0013,multiloop,inside,multiloop,Ras85D_CTX_YAK_CENTROID_MULTILOOP_0013,0,8,False,between_ECM,none,APA_distant,MFE:stem|centroid:multiloop,MFE_centroid_disagreement,ECM_INTERFACE+RNA_STRUCTURE,ECM_interface_structure_domain
IEL_025,24,D.virilis,1333,1333,1,781,782,2,781|782,between_columns,between_columns,True,10,1,,,15,,,1.0,,mixed_deletion_insertion,mixed_recurrent_and_nested,0,,,,0,Ras85D_EBC_VIR_ECM_0009,ECM_06,17,downstream,Ras85D_EBC_VIR_ECM_0009,ECM_06,17,Ras85D_EBC_VIR_ECM_0010,ECM_14,93,,0,0,,,,0,Ras85D_EBC_VIR_UGUA_0010,UGUA,150,upstream,Ras85D_EBC_VIR_UGUA_0009,UGUA,204,Ras85D_EBC_VIR_UGUA_0010,UGUA,150,0,,,,0,Ras85D_EBC_VIR_PAS_0009,2.5,4,upstream,Ras85D_EBC_VIR_PAS_0008,1.5,13,Ras85D_EBC_VIR_PAS_0009,2.5,4,0,,,Ras85D_EBC_VIR_CLV_0006,weak,22,upstream,804|804,0,,,,0,Ras85D_EBC_VIR_DSE_0010,down-st,97,upstream,Ras85D_EBC_VIR_DSE_0009,down-st,109,Ras85D_EBC_VIR_DSE_0010,down-st,97,1,stem,Ras85D_CTX_VIR_MFE_STEM_0077,stem,coincident,stem,Ras85D_CTX_VIR_MFE_STEM_0077,0,0,True,1,hairpin_loop,Ras85D_CTX_VIR_CENTROID_HAIRPIN_LOOP_0010,hairpin_loop,inside,hairpin_loop,Ras85D_CTX_VIR_CENTROID_HAIRPIN_LOOP_0010,0,2,True,between_ECM,PAS+CLEAVAGE,PAS_cleavage_neighborhood,MFE:stem|centroid:hairpin_loop,MFE_centroid_disagreement,ECM_INTERFACE+APA+RNA_STRUCTURE,composite_interface_APA_structure_domain
IEL_026,25,D.melanogaster,1338,1347,10,791,796,6,791-796,partially_gapped,label_interval,True,16,1,,,61,,,1.0,,mixed_deletion_insertion,complex_mosaic_hotspot,0,,,,0,Ras85D_EBC_MEL_ECM_0011,ECM_06,27,downstream,Ras85D_EBC_MEL_ECM_0011,ECM_06,27,Ras85D_EBC_MEL_ECM_0012,ECM_14,79,,0,0,,,,0,Ras85D_EBC_MEL_UGUA_0009,UGUA,128,downstream,Ras85D_EBC_MEL_UGUA_0009,UGUA,128,Ras85D_EBC_MEL_UGUA_0010,UGUA,442,0,,,,0,Ras85D_EBC_MEL_PAS_0007,1.5,85,upstream,Ras85D_EBC_MEL_PAS_0006,2.5,151,Ras85D_EBC_MEL_PAS_0007,1.5,85,0,,,Ras85D_EBC_MEL_CLV_0009,weak,21,downstream,770|770,0,,,,0,Ras85D_EBC_MEL_DSE_0003,down-st,135,downstream,Ras85D_EBC_MEL_DSE_0003,down-st,135,Ras85D_EBC_MEL_DSE_0004,down-st,386,3,internal_loop;multiloop;stem,Ras85D_CTX_MEL_MFE_INTERNAL_LOOP_0034;Ras85D_CTX_MEL_MFE_MULTILOOP_0014;Ras85D_CTX_MEL_MFE_STEM_0066,multiloop,crosses_right_boundary,multiloop,Ras85D_CTX_MEL_MFE_MULTILOOP_0014,0,0,True,1,internal_loop,Ras85D_CTX_MEL_CENTROID_INTERNAL_LOOP_0032,internal_loop,inside,internal_loop,Ras85D_CTX_MEL_CENTROID_INTERNAL_LOOP_0032,0,16,False,between_ECM,CLEAVAGE,partial_APA_neighborhood,MFE:multiloop|centroid:internal_loop,MFE_centroid_disagreement,ECM_INTERFACE+APA+RNA_STRUCTURE,composite_interface_APA_structure_domain
IEL_026,25,D.yakuba,1338,1347,10,787,788,2,787|788,between_columns,between_columns,True,16,1,,,61,,,1.0,,mixed_deletion_insertion,complex_mosaic_hotspot,0,,,,0,Ras85D_EBC_YAK_ECM_0011,ECM_06,23,downstream,Ras85D_EBC_YAK_ECM_0011,ECM_06,23,Ras85D_EBC_YAK_ECM_0012,ECM_14,87,,0,0,,,,0,Ras85D_EBC_YAK_UGUA_0007,UGUA,223,downstream,Ras85D_EBC_YAK_UGUA_0007,UGUA,223,Ras85D_EBC_YAK_UGUA_0008,UGUA,450,0,,,,0,Ras85D_EBC_YAK_PAS_0007,1.5,109,upstream,Ras85D_EBC_YAK_PAS_0006,2.5,128,Ras85D_EBC_YAK_PAS_0007,1.5,109,0,,,Ras85D_EBC_YAK_CLV_0006,weak,48,downstream,739|739,0,,,,0,Ras85D_EBC_YAK_DSE_0006,down-st,115,downstream,Ras85D_EBC_YAK_DSE_0006,down-st,115,Ras85D_EBC_YAK_DSE_0007,down-st,410,1,stem,Ras85D_CTX_YAK_MFE_STEM_0067,stem,inside_at_right_boundary,stem,Ras85D_CTX_YAK_MFE_STEM_0067,0,0,True,1,multiloop,Ras85D_CTX_YAK_CENTROID_MULTILOOP_0013,multiloop,inside,multiloop,Ras85D_CTX_YAK_CENTROID_MULTILOOP_0013,0,10,False,between_ECM,none,APA_distant,MFE:stem|centroid:multiloop,MFE_centroid_disagreement,ECM_INTERFACE+RNA_STRUCTURE,ECM_interface_structure_domain
IEL_026,25,D.virilis,1338,1347,10,786,790,5,786-790,partially_gapped,label_interval,True,16,1,,,61,,,1.0,,mixed_deletion_insertion,complex_mosaic_hotspot,0,,,,0,Ras85D_EBC_VIR_ECM_0009,ECM_06,22,downstream,Ras85D_EBC_VIR_ECM_0009,ECM_06,22,Ras85D_EBC_VIR_ECM_0010,ECM_14,85,,0,0,,,,0,Ras85D_EBC_VIR_UGUA_0010,UGUA,142,upstream,Ras85D_EBC_VIR_UGUA_0009,UGUA,209,Ras85D_EBC_VIR_UGUA_0010,UGUA,142,1,Ras85D_EBC_VIR_PAS_0009,2.5,inside_at_left_boundary,5,Ras85D_EBC_VIR_PAS_0009,2.5,0,inside_at_left_boundary,Ras85D_EBC_VIR_PAS_0008,1.5,18,Ras85D_EBC_VIR_PAS_0010,1.5,108,0,,,Ras85D_EBC_VIR_CLV_0006,weak,14,upstream,804|804,0,,,,0,Ras85D_EBC_VIR_DSE_0010,down-st,89,upstream,Ras85D_EBC_VIR_DSE_0009,down-st,114,Ras85D_EBC_VIR_DSE_0010,down-st,89,3,internal_loop;stem,Ras85D_CTX_VIR_MFE_INTERNAL_LOOP_0045;Ras85D_CTX_VIR_MFE_STEM_0078;Ras85D_CTX_VIR_MFE_STEM_0079,stem,contains,stem,Ras85D_CTX_VIR_MFE_STEM_0078,0,0,True,1,hairpin_loop,Ras85D_CTX_VIR_CENTROID_HAIRPIN_LOOP_0010,hairpin_loop,inside,hairpin_loop,Ras85D_CTX_VIR_CENTROID_HAIRPIN_LOOP_0010,0,7,False,between_ECM,PAS+CLEAVAGE,PAS_cleavage_neighborhood,MFE:stem|centroid:hairpin_loop,MFE_centroid_disagreement,ECM_INTERFACE+APA+RNA_STRUCTURE,composite_interface_APA_structure_domain
IEL_027,26,D.melanogaster,1375,1375,1,799,800,2,799|800,between_columns,between_columns,True,9,1,,,22,,,1.0,,mixed_deletion_insertion,complex_mosaic_hotspot,0,,,,0,Ras85D_EBC_MEL_ECM_0011,ECM_06,35,downstream,Ras85D_EBC_MEL_ECM_0011,ECM_06,35,Ras85D_EBC_MEL_ECM_0012,ECM_14,75,,0,0,,,,0,Ras85D_EBC_MEL_UGUA_0009,UGUA,136,downstream,Ras85D_EBC_MEL_UGUA_0009,UGUA,136,Ras85D_EBC_MEL_UGUA_0010,UGUA,438,0,,,,0,Ras85D_EBC_MEL_PAS_0007,1.5,81,upstream,Ras85D_EBC_MEL_PAS_0006,2.5,159,Ras85D_EBC_MEL_PAS_0007,1.5,81,0,,,Ras85D_EBC_MEL_CLV_0009,weak,29,downstream,770|770,0,,,,0,Ras85D_EBC_MEL_DSE_0003,down-st,143,downstream,Ras85D_EBC_MEL_DSE_0003,down-st,143,Ras85D_EBC_MEL_DSE_0004,down-st,382,1,stem,Ras85D_CTX_MEL_MFE_STEM_0067,stem,inside_at_left_boundary,stem,Ras85D_CTX_MEL_MFE_STEM_0067,0,0,True,1,internal_loop,Ras85D_CTX_MEL_CENTROID_INTERNAL_LOOP_0032,internal_loop,inside,internal_loop,Ras85D_CTX_MEL_CENTROID_INTERNAL_LOOP_0032,0,24,False,between_ECM,none,APA_distant,MFE:stem|centroid:internal_loop,MFE_centroid_disagreement,ECM_INTERFACE+RNA_STRUCTURE,ECM_interface_structure_domain
IEL_027,26,D.yakuba,1375,1375,1,799,799,1,799-799,direct,label_interval,True,9,1,,,22,,,1.0,,mixed_deletion_insertion,complex_mosaic_hotspot,0,,,,0,Ras85D_EBC_YAK_ECM_0011,ECM_06,35,downstream,Ras85D_EBC_YAK_ECM_0011,ECM_06,35,Ras85D_EBC_YAK_ECM_0012,ECM_14,76,,0,0,,,,0,Ras85D_EBC_YAK_UGUA_0007,UGUA,235,downstream,Ras85D_EBC_YAK_UGUA_0007,UGUA,235,Ras85D_EBC_YAK_UGUA_0008,UGUA,439,0,,,,0,Ras85D_EBC_YAK_PAS_0007,1.5,98,upstream,Ras85D_EBC_YAK_PAS_0006,2.5,140,Ras85D_EBC_YAK_PAS_0007,1.5,98,0,,,Ras85D_EBC_YAK_CLV_0006,weak,60,downstream,739|739,0,,,,0,Ras85D_EBC_YAK_DSE_0006,down-st,127,downstream,Ras85D_EBC_YAK_DSE_0006,down-st,127,Ras85D_EBC_YAK_DSE_0007,down-st,399,1,stem,Ras85D_CTX_YAK_MFE_STEM_0069,stem,inside_at_left_boundary,stem,Ras85D_CTX_YAK_MFE_STEM_0069,0,0,True,1,stem,Ras85D_CTX_YAK_CENTROID_STEM_0039,stem,inside_at_left_boundary,stem,Ras85D_CTX_YAK_CENTROID_STEM_0039,0,0,True,between_ECM,none,APA_distant,stem,MFE_centroid_agreement,ECM_INTERFACE+RNA_STRUCTURE,ECM_interface_structure_domain
IEL_027,26,D.virilis,1375,1375,1,798,799,2,798|799,between_columns,between_columns,True,9,1,,,22,,,1.0,,mixed_deletion_insertion,complex_mosaic_hotspot,0,,,,0,Ras85D_EBC_VIR_ECM_0009,ECM_06,34,downstream,Ras85D_EBC_VIR_ECM_0009,ECM_06,34,Ras85D_EBC_VIR_ECM_0010,ECM_14,76,,0,0,,,,0,Ras85D_EBC_VIR_UGUA_0010,UGUA,133,upstream,Ras85D_EBC_VIR_UGUA_0009,UGUA,221,Ras85D_EBC_VIR_UGUA_0010,UGUA,133,0,,,,0,Ras85D_EBC_VIR_PAS_0009,2.5,7,downstream,Ras85D_EBC_VIR_PAS_0009,2.5,7,Ras85D_EBC_VIR_PAS_0010,1.5,99,0,,,Ras85D_EBC_VIR_CLV_0006,weak,5,upstream,804|804,0,,,,0,Ras85D_EBC_VIR_DSE_0010,down-st,80,upstream,Ras85D_EBC_VIR_DSE_0009,down-st,126,Ras85D_EBC_VIR_DSE_0010,down-st,80,1,hairpin_loop,Ras85D_CTX_VIR_MFE_HAIRPIN_LOOP_0011,hairpin_loop,inside,hairpin_loop,Ras85D_CTX_VIR_MFE_HAIRPIN_LOOP_0011,0,1,True,1,hairpin_loop,Ras85D_CTX_VIR_CENTROID_HAIRPIN_LOOP_0010,hairpin_loop,inside,hairpin_loop,Ras85D_CTX_VIR_CENTROID_HAIRPIN_LOOP_0010,0,19,False,between_ECM,PAS+CLEAVAGE,PAS_cleavage_neighborhood,hairpin_loop,MFE_centroid_agreement,ECM_INTERFACE+APA+RNA_STRUCTURE,composite_interface_APA_structure_domain
IEL_028,27,D.melanogaster,1463,1465,3,872,873,2,872|873,between_columns,between_columns,True,10,2,,,28,,,1.0,,mixed_deletion_insertion,complex_mosaic_hotspot,0,,,,0,Ras85D_EBC_MEL_ECM_0012,ECM_14,2,upstream,Ras85D_EBC_MEL_ECM_0011,ECM_06,108,Ras85D_EBC_MEL_ECM_0012,ECM_14,2,,0,0,,,,0,Ras85D_EBC_MEL_UGUA_0009,UGUA,209,downstream,Ras85D_EBC_MEL_UGUA_0009,UGUA,209,Ras85D_EBC_MEL_UGUA_0010,UGUA,365,0,,,,0,Ras85D_EBC_MEL_PAS_0007,1.5,8,upstream,Ras85D_EBC_MEL_PAS_0006,2.5,232,Ras85D_EBC_MEL_PAS_0007,1.5,8,0,,,Ras85D_EBC_MEL_CLV_0010,weak,36,upstream,909|909,0,,,,0,Ras85D_EBC_MEL_DSE_0003,down-st,216,downstream,Ras85D_EBC_MEL_DSE_0003,down-st,216,Ras85D_EBC_MEL_DSE_0004,down-st,309,2,hairpin_loop;stem,Ras85D_CTX_MEL_MFE_HAIRPIN_LOOP_0012;Ras85D_CTX_MEL_MFE_STEM_0077,hairpin_loop,crosses_right_boundary,hairpin_loop,Ras85D_CTX_MEL_MFE_HAIRPIN_LOOP_0012,0,0,True,2,hairpin_loop;stem,Ras85D_CTX_MEL_CENTROID_HAIRPIN_LOOP_0009;Ras85D_CTX_MEL_CENTROID_STEM_0060,hairpin_loop,crosses_right_boundary,hairpin_loop,Ras85D_CTX_MEL_CENTROID_HAIRPIN_LOOP_0009,0,0,True,ECM_interface,PAS,partial_APA_neighborhood,hairpin_loop,MFE_centroid_agreement,ECM_INTERFACE+APA+RNA_STRUCTURE,composite_interface_APA_structure_domain
IEL_028,27,D.yakuba,1463,1465,3,872,873,2,872|873,between_columns,between_columns,True,10,2,,,28,,,1.0,,mixed_deletion_insertion,complex_mosaic_hotspot,0,,,,0,Ras85D_EBC_YAK_ECM_0012,ECM_14,2,upstream,Ras85D_EBC_YAK_ECM_0011,ECM_06,108,Ras85D_EBC_YAK_ECM_0012,ECM_14,2,,0,0,,,,0,Ras85D_EBC_YAK_UGUA_0007,UGUA,308,downstream,Ras85D_EBC_YAK_UGUA_0007,UGUA,308,Ras85D_EBC_YAK_UGUA_0008,UGUA,365,0,,,,0,Ras85D_EBC_YAK_PAS_0007,1.5,24,upstream,Ras85D_EBC_YAK_PAS_0006,2.5,213,Ras85D_EBC_YAK_PAS_0007,1.5,24,0,,,Ras85D_EBC_YAK_CLV_0007,weak,72,upstream,945|945,0,,,,0,Ras85D_EBC_YAK_DSE_0006,down-st,200,downstream,Ras85D_EBC_YAK_DSE_0006,down-st,200,Ras85D_EBC_YAK_DSE_0007,down-st,325,1,multiloop,Ras85D_CTX_YAK_MFE_MULTILOOP_0019,multiloop,inside_at_left_boundary,multiloop,Ras85D_CTX_YAK_MFE_MULTILOOP_0019,0,0,True,1,multiloop,Ras85D_CTX_YAK_CENTROID_MULTILOOP_0015,multiloop,inside,multiloop,Ras85D_CTX_YAK_CENTROID_MULTILOOP_0015,0,1,True,ECM_interface,PAS,partial_APA_neighborhood,multiloop,MFE_centroid_agreement,ECM_INTERFACE+APA+RNA_STRUCTURE,composite_interface_APA_structure_domain
IEL_028,27,D.virilis,1463,1465,3,877,878,2,877|878,between_columns,between_columns,True,10,2,,,28,,,1.0,,mixed_deletion_insertion,complex_mosaic_hotspot,1,Ras85D_EBC_VIR_ECM_0010,ECM_14,inside,2,Ras85D_EBC_VIR_ECM_0010,ECM_14,0,inside,Ras85D_EBC_VIR_ECM_0009,ECM_06,113,Ras85D_EBC_VIR_ECM_0011,ECM_13,85,,0,0,,,,0,Ras85D_EBC_VIR_UGUA_0010,UGUA,54,upstream,Ras85D_EBC_VIR_UGUA_0009,UGUA,300,Ras85D_EBC_VIR_UGUA_0010,UGUA,54,0,,,,0,Ras85D_EBC_VIR_PAS_0010,1.5,20,upstream,Ras85D_EBC_VIR_PAS_0009,2.5,86,Ras85D_EBC_VIR_PAS_0010,1.5,20,0,,,Ras85D_EBC_VIR_CLV_0007,weak,45,upstream,923|923,0,,,,0,Ras85D_EBC_VIR_DSE_0010,down-st,1,upstream,Ras85D_EBC_VIR_DSE_0009,down-st,205,Ras85D_EBC_VIR_DSE_0010,down-st,1,2,internal_loop;stem,Ras85D_CTX_VIR_MFE_INTERNAL_LOOP_0050;Ras85D_CTX_VIR_MFE_STEM_0084,stem,crosses_right_boundary,stem,Ras85D_CTX_VIR_MFE_STEM_0084,0,0,True,1,hairpin_loop,Ras85D_CTX_VIR_CENTROID_HAIRPIN_LOOP_0010,hairpin_loop,inside,hairpin_loop,Ras85D_CTX_VIR_CENTROID_HAIRPIN_LOOP_0010,0,1,True,inside_ECM,PAS+DSE,partial_APA_neighborhood,MFE:stem|centroid:hairpin_loop,MFE_centroid_disagreement,ECM+APA+RNA_STRUCTURE,composite_ECM_APA_structure_domain
IEL_029,28,D.melanogaster,1555,1556,2,949,958,10,949|958,between_columns,between_columns,True,9,1,,,0,,,,,mixed_deletion_insertion,exact_coordinate_hotspot,0,,,,0,Ras85D_EBC_MEL_ECM_0013,ECM_13,5,upstream,Ras85D_EBC_MEL_ECM_0012,ECM_14,45,Ras85D_EBC_MEL_ECM_0013,ECM_13,5,,0,0,,,,0,Ras85D_EBC_MEL_UGUA_0010,UGUA,280,upstream,Ras85D_EBC_MEL_UGUA_0009,UGUA,286,Ras85D_EBC_MEL_UGUA_0010,UGUA,280,0,,,,0,Ras85D_EBC_MEL_PAS_0007,1.5,63,downstream,Ras85D_EBC_MEL_PAS_0007,1.5,63,Ras85D_EBC_MEL_PAS_0008,2.5,192,0,,,Ras85D_EBC_MEL_CLV_0010,weak,40,downstream,909|909,0,,,,0,Ras85D_EBC_MEL_DSE_0004,down-st,224,upstream,Ras85D_EBC_MEL_DSE_0003,down-st,293,Ras85D_EBC_MEL_DSE_0004,down-st,224,1,hairpin_loop,Ras85D_CTX_MEL_MFE_HAIRPIN_LOOP_0013,hairpin_loop,inside_at_left_boundary,hairpin_loop,Ras85D_CTX_MEL_MFE_HAIRPIN_LOOP_0013,0,0,True,1,hairpin_loop,Ras85D_CTX_MEL_CENTROID_HAIRPIN_LOOP_0010,hairpin_loop,inside_at_left_boundary,hairpin_loop,Ras85D_CTX_MEL_CENTROID_HAIRPIN_LOOP_0010,0,0,True,ECM_interface,none,APA_distant,hairpin_loop,MFE_centroid_agreement,ECM_INTERFACE+RNA_STRUCTURE,ECM_interface_structure_domain
IEL_029,28,D.yakuba,1555,1556,2,949,958,10,949|958,between_columns,between_columns,True,9,1,,,0,,,,,mixed_deletion_insertion,exact_coordinate_hotspot,0,,,,0,Ras85D_EBC_YAK_ECM_0013,ECM_13,5,upstream,Ras85D_EBC_YAK_ECM_0012,ECM_14,45,Ras85D_EBC_YAK_ECM_0013,ECM_13,5,,0,0,,,,0,Ras85D_EBC_YAK_UGUA_0008,UGUA,280,upstream,Ras85D_EBC_YAK_UGUA_0007,UGUA,385,Ras85D_EBC_YAK_UGUA_0008,UGUA,280,0,,,,0,Ras85D_EBC_YAK_PAS_0007,1.5,47,downstream,Ras85D_EBC_YAK_PAS_0007,1.5,47,Ras85D_EBC_YAK_PAS_0008,2.5,208,0,,,Ras85D_EBC_YAK_CLV_0007,weak,4,downstream,945|945,0,,,,0,Ras85D_EBC_YAK_DSE_0007,down-st,240,upstream,Ras85D_EBC_YAK_DSE_0006,down-st,277,Ras85D_EBC_YAK_DSE_0007,down-st,240,1,hairpin_loop,Ras85D_CTX_YAK_MFE_HAIRPIN_LOOP_0015,hairpin_loop,inside_at_left_boundary,hairpin_loop,Ras85D_CTX_YAK_MFE_HAIRPIN_LOOP_0015,0,0,True,1,hairpin_loop,Ras85D_CTX_YAK_CENTROID_HAIRPIN_LOOP_0014,hairpin_loop,inside_at_left_boundary,hairpin_loop,Ras85D_CTX_YAK_CENTROID_HAIRPIN_LOOP_0014,0,0,True,ECM_interface,CLEAVAGE,partial_APA_neighborhood,hairpin_loop,MFE_centroid_agreement,ECM_INTERFACE+APA+RNA_STRUCTURE,composite_interface_APA_structure_domain
IEL_029,28,D.virilis,1555,1556,2,949,950,2,949|950,between_columns,between_columns,True,9,1,,,0,,,,,mixed_deletion_insertion,exact_coordinate_hotspot,0,,,,0,Ras85D_EBC_VIR_ECM_0011,ECM_13,13,upstream,Ras85D_EBC_VIR_ECM_0010,ECM_14,45,Ras85D_EBC_VIR_ECM_0011,ECM_13,13,,0,0,,,,0,Ras85D_EBC_VIR_UGUA_0010,UGUA,14,downstream,Ras85D_EBC_VIR_UGUA_0010,UGUA,14,Ras85D_EBC_VIR_UGUA_0011,UGUA,288,0,,,,0,Ras85D_EBC_VIR_PAS_0010,1.5,46,downstream,Ras85D_EBC_VIR_PAS_0010,1.5,46,Ras85D_EBC_VIR_PAS_0011,2.5,197,0,,,Ras85D_EBC_VIR_CLV_0007,weak,26,downstream,923|923,0,,,,0,Ras85D_EBC_VIR_DSE_0011,down-st,13,upstream,Ras85D_EBC_VIR_DSE_0010,down-st,66,Ras85D_EBC_VIR_DSE_0011,down-st,13,2,exterior;stem,Ras85D_CTX_VIR_MFE_EXTERIOR_0001;Ras85D_CTX_VIR_MFE_STEM_0092,exterior,crosses_right_boundary,exterior,Ras85D_CTX_VIR_MFE_EXTERIOR_0001,0,0,True,2,hairpin_loop;stem,Ras85D_CTX_VIR_CENTROID_HAIRPIN_LOOP_0011;Ras85D_CTX_VIR_CENTROID_STEM_0069,hairpin_loop,crosses_right_boundary,hairpin_loop,Ras85D_CTX_VIR_CENTROID_HAIRPIN_LOOP_0011,0,0,True,between_ECM,UGUA+DSE,partial_APA_neighborhood,MFE:exterior|centroid:hairpin_loop,MFE_centroid_disagreement,ECM_INTERFACE+APA+RNA_STRUCTURE,composite_interface_APA_structure_domain
IEL_030,29,D.melanogaster,1584,1584,1,949,958,10,949|958,between_columns,between_columns,True,14,1,,,26,,,1.0,,mixed_deletion_insertion,mixed_recurrent_and_nested,0,,,,0,Ras85D_EBC_MEL_ECM_0013,ECM_13,5,upstream,Ras85D_EBC_MEL_ECM_0012,ECM_14,45,Ras85D_EBC_MEL_ECM_0013,ECM_13,5,,0,0,,,,0,Ras85D_EBC_MEL_UGUA_0010,UGUA,280,upstream,Ras85D_EBC_MEL_UGUA_0009,UGUA,286,Ras85D_EBC_MEL_UGUA_0010,UGUA,280,0,,,,0,Ras85D_EBC_MEL_PAS_0007,1.5,63,downstream,Ras85D_EBC_MEL_PAS_0007,1.5,63,Ras85D_EBC_MEL_PAS_0008,2.5,192,0,,,Ras85D_EBC_MEL_CLV_0010,weak,40,downstream,909|909,0,,,,0,Ras85D_EBC_MEL_DSE_0004,down-st,224,upstream,Ras85D_EBC_MEL_DSE_0003,down-st,293,Ras85D_EBC_MEL_DSE_0004,down-st,224,1,hairpin_loop,Ras85D_CTX_MEL_MFE_HAIRPIN_LOOP_0013,hairpin_loop,inside_at_left_boundary,hairpin_loop,Ras85D_CTX_MEL_MFE_HAIRPIN_LOOP_0013,0,0,True,1,hairpin_loop,Ras85D_CTX_MEL_CENTROID_HAIRPIN_LOOP_0010,hairpin_loop,inside_at_left_boundary,hairpin_loop,Ras85D_CTX_MEL_CENTROID_HAIRPIN_LOOP_0010,0,0,True,ECM_interface,none,APA_distant,hairpin_loop,MFE_centroid_agreement,ECM_INTERFACE+RNA_STRUCTURE,ECM_interface_structure_domain
IEL_030,29,D.yakuba,1584,1584,1,949,958,10,949|958,between_columns,between_columns,True,14,1,,,26,,,1.0,,mixed_deletion_insertion,mixed_recurrent_and_nested,0,,,,0,Ras85D_EBC_YAK_ECM_0013,ECM_13,5,upstream,Ras85D_EBC_YAK_ECM_0012,ECM_14,45,Ras85D_EBC_YAK_ECM_0013,ECM_13,5,,0,0,,,,0,Ras85D_EBC_YAK_UGUA_0008,UGUA,280,upstream,Ras85D_EBC_YAK_UGUA_0007,UGUA,385,Ras85D_EBC_YAK_UGUA_0008,UGUA,280,0,,,,0,Ras85D_EBC_YAK_PAS_0007,1.5,47,downstream,Ras85D_EBC_YAK_PAS_0007,1.5,47,Ras85D_EBC_YAK_PAS_0008,2.5,208,0,,,Ras85D_EBC_YAK_CLV_0007,weak,4,downstream,945|945,0,,,,0,Ras85D_EBC_YAK_DSE_0007,down-st,240,upstream,Ras85D_EBC_YAK_DSE_0006,down-st,277,Ras85D_EBC_YAK_DSE_0007,down-st,240,1,hairpin_loop,Ras85D_CTX_YAK_MFE_HAIRPIN_LOOP_0015,hairpin_loop,inside_at_left_boundary,hairpin_loop,Ras85D_CTX_YAK_MFE_HAIRPIN_LOOP_0015,0,0,True,1,hairpin_loop,Ras85D_CTX_YAK_CENTROID_HAIRPIN_LOOP_0014,hairpin_loop,inside_at_left_boundary,hairpin_loop,Ras85D_CTX_YAK_CENTROID_HAIRPIN_LOOP_0014,0,0,True,ECM_interface,CLEAVAGE,partial_APA_neighborhood,hairpin_loop,MFE_centroid_agreement,ECM_INTERFACE+APA+RNA_STRUCTURE,composite_interface_APA_structure_domain
IEL_030,29,D.virilis,1584,1584,1,958,959,2,958|959,between_columns,between_columns,True,14,1,,,26,,,1.0,,mixed_deletion_insertion,mixed_recurrent_and_nested,0,,,,0,Ras85D_EBC_VIR_ECM_0011,ECM_13,4,upstream,Ras85D_EBC_VIR_ECM_0010,ECM_14,54,Ras85D_EBC_VIR_ECM_0011,ECM_13,4,,0,0,,,,0,Ras85D_EBC_VIR_UGUA_0010,UGUA,23,downstream,Ras85D_EBC_VIR_UGUA_0010,UGUA,23,Ras85D_EBC_VIR_UGUA_0011,UGUA,279,0,,,,0,Ras85D_EBC_VIR_PAS_0010,1.5,55,downstream,Ras85D_EBC_VIR_PAS_0010,1.5,55,Ras85D_EBC_VIR_PAS_0011,2.5,188,0,,,Ras85D_EBC_VIR_CLV_0007,weak,35,downstream,923|923,0,,,,0,Ras85D_EBC_VIR_DSE_0011,down-st,4,upstream,Ras85D_EBC_VIR_DSE_0010,down-st,75,Ras85D_EBC_VIR_DSE_0011,down-st,4,1,stem,Ras85D_CTX_VIR_MFE_STEM_0093,stem,inside,stem,Ras85D_CTX_VIR_MFE_STEM_0093,0,2,True,1,exterior,Ras85D_CTX_VIR_CENTROID_EXTERIOR_0003,exterior,inside,exterior,Ras85D_CTX_VIR_CENTROID_EXTERIOR_0003,0,4,False,ECM_interface,UGUA+DSE,partial_APA_neighborhood,MFE:stem|centroid:exterior,MFE_centroid_disagreement,ECM_INTERFACE+APA+RNA_STRUCTURE,composite_interface_APA_structure_domain
IEL_031,30,D.melanogaster,1621,1622,2,987,1115,129,987|1115,between_columns,between_columns,True,8,1,,,7,,,1.0,,mixed_deletion_insertion,exact_coordinate_hotspot,1,Ras85D_EBC_MEL_ECM_0013,ECM_13,inside,129,Ras85D_EBC_MEL_ECM_0013,ECM_13,0,inside,Ras85D_EBC_MEL_ECM_0012,ECM_14,83,Ras85D_EBC_MEL_ECM_0014,ECM_08,32,,0,0,,,,0,Ras85D_EBC_MEL_UGUA_0010,UGUA,123,upstream,Ras85D_EBC_MEL_UGUA_0009,UGUA,324,Ras85D_EBC_MEL_UGUA_0010,UGUA,123,0,,,,0,Ras85D_EBC_MEL_PAS_0008,2.5,35,upstream,Ras85D_EBC_MEL_PAS_0007,1.5,101,Ras85D_EBC_MEL_PAS_0008,2.5,35,0,,,Ras85D_EBC_MEL_CLV_0010,weak,78,downstream,909|909,0,,,,0,Ras85D_EBC_MEL_DSE_0004,down-st,67,upstream,Ras85D_EBC_MEL_DSE_0003,down-st,331,Ras85D_EBC_MEL_DSE_0004,down-st,67,1,stem,Ras85D_CTX_MEL_MFE_STEM_0084,stem,inside,stem,Ras85D_CTX_MEL_MFE_STEM_0084,0,1,True,2,internal_loop;stem,Ras85D_CTX_MEL_CENTROID_INTERNAL_LOOP_0040;Ras85D_CTX_MEL_CENTROID_STEM_0069,stem,crosses_right_boundary,stem,Ras85D_CTX_MEL_CENTROID_STEM_0069,0,0,True,inside_ECM,none,APA_distant,stem,MFE_centroid_agreement,ECM+RNA_STRUCTURE,ECM_structure_domain
IEL_031,30,D.yakuba,1621,1622,2,987,1115,129,987|1115,between_columns,between_columns,True,8,1,,,7,,,1.0,,mixed_deletion_insertion,exact_coordinate_hotspot,1,Ras85D_EBC_YAK_ECM_0013,ECM_13,inside,129,Ras85D_EBC_YAK_ECM_0013,ECM_13,0,inside,Ras85D_EBC_YAK_ECM_0012,ECM_14,83,Ras85D_EBC_YAK_ECM_0014,ECM_08,32,,0,0,,,,0,Ras85D_EBC_YAK_UGUA_0008,UGUA,123,upstream,Ras85D_EBC_YAK_UGUA_0007,UGUA,423,Ras85D_EBC_YAK_UGUA_0008,UGUA,123,0,,,,0,Ras85D_EBC_YAK_PAS_0008,2.5,51,upstream,Ras85D_EBC_YAK_PAS_0007,1.5,85,Ras85D_EBC_YAK_PAS_0008,2.5,51,0,,,Ras85D_EBC_YAK_CLV_0007,weak,42,downstream,945|945,0,,,,0,Ras85D_EBC_YAK_DSE_0007,down-st,83,upstream,Ras85D_EBC_YAK_DSE_0006,down-st,315,Ras85D_EBC_YAK_DSE_0007,down-st,83,1,internal_loop,Ras85D_CTX_YAK_MFE_INTERNAL_LOOP_0040,internal_loop,inside_at_right_boundary,internal_loop,Ras85D_CTX_YAK_MFE_INTERNAL_LOOP_0040,0,0,True,1,multiloop,Ras85D_CTX_YAK_CENTROID_MULTILOOP_0018,multiloop,inside,multiloop,Ras85D_CTX_YAK_CENTROID_MULTILOOP_0018,0,4,False,inside_ECM,none,APA_distant,MFE:internal_loop|centroid:multiloop,MFE_centroid_disagreement,ECM+RNA_STRUCTURE,ECM_structure_domain
IEL_031,30,D.virilis,1621,1622,2,988,989,2,988-989,partially_gapped,label_interval,True,8,1,,,7,,,1.0,,mixed_deletion_insertion,exact_coordinate_hotspot,1,Ras85D_EBC_VIR_ECM_0011,ECM_13,inside,2,Ras85D_EBC_VIR_ECM_0011,ECM_13,0,inside,Ras85D_EBC_VIR_ECM_0010,ECM_14,84,Ras85D_EBC_VIR_ECM_0012,ECM_08,160,,0,0,,,,0,Ras85D_EBC_VIR_UGUA_0010,UGUA,53,downstream,Ras85D_EBC_VIR_UGUA_0010,UGUA,53,Ras85D_EBC_VIR_UGUA_0011,UGUA,249,0,,,,0,Ras85D_EBC_VIR_PAS_0010,1.5,85,downstream,Ras85D_EBC_VIR_PAS_0010,1.5,85,Ras85D_EBC_VIR_PAS_0011,2.5,158,0,,,Ras85D_EBC_VIR_CLV_0007,weak,65,downstream,923|923,0,,,,0,Ras85D_EBC_VIR_DSE_0011,down-st,19,downstream,Ras85D_EBC_VIR_DSE_0011,down-st,19,Ras85D_EBC_VIR_DSE_0012,down-st,49,1,hairpin_loop,Ras85D_CTX_VIR_MFE_HAIRPIN_LOOP_0013,hairpin_loop,inside,hairpin_loop,Ras85D_CTX_VIR_MFE_HAIRPIN_LOOP_0013,0,2,True,1,hairpin_loop,Ras85D_CTX_VIR_CENTROID_HAIRPIN_LOOP_0012,hairpin_loop,inside,hairpin_loop,Ras85D_CTX_VIR_CENTROID_HAIRPIN_LOOP_0012,0,2,True,inside_ECM,DSE,partial_APA_neighborhood,hairpin_loop,MFE_centroid_agreement,ECM+APA+RNA_STRUCTURE,composite_ECM_APA_structure_domain
IEL_032,31,D.melanogaster,2093,2093,1,1234,1235,2,1234|1235,between_columns,between_columns,True,7,1,,,6,,,1.0,,mixed_deletion_insertion,exact_coordinate_hotspot,1,Ras85D_EBC_MEL_ECM_0016,ECM_03,crosses_left_boundary,1,Ras85D_EBC_MEL_ECM_0016,ECM_03,0,crosses_left_boundary,Ras85D_EBC_MEL_ECM_0015,ECM_01,22,Ras85D_EBC_MEL_ECM_0017,ECM_09,31,,0,0,,,,0,Ras85D_EBC_MEL_UGUA_0010,UGUA,3,upstream,Ras85D_EBC_MEL_UGUA_0009,UGUA,571,Ras85D_EBC_MEL_UGUA_0010,UGUA,3,0,,,,0,Ras85D_EBC_MEL_PAS_0009,3.5,19,upstream,Ras85D_EBC_MEL_PAS_0008,2.5,79,Ras85D_EBC_MEL_PAS_0009,3.5,19,0,,,Ras85D_EBC_MEL_CLV_0011,weak,21,downstream,1213|1213,1,Ras85D_EBC_MEL_DSE_0006,down-st,crosses_right_boundary,1,Ras85D_EBC_MEL_DSE_0006,down-st,0,crosses_right_boundary,Ras85D_EBC_MEL_DSE_0005,down-st,13,Ras85D_EBC_MEL_DSE_0007,down-st,31,2,bulge;stem,Ras85D_CTX_MEL_MFE_BULGE_0013;Ras85D_CTX_MEL_MFE_STEM_0094,bulge,crosses_right_boundary,bulge,Ras85D_CTX_MEL_MFE_BULGE_0013,0,0,True,1,internal_loop,Ras85D_CTX_MEL_CENTROID_INTERNAL_LOOP_0044,internal_loop,inside,internal_loop,Ras85D_CTX_MEL_CENTROID_INTERNAL_LOOP_0044,0,11,False,crosses_ECM_boundary,UGUA+PAS+CLEAVAGE+DSE,complete_APA_neighborhood,MFE:bulge|centroid:internal_loop,MFE_centroid_disagreement,ECM+APA+RNA_STRUCTURE,composite_ECM_APA_structure_domain
IEL_032,31,D.yakuba,2093,2093,1,1234,1235,2,1234|1235,between_columns,between_columns,True,7,1,,,6,,,1.0,,mixed_deletion_insertion,exact_coordinate_hotspot,1,Ras85D_EBC_YAK_ECM_0016,ECM_03,crosses_left_boundary,1,Ras85D_EBC_YAK_ECM_0016,ECM_03,0,crosses_left_boundary,Ras85D_EBC_YAK_ECM_0015,ECM_01,22,Ras85D_EBC_YAK_ECM_0017,ECM_09,31,,0,0,,,,0,Ras85D_EBC_YAK_UGUA_0008,UGUA,3,upstream,Ras85D_EBC_YAK_UGUA_0007,UGUA,670,Ras85D_EBC_YAK_UGUA_0008,UGUA,3,0,,,,0,Ras85D_EBC_YAK_PAS_0009,3.5,35,upstream,Ras85D_EBC_YAK_PAS_0008,2.5,63,Ras85D_EBC_YAK_PAS_0009,3.5,35,0,,,Ras85D_EBC_YAK_CLV_0008,strong,59,upstream,1294|1294,1,Ras85D_EBC_YAK_DSE_0008,down-st,inside,2,Ras85D_EBC_YAK_DSE_0008,down-st,0,inside,Ras85D_EBC_YAK_DSE_0007,down-st,30,Ras85D_EBC_YAK_DSE_0009,down-st,11,1,stem,Ras85D_CTX_YAK_MFE_STEM_0097,stem,inside,stem,Ras85D_CTX_YAK_MFE_STEM_0097,0,1,True,2,internal_loop;stem,Ras85D_CTX_YAK_CENTROID_INTERNAL_LOOP_0021;Ras85D_CTX_YAK_CENTROID_STEM_0060,internal_loop,crosses_right_boundary,internal_loop,Ras85D_CTX_YAK_CENTROID_INTERNAL_LOOP_0021,0,0,True,crosses_ECM_boundary,UGUA+DSE,partial_APA_neighborhood,MFE:stem|centroid:internal_loop,MFE_centroid_disagreement,ECM+APA+RNA_STRUCTURE,composite_ECM_APA_structure_domain
IEL_032,31,D.virilis,2093,2093,1,1234,1235,2,1234|1235,between_columns,between_columns,True,7,1,,,6,,,1.0,,mixed_deletion_insertion,exact_coordinate_hotspot,1,Ras85D_EBC_VIR_ECM_0014,ECM_03,crosses_left_boundary,1,Ras85D_EBC_VIR_ECM_0014,ECM_03,0,crosses_left_boundary,Ras85D_EBC_VIR_ECM_0013,ECM_01,22,Ras85D_EBC_VIR_ECM_0015,ECM_09,31,,0,0,,,,0,Ras85D_EBC_VIR_UGUA_0011,UGUA,3,upstream,Ras85D_EBC_VIR_UGUA_0010,UGUA,299,Ras85D_EBC_VIR_UGUA_0011,UGUA,3,0,,,,0,Ras85D_EBC_VIR_PAS_0012,2.5,19,downstream,Ras85D_EBC_VIR_PAS_0012,2.5,19,Ras85D_EBC_VIR_PAS_0013,3.5,35,0,,,Ras85D_EBC_VIR_CLV_0008,weak,4,downstream,1230|1230,1,Ras85D_EBC_VIR_DSE_0015,down-st,inside,2,Ras85D_EBC_VIR_DSE_0015,down-st,0,inside,Ras85D_EBC_VIR_DSE_0014,1.7,30,Ras85D_EBC_VIR_DSE_0016,down-st,11,1,hairpin_loop,Ras85D_CTX_VIR_MFE_HAIRPIN_LOOP_0017,hairpin_loop,inside,hairpin_loop,Ras85D_CTX_VIR_MFE_HAIRPIN_LOOP_0017,0,3,False,1,hairpin_loop,Ras85D_CTX_VIR_CENTROID_HAIRPIN_LOOP_0016,hairpin_loop,inside,hairpin_loop,Ras85D_CTX_VIR_CENTROID_HAIRPIN_LOOP_0016,0,3,False,crosses_ECM_boundary,UGUA+PAS+CLEAVAGE+DSE,complete_APA_neighborhood,hairpin_loop,MFE_centroid_agreement,ECM+APA+RNA_STRUCTURE,composite_ECM_APA_structure_domain
IEL_033,32,D.melanogaster,2232,2232,1,1300,1301,2,1300|1301,between_columns,between_columns,True,9,1,,,8,,,1.0,,mixed_deletion_insertion,exact_coordinate_hotspot,0,,,,0,Ras85D_EBC_MEL_ECM_0017,ECM_09,5,downstream,Ras85D_EBC_MEL_ECM_0017,ECM_09,5,,,,,0,0,,,,0,Ras85D_EBC_MEL_UGUA_0011,UGUA,12,downstream,Ras85D_EBC_MEL_UGUA_0011,UGUA,12,,,,0,,,,0,Ras85D_EBC_MEL_PAS_0009,3.5,41,downstream,Ras85D_EBC_MEL_PAS_0009,3.5,41,,,,0,,,Ras85D_EBC_MEL_CLV_0012,strong,22,downstream,1278|1278,0,,,,0,Ras85D_EBC_MEL_DSE_0007,down-st,29,downstream,Ras85D_EBC_MEL_DSE_0007,down-st,29,,,,1,stem,Ras85D_CTX_MEL_MFE_STEM_0101,stem,inside,stem,Ras85D_CTX_MEL_MFE_STEM_0101,0,6,False,1,stem,Ras85D_CTX_MEL_CENTROID_STEM_0080,stem,inside,stem,Ras85D_CTX_MEL_CENTROID_STEM_0080,0,6,False,after_last_ECM,UGUA+CLEAVAGE,partial_APA_neighborhood,stem,MFE_centroid_agreement,APA+RNA_STRUCTURE,APA_structure_domain
IEL_033,32,D.yakuba,2232,2232,1,1300,1301,2,1300|1301,between_columns,between_columns,True,9,1,,,8,,,1.0,,mixed_deletion_insertion,exact_coordinate_hotspot,0,,,,0,Ras85D_EBC_YAK_ECM_0017,ECM_09,5,downstream,Ras85D_EBC_YAK_ECM_0017,ECM_09,5,,,,,0,0,,,,0,Ras85D_EBC_YAK_UGUA_0009,UGUA,12,downstream,Ras85D_EBC_YAK_UGUA_0009,UGUA,12,,,,0,,,,0,Ras85D_EBC_YAK_PAS_0009,3.5,25,downstream,Ras85D_EBC_YAK_PAS_0009,3.5,25,,,,0,,,Ras85D_EBC_YAK_CLV_0008,strong,6,downstream,1294|1294,0,,,,0,Ras85D_EBC_YAK_DSE_0010,down-st,13,downstream,Ras85D_EBC_YAK_DSE_0010,down-st,13,,,,1,stem,Ras85D_CTX_YAK_MFE_STEM_0101,stem,inside,stem,Ras85D_CTX_YAK_MFE_STEM_0101,0,2,True,1,stem,Ras85D_CTX_YAK_CENTROID_STEM_0063,stem,inside,stem,Ras85D_CTX_YAK_CENTROID_STEM_0063,0,2,True,after_last_ECM,UGUA+PAS+CLEAVAGE+DSE,complete_APA_neighborhood,stem,MFE_centroid_agreement,APA+RNA_STRUCTURE,structural_APA_core
IEL_033,32,D.virilis,2232,2232,1,1300,1301,2,1300|1301,between_columns,between_columns,True,9,1,,,8,,,1.0,,mixed_deletion_insertion,exact_coordinate_hotspot,0,,,,0,Ras85D_EBC_VIR_ECM_0015,ECM_09,4,downstream,Ras85D_EBC_VIR_ECM_0015,ECM_09,4,,,,,0,0,,,,0,Ras85D_EBC_VIR_UGUA_0012,UGUA,12,downstream,Ras85D_EBC_VIR_UGUA_0012,UGUA,12,,,,0,,,,0,Ras85D_EBC_VIR_PAS_0013,3.5,25,downstream,Ras85D_EBC_VIR_PAS_0013,3.5,25,,,,0,,,Ras85D_EBC_VIR_CLV_0009,strong,5,downstream,1295|1295,0,,,,0,Ras85D_EBC_VIR_DSE_0018,down-st,10,upstream,Ras85D_EBC_VIR_DSE_0017,down-st,13,Ras85D_EBC_VIR_DSE_0018,down-st,10,1,stem,Ras85D_CTX_VIR_MFE_STEM_0125,stem,inside,stem,Ras85D_CTX_VIR_MFE_STEM_0125,0,1,True,1,exterior,Ras85D_CTX_VIR_CENTROID_EXTERIOR_0006,exterior,inside,exterior,Ras85D_CTX_VIR_CENTROID_EXTERIOR_0006,0,14,False,after_last_ECM,UGUA+PAS+CLEAVAGE+DSE,complete_APA_neighborhood,MFE:stem|centroid:exterior,MFE_centroid_disagreement,APA+RNA_STRUCTURE,structural_APA_core
IEL_034,33,D.melanogaster,2238,2247,10,1306,1311,6,1306-1311,partially_gapped,label_interval,True,11,2,,,41,,,1.0,,mixed_deletion_insertion,recurrent_breakpoint_hotspot,0,,,,0,Ras85D_EBC_MEL_ECM_0017,ECM_09,11,downstream,Ras85D_EBC_MEL_ECM_0017,ECM_09,11,,,,,0,0,,,,0,Ras85D_EBC_MEL_UGUA_0011,UGUA,18,downstream,Ras85D_EBC_MEL_UGUA_0011,UGUA,18,,,,0,,,,0,Ras85D_EBC_MEL_PAS_0009,3.5,47,downstream,Ras85D_EBC_MEL_PAS_0009,3.5,47,,,,0,,,Ras85D_EBC_MEL_CLV_0012,strong,28,downstream,1278|1278,0,,,,0,Ras85D_EBC_MEL_DSE_0007,down-st,35,downstream,Ras85D_EBC_MEL_DSE_0007,down-st,35,,,,2,exterior;stem,Ras85D_CTX_MEL_MFE_EXTERIOR_0002;Ras85D_CTX_MEL_MFE_STEM_0101,exterior,contains,stem,Ras85D_CTX_MEL_MFE_STEM_0101,0,0,True,2,exterior;stem,Ras85D_CTX_MEL_CENTROID_EXTERIOR_0002;Ras85D_CTX_MEL_CENTROID_STEM_0080,exterior,contains,stem,Ras85D_CTX_MEL_CENTROID_STEM_0080,0,0,True,after_last_ECM,UGUA,partial_APA_neighborhood,exterior,MFE_centroid_agreement,APA+RNA_STRUCTURE,APA_structure_domain
IEL_034,33,D.yakuba,2238,2247,10,1306,1315,10,1306-1315,partially_gapped,label_interval,True,11,2,,,41,,,1.0,,mixed_deletion_insertion,recurrent_breakpoint_hotspot,0,,,,0,Ras85D_EBC_YAK_ECM_0017,ECM_09,11,downstream,Ras85D_EBC_YAK_ECM_0017,ECM_09,11,,,,,0,0,,,,0,Ras85D_EBC_YAK_UGUA_0009,UGUA,18,downstream,Ras85D_EBC_YAK_UGUA_0009,UGUA,18,,,,0,,,,0,Ras85D_EBC_YAK_PAS_0009,3.5,31,downstream,Ras85D_EBC_YAK_PAS_0009,3.5,31,,,,0,,,Ras85D_EBC_YAK_CLV_0008,strong,12,downstream,1294|1294,0,,,,0,Ras85D_EBC_YAK_DSE_0010,down-st,19,downstream,Ras85D_EBC_YAK_DSE_0010,down-st,19,,,,3,bulge;exterior;stem,Ras85D_CTX_YAK_MFE_BULGE_0015;Ras85D_CTX_YAK_MFE_EXTERIOR_0002;Ras85D_CTX_YAK_MFE_STEM_0102,stem,contains,bulge,Ras85D_CTX_YAK_MFE_BULGE_0015,0,0,True,3,bulge;exterior;stem,Ras85D_CTX_YAK_CENTROID_BULGE_0005;Ras85D_CTX_YAK_CENTROID_EXTERIOR_0002;Ras85D_CTX_YAK_CENTROID_STEM_0064,stem,contains,bulge,Ras85D_CTX_YAK_CENTROID_BULGE_0005,0,0,True,after_last_ECM,UGUA+CLEAVAGE+DSE,cleavage_DSE_neighborhood,stem,MFE_centroid_agreement,APA+RNA_STRUCTURE,APA_structure_domain
IEL_034,33,D.virilis,2238,2247,10,1306,1315,10,1306-1315,partially_gapped,label_interval,True,11,2,,,41,,,1.0,,mixed_deletion_insertion,recurrent_breakpoint_hotspot,0,,,,0,Ras85D_EBC_VIR_ECM_0015,ECM_09,10,downstream,Ras85D_EBC_VIR_ECM_0015,ECM_09,10,,,,,0,0,,,,0,Ras85D_EBC_VIR_UGUA_0012,UGUA,18,downstream,Ras85D_EBC_VIR_UGUA_0012,UGUA,18,,,,0,,,,0,Ras85D_EBC_VIR_PAS_0013,3.5,31,downstream,Ras85D_EBC_VIR_PAS_0013,3.5,31,,,,0,,,Ras85D_EBC_VIR_CLV_0009,strong,11,downstream,1295|1295,1,Ras85D_EBC_VIR_DSE_0018,down-st,contains,5,Ras85D_EBC_VIR_DSE_0018,down-st,0,contains,Ras85D_EBC_VIR_DSE_0017,down-st,19,,,,2,exterior;stem,Ras85D_CTX_VIR_MFE_EXTERIOR_0002;Ras85D_CTX_VIR_MFE_STEM_0126,exterior,contains,stem,Ras85D_CTX_VIR_MFE_STEM_0126,0,0,True,1,exterior,Ras85D_CTX_VIR_CENTROID_EXTERIOR_0006,exterior,inside_at_right_boundary,exterior,Ras85D_CTX_VIR_CENTROID_EXTERIOR_0006,0,0,True,after_last_ECM,UGUA+CLEAVAGE+DSE,cleavage_DSE_neighborhood,exterior,MFE_centroid_agreement,APA+RNA_STRUCTURE,structural_APA_core
